x,y,dist_robot,snd_loglik,snd_post,vis_post,fused,vis_like,observed,mle_class,vis_phrase_source,ev_tv,post_tv,sim_tv,ev_chair,post_chair,sim_chair,ev_couch,post_couch,sim_couch,ev_toilet,post_toilet,sim_toilet,ev_microwave,post_microwave,sim_microwave,ev_oven,post_oven,sim_oven,ev_sink,post_sink,sim_sink,ev_refrigerator,post_refrigerator,sim_refrigerator,ev_clock,post_clock,sim_clock,ev_empty_floor,post_empty_floor,sim_empty_floor
-2.25,6.5,2.66248,-0.863208,0.134523,0.00185133,0.0480082,0.0609685,True,empty floor,sound_similarity,0,0.05,0.226583,0,0.05,0.00806837,0,0.05,0.105121,0,0.05,0.0784182,0,0.05,0.174648,0,0.05,0.147413,0,0.05,0.126579,0,0.05,0.20824,0,0.05,0.144299,1,0.55,0
-2.25,6.25,2.63276,-0.364506,0.105405,0.00185133,0.0424961,0.0609685,True,empty floor,sound_similarity,0,0.05,0.226583,0,0.05,0.00806837,0,0.05,0.105121,0,0.05,0.0784182,0,0.05,0.174648,0,0.05,0.147413,0,0.05,0.126579,0,0.05,0.20824,0,0.05,0.144299,1,0.55,0
-2,6.5,2.41627,-0.973036,0.0979384,0.00185133,0.0409632,0.0609685,True,empty floor,sound_similarity,0,0.05,0.226583,0,0.05,0.00806837,0,0.05,0.105121,0,0.05,0.0784182,0,0.05,0.174648,0,0.05,0.147413,0,0.05,0.126579,0,0.05,0.20824,0,0.05,0.144299,1,0.55,0
-2.25,6.75,2.71499,-1.49386,0.0881691,0.00185133,0.0388665,0.0609685,True,empty floor,sound_similarity,0,0.05,0.226583,0,0.05,0.00806837,0,0.05,0.105121,0,0.05,0.0784182,0,0.05,0.174648,0,0.05,0.147413,0,0.05,0.126579,0,0.05,0.20824,0,0.05,0.144299,1,0.55,0
-2,7,2.55502,-2.33722,0.018029,0.00404217,0.0383738,0.133118,True,clock,sound_similarity,0,0.05,0.226583,0,0.05,0.00806837,0,0.05,0.105121,0,0.05,0.0784182,0,0.05,0.174648,0,0.05,0.147413,0,0.05,0.126579,0,0.05,0.20824,1,0.55,0.144299,0,0.05,0
-2,6.25,2.38348,-0.397468,0.0799909,0.00185133,0.0370202,0.0609685,True,empty floor,sound_similarity,0,0.05,0.226583,0,0.05,0.00806837,0,0.05,0.105121,0,0.05,0.0784182,0,0.05,0.174648,0,0.05,0.147413,0,0.05,0.126579,0,0.05,0.20824,0,0.05,0.144299,1,0.55,0
-1.75,6.5,2.17092,-1.11418,0.0615605,0.00185133,0.0324765,0.0609685,True,empty floor,sound_similarity,0,0.05,0.226583,0,0.05,0.00806837,0,0.05,0.105121,0,0.05,0.0784182,0,0.05,0.174648,0,0.05,0.147413,0,0.05,0.126579,0,0.05,0.20824,0,0.05,0.144299,1,0.55,0
-1.75,6.25,2.13437,-0.439973,0.0536269,0.00185133,0.0303116,0.0609685,True,empty floor,sound_similarity,0,0.05,0.226583,0,0.05,0.00806837,0,0.05,0.105121,0,0.05,0.0784182,0,0.05,0.174648,0,0.05,0.147413,0,0.05,0.126579,0,0.05,0.20824,0,0.05,0.144299,1,0.55,0
-2.25,6,2.62661,-0.069635,0.0440221,0.00185133,0.0274633,0.0609685,True,empty floor,sound_similarity,0,0.05,0.226583,0,0.05,0.00806837,0,0.05,0.105121,0,0.05,0.0784182,0,0.05,0.174648,0,0.05,0.147413,0,0.05,0.126579,0,0.05,0.20824,0,0.05,0.144299,1,0.55,0
-2.25,5.75,2.64418,-0.006069,0.0117886,0.00323374,0.0248239,0.106494,True,clock,sound_similarity,0,0.04,0.226583,0,0.04,0.00806837,0,0.04,0.105121,0,0.04,0.0784182,0,0.04,0.174648,0,0.04,0.147413,0,0.04,0.126579,0,0.04,0.20824,1,0.44,0.144299,0.5,0.24,0
-2.25,7,2.78901,-2.12468,0.0339922,0.00185133,0.0241328,0.0609685,True,empty floor,sound_similarity,0,0.05,0.226583,0,0.05,0.00806837,0,0.05,0.105121,0,0.05,0.0784182,0,0.05,0.174648,0,0.05,0.147413,0,0.05,0.126579,0,0.05,0.20824,0,0.05,0.144299,1,0.55,0
-1.5,6.5,1.92677,-1.29954,0.0316008,0.00185133,0.0232684,0.0609685,True,empty floor,sound_similarity,0,0.05,0.226583,0,0.05,0.00806837,0,0.05,0.105121,0,0.05,0.0784182,0,0.05,0.174648,0,0.05,0.147413,0,0.05,0.126579,0,0.05,0.20824,0,0.05,0.144299,1,0.55,0
-2,6,2.37668,-0.0651238,0.0311614,0.00185133,0.0231061,0.0609685,True,empty floor,sound_similarity,0,0.05,0.226583,0,0.05,0.00806837,0,0.05,0.105121,0,0.05,0.0784182,0,0.05,0.174648,0,0.05,0.147413,0,0.05,0.126579,0,0.05,0.20824,0,0.05,0.144299,1,0.55,0
-1.5,6.25,1.88549,-0.496573,0.0304125,0.00185133,0.0228267,0.0609685,True,empty floor,sound_similarity,0,0.05,0.226583,0,0.05,0.00806837,0,0.05,0.105121,0,0.05,0.0784182,0,0.05,0.174648,0,0.05,0.147413,0,0.05,0.126579,0,0.05,0.20824,0,0.05,0.144299,1,0.55,0
-1.75,6.75,2.23501,-1.91374,0.0289943,0.00185133,0.0222881,0.0609685,True,empty floor,sound_similarity,0,0.05,0.226583,0,0.05,0.00806837,0,0.05,0.105121,0,0.05,0.0784182,0,0.05,0.174648,0,0.05,0.147413,0,0.05,0.126579,0,0.05,0.20824,0,0.05,0.144299,1,0.55,0
-1.75,6,2.12677,-0.0597594,0.0193338,0.00185133,0.0182002,0.0609685,True,empty floor,sound_similarity,0,0.05,0.226583,0,0.05,0.00806837,0,0.05,0.105121,0,0.05,0.0784182,0,0.05,0.174648,0,0.05,0.147413,0,0.05,0.126579,0,0.05,0.20824,0,0.05,0.144299,1,0.55,0
-1.25,6.25,1.63695,-0.57507,0.0136603,0.00185133,0.0152985,0.0609685,True,empty floor,sound_similarity,0,0.05,0.226583,0,0.05,0.00806837,0,0.05,0.105121,0,0.05,0.0784182,0,0.05,0.174648,0,0.05,0.147413,0,0.05,0.126579,0,0.05,0.20824,0,0.05,0.144299,1,0.55,0
-1.25,6.5,1.68434,-1.5477,0.0121731,0.00185133,0.0144417,0.0609685,True,empty floor,sound_similarity,0,0.05,0.226583,0,0.05,0.00806837,0,0.05,0.105121,0,0.05,0.0784182,0,0.05,0.174648,0,0.05,0.147413,0,0.05,0.126579,0,0.05,0.20824,0,0.05,0.144299,1,0.55,0
-1.5,6.75,1.9987,-2.18295,0.0118709,0.00185133,0.0142613,0.0609685,True,empty floor,sound_similarity,0,0.05,0.226583,0,0.05,0.00806837,0,0.05,0.105121,0,0.05,0.0784182,0,0.05,0.174648,0,0.05,0.147413,0,0.05,0.126579,0,0.05,0.20824,0,0.05,0.144299,1,0.55,0
-1.5,6,1.87689,-0.0532955,0.0100795,0.00185133,0.0131413,0.0609685,True,empty floor,sound_similarity,0,0.05,0.226583,0,0.05,0.00806837,0,0.05,0.105121,0,0.05,0.0784182,0,0.05,0.174648,0,0.05,0.147413,0,0.05,0.126579,0,0.05,0.20824,0,0.05,0.144299,1,0.55,0
-2.25,7.25,2.88287,-2.59579,0.00984317,0.00185133,0.0129863,0.0609685,True,empty floor,sound_similarity,0,0.05,0.226583,0,0.05,0.00806837,0,0.05,0.105121,0,0.05,0.0784182,0,0.05,0.174648,0,0.05,0.147413,0,0.05,0.126579,0,0.05,0.20824,0,0.05,0.144299,1,0.55,0
-1.75,7,2.32436,-2.55286,0.00787639,0.00185133,0.0116167,0.0609685,True,empty floor,sound_similarity,0,0.05,0.226583,0,0.05,0.00806837,0,0.05,0.105121,0,0.05,0.0784182,0,0.05,0.174648,0,0.05,0.147413,0,0.05,0.126579,0,0.05,0.20824,0,0.05,0.144299,1,0.55,0
-2,5.75,2.39609,-0.0149145,0.0073176,0.00185133,0.011197,0.0609685,True,empty floor,sound_similarity,0,0.05,0.226583,0,0.05,0.00806837,0,0.05,0.105121,0,0.05,0.0784182,0,0.05,0.174648,0,0.05,0.147413,0,0.05,0.126579,0,0.05,0.20824,0,0.05,0.144299,1,0.55,0
-2,7.25,2.65716,-2.74593,0.00462857,0.00185133,0.00890515,0.0609685,True,empty floor,sound_similarity,0,0.05,0.226583,0,0.05,0.00806837,0,0.05,0.105121,0,0.05,0.0784182,0,0.05,0.174648,0,0.05,0.147413,0,0.05,0.126579,0,0.05,0.20824,0,0.05,0.144299,1,0.55,0
-1,6.25,1.38894,-0.68982,0.00438114,0.00185133,0.00866386,0.0609685,True,empty floor,sound_similarity,0,0.05,0.226583,0,0.05,0.00806837,0,0.05,0.105121,0,0.05,0.0784182,0,0.05,0.174648,0,0.05,0.147413,0,0.05,0.126579,0,0.05,0.20824,0,0.05,0.144299,1,0.55,0
-1.25,6,1.62703,-0.0454011,0.00415248,0.00185133,0.00843474,0.0609685,True,empty floor,sound_similarity,0,0.05,0.226583,0,0.05,0.00806837,0,0.05,0.105121,0,0.05,0.0784182,0,0.05,0.174648,0,0.05,0.147413,0,0.05,0.126579,0,0.05,0.20824,0,0.05,0.144299,1,0.55,0
-1.75,5.75,2.14844,-0.0311584,0.00388041,0.00185133,0.00815374,0.0609685,True,empty floor,sound_similarity,0,0.05,0.226583,0,0.05,0.00806837,0,0.05,0.105121,0,0.05,0.0784182,0,0.05,0.174648,0,0.05,0.147413,0,0.05,0.126579,0,0.05,0.20824,0,0.05,0.144299,1,0.55,0
-1.25,6.75,1.76617,-2.47681,0.00353739,0.00185133,0.00778502,0.0609685,True,empty floor,sound_similarity,0,0.05,0.226583,0,0.05,0.00806837,0,0.05,0.105121,0,0.05,0.0784182,0,0.05,0.174648,0,0.05,0.147413,0,0.05,0.126579,0,0.05,0.20824,0,0.05,0.144299,1,0.55,0
-1,6.5,1.44448,-1.88186,0.00309129,0.00185133,0.00727759,0.0609685,True,empty floor,sound_similarity,0,0.05,0.226583,0,0.05,0.00806837,0,0.05,0.105121,0,0.05,0.0784182,0,0.05,0.174648,0,0.05,0.147413,0,0.05,0.126579,0,0.05,0.20824,0,0.05,0.144299,1,0.55,0
-1.5,7,2.09814,-2.74645,0.00271849,0.00185133,0.00682466,0.0609685,True,empty floor,sound_similarity,0,0.05,0.226583,0,0.05,0.00806837,0,0.05,0.105121,0,0.05,0.0784182,0,0.05,0.174648,0,0.05,0.147413,0,0.05,0.126579,0,0.05,0.20824,0,0.05,0.144299,1,0.55,0
-2.25,7.5,2.99471,-2.84561,0.00263975,0.00185133,0.0067251,0.0609685,True,empty floor,sound_similarity,0,0.05,0.226583,0,0.05,0.00806837,0,0.05,0.105121,0,0.05,0.0784182,0,0.05,0.174648,0,0.05,0.147413,0,0.05,0.126579,0,0.05,0.20824,0,0.05,0.144299,1,0.55,0
-2.25,5.5,2.68502,-0.16921,0.00245817,0.00185133,0.00648969,0.0609685,True,empty floor,sound_similarity,0,0.05,0.226583,0,0.05,0.00806837,0,0.05,0.105121,0,0.05,0.0784182,0,0.05,0.174648,0,0.05,0.147413,0,0.05,0.126579,0,0.05,0.20824,0,0.05,0.144299,1,0.55,0
-1.75,7.25,2.43619,-2.8634,0.00181744,0.00185133,0.00558017,0.0609685,True,empty floor,sound_similarity,0,0.05,0.226583,0,0.05,0.00806837,0,0.05,0.105121,0,0.05,0.0784182,0,0.05,0.174648,0,0.05,0.147413,0,0.05,0.126579,0,0.05,0.20824,0,0.05,0.144299,1,0.55,0
-1.5,5.75,1.9014,-0.0600178,0.00166685,0.00185133,0.00534399,0.0609685,True,empty floor,sound_similarity,0,0.05,0.226583,0,0.05,0.00806837,0,0.05,0.105121,0,0.05,0.0784182,0,0.05,0.174648,0,0.05,0.147413,0,0.05,0.126579,0,0.05,0.20824,0,0.05,0.144299,1,0.55,0
-1,6,1.37724,-0.0356568,0.0012327,0.00185133,0.00459564,0.0609685,True,empty floor,sound_similarity,0,0.05,0.226583,0,0.05,0.00806837,0,0.05,0.105121,0,0.05,0.0784182,0,0.05,0.174648,0,0.05,0.147413,0,0.05,0.126579,0,0.05,0.20824,0,0.05,0.144299,1,0.55,0
-2,7.5,2.7781,-2.91766,0.00116477,0.00185133,0.00446723,0.0609685,True,empty floor,sound_similarity,0,0.05,0.226583,0,0.05,0.00806837,0,0.05,0.105121,0,0.05,0.0784182,0,0.05,0.174648,0,0.05,0.147413,0,0.05,0.126579,0,0.05,0.20824,0,0.05,0.144299,1,0.55,0
-0.75,6.25,1.14179,-0.869696,0.000891411,0.00185133,0.00390802,0.0609685,True,empty floor,sound_similarity,0,0.05,0.226583,0,0.05,0.00806837,0,0.05,0.105121,0,0.05,0.0784182,0,0.05,0.174648,0,0.05,0.147413,0,0.05,0.126579,0,0.05,0.20824,0,0.05,0.144299,1,0.55,0
-0.25,6.25,0.654046,-1.77175,0.000790546,0.00185133,0.00368029,0.0609685,True,empty floor,sound_similarity,0,0.05,0.226583,0,0.05,0.00806837,0,0.05,0.105121,0,0.05,0.0784182,0,0.05,0.174648,0,0.05,0.147413,0,0.05,0.126579,0,0.05,0.20824,0,0.05,0.144299,1,0.55,0
-2.25,7.75,3.12261,-2.94533,0.000744681,0.00185133,0.00357193,0.0609685,True,empty floor,sound_similarity,0,0.05,0.226583,0,0.05,0.00806837,0,0.05,0.105121,0,0.05,0.0784182,0,0.05,0.174648,0,0.05,0.147413,0,0.05,0.126579,0,0.05,0.20824,0,0.05,0.144299,1,0.55,0
-1,6.75,1.53912,-2.74734,0.000702247,0.00185133,0.00346867,0.0609685,True,empty floor,sound_similarity,0,0.05,0.226583,0,0.05,0.00806837,0,0.05,0.105121,0,0.05,0.0784182,0,0.05,0.174648,0,0.05,0.147413,0,0.05,0.126579,0,0.05,0.20824,0,0.05,0.144299,1,0.55,0
-1.25,7,1.87796,-2.88811,0.000701947,0.00185133,0.00346793,0.0609685,True,empty floor,sound_similarity,0,0.05,0.226583,0,0.05,0.00806837,0,0.05,0.105121,0,0.05,0.0784182,0,0.05,0.174648,0,0.05,0.147413,0,0.05,0.126579,0,0.05,0.20824,0,0.05,0.144299,1,0.55,0
-1.5,7.25,2.22139,-2.93954,0.000579129,0.00185133,0.00314996,0.0609685,True,empty floor,sound_similarity,0,0.05,0.226583,0,0.05,0.00806837,0,0.05,0.105121,0,0.05,0.0784182,0,0.05,0.174648,0,0.05,0.147413,0,0.05,0.126579,0,0.05,0.20824,0,0.05,0.144299,1,0.55,0
-1.75,5.5,2.1985,-0.337042,0.00057431,0.00185133,0.00313683,0.0609685,True,empty floor,sound_similarity,0,0.05,0.226583,0,0.05,0.00806837,0,0.05,0.105121,0,0.05,0.0784182,0,0.05,0.174648,0,0.05,0.147413,0,0.05,0.126579,0,0.05,0.20824,0,0.05,0.144299,1,0.55,0
0,6.25,0.421091,-2.75608,0.00054381,0.00185133,0.0030524,0.0609685,True,empty floor,sound_similarity,0,0.05,0.226583,0,0.05,0.00806837,0,0.05,0.105121,0,0.05,0.0784182,0,0.05,0.174648,0,0.05,0.147413,0,0.05,0.126579,0,0.05,0.20824,0,0.05,0.144299,1,0.55,0
-1.25,5.75,1.65525,-0.111338,0.00053474,0.00185133,0.00302684,0.0609685,True,empty floor,sound_similarity,0,0.05,0.226583,0,0.05,0.00806837,0,0.05,0.105121,0,0.05,0.0784182,0,0.05,0.174648,0,0.05,0.147413,0,0.05,0.126579,0,0.05,0.20824,0,0.05,0.144299,1,0.55,0
-2.25,5.25,2.74808,-0.528589,0.000475187,0.00185133,0.00285332,0.0609685,True,empty floor,sound_similarity,0,0.05,0.226583,0,0.05,0.00806837,0,0.05,0.105121,0,0.05,0.0784182,0,0.05,0.174648,0,0.05,0.147413,0,0.05,0.126579,0,0.05,0.20824,0,0.05,0.144299,1,0.55,0
-1.75,7.5,2.56757,-2.96187,0.00044613,0.00185133,0.0027647,0.0609685,True,empty floor,sound_similarity,0,0.05,0.226583,0,0.05,0.00806837,0,0.05,0.105121,0,0.05,0.0784182,0,0.05,0.174648,0,0.05,0.147413,0,0.05,0.126579,0,0.05,0.20824,0,0.05,0.144299,1,0.55,0
-0.75,6.5,1.20875,-2.31101,0.000442444,0.00185133,0.00275326,0.0609685,True,empty floor,sound_similarity,0,0.05,0.226583,0,0.05,0.00806837,0,0.05,0.105121,0,0.05,0.0784182,0,0.05,0.174648,0,0.05,0.147413,0,0.05,0.126579,0,0.05,0.20824,0,0.05,0.144299,1,0.55,0
-0.5,6.25,0.896234,-1.1792,0.000350856,0.00185133,0.00245179,0.0609685,True,empty floor,sound_similarity,0,0.05,0.226583,0,0.05,0.00806837,0,0.05,0.105121,0,0.05,0.0784182,0,0.05,0.174648,0,0.05,0.147413,0,0.05,0.126579,0,0.05,0.20824,0,0.05,0.144299,1,0.55,0
-0.25,2,4.10822,-2.99573,5.80094e-05,0.00450295,0.00242482,0.148292,True,microwave,sound_similarity,0,0.05,0.226583,0,0.05,0.00806837,0,0.05,0.105121,0,0.05,0.0784182,1,0.55,0.174648,0,0.05,0.147413,0,0.05,0.126579,0,0.05,0.20824,0,0.05,0.144299,0,0.05,0
0,6,0.380716,-0.0515657,0.000160543,0.00246844,0.00221132,0.0812914,True,empty floor,sound_similarity,0,0.0666667,0.226583,0,0.0666667,0.00806837,0,0.0666667,0.105121,0,0.0666667,0.0784182,0,0.0666667,0.174648,0,0.0666667,0.147413,0,0.0666667,0.126579,0,0.0666667,0.20824,0,0.0666667,0.144299,0.5,0.4,0
-0.75,6,1.12753,-0.0236618,0.000237578,0.00185133,0.00201754,0.0609685,True,empty floor,sound_similarity,0,0.05,0.226583,0,0.05,0.00806837,0,0.05,0.105121,0,0.05,0.0784182,0,0.05,0.174648,0,0.05,0.147413,0,0.05,0.126579,0,0.05,0.20824,0,0.05,0.144299,1,0.55,0
-0.75,3,3.26081,-2.99573,0.000117979,0.00246844,0.00189565,0.0812914,True,empty floor,sound_similarity,0,0.0666667,0.226583,0,0.0666667,0.00806837,0,0.0666667,0.105121,0,0.0666667,0.0784182,0,0.0666667,0.174648,0,0.0666667,0.147413,0,0.0666667,0.126579,0,0.0666667,0.20824,0,0.0666667,0.144299,0.5,0.4,0
-1,2.75,3.58482,-2.99572,0.000115909,0.00246844,0.00187895,0.0812914,True,empty floor,sound_similarity,0,0.0666667,0.226583,0,0.0666667,0.00806837,0,0.0666667,0.105121,0,0.0666667,0.0784182,0,0.0666667,0.174648,0,0.0666667,0.147413,0,0.0666667,0.126579,0,0.0666667,0.20824,0,0.0666667,0.144299,0.5,0.4,0
-0.75,2.75,3.4965,-2.99573,0.000115621,0.00246844,0.00187662,0.0812914,True,empty floor,sound_similarity,0,0.0666667,0.226583,0,0.0666667,0.00806837,0,0.0666667,0.105121,0,0.0666667,0.0784182,0,0.0666667,0.174648,0,0.0666667,0.147413,0,0.0666667,0.126579,0,0.0666667,0.20824,0,0.0666667,0.144299,0.5,0.4,0
-1,3,3.35534,-2.99571,0.000114498,0.00246844,0.00186748,0.0812914,True,empty floor,sound_similarity,0,0.0666667,0.226583,0,0.0666667,0.00806837,0,0.0666667,0.105121,0,0.0666667,0.0784182,0,0.0666667,0.174648,0,0.0666667,0.147413,0,0.0666667,0.126579,0,0.0666667,0.20824,0,0.0666667,0.144299,0.5,0.4,0
-0.75,3.25,3.02741,-2.99573,0.000113888,0.00246844,0.0018625,0.0812914,True,empty floor,sound_similarity,0,0.0666667,0.226583,0,0.0666667,0.00806837,0,0.0666667,0.105121,0,0.0666667,0.0784182,0,0.0666667,0.174648,0,0.0666667,0.147413,0,0.0666667,0.126579,0,0.0666667,0.20824,0,0.0666667,0.144299,0.5,0.4,0
-1.5,5.5,1.95779,-0.483452,0.000199092,0.00185133,0.00184691,0.0609685,True,empty floor,sound_similarity,0,0.05,0.226583,0,0.05,0.00806837,0,0.05,0.105121,0,0.05,0.0784182,0,0.05,0.174648,0,0.05,0.147413,0,0.05,0.126579,0,0.05,0.20824,0,0.05,0.144299,1,0.55,0
-1,2.5,3.81688,-2.99573,0.000111683,0.00246844,0.00184438,0.0812914,True,empty floor,sound_similarity,0,0.0666667,0.226583,0,0.0666667,0.00806837,0,0.0666667,0.105121,0,0.0666667,0.0784182,0,0.0666667,0.174648,0,0.0666667,0.147413,0,0.0666667,0.126579,0,0.0666667,0.20824,0,0.0666667,0.144299,0.5,0.4,0
-0.75,2.5,3.73405,-2.99573,0.000108508,0.00246844,0.00181798,0.0812914,True,empty floor,sound_similarity,0,0.0666667,0.226583,0,0.0666667,0.00806837,0,0.0666667,0.105121,0,0.0666667,0.0784182,0,0.0666667,0.174648,0,0.0666667,0.147413,0,0.0666667,0.126579,0,0.0666667,0.20824,0,0.0666667,0.144299,0.5,0.4,0
-0.5,3,3.18314,-2.99573,0.000106663,0.00246844,0.00180245,0.0812914,True,empty floor,sound_similarity,0,0.0666667,0.226583,0,0.0666667,0.00806837,0,0.0666667,0.105121,0,0.0666667,0.0784182,0,0.0666667,0.174648,0,0.0666667,0.147413,0,0.0666667,0.126579,0,0.0666667,0.20824,0,0.0666667,0.144299,0.5,0.4,0
-1,3.25,3.12901,-2.99569,0.000106228,0.00246844,0.00179877,0.0812914,True,empty floor,sound_similarity,0,0.0666667,0.226583,0,0.0666667,0.00806837,0,0.0666667,0.105121,0,0.0666667,0.0784182,0,0.0666667,0.174648,0,0.0666667,0.147413,0,0.0666667,0.126579,0,0.0666667,0.20824,0,0.0666667,0.144299,0.5,0.4,0
-0.5,3.25,2.9436,-2.99573,0.000105821,0.00246844,0.00179532,0.0812914,True,empty floor,sound_similarity,0,0.0666667,0.226583,0,0.0666667,0.00806837,0,0.0666667,0.105121,0,0.0666667,0.0784182,0,0.0666667,0.174648,0,0.0666667,0.147413,0,0.0666667,0.126579,0,0.0666667,0.20824,0,0.0666667,0.144299,0.5,0.4,0
-1.25,2.75,3.68801,-2.99569,0.000104543,0.00246844,0.00178445,0.0812914,True,empty floor,sound_similarity,0,0.0666667,0.226583,0,0.0666667,0.00806837,0,0.0666667,0.105121,0,0.0666667,0.0784182,0,0.0666667,0.174648,0,0.0666667,0.147413,0,0.0666667,0.126579,0,0.0666667,0.20824,0,0.0666667,0.144299,0.5,0.4,0
-1,2.25,4.05107,-2.99573,0.000103479,0.00246844,0.00177535,0.0812914,True,empty floor,sound_similarity,0,0.0666667,0.226583,0,0.0666667,0.00806837,0,0.0666667,0.105121,0,0.0666667,0.0784182,0,0.0666667,0.174648,0,0.0666667,0.147413,0,0.0666667,0.126579,0,0.0666667,0.20824,0,0.0666667,0.144299,0.5,0.4,0
-0.5,2.75,3.42418,-2.99573,0.000102391,0.00246844,0.00176599,0.0812914,True,empty floor,sound_similarity,0,0.0666667,0.226583,0,0.0666667,0.00806837,0,0.0666667,0.105121,0,0.0666667,0.0784182,0,0.0666667,0.174648,0,0.0666667,0.147413,0,0.0666667,0.126579,0,0.0666667,0.20824,0,0.0666667,0.144299,0.5,0.4,0
-0.75,3.5,2.79689,-2.99572,0.00010232,0.00246844,0.00176537,0.0812914,True,empty floor,sound_similarity,0,0.0666667,0.226583,0,0.0666667,0.00806837,0,0.0666667,0.105121,0,0.0666667,0.0784182,0,0.0666667,0.174648,0,0.0666667,0.147413,0,0.0666667,0.126579,0,0.0666667,0.20824,0,0.0666667,0.144299,0.5,0.4,0
-0.25,6,0.628812,-7.46105e-08,0.000180509,0.00185133,0.0017586,0.0609685,True,empty floor,sound_similarity,0,0.05,0.226583,0,0.05,0.00806837,0,0.05,0.105121,0,0.05,0.0784182,0,0.05,0.174648,0,0.05,0.147413,0,0.05,0.126579,0,0.05,0.20824,0,0.05,0.144299,1,0.55,0
-1.25,2.25,4.14266,-2.99572,9.93209e-05,0.00246844,0.00173931,0.0812914,True,empty floor,sound_similarity,0,0.0666667,0.226583,0,0.0666667,0.00806837,0,0.0666667,0.105121,0,0.0666667,0.0784182,0,0.0666667,0.174648,0,0.0666667,0.147413,0,0.0666667,0.126579,0,0.0666667,0.20824,0,0.0666667,0.144299,0.5,0.4,0
-1.25,3,3.46537,-2.99565,9.92754e-05,0.00246844,0.00173891,0.0812914,True,empty floor,sound_similarity,0,0.0666667,0.226583,0,0.0666667,0.00806837,0,0.0666667,0.105121,0,0.0666667,0.0784182,0,0.0666667,0.174648,0,0.0666667,0.147413,0,0.0666667,0.126579,0,0.0666667,0.20824,0,0.0666667,0.144299,0.5,0.4,0
-0.5,3.5,2.70595,-2.99573,9.85426e-05,0.00246844,0.00173248,0.0812914,True,empty floor,sound_similarity,0,0.0666667,0.226583,0,0.0666667,0.00806837,0,0.0666667,0.105121,0,0.0666667,0.0784182,0,0.0666667,0.174648,0,0.0666667,0.147413,0,0.0666667,0.126579,0,0.0666667,0.20824,0,0.0666667,0.144299,0.5,0.4,0
-0.75,2.25,3.97313,-2.99573,9.84168e-05,0.00246844,0.00173137,0.0812914,True,empty floor,sound_similarity,0,0.0666667,0.226583,0,0.0666667,0.00806837,0,0.0666667,0.105121,0,0.0666667,0.0784182,0,0.0666667,0.174648,0,0.0666667,0.147413,0,0.0666667,0.126579,0,0.0666667,0.20824,0,0.0666667,0.144299,0.5,0.4,0
-0.5,2.5,3.66642,-2.99573,9.46155e-05,0.00246844,0.00169761,0.0812914,True,empty floor,sound_similarity,0,0.0666667,0.226583,0,0.0666667,0.00806837,0,0.0666667,0.105121,0,0.0666667,0.0784182,0,0.0666667,0.174648,0,0.0666667,0.147413,0,0.0666667,0.126579,0,0.0666667,0.20824,0,0.0666667,0.144299,0.5,0.4,0
-1,2,4.28705,-2.99573,9.29306e-05,0.00246844,0.00168243,0.0812914,True,empty floor,sound_similarity,0,0.0666667,0.226583,0,0.0666667,0.00806837,0,0.0666667,0.105121,0,0.0666667,0.0784182,0,0.0666667,0.174648,0,0.0666667,0.147413,0,0.0666667,0.126579,0,0.0666667,0.20824,0,0.0666667,0.144299,0.5,0.4,0
-1.25,2,4.3737,-2.99573,9.13677e-05,0.00246844,0.00166822,0.0812914,True,empty floor,sound_similarity,0,0.0666667,0.226583,0,0.0666667,0.00806837,0,0.0666667,0.105121,0,0.0666667,0.0784182,0,0.0666667,0.174648,0,0.0666667,0.147413,0,0.0666667,0.126579,0,0.0666667,0.20824,0,0.0666667,0.144299,0.5,0.4,0
-1,3.5,2.90655,-2.99564,9.09684e-05,0.00246844,0.00166457,0.0812914,True,empty floor,sound_similarity,0,0.0666667,0.226583,0,0.0666667,0.00806837,0,0.0666667,0.105121,0,0.0666667,0.0784182,0,0.0666667,0.174648,0,0.0666667,0.147413,0,0.0666667,0.126579,0,0.0666667,0.20824,0,0.0666667,0.144299,0.5,0.4,0
-1.5,2.5,4.02424,-2.99565,8.91898e-05,0.00246844,0.00164822,0.0812914,True,empty floor,sound_similarity,0,0.0666667,0.226583,0,0.0666667,0.00806837,0,0.0666667,0.105121,0,0.0666667,0.0784182,0,0.0666667,0.174648,0,0.0666667,0.147413,0,0.0666667,0.126579,0,0.0666667,0.20824,0,0.0666667,0.144299,0.5,0.4,0
-1.25,3.25,3.24671,-2.99554,8.80015e-05,0.00246844,0.0016372,0.0812914,True,empty floor,sound_similarity,0,0.0666667,0.226583,0,0.0666667,0.00806837,0,0.0666667,0.105121,0,0.0666667,0.0784182,0,0.0666667,0.174648,0,0.0666667,0.147413,0,0.0666667,0.126579,0,0.0666667,0.20824,0,0.0666667,0.144299,0.5,0.4,0
-1.5,2.25,4.24701,-2.99569,8.78754e-05,0.00246844,0.00163603,0.0812914,True,empty floor,sound_similarity,0,0.0666667,0.226583,0,0.0666667,0.00806837,0,0.0666667,0.105121,0,0.0666667,0.0784182,0,0.0666667,0.174648,0,0.0666667,0.147413,0,0.0666667,0.126579,0,0.0666667,0.20824,0,0.0666667,0.144299,0.5,0.4,0
-0.75,2,4.21347,-2.99573,8.68768e-05,0.00246844,0.0016267,0.0812914,True,empty floor,sound_similarity,0,0.0666667,0.226583,0,0.0666667,0.00806837,0,0.0666667,0.105121,0,0.0666667,0.0784182,0,0.0666667,0.174648,0,0.0666667,0.147413,0,0.0666667,0.126579,0,0.0666667,0.20824,0,0.0666667,0.144299,0.5,0.4,0
0.25,6.5,0.457417,-2.99573,0.00015367,0.00185133,0.0016226,0.0609685,True,empty floor,sound_similarity,0,0.05,0.226583,0,0.05,0.00806837,0,0.05,0.105121,0,0.05,0.0784182,0,0.05,0.174648,0,0.05,0.147413,0,0.05,0.126579,0,0.05,0.20824,0,0.05,0.144299,1,0.55,0
-1.5,2.75,3.80485,-2.99558,8.62156e-05,0.00246844,0.0016205,0.0812914,True,empty floor,sound_similarity,0,0.0666667,0.226583,0,0.0666667,0.00806837,0,0.0666667,0.105121,0,0.0666667,0.0784182,0,0.0666667,0.174648,0,0.0666667,0.147413,0,0.0666667,0.126579,0,0.0666667,0.20824,0,0.0666667,0.144299,0.5,0.4,0
-1.5,7.5,2.36473,-2.98406,0.00015262,0.00185133,0.00161705,0.0609685,True,empty floor,sound_similarity,0,0.05,0.226583,0,0.05,0.00806837,0,0.05,0.105121,0,0.05,0.0784182,0,0.05,0.174648,0,0.05,0.147413,0,0.05,0.126579,0,0.05,0.20824,0,0.05,0.144299,1,0.55,0
-0.5,2.25,3.90964,-2.99573,8.48389e-05,0.00246844,0.00160751,0.0812914,True,empty floor,sound_similarity,0,0.0666667,0.226583,0,0.0666667,0.00806837,0,0.0666667,0.105121,0,0.0666667,0.0784182,0,0.0666667,0.174648,0,0.0666667,0.147413,0,0.0666667,0.126579,0,0.0666667,0.20824,0,0.0666667,0.144299,0.5,0.4,0
-0.5,3.75,2.47073,-2.99573,8.44194e-05,0.00246844,0.00160353,0.0812914,True,empty floor,sound_similarity,0,0.0666667,0.226583,0,0.0666667,0.00806837,0,0.0666667,0.105121,0,0.0666667,0.0784182,0,0.0666667,0.174648,0,0.0666667,0.147413,0,0.0666667,0.126579,0,0.0666667,0.20824,0,0.0666667,0.144299,0.5,0.4,0
-1.25,7.25,2.01472,-2.97795,0.000149677,0.00185133,0.00160139,0.0609685,True,empty floor,sound_similarity,0,0.05,0.226583,0,0.05,0.00806837,0,0.05,0.105121,0,0.05,0.0784182,0,0.05,0.174648,0,0.05,0.147413,0,0.05,0.126579,0,0.05,0.20824,0,0.05,0.144299,1,0.55,0
-0.75,3.75,2.57001,-2.99569,8.36794e-05,0.00246844,0.00159649,0.0812914,True,empty floor,sound_similarity,0,0.0666667,0.226583,0,0.0666667,0.00806837,0,0.0666667,0.105121,0,0.0666667,0.0784182,0,0.0666667,0.174648,0,0.0666667,0.147413,0,0.0666667,0.126579,0,0.0666667,0.20824,0,0.0666667,0.144299,0.5,0.4,0
-0.25,3.25,2.87912,-2.99573,8.36652e-05,0.00246844,0.00159635,0.0812914,True,empty floor,sound_similarity,0,0.0666667,0.226583,0,0.0666667,0.00806837,0,0.0666667,0.105121,0,0.0666667,0.0784182,0,0.0666667,0.174648,0,0.0666667,0.147413,0,0.0666667,0.126579,0,0.0666667,0.20824,0,0.0666667,0.144299,0.5,0.4,0
-0.25,3,3.12361,-2.99573,8.35812e-05,0.00246844,0.00159555,0.0812914,True,empty floor,sound_similarity,0,0.0666667,0.226583,0,0.0666667,0.00806837,0,0.0666667,0.105121,0,0.0666667,0.0784182,0,0.0666667,0.174648,0,0.0666667,0.147413,0,0.0666667,0.126579,0,0.0666667,0.20824,0,0.0666667,0.144299,0.5,0.4,0
1,6.25,0.652289,-2.99573,8.34583e-05,0.00246844,0.00159438,0.0812914,True,empty floor,sound_similarity,0,0.0666667,0.226583,0,0.0666667,0.00806837,0,0.0666667,0.105121,0,0.0666667,0.0784182,0,0.0666667,0.174648,0,0.0666667,0.147413,0,0.0666667,0.126579,0,0.0666667,0.20824,0,0.0666667,0.144299,0.5,0.4,0
-1.5,2,4.47267,-2.99571,8.31951e-05,0.00246844,0.00159186,0.0812914,True,empty floor,sound_similarity,0,0.0666667,0.226583,0,0.0666667,0.00806837,0,0.0666667,0.105121,0,0.0666667,0.0784182,0,0.0666667,0.174648,0,0.0666667,0.147413,0,0.0666667,0.126579,0,0.0666667,0.20824,0,0.0666667,0.144299,0.5,0.4,0
-1.25,1.75,4.60672,-2.99573,8.16609e-05,0.00246844,0.00157712,0.0812914,True,empty floor,sound_similarity,0,0.0666667,0.226583,0,0.0666667,0.00806837,0,0.0666667,0.105121,0,0.0666667,0.0784182,0,0.0666667,0.174648,0,0.0666667,0.147413,0,0.0666667,0.126579,0,0.0666667,0.20824,0,0.0666667,0.144299,0.5,0.4,0
-1,1.75,4.52454,-2.99573,8.13933e-05,0.00246844,0.00157453,0.0812914,True,empty floor,sound_similarity,0,0.0666667,0.226583,0,0.0666667,0.00806837,0,0.0666667,0.105121,0,0.0666667,0.0784182,0,0.0666667,0.174648,0,0.0666667,0.147413,0,0.0666667,0.126579,0,0.0666667,0.20824,0,0.0666667,0.144299,0.5,0.4,0
-1.75,7.75,2.71565,-2.98726,0.000142402,0.00185133,0.00156198,0.0609685,True,empty floor,sound_similarity,0,0.05,0.226583,0,0.05,0.00806837,0,0.05,0.105121,0,0.05,0.0784182,0,0.05,0.174648,0,0.05,0.147413,0,0.05,0.126579,0,0.05,0.20824,0,0.05,0.144299,1,0.55,0
-0.25,2.75,3.36891,-2.99573,7.98659e-05,0.00246844,0.00155969,0.0812914,True,empty floor,sound_similarity,0,0.0666667,0.226583,0,0.0666667,0.00806837,0,0.0666667,0.105121,0,0.0666667,0.0784182,0,0.0666667,0.174648,0,0.0666667,0.147413,0,0.0666667,0.126579,0,0.0666667,0.20824,0,0.0666667,0.144299,0.5,0.4,0
-0.25,3.5,2.63566,-2.99573,7.90912e-05,0.00246844,0.0015521,0.0812914,True,empty floor,sound_similarity,0,0.0666667,0.226583,0,0.0666667,0.00806837,0,0.0666667,0.105121,0,0.0666667,0.0784182,0,0.0666667,0.174648,0,0.0666667,0.147413,0,0.0666667,0.126579,0,0.0666667,0.20824,0,0.0666667,0.144299,0.5,0.4,0
-1.5,3,3.58946,-2.9954,7.85242e-05,0.00246844,0.00154653,0.0812914,True,empty floor,sound_similarity,0,0.0666667,0.226583,0,0.0666667,0.00806837,0,0.0666667,0.105121,0,0.0666667,0.0784182,0,0.0666667,0.174648,0,0.0666667,0.147413,0,0.0666667,0.126579,0,0.0666667,0.20824,0,0.0666667,0.144299,0.5,0.4,0
-1.5,1.75,4.70078,-2.99572,7.62342e-05,0.00246844,0.00152381,0.0812914,True,empty floor,sound_similarity,0,0.0666667,0.226583,0,0.0666667,0.00806837,0,0.0666667,0.105121,0,0.0666667,0.0784182,0,0.0666667,0.174648,0,0.0666667,0.147413,0,0.0666667,0.126579,0,0.0666667,0.20824,0,0.0666667,0.144299,0.5,0.4,0
-0.75,1.75,4.45488,-2.99573,7.50454e-05,0.00246844,0.00151188,0.0812914,True,empty floor,sound_similarity,0,0.0666667,0.226583,0,0.0666667,0.00806837,0,0.0666667,0.105121,0,0.0666667,0.0784182,0,0.0666667,0.174648,0,0.0666667,0.147413,0,0.0666667,0.126579,0,0.0666667,0.20824,0,0.0666667,0.144299,0.5,0.4,0
-0.5,2,4.15366,-2.99573,7.42708e-05,0.00246844,0.00150406,0.0812914,True,empty floor,sound_similarity,0,0.0666667,0.226583,0,0.0666667,0.00806837,0,0.0666667,0.105121,0,0.0666667,0.0784182,0,0.0666667,0.174648,0,0.0666667,0.147413,0,0.0666667,0.126579,0,0.0666667,0.20824,0,0.0666667,0.144299,0.5,0.4,0
-0.25,2.5,3.61486,-2.99573,7.36889e-05,0.00246844,0.00149816,0.0812914,True,empty floor,sound_similarity,0,0.0666667,0.226583,0,0.0666667,0.00806837,0,0.0666667,0.105121,0,0.0666667,0.0784182,0,0.0666667,0.174648,0,0.0666667,0.147413,0,0.0666667,0.126579,0,0.0666667,0.20824,0,0.0666667,0.144299,0.5,0.4,0
-1.75,2.25,4.36321,-2.9956,7.24779e-05,0.00246844,0.0014858,0.0812914,True,empty floor,sound_similarity,0,0.0666667,0.226583,0,0.0666667,0.00806837,0,0.0666667,0.105121,0,0.0666667,0.0784182,0,0.0666667,0.174648,0,0.0666667,0.147413,0,0.0666667,0.126579,0,0.0666667,0.20824,0,0.0666667,0.144299,0.5,0.4,0
-1,7,1.66621,-2.9641,0.000127815,0.00185133,0.00147982,0.0609685,True,empty floor,sound_similarity,0,0.05,0.226583,0,0.05,0.00806837,0,0.05,0.105121,0,0.05,0.0784182,0,0.05,0.174648,0,0.05,0.147413,0,0.05,0.126579,0,0.05,0.20824,0,0.05,0.144299,1,0.55,0
-1.25,3.5,3.03291,-2.99526,7.15978e-05,0.00246844,0.00147675,0.0812914,True,empty floor,sound_similarity,0,0.0666667,0.226583,0,0.0666667,0.00806837,0,0.0666667,0.105121,0,0.0666667,0.0784182,0,0.0666667,0.174648,0,0.0666667,0.147413,0,0.0666667,0.126579,0,0.0666667,0.20824,0,0.0666667,0.144299,0.5,0.4,0
-1.75,2.5,4.14668,-2.99547,7.10613e-05,0.00246844,0.0014712,0.0812914,True,empty floor,sound_similarity,0,0.0666667,0.226583,0,0.0666667,0.00806837,0,0.0666667,0.105121,0,0.0666667,0.0784182,0,0.0666667,0.174648,0,0.0666667,0.147413,0,0.0666667,0.126579,0,0.0666667,0.20824,0,0.0666667,0.144299,0.5,0.4,0
-1.75,2,4.58314,-2.99566,7.07943e-05,0.00246844,0.00146844,0.0812914,True,empty floor,sound_similarity,0,0.0666667,0.226583,0,0.0666667,0.00806837,0,0.0666667,0.105121,0,0.0666667,0.0784182,0,0.0666667,0.174648,0,0.0666667,0.147413,0,0.0666667,0.126579,0,0.0666667,0.20824,0,0.0666667,0.144299,0.5,0.4,0
-1,3.75,2.68895,-2.99548,7.02991e-05,0.00246844,0.00146329,0.0812914,True,empty floor,sound_similarity,0,0.0666667,0.226583,0,0.0666667,0.00806837,0,0.0666667,0.105121,0,0.0666667,0.0784182,0,0.0666667,0.174648,0,0.0666667,0.147413,0,0.0666667,0.126579,0,0.0666667,0.20824,0,0.0666667,0.144299,0.5,0.4,0
-0.25,3.75,2.39354,-2.99573,6.93722e-05,0.00246844,0.00145361,0.0812914,True,empty floor,sound_similarity,0,0.0666667,0.226583,0,0.0666667,0.00806837,0,0.0666667,0.105121,0,0.0666667,0.0784182,0,0.0666667,0.174648,0,0.0666667,0.147413,0,0.0666667,0.126579,0,0.0666667,0.20824,0,0.0666667,0.144299,0.5,0.4,0
-1.75,1.75,4.80602,-2.99569,6.67055e-05,0.00246844,0.0014254,0.0812914,True,empty floor,sound_similarity,0,0.0666667,0.226583,0,0.0666667,0.00806837,0,0.0666667,0.105121,0,0.0666667,0.0784182,0,0.0666667,0.174648,0,0.0666667,0.147413,0,0.0666667,0.126579,0,0.0666667,0.20824,0,0.0666667,0.144299,0.5,0.4,0
-1.5,3.25,3.37885,-2.99496,6.65342e-05,0.00246844,0.00142357,0.0812914,True,empty floor,sound_similarity,0,0.0666667,0.226583,0,0.0666667,0.00806837,0,0.0666667,0.105121,0,0.0666667,0.0784182,0,0.0666667,0.174648,0,0.0666667,0.147413,0,0.0666667,0.126579,0,0.0666667,0.20824,0,0.0666667,0.144299,0.5,0.4,0
-0.25,2.25,3.86132,-2.99573,6.61184e-05,0.00246844,0.00141912,0.0812914,True,empty floor,sound_similarity,0,0.0666667,0.226583,0,0.0666667,0.00806837,0,0.0666667,0.105121,0,0.0666667,0.0784182,0,0.0666667,0.174648,0,0.0666667,0.147413,0,0.0666667,0.126579,0,0.0666667,0.20824,0,0.0666667,0.144299,0.5,0.4,0
-0.5,4,2.23872,-2.99572,6.46662e-05,0.00246844,0.00140344,0.0812914,True,empty floor,sound_similarity,0,0.0666667,0.226583,0,0.0666667,0.00806837,0,0.0666667,0.105121,0,0.0666667,0.0784182,0,0.0666667,0.174648,0,0.0666667,0.147413,0,0.0666667,0.126579,0,0.0666667,0.20824,0,0.0666667,0.144299,0.5,0.4,0
-0.5,1.75,4.39836,-2.99573,6.37801e-05,0.00246844,0.0013938,0.0812914,True,empty floor,sound_similarity,0,0.0666667,0.226583,0,0.0666667,0.00806837,0,0.0666667,0.105121,0,0.0666667,0.0784182,0,0.0666667,0.174648,0,0.0666667,0.147413,0,0.0666667,0.126579,0,0.0666667,0.20824,0,0.0666667,0.144299,0.5,0.4,0
-1,5.75,1.41046,-0.205,0.000112787,0.00185133,0.0013901,0.0609685,True,empty floor,sound_similarity,0,0.05,0.226583,0,0.05,0.00806837,0,0.05,0.105121,0,0.05,0.0784182,0,0.05,0.174648,0,0.05,0.147413,0,0.05,0.126579,0,0.05,0.20824,0,0.05,0.144299,1,0.55,0
-2.25,5,2.83189,-1.03042,0.000109382,0.00185133,0.00136896,0.0609685,True,empty floor,sound_similarity,0,0.05,0.226583,0,0.05,0.00806837,0,0.05,0.105121,0,0.05,0.0784182,0,0.05,0.174648,0,0.05,0.147413,0,0.05,0.126579,0,0.05,0.20824,0,0.05,0.144299,1,0.55,0
2,4.25,2.43201,-2.99573,6.06339e-05,0.00246844,0.00135898,0.0812914,True,empty floor,sound_similarity,0,0.0666667,0.226583,0,0.0666667,0.00806837,0,0.0666667,0.105121,0,0.0666667,0.0784182,0,0.0666667,0.174648,0,0.0666667,0.147413,0,0.0666667,0.126579,0,0.0666667,0.20824,0,0.0666667,0.144299,0.5,0.4,0
-0.75,4,2.34784,-2.99562,6.0435e-05,0.00246844,0.00135675,0.0812914,True,empty floor,sound_similarity,0,0.0666667,0.226583,0,0.0666667,0.00806837,0,0.0666667,0.105121,0,0.0666667,0.0784182,0,0.0666667,0.174648,0,0.0666667,0.147413,0,0.0666667,0.126579,0,0.0666667,0.20824,0,0.0666667,0.144299,0.5,0.4,0
-1.5,7.75,2.52474,-2.99321,6.00696e-05,0.00246844,0.00135265,0.0812914,True,empty floor,sound_similarity,0,0.0666667,0.226583,0,0.0666667,0.00806837,0,0.0666667,0.105121,0,0.0666667,0.0784182,0,0.0666667,0.174648,0,0.0666667,0.147413,0,0.0666667,0.126579,0,0.0666667,0.20824,0,0.0666667,0.144299,0.5,0.4,0
2,4,2.62341,-2.99573,5.91572e-05,0.00246844,0.00134233,0.0812914,True,empty floor,sound_similarity,0,0.0666667,0.226583,0,0.0666667,0.00806837,0,0.0666667,0.105121,0,0.0666667,0.0784182,0,0.0666667,0.174648,0,0.0666667,0.147413,0,0.0666667,0.126579,0,0.0666667,0.20824,0,0.0666667,0.144299,0.5,0.4,0
2,4.5,2.25212,-2.99573,5.74889e-05,0.00246844,0.00132327,0.0812914,True,empty floor,sound_similarity,0,0.0666667,0.226583,0,0.0666667,0.00806837,0,0.0666667,0.105121,0,0.0666667,0.0784182,0,0.0666667,0.174648,0,0.0666667,0.147413,0,0.0666667,0.126579,0,0.0666667,0.20824,0,0.0666667,0.144299,0.5,0.4,0
-2,2,4.70432,-2.99552,5.68544e-05,0.00246844,0.00131595,0.0812914,True,empty floor,sound_similarity,0,0.0666667,0.226583,0,0.0666667,0.00806837,0,0.0666667,0.105121,0,0.0666667,0.0784182,0,0.0666667,0.174648,0,0.0666667,0.147413,0,0.0666667,0.126579,0,0.0666667,0.20824,0,0.0666667,0.144299,0.5,0.4,0
0,3,3.08326,-2.99573,5.67194e-05,0.00246844,0.00131438,0.0812914,True,empty floor,sound_similarity,0,0.0666667,0.226583,0,0.0666667,0.00806837,0,0.0666667,0.105121,0,0.0666667,0.0784182,0,0.0666667,0.174648,0,0.0666667,0.147413,0,0.0666667,0.126579,0,0.0666667,0.20824,0,0.0666667,0.144299,0.5,0.4,0
-2,2.25,4.49033,-2.99534,5.63961e-05,0.00246844,0.00131063,0.0812914,True,empty floor,sound_similarity,0,0.0666667,0.226583,0,0.0666667,0.00806837,0,0.0666667,0.105121,0,0.0666667,0.0784182,0,0.0666667,0.174648,0,0.0666667,0.147413,0,0.0666667,0.126579,0,0.0666667,0.20824,0,0.0666667,0.144299,0.5,0.4,0
0,3.25,2.83529,-2.99573,5.59789e-05,0.00246844,0.00130578,0.0812914,True,empty floor,sound_similarity,0,0.0666667,0.226583,0,0.0666667,0.00806837,0,0.0666667,0.105121,0,0.0666667,0.0784182,0,0.0666667,0.174648,0,0.0666667,0.147413,0,0.0666667,0.126579,0,0.0666667,0.20824,0,0.0666667,0.144299,0.5,0.4,0
-2,1.75,4.92172,-2.99561,5.51535e-05,0.00246844,0.00129611,0.0812914,True,empty floor,sound_similarity,0,0.0666667,0.226583,0,0.0666667,0.00806837,0,0.0666667,0.105121,0,0.0666667,0.0784182,0,0.0666667,0.174648,0,0.0666667,0.147413,0,0.0666667,0.126579,0,0.0666667,0.20824,0,0.0666667,0.144299,0.5,0.4,0
-0.25,4,2.15324,-2.99573,5.50547e-05,0.00246844,0.00129495,0.0812914,True,empty floor,sound_similarity,0,0.0666667,0.226583,0,0.0666667,0.00806837,0,0.0666667,0.105121,0,0.0666667,0.0784182,0,0.0666667,0.174648,0,0.0666667,0.147413,0,0.0666667,0.126579,0,0.0666667,0.20824,0,0.0666667,0.144299,0.5,0.4,0
0,2.75,3.33153,-2.99573,5.49904e-05,0.00246844,0.0012942,0.0812914,True,empty floor,sound_similarity,0,0.0666667,0.226583,0,0.0666667,0.00806837,0,0.0666667,0.105121,0,0.0666667,0.0784182,0,0.0666667,0.174648,0,0.0666667,0.147413,0,0.0666667,0.126579,0,0.0666667,0.20824,0,0.0666667,0.144299,0.5,0.4,0
0,6.5,0.578524,-2.99558,9.57918e-05,0.00185133,0.0012811,0.0609685,True,empty floor,sound_similarity,0,0.05,0.226583,0,0.05,0.00806837,0,0.05,0.105121,0,0.05,0.0784182,0,0.05,0.174648,0,0.05,0.147413,0,0.05,0.126579,0,0.05,0.20824,0,0.05,0.144299,1,0.55,0
-2,2.5,4.28023,-2.99496,5.34694e-05,0.00246844,0.00127617,0.0812914,True,empty floor,sound_similarity,0,0.0666667,0.226583,0,0.0666667,0.00806837,0,0.0666667,0.105121,0,0.0666667,0.0784182,0,0.0666667,0.174648,0,0.0666667,0.147413,0,0.0666667,0.126579,0,0.0666667,0.20824,0,0.0666667,0.144299,0.5,0.4,0
-1.25,3.75,2.82505,-2.99443,5.24079e-05,0.00246844,0.00126344,0.0812914,True,empty floor,sound_similarity,0,0.0666667,0.226583,0,0.0666667,0.00806837,0,0.0666667,0.105121,0,0.0666667,0.0784182,0,0.0666667,0.174648,0,0.0666667,0.147413,0,0.0666667,0.126579,0,0.0666667,0.20824,0,0.0666667,0.144299,0.5,0.4,0
0,3.5,2.58771,-2.99573,5.2237e-05,0.00246844,0.00126138,0.0812914,True,empty floor,sound_similarity,0,0.0666667,0.226583,0,0.0666667,0.00806837,0,0.0666667,0.105121,0,0.0666667,0.0784182,0,0.0666667,0.174648,0,0.0666667,0.147413,0,0.0666667,0.126579,0,0.0666667,0.20824,0,0.0666667,0.144299,0.5,0.4,0
-1.75,5.25,2.27509,-0.901945,9.24197e-05,0.00185133,0.00125835,0.0609685,True,empty floor,sound_similarity,0,0.05,0.226583,0,0.05,0.00806837,0,0.05,0.105121,0,0.05,0.0784182,0,0.05,0.174648,0,0.05,0.147413,0,0.05,0.126579,0,0.05,0.20824,0,0.05,0.144299,1,0.55,0
-1.5,3.5,3.17395,-2.9938,5.1714e-05,0.00246844,0.00125505,0.0812914,True,empty floor,sound_similarity,0,0.0666667,0.226583,0,0.0666667,0.00806837,0,0.0666667,0.105121,0,0.0666667,0.0784182,0,0.0666667,0.174648,0,0.0666667,0.147413,0,0.0666667,0.126579,0,0.0666667,0.20824,0,0.0666667,0.144299,0.5,0.4,0
0,2.5,3.58005,-2.99573,5.14728e-05,0.00246844,0.00125212,0.0812914,True,empty floor,sound_similarity,0,0.0666667,0.226583,0,0.0666667,0.00806837,0,0.0666667,0.105121,0,0.0666667,0.0784182,0,0.0666667,0.174648,0,0.0666667,0.147413,0,0.0666667,0.126579,0,0.0666667,0.20824,0,0.0666667,0.144299,0.5,0.4,0
-1.25,7.5,2.17174,-2.99274,5.01056e-05,0.00246844,0.00123538,0.0812914,True,empty floor,sound_similarity,0,0.0666667,0.226583,0,0.0666667,0.00806837,0,0.0666667,0.105121,0,0.0666667,0.0784182,0,0.0666667,0.174648,0,0.0666667,0.147413,0,0.0666667,0.126579,0,0.0666667,0.20824,0,0.0666667,0.144299,0.5,0.4,0
-0.25,1.75,4.35546,-2.99573,4.99783e-05,0.00246844,0.00123381,0.0812914,True,empty floor,sound_similarity,0,0.0666667,0.226583,0,0.0666667,0.00806837,0,0.0666667,0.105121,0,0.0666667,0.0784182,0,0.0666667,0.174648,0,0.0666667,0.147413,0,0.0666667,0.126579,0,0.0666667,0.20824,0,0.0666667,0.144299,0.5,0.4,0
2,4.75,2.08672,-2.99573,4.89056e-05,0.00246844,0.00122049,0.0812914,True,empty floor,sound_similarity,0,0.0666667,0.226583,0,0.0666667,0.00806837,0,0.0666667,0.105121,0,0.0666667,0.0784182,0,0.0666667,0.174648,0,0.0666667,0.147413,0,0.0666667,0.126579,0,0.0666667,0.20824,0,0.0666667,0.144299,0.5,0.4,0
-2,2.75,4.07465,-2.99415,4.81033e-05,0.00246844,0.00121044,0.0812914,True,empty floor,sound_similarity,0,0.0666667,0.226583,0,0.0666667,0.00806837,0,0.0666667,0.105121,0,0.0666667,0.0784182,0,0.0666667,0.174648,0,0.0666667,0.147413,0,0.0666667,0.126579,0,0.0666667,0.20824,0,0.0666667,0.144299,0.5,0.4,0
-1,4,2.47746,-2.99495,4.76457e-05,0.00246844,0.00120467,0.0812914,True,empty floor,sound_similarity,0,0.0666667,0.226583,0,0.0666667,0.00806837,0,0.0666667,0.105121,0,0.0666667,0.0784182,0,0.0666667,0.174648,0,0.0666667,0.147413,0,0.0666667,0.126579,0,0.0666667,0.20824,0,0.0666667,0.144299,0.5,0.4,0
0,2.25,3.82875,-2.99573,4.68354e-05,0.00246844,0.00119438,0.0812914,True,empty floor,sound_similarity,0,0.0666667,0.226583,0,0.0666667,0.00806837,0,0.0666667,0.105121,0,0.0666667,0.0784182,0,0.0666667,0.174648,0,0.0666667,0.147413,0,0.0666667,0.126579,0,0.0666667,0.20824,0,0.0666667,0.144299,0.5,0.4,0
-0.75,6.75,1.32039,-2.92344,8.30533e-05,0.00185133,0.00119288,0.0609685,True,empty floor,sound_similarity,0,0.05,0.226583,0,0.05,0.00806837,0,0.05,0.105121,0,0.05,0.0784182,0,0.05,0.174648,0,0.05,0.147413,0,0.05,0.126579,0,0.05,0.20824,0,0.05,0.144299,1,0.55,0
-0.25,6.5,0.76495,-2.97063,8.22131e-05,0.00185133,0.00118683,0.0609685,True,empty floor,sound_similarity,0,0.05,0.226583,0,0.05,0.00806837,0,0.05,0.105121,0,0.05,0.0784182,0,0.05,0.174648,0,0.05,0.147413,0,0.05,0.126579,0,0.05,0.20824,0,0.05,0.144299,1,0.55,0
0,3.75,2.34064,-2.99573,4.53427e-05,0.00246844,0.0011752,0.0812914,True,empty floor,sound_similarity,0,0.0666667,0.226583,0,0.0666667,0.00806837,0,0.0666667,0.105121,0,0.0666667,0.0784182,0,0.0666667,0.174648,0,0.0666667,0.147413,0,0.0666667,0.126579,0,0.0666667,0.20824,0,0.0666667,0.144299,0.5,0.4,0
1,6,0.626984,-2.99573,4.50816e-05,0.00246844,0.00117181,0.0812914,True,empty floor,sound_similarity,0,0.0666667,0.226583,0,0.0666667,0.00806837,0,0.0666667,0.105121,0,0.0666667,0.0784182,0,0.0666667,0.174648,0,0.0666667,0.147413,0,0.0666667,0.126579,0,0.0666667,0.20824,0,0.0666667,0.144299,0.5,0.4,0
-2.25,2,4.8354,-2.99516,4.35347e-05,0.00246844,0.00115153,0.0812914,True,empty floor,sound_similarity,0,0.0666667,0.226583,0,0.0666667,0.00806837,0,0.0666667,0.105121,0,0.0666667,0.0784182,0,0.0666667,0.174648,0,0.0666667,0.147413,0,0.0666667,0.126579,0,0.0666667,0.20824,0,0.0666667,0.144299,0.5,0.4,0
-2.25,1.75,5.04715,-2.99542,4.34611e-05,0.00246844,0.00115055,0.0812914,True,empty floor,sound_similarity,0,0.0666667,0.226583,0,0.0666667,0.00806837,0,0.0666667,0.105121,0,0.0666667,0.0784182,0,0.0666667,0.174648,0,0.0666667,0.147413,0,0.0666667,0.126579,0,0.0666667,0.20824,0,0.0666667,0.144299,0.5,0.4,0
-0.5,6,0.877988,-0.00977622,7.70963e-05,0.00185133,0.0011493,0.0609685,True,empty floor,sound_similarity,0,0.05,0.226583,0,0.05,0.00806837,0,0.05,0.105121,0,0.05,0.0784182,0,0.05,0.174648,0,0.05,0.147413,0,0.05,0.126579,0,0.05,0.20824,0,0.05,0.144299,1,0.55,0
-0.5,4.25,2.01103,-2.9957,4.25128e-05,0.00246844,0.00113793,0.0812914,True,empty floor,sound_similarity,0,0.0666667,0.226583,0,0.0666667,0.00806837,0,0.0666667,0.105121,0,0.0666667,0.0784182,0,0.0666667,0.174648,0,0.0666667,0.147413,0,0.0666667,0.126579,0,0.0666667,0.20824,0,0.0666667,0.144299,0.5,0.4,0
-2.25,2.25,4.62747,-2.99467,4.19129e-05,0.00246844,0.00112987,0.0812914,True,empty floor,sound_similarity,0,0.0666667,0.226583,0,0.0666667,0.00806837,0,0.0666667,0.105121,0,0.0666667,0.0784182,0,0.0666667,0.174648,0,0.0666667,0.147413,0,0.0666667,0.126579,0,0.0666667,0.20824,0,0.0666667,0.144299,0.5,0.4,0
-0.5,6.5,0.980106,-2.74924,7.43445e-05,0.00185133,0.00112861,0.0609685,True,empty floor,sound_similarity,0,0.05,0.226583,0,0.05,0.00806837,0,0.05,0.105121,0,0.05,0.0784182,0,0.05,0.174648,0,0.05,0.147413,0,0.05,0.126579,0,0.05,0.20824,0,0.05,0.144299,1,0.55,0
2,3.25,3.24579,-2.99573,4.15577e-05,0.00246844,0.00112508,0.0812914,True,empty floor,sound_similarity,0,0.0666667,0.226583,0,0.0666667,0.00806837,0,0.0666667,0.105121,0,0.0666667,0.0784182,0,0.0666667,0.174648,0,0.0666667,0.147413,0,0.0666667,0.126579,0,0.0666667,0.20824,0,0.0666667,0.144299,0.5,0.4,0
-2,3,3.87429,-2.99234,4.07786e-05,0.00246844,0.00111448,0.0812914,True,empty floor,sound_similarity,0,0.0666667,0.226583,0,0.0666667,0.00806837,0,0.0666667,0.105121,0,0.0666667,0.0784182,0,0.0666667,0.174648,0,0.0666667,0.147413,0,0.0666667,0.126579,0,0.0666667,0.20824,0,0.0666667,0.144299,0.5,0.4,0
-2.25,2.5,4.4239,-2.99367,3.85697e-05,0.00246844,0.00108388,0.0812914,True,empty floor,sound_similarity,0,0.0666667,0.226583,0,0.0666667,0.00806837,0,0.0666667,0.105121,0,0.0666667,0.0784182,0,0.0666667,0.174648,0,0.0666667,0.147413,0,0.0666667,0.126579,0,0.0666667,0.20824,0,0.0666667,0.144299,0.5,0.4,0
-0.25,4.25,1.91541,-2.99573,3.80985e-05,0.00246844,0.00107724,0.0812914,True,empty floor,sound_similarity,0,0.0666667,0.226583,0,0.0666667,0.00806837,0,0.0666667,0.105121,0,0.0666667,0.0784182,0,0.0666667,0.174648,0,0.0666667,0.147413,0,0.0666667,0.126579,0,0.0666667,0.20824,0,0.0666667,0.144299,0.5,0.4,0
-0.75,4.25,2.13183,-2.99535,3.69925e-05,0.00246844,0.00106148,0.0812914,True,empty floor,sound_similarity,0,0.0666667,0.226583,0,0.0666667,0.00806837,0,0.0666667,0.105121,0,0.0666667,0.0784182,0,0.0666667,0.174648,0,0.0666667,0.147413,0,0.0666667,0.126579,0,0.0666667,0.20824,0,0.0666667,0.144299,0.5,0.4,0
-1.5,3.75,2.97596,-2.99051,3.64064e-05,0.00246844,0.00105304,0.0812914,True,empty floor,sound_similarity,0,0.0666667,0.226583,0,0.0666667,0.00806837,0,0.0666667,0.105121,0,0.0666667,0.0784182,0,0.0666667,0.174648,0,0.0666667,0.147413,0,0.0666667,0.126579,0,0.0666667,0.20824,0,0.0666667,0.144299,0.5,0.4,0
0,1.75,4.32662,-2.99573,3.63431e-05,0.00246844,0.00105213,0.0812914,True,empty floor,sound_similarity,0,0.0666667,0.226583,0,0.0666667,0.00806837,0,0.0666667,0.105121,0,0.0666667,0.0784182,0,0.0666667,0.174648,0,0.0666667,0.147413,0,0.0666667,0.126579,0,0.0666667,0.20824,0,0.0666667,0.144299,0.5,0.4,0
0,4,2.09427,-2.99573,3.57814e-05,0.00246844,0.00104396,0.0812914,True,empty floor,sound_similarity,0,0.0666667,0.226583,0,0.0666667,0.00806837,0,0.0666667,0.105121,0,0.0666667,0.0784182,0,0.0666667,0.174648,0,0.0666667,0.147413,0,0.0666667,0.126579,0,0.0666667,0.20824,0,0.0666667,0.144299,0.5,0.4,0
2,5,1.93953,-2.99573,3.57413e-05,0.00246844,0.00104338,0.0812914,True,empty floor,sound_similarity,0,0.0666667,0.226583,0,0.0666667,0.00806837,0,0.0666667,0.105121,0,0.0666667,0.0784182,0,0.0666667,0.174648,0,0.0666667,0.147413,0,0.0666667,0.126579,0,0.0666667,0.20824,0,0.0666667,0.144299,0.5,0.4,0
-1.75,3.5,3.32783,-2.98927,3.55898e-05,0.00246844,0.00104116,0.0812914,True,empty floor,sound_similarity,0,0.0666667,0.226583,0,0.0666667,0.00806837,0,0.0666667,0.105121,0,0.0666667,0.0784182,0,0.0666667,0.174648,0,0.0666667,0.147413,0,0.0666667,0.126579,0,0.0666667,0.20824,0,0.0666667,0.144299,0.5,0.4,0
2,3,3.46451,-2.99573,3.50038e-05,0.00246844,0.00103256,0.0812914,True,empty floor,sound_similarity,0,0.0666667,0.226583,0,0.0666667,0.00806837,0,0.0666667,0.105121,0,0.0666667,0.0784182,0,0.0666667,0.174648,0,0.0666667,0.147413,0,0.0666667,0.126579,0,0.0666667,0.20824,0,0.0666667,0.144299,0.5,0.4,0
0.25,6.25,0.227724,-2.99572,3.44752e-05,0.00246844,0.00102473,0.0812914,True,empty floor,sound_similarity,0,0.0666667,0.226583,0,0.0666667,0.00806837,0,0.0666667,0.105121,0,0.0666667,0.0784182,0,0.0666667,0.174648,0,0.0666667,0.147413,0,0.0666667,0.126579,0,0.0666667,0.20824,0,0.0666667,0.144299,0.5,0.4,0
0.25,2.75,3.31265,-2.99573,3.41436e-05,0.00246844,0.00101979,0.0812914,True,empty floor,sound_similarity,0,0.0666667,0.226583,0,0.0666667,0.00806837,0,0.0666667,0.105121,0,0.0666667,0.0784182,0,0.0666667,0.174648,0,0.0666667,0.147413,0,0.0666667,0.126579,0,0.0666667,0.20824,0,0.0666667,0.144299,0.5,0.4,0
0.25,3,3.06284,-2.99573,3.40684e-05,0.00246844,0.00101867,0.0812914,True,empty floor,sound_similarity,0,0.0666667,0.226583,0,0.0666667,0.00806837,0,0.0666667,0.105121,0,0.0666667,0.0784182,0,0.0666667,0.174648,0,0.0666667,0.147413,0,0.0666667,0.126579,0,0.0666667,0.20824,0,0.0666667,0.144299,0.5,0.4,0
-1.25,4,2.62455,-2.99176,3.38134e-05,0.00246844,0.00101485,0.0812914,True,empty floor,sound_similarity,0,0.0666667,0.226583,0,0.0666667,0.00806837,0,0.0666667,0.105121,0,0.0666667,0.0784182,0,0.0666667,0.174648,0,0.0666667,0.147413,0,0.0666667,0.126579,0,0.0666667,0.20824,0,0.0666667,0.144299,0.5,0.4,0
-2.25,2.75,4.22531,-2.99156,3.3761e-05,0.00246844,0.00101406,0.0812914,True,empty floor,sound_similarity,0,0.0666667,0.226583,0,0.0666667,0.00806837,0,0.0666667,0.105121,0,0.0666667,0.0784182,0,0.0666667,0.174648,0,0.0666667,0.147413,0,0.0666667,0.126579,0,0.0666667,0.20824,0,0.0666667,0.144299,0.5,0.4,0
0.25,2.5,3.56248,-2.99573,3.29125e-05,0.00246844,0.00100124,0.0812914,True,empty floor,sound_similarity,0,0.0666667,0.226583,0,0.0666667,0.00806837,0,0.0666667,0.105121,0,0.0666667,0.0784182,0,0.0666667,0.174648,0,0.0666667,0.147413,0,0.0666667,0.126579,0,0.0666667,0.20824,0,0.0666667,0.144299,0.5,0.4,0
0.75,6.25,0.419453,-2.99573,3.25343e-05,0.00246844,0.000995468,0.0812914,True,empty floor,sound_similarity,0,0.0666667,0.226583,0,0.0666667,0.00806837,0,0.0666667,0.105121,0,0.0666667,0.0784182,0,0.0666667,0.174648,0,0.0666667,0.147413,0,0.0666667,0.126579,0,0.0666667,0.20824,0,0.0666667,0.144299,0.5,0.4,0
-2,3.25,3.68002,-2.98807,3.24282e-05,0.00246844,0.000993844,0.0812914,True,empty floor,sound_similarity,0,0.0666667,0.226583,0,0.0666667,0.00806837,0,0.0666667,0.105121,0,0.0666667,0.0784182,0,0.0666667,0.174648,0,0.0666667,0.147413,0,0.0666667,0.126579,0,0.0666667,0.20824,0,0.0666667,0.144299,0.5,0.4,0
0.25,3.25,2.81307,-2.99573,3.23814e-05,0.00246844,0.000993125,0.0812914,True,empty floor,sound_similarity,0,0.0666667,0.226583,0,0.0666667,0.00806837,0,0.0666667,0.105121,0,0.0666667,0.0784182,0,0.0666667,0.174648,0,0.0666667,0.147413,0,0.0666667,0.126579,0,0.0666667,0.20824,0,0.0666667,0.144299,0.5,0.4,0
1.75,4,2.47644,-2.99573,3.19242e-05,0.00246844,0.000986089,0.0812914,True,empty floor,sound_similarity,0,0.0666667,0.226583,0,0.0666667,0.00806837,0,0.0666667,0.105121,0,0.0666667,0.0784182,0,0.0666667,0.174648,0,0.0666667,0.147413,0,0.0666667,0.126579,0,0.0666667,0.20824,0,0.0666667,0.144299,0.5,0.4,0
0.25,2.25,3.81234,-2.99573,3.07412e-05,0.00246844,0.000967648,0.0812914,True,empty floor,sound_similarity,0,0.0666667,0.226583,0,0.0666667,0.00806837,0,0.0666667,0.105121,0,0.0666667,0.0784182,0,0.0666667,0.174648,0,0.0666667,0.147413,0,0.0666667,0.126579,0,0.0666667,0.20824,0,0.0666667,0.144299,0.5,0.4,0
1.75,3.75,2.68801,-2.99573,3.02819e-05,0.00246844,0.000960391,0.0812914,True,empty floor,sound_similarity,0,0.0666667,0.226583,0,0.0666667,0.00806837,0,0.0666667,0.105121,0,0.0666667,0.0784182,0,0.0666667,0.174648,0,0.0666667,0.147413,0,0.0666667,0.126579,0,0.0666667,0.20824,0,0.0666667,0.144299,0.5,0.4,0
2,2.75,3.6872,-2.99573,2.90516e-05,0.00246844,0.000940678,0.0812914,True,empty floor,sound_similarity,0,0.0666667,0.226583,0,0.0666667,0.00806837,0,0.0666667,0.105121,0,0.0666667,0.0784182,0,0.0666667,0.174648,0,0.0666667,0.147413,0,0.0666667,0.126579,0,0.0666667,0.20824,0,0.0666667,0.144299,0.5,0.4,0
0.25,3.5,2.56335,-2.99573,2.89458e-05,0.00246844,0.000938966,0.0812914,True,empty floor,sound_similarity,0,0.0666667,0.226583,0,0.0666667,0.00806837,0,0.0666667,0.105121,0,0.0666667,0.0784182,0,0.0666667,0.174648,0,0.0666667,0.147413,0,0.0666667,0.126579,0,0.0666667,0.20824,0,0.0666667,0.144299,0.5,0.4,0
-1.25,5.5,1.71974,-0.705347,5.12892e-05,0.00185133,0.000937412,0.0609685,True,empty floor,sound_similarity,0,0.05,0.226583,0,0.05,0.00806837,0,0.05,0.105121,0,0.05,0.0784182,0,0.05,0.174648,0,0.05,0.147413,0,0.05,0.126579,0,0.05,0.20824,0,0.05,0.144299,1,0.55,0
-2.25,3,4.03244,-2.98692,2.80423e-05,0.00246844,0.000924195,0.0812914,True,empty floor,sound_similarity,0,0.0666667,0.226583,0,0.0666667,0.00806837,0,0.0666667,0.105121,0,0.0666667,0.0784182,0,0.0666667,0.174648,0,0.0666667,0.147413,0,0.0666667,0.126579,0,0.0666667,0.20824,0,0.0666667,0.144299,0.5,0.4,0
1.75,3.5,2.90569,-2.99573,2.77508e-05,0.00246844,0.000919378,0.0812914,True,empty floor,sound_similarity,0,0.0666667,0.226583,0,0.0666667,0.00806837,0,0.0666667,0.105121,0,0.0666667,0.0784182,0,0.0666667,0.174648,0,0.0666667,0.147413,0,0.0666667,0.126579,0,0.0666667,0.20824,0,0.0666667,0.144299,0.5,0.4,0
-2,4.5,2.84243,-2.40952,1.22313e-05,0.00370266,0.000915553,0.121937,False,tv,sound_similarity,0,0.1,0.226583,0,0.1,0.00806837,0,0.1,0.105121,0,0.1,0.0784182,0,0.1,0.174648,0,0.1,0.147413,0,0.1,0.126579,0,0.1,0.20824,0,0.1,0.144299,0,0.1,0
-1,4.25,2.2738,-2.99297,2.74065e-05,0.00246844,0.000913657,0.0812914,True,empty floor,sound_similarity,0,0.0666667,0.226583,0,0.0666667,0.00806837,0,0.0666667,0.105121,0,0.0666667,0.0784182,0,0.0666667,0.174648,0,0.0666667,0.147413,0,0.0666667,0.126579,0,0.0666667,0.20824,0,0.0666667,0.144299,0.5,0.4,0
-2.25,4.25,3.18943,-2.5296,1.21687e-05,0.00370266,0.000913208,0.121937,False,tv,sound_similarity,0,0.1,0.226583,0,0.1,0.00806837,0,0.1,0.105121,0,0.1,0.0784182,0,0.1,0.174648,0,0.1,0.147413,0,0.1,0.126579,0,0.1,0.20824,0,0.1,0.144299,0,0.1,0
1.75,4.75,1.89865,-2.99573,2.59337e-05,0.00246844,0.000888768,0.0812914,True,empty floor,sound_similarity,0,0.0666667,0.226583,0,0.0666667,0.00806837,0,0.0666667,0.105121,0,0.0666667,0.0784182,0,0.0666667,0.174648,0,0.0666667,0.147413,0,0.0666667,0.126579,0,0.0666667,0.20824,0,0.0666667,0.144299,0.5,0.4,0
-1.25,7.75,2.34496,-2.99516,2.55138e-05,0.00246844,0.000881544,0.0812914,True,empty floor,sound_similarity,0,0.0666667,0.226583,0,0.0666667,0.00806837,0,0.0666667,0.105121,0,0.0666667,0.0784182,0,0.0666667,0.174648,0,0.0666667,0.147413,0,0.0666667,0.126579,0,0.0666667,0.20824,0,0.0666667,0.144299,0.5,0.4,0
0.25,1.75,4.31209,-2.99573,2.49401e-05,0.00246844,0.000871576,0.0812914,True,empty floor,sound_similarity,0,0.0666667,0.226583,0,0.0666667,0.00806837,0,0.0666667,0.105121,0,0.0666667,0.0784182,0,0.0666667,0.174648,0,0.0666667,0.147413,0,0.0666667,0.126579,0,0.0666667,0.20824,0,0.0666667,0.144299,0.5,0.4,0
0,4.25,1.84887,-2.99573,2.48292e-05,0.00246844,0.000869637,0.0812914,True,empty floor,sound_similarity,0,0.0666667,0.226583,0,0.0666667,0.00806837,0,0.0666667,0.105121,0,0.0666667,0.0784182,0,0.0666667,0.174648,0,0.0666667,0.147413,0,0.0666667,0.126579,0,0.0666667,0.20824,0,0.0666667,0.144299,0.5,0.4,0
-1.75,3.75,3.13956,-2.97894,2.48069e-05,0.00246844,0.000869247,0.0812914,True,empty floor,sound_similarity,0,0.0666667,0.226583,0,0.0666667,0.00806837,0,0.0666667,0.105121,0,0.0666667,0.0784182,0,0.0666667,0.174648,0,0.0666667,0.147413,0,0.0666667,0.126579,0,0.0666667,0.20824,0,0.0666667,0.144299,0.5,0.4,0
1.75,3.25,3.1282,-2.99573,2.48011e-05,0.00246844,0.000869145,0.0812914,True,empty floor,sound_similarity,0,0.0666667,0.226583,0,0.0666667,0.00806837,0,0.0666667,0.105121,0,0.0666667,0.0784182,0,0.0666667,0.174648,0,0.0666667,0.147413,0,0.0666667,0.126579,0,0.0666667,0.20824,0,0.0666667,0.144299,0.5,0.4,0
-2,3.5,3.49283,-2.9776,2.42656e-05,0.00246844,0.00085971,0.0812914,True,empty floor,sound_similarity,0,0.0666667,0.226583,0,0.0666667,0.00806837,0,0.0666667,0.105121,0,0.0666667,0.0784182,0,0.0666667,0.174648,0,0.0666667,0.147413,0,0.0666667,0.126579,0,0.0666667,0.20824,0,0.0666667,0.144299,0.5,0.4,0
0.25,3.75,2.31368,-2.99573,2.39167e-05,0.00246844,0.000853506,0.0812914,True,empty floor,sound_similarity,0,0.0666667,0.226583,0,0.0666667,0.00806837,0,0.0666667,0.105121,0,0.0666667,0.0784182,0,0.0666667,0.174648,0,0.0666667,0.147413,0,0.0666667,0.126579,0,0.0666667,0.20824,0,0.0666667,0.144299,0.5,0.4,0
2,2.5,3.91319,-2.99573,2.38654e-05,0.00246844,0.000852592,0.0812914,True,empty floor,sound_similarity,0,0.0666667,0.226583,0,0.0666667,0.00806837,0,0.0666667,0.105121,0,0.0666667,0.0784182,0,0.0666667,0.174648,0,0.0666667,0.147413,0,0.0666667,0.126579,0,0.0666667,0.20824,0,0.0666667,0.144299,0.5,0.4,0
-1.5,4,2.78635,-2.98048,2.31494e-05,0.00246844,0.000839704,0.0812914,True,empty floor,sound_similarity,0,0.0666667,0.226583,0,0.0666667,0.00806837,0,0.0666667,0.105121,0,0.0666667,0.0784182,0,0.0666667,0.174648,0,0.0666667,0.147413,0,0.0666667,0.126579,0,0.0666667,0.20824,0,0.0666667,0.144299,0.5,0.4,0
-0.5,4.5,1.78931,-2.99559,2.25912e-05,0.00246844,0.000829519,0.0812914,True,empty floor,sound_similarity,0,0.0666667,0.226583,0,0.0666667,0.00806837,0,0.0666667,0.105121,0,0.0666667,0.0784182,0,0.0666667,0.174648,0,0.0666667,0.147413,0,0.0666667,0.126579,0,0.0666667,0.20824,0,0.0666667,0.144299,0.5,0.4,0
-2.25,3.25,3.84616,-2.97644,2.21916e-05,0.00246844,0.00082215,0.0812914,True,empty floor,sound_similarity,0,0.0666667,0.226583,0,0.0666667,0.00806837,0,0.0666667,0.105121,0,0.0666667,0.0784182,0,0.0666667,0.174648,0,0.0666667,0.147413,0,0.0666667,0.126579,0,0.0666667,0.20824,0,0.0666667,0.144299,0.5,0.4,0
0.5,6.25,0.226714,-2.99573,9.77687e-06,0.00370266,0.000818555,0.121937,False,tv,sound_similarity,0,0.1,0.226583,0,0.1,0.00806837,0,0.1,0.105121,0,0.1,0.0784182,0,0.1,0.174648,0,0.1,0.147413,0,0.1,0.126579,0,0.1,0.20824,0,0.1,0.144299,0,0.1,0
1.75,3,3.35459,-2.99573,2.17615e-05,0.00246844,0.000814143,0.0812914,True,empty floor,sound_similarity,0,0.0666667,0.226583,0,0.0666667,0.00806837,0,0.0666667,0.105121,0,0.0666667,0.0784182,0,0.0666667,0.174648,0,0.0666667,0.147413,0,0.0666667,0.126579,0,0.0666667,0.20824,0,0.0666667,0.144299,0.5,0.4,0
-0.25,4.5,1.68112,-2.99573,2.17317e-05,0.00246844,0.000813585,0.0812914,True,empty floor,sound_similarity,0,0.0666667,0.226583,0,0.0666667,0.00806837,0,0.0666667,0.105121,0,0.0666667,0.0784182,0,0.0666667,0.174648,0,0.0666667,0.147413,0,0.0666667,0.126579,0,0.0666667,0.20824,0,0.0666667,0.144299,0.5,0.4,0
2,5.25,1.81498,-2.99573,2.11056e-05,0.00246844,0.00080178,0.0812914,True,empty floor,sound_similarity,0,0.0666667,0.226583,0,0.0666667,0.00806837,0,0.0666667,0.105121,0,0.0666667,0.0784182,0,0.0666667,0.174648,0,0.0666667,0.147413,0,0.0666667,0.126579,0,0.0666667,0.20824,0,0.0666667,0.144299,0.5,0.4,0
0.75,6.5,0.577332,-2.99573,2.0692e-05,0.00246844,0.000793886,0.0812914,True,empty floor,sound_similarity,0,0.0666667,0.226583,0,0.0666667,0.00806837,0,0.0666667,0.105121,0,0.0666667,0.0784182,0,0.0666667,0.174648,0,0.0666667,0.147413,0,0.0666667,0.126579,0,0.0666667,0.20824,0,0.0666667,0.144299,0.5,0.4,0
-2,4.75,2.71326,-1.90032,2.05428e-05,0.00246844,0.000791018,0.0812914,True,empty floor,sound_similarity,0,0.0666667,0.226583,0,0.0666667,0.00806837,0,0.0666667,0.105121,0,0.0666667,0.0784182,0,0.0666667,0.174648,0,0.0666667,0.147413,0,0.0666667,0.126579,0,0.0666667,0.20824,0,0.0666667,0.144299,0.5,0.4,0
-2.25,4.75,2.93466,-1.5966,3.62062e-05,0.00185133,0.000787607,0.0609685,True,empty floor,sound_similarity,0,0.05,0.226583,0,0.05,0.00806837,0,0.05,0.105121,0,0.05,0.0784182,0,0.05,0.174648,0,0.05,0.147413,0,0.05,0.126579,0,0.05,0.20824,0,0.05,0.144299,1,0.55,0
0.5,2.5,3.56242,-2.99573,2.02362e-05,0.00246844,0.000785092,0.0812914,True,empty floor,sound_similarity,0,0.0666667,0.226583,0,0.0666667,0.00806837,0,0.0666667,0.105121,0,0.0666667,0.0784182,0,0.0666667,0.174648,0,0.0666667,0.147413,0,0.0666667,0.126579,0,0.0666667,0.20824,0,0.0666667,0.144299,0.5,0.4,0
0.5,2.75,3.31258,-2.99573,2.02354e-05,0.00246844,0.000785077,0.0812914,True,empty floor,sound_similarity,0,0.0666667,0.226583,0,0.0666667,0.00806837,0,0.0666667,0.105121,0,0.0666667,0.0784182,0,0.0666667,0.174648,0,0.0666667,0.147413,0,0.0666667,0.126579,0,0.0666667,0.20824,0,0.0666667,0.144299,0.5,0.4,0
1.75,5,1.73558,-2.99573,1.95583e-05,0.00246844,0.000771831,0.0812914,True,empty floor,sound_similarity,0,0.0666667,0.226583,0,0.0666667,0.00806837,0,0.0666667,0.105121,0,0.0666667,0.0784182,0,0.0666667,0.174648,0,0.0666667,0.147413,0,0.0666667,0.126579,0,0.0666667,0.20824,0,0.0666667,0.144299,0.5,0.4,0
0.5,6.5,0.456915,-2.99573,1.95524e-05,0.00246844,0.000771714,0.0812914,True,empty floor,sound_similarity,0,0.0666667,0.226583,0,0.0666667,0.00806837,0,0.0666667,0.105121,0,0.0666667,0.0784182,0,0.0666667,0.174648,0,0.0666667,0.147413,0,0.0666667,0.126579,0,0.0666667,0.20824,0,0.0666667,0.144299,0.5,0.4,0
0.5,2.25,3.81228,-2.99573,1.95158e-05,0.00246844,0.000770992,0.0812914,True,empty floor,sound_similarity,0,0.0666667,0.226583,0,0.0666667,0.00806837,0,0.0666667,0.105121,0,0.0666667,0.0784182,0,0.0666667,0.174648,0,0.0666667,0.147413,0,0.0666667,0.126579,0,0.0666667,0.20824,0,0.0666667,0.144299,0.5,0.4,0
2,2.25,4.14194,-2.99573,1.94689e-05,0.00246844,0.000770064,0.0812914,True,empty floor,sound_similarity,0,0.0666667,0.226583,0,0.0666667,0.00806837,0,0.0666667,0.105121,0,0.0666667,0.0784182,0,0.0666667,0.174648,0,0.0666667,0.147413,0,0.0666667,0.126579,0,0.0666667,0.20824,0,0.0666667,0.144299,0.5,0.4,0
0.5,3,3.06277,-2.99573,1.93474e-05,0.00246844,0.000767658,0.0812914,True,empty floor,sound_similarity,0,0.0666667,0.226583,0,0.0666667,0.00806837,0,0.0666667,0.105121,0,0.0666667,0.0784182,0,0.0666667,0.174648,0,0.0666667,0.147413,0,0.0666667,0.126579,0,0.0666667,0.20824,0,0.0666667,0.144299,0.5,0.4,0
-1,7.25,1.81897,-2.99194,3.41421e-05,0.00185133,0.000764826,0.0609685,True,empty floor,sound_similarity,0,0.05,0.226583,0,0.05,0.00806837,0,0.05,0.105121,0,0.05,0.0784182,0,0.05,0.174648,0,0.05,0.147413,0,0.05,0.126579,0,0.05,0.20824,0,0.05,0.144299,1,0.55,0
-1.25,4.25,2.43324,-2.98227,1.90337e-05,0.00246844,0.000761409,0.0812914,True,empty floor,sound_similarity,0,0.0666667,0.226583,0,0.0666667,0.00806837,0,0.0666667,0.105121,0,0.0666667,0.0784182,0,0.0666667,0.174648,0,0.0666667,0.147413,0,0.0666667,0.126579,0,0.0666667,0.20824,0,0.0666667,0.144299,0.5,0.4,0
1.75,2.75,3.58412,-2.99573,1.88369e-05,0.00246844,0.000757462,0.0812914,True,empty floor,sound_similarity,0,0.0666667,0.226583,0,0.0666667,0.00806837,0,0.0666667,0.105121,0,0.0666667,0.0784182,0,0.0666667,0.174648,0,0.0666667,0.147413,0,0.0666667,0.126579,0,0.0666667,0.20824,0,0.0666667,0.144299,0.5,0.4,0
-0.75,4.5,1.92408,-2.99407,1.82024e-05,0.00246844,0.000744596,0.0812914,True,empty floor,sound_similarity,0,0.0666667,0.226583,0,0.0666667,0.00806837,0,0.0666667,0.105121,0,0.0666667,0.0784182,0,0.0666667,0.174648,0,0.0666667,0.147413,0,0.0666667,0.126579,0,0.0666667,0.20824,0,0.0666667,0.144299,0.5,0.4,0
-1.5,5.25,2.04342,-1.19535,3.20768e-05,0.00185133,0.000741333,0.0609685,True,empty floor,sound_similarity,0,0.05,0.226583,0,0.05,0.00806837,0,0.05,0.105121,0,0.05,0.0784182,0,0.05,0.174648,0,0.05,0.147413,0,0.05,0.126579,0,0.05,0.20824,0,0.05,0.144299,1,0.55,0
0.25,4,2.0641,-2.99573,1.78311e-05,0.00246844,0.000736963,0.0812914,True,empty floor,sound_similarity,0,0.0666667,0.226583,0,0.0666667,0.00806837,0,0.0666667,0.105121,0,0.0666667,0.0784182,0,0.0666667,0.174648,0,0.0666667,0.147413,0,0.0666667,0.126579,0,0.0666667,0.20824,0,0.0666667,0.144299,0.5,0.4,0
-2.25,4.5,3.05448,-2.12713,1.75987e-05,0.00246844,0.000732144,0.0812914,True,empty floor,sound_similarity,0,0.0666667,0.226583,0,0.0666667,0.00806837,0,0.0666667,0.105121,0,0.0666667,0.0784182,0,0.0666667,0.174648,0,0.0666667,0.147413,0,0.0666667,0.126579,0,0.0666667,0.20824,0,0.0666667,0.144299,0.5,0.4,0
0.5,3.25,2.81299,-2.99573,1.7491e-05,0.00246844,0.000729901,0.0812914,True,empty floor,sound_similarity,0,0.0666667,0.226583,0,0.0666667,0.00806837,0,0.0666667,0.105121,0,0.0666667,0.0784182,0,0.0666667,0.174648,0,0.0666667,0.147413,0,0.0666667,0.126579,0,0.0666667,0.20824,0,0.0666667,0.144299,0.5,0.4,0
-2,3.75,3.31395,-2.95127,1.74629e-05,0.00246844,0.000729314,0.0812914,True,empty floor,sound_similarity,0,0.0666667,0.226583,0,0.0666667,0.00806837,0,0.0666667,0.105121,0,0.0666667,0.0784182,0,0.0666667,0.174648,0,0.0666667,0.147413,0,0.0666667,0.126579,0,0.0666667,0.20824,0,0.0666667,0.144299,0.5,0.4,0
-2.25,3.5,3.66747,-2.95227,1.70398e-05,0.00246844,0.000720425,0.0812914,True,empty floor,sound_similarity,0,0.0666667,0.226583,0,0.0666667,0.00806837,0,0.0666667,0.105121,0,0.0666667,0.0784182,0,0.0666667,0.174648,0,0.0666667,0.147413,0,0.0666667,0.126579,0,0.0666667,0.20824,0,0.0666667,0.144299,0.5,0.4,0
0.5,1.75,4.31204,-2.99573,1.6694e-05,0.00246844,0.000713077,0.0812914,True,empty floor,sound_similarity,0,0.0666667,0.226583,0,0.0666667,0.00806837,0,0.0666667,0.105121,0,0.0666667,0.0784182,0,0.0666667,0.174648,0,0.0666667,0.147413,0,0.0666667,0.126579,0,0.0666667,0.20824,0,0.0666667,0.144299,0.5,0.4,0
-1.75,4,2.96044,-2.95001,1.64197e-05,0.00246844,0.000707195,0.0812914,True,empty floor,sound_similarity,0,0.0666667,0.226583,0,0.0666667,0.00806837,0,0.0666667,0.105121,0,0.0666667,0.0784182,0,0.0666667,0.174648,0,0.0666667,0.147413,0,0.0666667,0.126579,0,0.0666667,0.20824,0,0.0666667,0.144299,0.5,0.4,0
1.75,2.5,3.81622,-2.99573,1.61402e-05,0.00246844,0.000701151,0.0812914,True,empty floor,sound_similarity,0,0.0666667,0.226583,0,0.0666667,0.00806837,0,0.0666667,0.105121,0,0.0666667,0.0784182,0,0.0666667,0.174648,0,0.0666667,0.147413,0,0.0666667,0.126579,0,0.0666667,0.20824,0,0.0666667,0.144299,0.5,0.4,0
2,2,4.37302,-2.99573,1.58094e-05,0.00246844,0.000693928,0.0812914,True,empty floor,sound_similarity,0,0.0666667,0.226583,0,0.0666667,0.00806837,0,0.0666667,0.105121,0,0.0666667,0.0784182,0,0.0666667,0.174648,0,0.0666667,0.147413,0,0.0666667,0.126579,0,0.0666667,0.20824,0,0.0666667,0.144299,0.5,0.4,0
1.5,3.75,2.56921,-2.99573,1.52473e-05,0.00246844,0.00068148,0.0812914,True,empty floor,sound_similarity,0,0.0666667,0.226583,0,0.0666667,0.00806837,0,0.0666667,0.105121,0,0.0666667,0.0784182,0,0.0666667,0.174648,0,0.0666667,0.147413,0,0.0666667,0.126579,0,0.0666667,0.20824,0,0.0666667,0.144299,0.5,0.4,0
1.5,3.5,2.79615,-2.99573,1.51196e-05,0.00246844,0.000678621,0.0812914,True,empty floor,sound_similarity,0,0.0666667,0.226583,0,0.0666667,0.00806837,0,0.0666667,0.105121,0,0.0666667,0.0784182,0,0.0666667,0.174648,0,0.0666667,0.147413,0,0.0666667,0.126579,0,0.0666667,0.20824,0,0.0666667,0.144299,0.5,0.4,0
1.5,4,2.34696,-2.99573,1.48307e-05,0.00246844,0.000672104,0.0812914,True,empty floor,sound_similarity,0,0.0666667,0.226583,0,0.0666667,0.00806837,0,0.0666667,0.105121,0,0.0666667,0.0784182,0,0.0666667,0.174648,0,0.0666667,0.147413,0,0.0666667,0.126579,0,0.0666667,0.20824,0,0.0666667,0.144299,0.5,0.4,0
0.5,3.5,2.56326,-2.99573,1.47309e-05,0.00246844,0.000669839,0.0812914,True,empty floor,sound_similarity,0,0.0666667,0.226583,0,0.0666667,0.00806837,0,0.0666667,0.105121,0,0.0666667,0.0784182,0,0.0666667,0.174648,0,0.0666667,0.147413,0,0.0666667,0.126579,0,0.0666667,0.20824,0,0.0666667,0.144299,0.5,0.4,0
0,4.5,1.6049,-2.99573,1.44051e-05,0.00246844,0.000662391,0.0812914,True,empty floor,sound_similarity,0,0.0666667,0.226583,0,0.0666667,0.00806837,0,0.0666667,0.105121,0,0.0666667,0.0784182,0,0.0666667,0.174648,0,0.0666667,0.147413,0,0.0666667,0.126579,0,0.0666667,0.20824,0,0.0666667,0.144299,0.5,0.4,0
-1.75,5,2.37564,-1.59516,2.4613e-05,0.00185133,0.000649382,0.0609685,True,empty floor,sound_similarity,0,0.05,0.226583,0,0.05,0.00806837,0,0.05,0.105121,0,0.05,0.0784182,0,0.05,0.174648,0,0.05,0.147413,0,0.05,0.126579,0,0.05,0.20824,0,0.05,0.144299,1,0.55,0
1.5,4.25,2.13086,-2.99573,1.37641e-05,0.00246844,0.000647486,0.0812914,True,empty floor,sound_similarity,0,0.0666667,0.226583,0,0.0666667,0.00806837,0,0.0666667,0.105121,0,0.0666667,0.0784182,0,0.0666667,0.174648,0,0.0666667,0.147413,0,0.0666667,0.126579,0,0.0666667,0.20824,0,0.0666667,0.144299,0.5,0.4,0
-1.5,4.25,2.60693,-2.94835,1.37168e-05,0.00246844,0.000646372,0.0812914,True,empty floor,sound_similarity,0,0.0666667,0.226583,0,0.0666667,0.00806837,0,0.0666667,0.105121,0,0.0666667,0.0784182,0,0.0666667,0.174648,0,0.0666667,0.147413,0,0.0666667,0.126579,0,0.0666667,0.20824,0,0.0666667,0.144299,0.5,0.4,0
-2.25,3.75,3.49753,-2.89657,1.32824e-05,0.00246844,0.000636055,0.0812914,True,empty floor,sound_similarity,0,0.0666667,0.226583,0,0.0666667,0.00806837,0,0.0666667,0.105121,0,0.0666667,0.0784182,0,0.0666667,0.174648,0,0.0666667,0.147413,0,0.0666667,0.126579,0,0.0666667,0.20824,0,0.0666667,0.144299,0.5,0.4,0
0.75,2.5,3.57985,-2.99573,1.30871e-05,0.00246844,0.000631362,0.0812914,True,empty floor,sound_similarity,0,0.0666667,0.226583,0,0.0666667,0.00806837,0,0.0666667,0.105121,0,0.0666667,0.0784182,0,0.0666667,0.174648,0,0.0666667,0.147413,0,0.0666667,0.126579,0,0.0666667,0.20824,0,0.0666667,0.144299,0.5,0.4,0
-1,4.5,2.08028,-2.98436,1.3056e-05,0.00246844,0.000630611,0.0812914,True,empty floor,sound_similarity,0,0.0666667,0.226583,0,0.0666667,0.00806837,0,0.0666667,0.105121,0,0.0666667,0.0784182,0,0.0666667,0.174648,0,0.0666667,0.147413,0,0.0666667,0.126579,0,0.0666667,0.20824,0,0.0666667,0.144299,0.5,0.4,0
0.75,2.25,3.82857,-2.99573,1.29162e-05,0.00246844,0.000627226,0.0812914,True,empty floor,sound_similarity,0,0.0666667,0.226583,0,0.0666667,0.00806837,0,0.0666667,0.105121,0,0.0666667,0.0784182,0,0.0666667,0.174648,0,0.0666667,0.147413,0,0.0666667,0.126579,0,0.0666667,0.20824,0,0.0666667,0.144299,0.5,0.4,0
2,1.75,4.60608,-2.99573,1.28006e-05,0.00246844,0.000624412,0.0812914,True,empty floor,sound_similarity,0,0.0666667,0.226583,0,0.0666667,0.00806837,0,0.0666667,0.105121,0,0.0666667,0.0784182,0,0.0666667,0.174648,0,0.0666667,0.147413,0,0.0666667,0.126579,0,0.0666667,0.20824,0,0.0666667,0.144299,0.5,0.4,0
1.5,2.75,3.4959,-2.99573,1.26957e-05,0.00246844,0.000621849,0.0812914,True,empty floor,sound_similarity,0,0.0666667,0.226583,0,0.0666667,0.00806837,0,0.0666667,0.105121,0,0.0666667,0.0784182,0,0.0666667,0.174648,0,0.0666667,0.147413,0,0.0666667,0.126579,0,0.0666667,0.20824,0,0.0666667,0.144299,0.5,0.4,0
0.25,5.75,0.334834,-2.99572,1.26936e-05,0.00246844,0.000621798,0.0812914,True,empty floor,sound_similarity,0,0.0666667,0.226583,0,0.0666667,0.00806837,0,0.0666667,0.105121,0,0.0666667,0.0784182,0,0.0666667,0.174648,0,0.0666667,0.147413,0,0.0666667,0.126579,0,0.0666667,0.20824,0,0.0666667,0.144299,0.5,0.4,0
1,6.5,0.763449,-2.99573,6.38255e-06,0.00344735,0.000615768,0.113529,True,couch,sound_similarity,0,0.05,0.226583,0,0.05,0.00806837,1,0.55,0.105121,0,0.05,0.0784182,0,0.05,0.174648,0,0.05,0.147413,0,0.05,0.126579,0,0.05,0.20824,0,0.05,0.144299,0,0.05,0
0.75,2,4.07745,-2.99573,1.23505e-05,0.00246844,0.000613337,0.0812914,True,empty floor,sound_similarity,0,0.0666667,0.226583,0,0.0666667,0.00806837,0,0.0666667,0.105121,0,0.0666667,0.0784182,0,0.0666667,0.174648,0,0.0666667,0.147413,0,0.0666667,0.126579,0,0.0666667,0.20824,0,0.0666667,0.144299,0.5,0.4,0
1.75,5.25,1.59519,-2.99573,1.22393e-05,0.00246844,0.000610569,0.0812914,True,empty floor,sound_similarity,0,0.0666667,0.226583,0,0.0666667,0.00806837,0,0.0666667,0.105121,0,0.0666667,0.0784182,0,0.0666667,0.174648,0,0.0666667,0.147413,0,0.0666667,0.126579,0,0.0666667,0.20824,0,0.0666667,0.144299,0.5,0.4,0
1.5,4.5,1.92301,-2.99573,1.20054e-05,0.00246844,0.000604708,0.0812914,True,empty floor,sound_similarity,0,0.0666667,0.226583,0,0.0666667,0.00806837,0,0.0666667,0.105121,0,0.0666667,0.0784182,0,0.0666667,0.174648,0,0.0666667,0.147413,0,0.0666667,0.126579,0,0.0666667,0.20824,0,0.0666667,0.144299,0.5,0.4,0
0.75,3,3.08303,-2.99573,1.18688e-05,0.00246844,0.000601258,0.0812914,True,empty floor,sound_similarity,0,0.0666667,0.226583,0,0.0666667,0.00806837,0,0.0666667,0.105121,0,0.0666667,0.0784182,0,0.0666667,0.174648,0,0.0666667,0.147413,0,0.0666667,0.126579,0,0.0666667,0.20824,0,0.0666667,0.144299,0.5,0.4,0
-1.75,4.75,2.49726,-2.23466,1.1692e-05,0.00246844,0.000596761,0.0812914,True,empty floor,sound_similarity,0,0.0666667,0.226583,0,0.0666667,0.00806837,0,0.0666667,0.105121,0,0.0666667,0.0784182,0,0.0666667,0.174648,0,0.0666667,0.147413,0,0.0666667,0.126579,0,0.0666667,0.20824,0,0.0666667,0.144299,0.5,0.4,0
0.25,4.25,1.81463,-2.99573,1.15883e-05,0.00246844,0.000594109,0.0812914,True,empty floor,sound_similarity,0,0.0666667,0.226583,0,0.0666667,0.00806837,0,0.0666667,0.105121,0,0.0666667,0.0784182,0,0.0666667,0.174648,0,0.0666667,0.147413,0,0.0666667,0.126579,0,0.0666667,0.20824,0,0.0666667,0.144299,0.5,0.4,0
1.5,2.5,3.73349,-2.99573,1.15561e-05,0.00246844,0.000593283,0.0812914,True,empty floor,sound_similarity,0,0.0666667,0.226583,0,0.0666667,0.00806837,0,0.0666667,0.105121,0,0.0666667,0.0784182,0,0.0666667,0.174648,0,0.0666667,0.147413,0,0.0666667,0.126579,0,0.0666667,0.20824,0,0.0666667,0.144299,0.5,0.4,0
0.75,1.75,4.32646,-2.99573,1.15041e-05,0.00246844,0.000591946,0.0812914,True,empty floor,sound_similarity,0,0.0666667,0.226583,0,0.0666667,0.00806837,0,0.0666667,0.105121,0,0.0666667,0.0784182,0,0.0666667,0.174648,0,0.0666667,0.147413,0,0.0666667,0.126579,0,0.0666667,0.20824,0,0.0666667,0.144299,0.5,0.4,0
-2.25,4,3.33768,-2.77352,1.14334e-05,0.00246844,0.000590126,0.0812914,True,empty floor,sound_similarity,0,0.0666667,0.226583,0,0.0666667,0.00806837,0,0.0666667,0.105121,0,0.0666667,0.0784182,0,0.0666667,0.174648,0,0.0666667,0.147413,0,0.0666667,0.126579,0,0.0666667,0.20824,0,0.0666667,0.144299,0.5,0.4,0
0.5,3.75,2.31359,-2.99573,1.13258e-05,0.00246844,0.000587341,0.0812914,True,empty floor,sound_similarity,0,0.0666667,0.226583,0,0.0666667,0.00806837,0,0.0666667,0.105121,0,0.0666667,0.0784182,0,0.0666667,0.174648,0,0.0666667,0.147413,0,0.0666667,0.126579,0,0.0666667,0.20824,0,0.0666667,0.144299,0.5,0.4,0
-1.75,4.25,2.79223,-2.86925,1.1212e-05,0.00246844,0.000584383,0.0812914,True,empty floor,sound_similarity,0,0.0666667,0.226583,0,0.0666667,0.00806837,0,0.0666667,0.105121,0,0.0666667,0.0784182,0,0.0666667,0.174648,0,0.0666667,0.147413,0,0.0666667,0.126579,0,0.0666667,0.20824,0,0.0666667,0.144299,0.5,0.4,0
-2,4.25,2.98697,-2.72851,1.08385e-05,0.00246844,0.000574567,0.0812914,True,empty floor,sound_similarity,0,0.0666667,0.226583,0,0.0666667,0.00806837,0,0.0666667,0.105121,0,0.0666667,0.0784182,0,0.0666667,0.174648,0,0.0666667,0.147413,0,0.0666667,0.126579,0,0.0666667,0.20824,0,0.0666667,0.144299,0.5,0.4,0
-1.5,5,2.15481,-1.97567,1.06904e-05,0.00246844,0.000570629,0.0812914,True,empty floor,sound_similarity,0,0.0666667,0.226583,0,0.0666667,0.00806837,0,0.0666667,0.105121,0,0.0666667,0.0784182,0,0.0666667,0.174648,0,0.0666667,0.147413,0,0.0666667,0.126579,0,0.0666667,0.20824,0,0.0666667,0.144299,0.5,0.4,0
-1.25,5,1.94107,-2.39106,4.7323e-06,0.00370266,0.000569487,0.121937,False,tv,sound_similarity,0,0.1,0.226583,0,0.1,0.00806837,0,0.1,0.105121,0,0.1,0.0784182,0,0.1,0.174648,0,0.1,0.147413,0,0.1,0.126579,0,0.1,0.20824,0,0.1,0.144299,0,0.1,0
-1,7.75,2.17908,-2.99564,1.0503e-05,0.00246844,0.000565606,0.0812914,True,empty floor,sound_similarity,0,0.0666667,0.226583,0,0.0666667,0.00806837,0,0.0666667,0.105121,0,0.0666667,0.0784182,0,0.0666667,0.174648,0,0.0666667,0.147413,0,0.0666667,0.126579,0,0.0666667,0.20824,0,0.0666667,0.144299,0.5,0.4,0
0.75,3.25,2.83504,-2.99573,1.04152e-05,0.00246844,0.000563237,0.0812914,True,empty floor,sound_similarity,0,0.0666667,0.226583,0,0.0666667,0.00806837,0,0.0666667,0.105121,0,0.0666667,0.0784182,0,0.0666667,0.174648,0,0.0666667,0.147413,0,0.0666667,0.126579,0,0.0666667,0.20824,0,0.0666667,0.144299,0.5,0.4,0
1.5,2.25,3.97261,-2.99573,1.03788e-05,0.00246844,0.00056225,0.0812914,True,empty floor,sound_similarity,0,0.0666667,0.226583,0,0.0666667,0.00806837,0,0.0666667,0.105121,0,0.0666667,0.0784182,0,0.0666667,0.174648,0,0.0666667,0.147413,0,0.0666667,0.126579,0,0.0666667,0.20824,0,0.0666667,0.144299,0.5,0.4,0
1,2.5,3.61454,-2.99573,9.96435e-06,0.00246844,0.00055091,0.0812914,True,empty floor,sound_similarity,0,0.0666667,0.226583,0,0.0666667,0.00806837,0,0.0666667,0.105121,0,0.0666667,0.0784182,0,0.0666667,0.174648,0,0.0666667,0.147413,0,0.0666667,0.126579,0,0.0666667,0.20824,0,0.0666667,0.144299,0.5,0.4,0
1.25,3,3.18264,-2.99573,9.90756e-06,0.00246844,0.000549338,0.0812914,True,empty floor,sound_similarity,0,0.0666667,0.226583,0,0.0666667,0.00806837,0,0.0666667,0.105121,0,0.0666667,0.0784182,0,0.0666667,0.174648,0,0.0666667,0.147413,0,0.0666667,0.126579,0,0.0666667,0.20824,0,0.0666667,0.144299,0.5,0.4,0
1,2.25,3.86103,-2.99573,9.79585e-06,0.00246844,0.000546233,0.0812914,True,empty floor,sound_similarity,0,0.0666667,0.226583,0,0.0666667,0.00806837,0,0.0666667,0.105121,0,0.0666667,0.0784182,0,0.0666667,0.174648,0,0.0666667,0.147413,0,0.0666667,0.126579,0,0.0666667,0.20824,0,0.0666667,0.144299,0.5,0.4,0
1.75,1.75,4.52398,-2.99573,9.75292e-06,0.00246844,0.000545034,0.0812914,True,empty floor,sound_similarity,0,0.0666667,0.226583,0,0.0666667,0.00806837,0,0.0666667,0.105121,0,0.0666667,0.0784182,0,0.0666667,0.174648,0,0.0666667,0.147413,0,0.0666667,0.126579,0,0.0666667,0.20824,0,0.0666667,0.144299,0.5,0.4,0
-1.25,4.5,2.25344,-2.94609,9.69579e-06,0.00246844,0.000543436,0.0812914,True,empty floor,sound_similarity,0,0.0666667,0.226583,0,0.0666667,0.00806837,0,0.0666667,0.105121,0,0.0666667,0.0784182,0,0.0666667,0.174648,0,0.0666667,0.147413,0,0.0666667,0.126579,0,0.0666667,0.20824,0,0.0666667,0.144299,0.5,0.4,0
1.25,3.25,2.94305,-2.99573,9.61883e-06,0.00246844,0.000541275,0.0812914,True,empty floor,sound_similarity,0,0.0666667,0.226583,0,0.0666667,0.00806837,0,0.0666667,0.105121,0,0.0666667,0.0784182,0,0.0666667,0.174648,0,0.0666667,0.147413,0,0.0666667,0.126579,0,0.0666667,0.20824,0,0.0666667,0.144299,0.5,0.4,0
-0.75,7,1.46656,-2.99039,1.70665e-05,0.00185133,0.000540741,0.0609685,True,empty floor,sound_similarity,0,0.05,0.226583,0,0.05,0.00806837,0,0.05,0.105121,0,0.05,0.0784182,0,0.05,0.174648,0,0.05,0.147413,0,0.05,0.126579,0,0.05,0.20824,0,0.05,0.144299,1,0.55,0
1.25,2.5,3.66598,-2.99573,9.59798e-06,0.00246844,0.000540688,0.0812914,True,empty floor,sound_similarity,0,0.0666667,0.226583,0,0.0666667,0.00806837,0,0.0666667,0.105121,0,0.0666667,0.0784182,0,0.0666667,0.174648,0,0.0666667,0.147413,0,0.0666667,0.126579,0,0.0666667,0.20824,0,0.0666667,0.144299,0.5,0.4,0
1,2,4.10794,-2.99573,9.36218e-06,0.00246844,0.000534005,0.0812914,True,empty floor,sound_similarity,0,0.0666667,0.226583,0,0.0666667,0.00806837,0,0.0666667,0.105121,0,0.0666667,0.0784182,0,0.0666667,0.174648,0,0.0666667,0.147413,0,0.0666667,0.126579,0,0.0666667,0.20824,0,0.0666667,0.144299,0.5,0.4,0
-1.75,4.5,2.63703,-2.66223,9.35254e-06,0.00246844,0.00053373,0.0812914,True,empty floor,sound_similarity,0,0.0666667,0.226583,0,0.0666667,0.00806837,0,0.0666667,0.105121,0,0.0666667,0.0784182,0,0.0666667,0.174648,0,0.0666667,0.147413,0,0.0666667,0.126579,0,0.0666667,0.20824,0,0.0666667,0.144299,0.5,0.4,0
-0.25,4.75,1.45208,-2.9957,9.35014e-06,0.00246844,0.000533661,0.0812914,True,empty floor,sound_similarity,0,0.0666667,0.226583,0,0.0666667,0.00806837,0,0.0666667,0.105121,0,0.0666667,0.0784182,0,0.0666667,0.174648,0,0.0666667,0.147413,0,0.0666667,0.126579,0,0.0666667,0.20824,0,0.0666667,0.144299,0.5,0.4,0
2,5.5,1.718,-2.99573,9.30881e-06,0.00246844,0.00053248,0.0812914,True,empty floor,sound_similarity,0,0.0666667,0.226583,0,0.0666667,0.00806837,0,0.0666667,0.105121,0,0.0666667,0.0784182,0,0.0666667,0.174648,0,0.0666667,0.147413,0,0.0666667,0.126579,0,0.0666667,0.20824,0,0.0666667,0.144299,0.5,0.4,0
1,3,3.12324,-2.99573,9.2631e-06,0.00246844,0.000531172,0.0812914,True,empty floor,sound_similarity,0,0.0666667,0.226583,0,0.0666667,0.00806837,0,0.0666667,0.105121,0,0.0666667,0.0784182,0,0.0666667,0.174648,0,0.0666667,0.147413,0,0.0666667,0.126579,0,0.0666667,0.20824,0,0.0666667,0.144299,0.5,0.4,0
1.5,2,4.21298,-2.99573,9.21411e-06,0.00246844,0.000529765,0.0812914,True,empty floor,sound_similarity,0,0.0666667,0.226583,0,0.0666667,0.00806837,0,0.0666667,0.105121,0,0.0666667,0.0784182,0,0.0666667,0.174648,0,0.0666667,0.147413,0,0.0666667,0.126579,0,0.0666667,0.20824,0,0.0666667,0.144299,0.5,0.4,0
1.25,2.25,3.90923,-2.99573,9.10444e-06,0.00246844,0.000526603,0.0812914,True,empty floor,sound_similarity,0,0.0666667,0.226583,0,0.0666667,0.00806837,0,0.0666667,0.105121,0,0.0666667,0.0784182,0,0.0666667,0.174648,0,0.0666667,0.147413,0,0.0666667,0.126579,0,0.0666667,0.20824,0,0.0666667,0.144299,0.5,0.4,0
1.25,3.5,2.70535,-2.99573,8.99283e-06,0.00246844,0.000523365,0.0812914,True,empty floor,sound_similarity,0,0.0666667,0.226583,0,0.0666667,0.00806837,0,0.0666667,0.105121,0,0.0666667,0.0784182,0,0.0666667,0.174648,0,0.0666667,0.147413,0,0.0666667,0.126579,0,0.0666667,0.20824,0,0.0666667,0.144299,0.5,0.4,0
-0.5,4.75,1.57607,-2.99495,8.90081e-06,0.00246844,0.000520681,0.0812914,True,empty floor,sound_similarity,0,0.0666667,0.226583,0,0.0666667,0.00806837,0,0.0666667,0.105121,0,0.0666667,0.0784182,0,0.0666667,0.174648,0,0.0666667,0.147413,0,0.0666667,0.126579,0,0.0666667,0.20824,0,0.0666667,0.144299,0.5,0.4,0
1,1.75,4.3552,-2.99573,8.73674e-06,0.00246844,0.000515859,0.0812914,True,empty floor,sound_similarity,0,0.0666667,0.226583,0,0.0666667,0.00806837,0,0.0666667,0.105121,0,0.0666667,0.0784182,0,0.0666667,0.174648,0,0.0666667,0.147413,0,0.0666667,0.126579,0,0.0666667,0.20824,0,0.0666667,0.144299,0.5,0.4,0
-1.5,4.5,2.43997,-2.84598,8.52563e-06,0.00246844,0.000509589,0.0812914,True,empty floor,sound_similarity,0,0.0666667,0.226583,0,0.0666667,0.00806837,0,0.0666667,0.105121,0,0.0666667,0.0784182,0,0.0666667,0.174648,0,0.0666667,0.147413,0,0.0666667,0.126579,0,0.0666667,0.20824,0,0.0666667,0.144299,0.5,0.4,0
0.75,3.5,2.58744,-2.99573,8.49814e-06,0.00246844,0.000508766,0.0812914,True,empty floor,sound_similarity,0,0.0666667,0.226583,0,0.0666667,0.00806837,0,0.0666667,0.105121,0,0.0666667,0.0784182,0,0.0666667,0.174648,0,0.0666667,0.147413,0,0.0666667,0.126579,0,0.0666667,0.20824,0,0.0666667,0.144299,0.5,0.4,0
1.25,2,4.15327,-2.99573,8.46398e-06,0.00246844,0.000507743,0.0812914,True,empty floor,sound_similarity,0,0.0666667,0.226583,0,0.0666667,0.00806837,0,0.0666667,0.105121,0,0.0666667,0.0784182,0,0.0666667,0.174648,0,0.0666667,0.147413,0,0.0666667,0.126579,0,0.0666667,0.20824,0,0.0666667,0.144299,0.5,0.4,0
1,3.25,2.87872,-2.99573,8.34337e-06,0.00246844,0.000504112,0.0812914,True,empty floor,sound_similarity,0,0.0666667,0.226583,0,0.0666667,0.00806837,0,0.0666667,0.105121,0,0.0666667,0.0784182,0,0.0666667,0.174648,0,0.0666667,0.147413,0,0.0666667,0.126579,0,0.0666667,0.20824,0,0.0666667,0.144299,0.5,0.4,0
-2,4,3.14478,-2.88514,1.28372e-05,0.00197383,0.00050001,0.0650027,True,chair,sound_similarity,0,0.05,0.226583,1,0.55,0.00806837,0,0.05,0.105121,0,0.05,0.0784182,0,0.05,0.174648,0,0.05,0.147413,0,0.05,0.126579,0,0.05,0.20824,0,0.05,0.144299,0,0.05,0
1.5,3.25,3.02673,-2.99573,1.45735e-05,0.00185133,0.00049969,0.0609685,True,empty floor,sound_similarity,0,0.05,0.226583,0,0.05,0.00806837,0,0.05,0.105121,0,0.05,0.0784182,0,0.05,0.174648,0,0.05,0.147413,0,0.05,0.126579,0,0.05,0.20824,0,0.05,0.144299,1,0.55,0
1.5,1.75,4.45442,-2.99573,8.09778e-06,0.00246844,0.000496638,0.0812914,True,empty floor,sound_similarity,0,0.0666667,0.226583,0,0.0666667,0.00806837,0,0.0666667,0.105121,0,0.0666667,0.0784182,0,0.0666667,0.174648,0,0.0666667,0.147413,0,0.0666667,0.126579,0,0.0666667,0.20824,0,0.0666667,0.144299,0.5,0.4,0
1.25,6,0.876156,-2.99573,8.02559e-06,0.00246844,0.000494419,0.0812914,True,empty floor,sound_similarity,0,0.0666667,0.226583,0,0.0666667,0.00806837,0,0.0666667,0.105121,0,0.0666667,0.0784182,0,0.0666667,0.174648,0,0.0666667,0.147413,0,0.0666667,0.126579,0,0.0666667,0.20824,0,0.0666667,0.144299,0.5,0.4,0
0.5,6.75,0.700817,-2.99573,8.01733e-06,0.00246844,0.000494164,0.0812914,True,empty floor,sound_similarity,0,0.0666667,0.226583,0,0.0666667,0.00806837,0,0.0666667,0.105121,0,0.0666667,0.0784182,0,0.0666667,0.174648,0,0.0666667,0.147413,0,0.0666667,0.126579,0,0.0666667,0.20824,0,0.0666667,0.144299,0.5,0.4,0
1.25,1.75,4.39799,-2.99573,7.73229e-06,0.00246844,0.0004853,0.0812914,True,empty floor,sound_similarity,0,0.0666667,0.226583,0,0.0666667,0.00806837,0,0.0666667,0.105121,0,0.0666667,0.0784182,0,0.0666667,0.174648,0,0.0666667,0.147413,0,0.0666667,0.126579,0,0.0666667,0.20824,0,0.0666667,0.144299,0.5,0.4,0
0.5,4,2.06399,-2.99573,7.72738e-06,0.00246844,0.000485146,0.0812914,True,empty floor,sound_similarity,0,0.0666667,0.226583,0,0.0666667,0.00806837,0,0.0666667,0.105121,0,0.0666667,0.0784182,0,0.0666667,0.174648,0,0.0666667,0.147413,0,0.0666667,0.126579,0,0.0666667,0.20824,0,0.0666667,0.144299,0.5,0.4,0
1.5,3,3.26017,-2.99573,1.37303e-05,0.00185133,0.000485018,0.0609685,True,empty floor,sound_similarity,0,0.05,0.226583,0,0.05,0.00806837,0,0.05,0.105121,0,0.05,0.0784182,0,0.05,0.174648,0,0.05,0.147413,0,0.05,0.126579,0,0.05,0.20824,0,0.05,0.144299,1,0.55,0
1.75,2.25,4.05045,-2.99573,1.37227e-05,0.00185133,0.000484883,0.0609685,True,empty floor,sound_similarity,0,0.05,0.226583,0,0.05,0.00806837,0,0.05,0.105121,0,0.05,0.0784182,0,0.05,0.174648,0,0.05,0.147413,0,0.05,0.126579,0,0.05,0.20824,0,0.05,0.144299,1,0.55,0
-0.75,5.75,1.16788,-0.384656,1.30649e-05,0.00185133,0.000473119,0.0609685,True,empty floor,sound_similarity,0,0.05,0.226583,0,0.05,0.00806837,0,0.05,0.105121,0,0.05,0.0784182,0,0.05,0.174648,0,0.05,0.147413,0,0.05,0.126579,0,0.05,0.20824,0,0.05,0.144299,1,0.55,0
-1.5,4.75,2.2882,-2.5595,7.16326e-06,0.00246844,0.000467102,0.0812914,True,empty floor,sound_similarity,0,0.0666667,0.226583,0,0.0666667,0.00806837,0,0.0666667,0.105121,0,0.0666667,0.0784182,0,0.0666667,0.174648,0,0.0666667,0.147413,0,0.0666667,0.126579,0,0.0666667,0.20824,0,0.0666667,0.144299,0.5,0.4,0
1,3.5,2.63522,-2.99573,7.09024e-06,0.00246844,0.000464715,0.0812914,True,empty floor,sound_similarity,0,0.0666667,0.226583,0,0.0666667,0.00806837,0,0.0666667,0.105121,0,0.0666667,0.0784182,0,0.0666667,0.174648,0,0.0666667,0.147413,0,0.0666667,0.126579,0,0.0666667,0.20824,0,0.0666667,0.144299,0.5,0.4,0
1.5,5,1.54522,-2.99573,6.91655e-06,0.00246844,0.000458988,0.0812914,True,empty floor,sound_similarity,0,0.0666667,0.226583,0,0.0666667,0.00806837,0,0.0666667,0.105121,0,0.0666667,0.0784182,0,0.0666667,0.174648,0,0.0666667,0.147413,0,0.0666667,0.126579,0,0.0666667,0.20824,0,0.0666667,0.144299,0.5,0.4,0
0.75,6.75,0.784656,-2.99573,6.83783e-06,0.00246844,0.000456368,0.0812914,True,empty floor,sound_similarity,0,0.0666667,0.226583,0,0.0666667,0.00806837,0,0.0666667,0.105121,0,0.0666667,0.0784182,0,0.0666667,0.174648,0,0.0666667,0.147413,0,0.0666667,0.126579,0,0.0666667,0.20824,0,0.0666667,0.144299,0.5,0.4,0
-0.75,4.75,1.72756,-2.9868,6.83471e-06,0.00246844,0.000456264,0.0812914,True,empty floor,sound_similarity,0,0.0666667,0.226583,0,0.0666667,0.00806837,0,0.0666667,0.105121,0,0.0666667,0.0784182,0,0.0666667,0.174648,0,0.0666667,0.147413,0,0.0666667,0.126579,0,0.0666667,0.20824,0,0.0666667,0.144299,0.5,0.4,0
1.75,2,4.28646,-2.99573,1.15968e-05,0.00185133,0.000445745,0.0609685,True,empty floor,sound_similarity,0,0.05,0.226583,0,0.05,0.00806837,0,0.05,0.105121,0,0.05,0.0784182,0,0.05,0.174648,0,0.05,0.147413,0,0.05,0.126579,0,0.05,0.20824,0,0.05,0.144299,1,0.55,0
0,4.75,1.36312,-2.99573,6.4524e-06,0.00246844,0.00044332,0.0812914,True,empty floor,sound_similarity,0,0.0666667,0.226583,0,0.0666667,0.00806837,0,0.0666667,0.105121,0,0.0666667,0.0784182,0,0.0666667,0.174648,0,0.0666667,0.147413,0,0.0666667,0.126579,0,0.0666667,0.20824,0,0.0666667,0.144299,0.5,0.4,0
0.75,3.75,2.34035,-2.99573,6.32397e-06,0.00246844,0.000438886,0.0812914,True,empty floor,sound_similarity,0,0.0666667,0.226583,0,0.0666667,0.00806837,0,0.0666667,0.105121,0,0.0666667,0.0784182,0,0.0666667,0.174648,0,0.0666667,0.147413,0,0.0666667,0.126579,0,0.0666667,0.20824,0,0.0666667,0.144299,0.5,0.4,0
0.75,6,0.378904,-2.99573,6.28822e-06,0.00246844,0.000437643,0.0812914,True,empty floor,sound_similarity,0,0.0666667,0.226583,0,0.0666667,0.00806837,0,0.0666667,0.105121,0,0.0666667,0.0784182,0,0.0666667,0.174648,0,0.0666667,0.147413,0,0.0666667,0.126579,0,0.0666667,0.20824,0,0.0666667,0.144299,0.5,0.4,0
0.25,4.5,1.56533,-2.99573,6.23574e-06,0.00246844,0.000435813,0.0812914,True,empty floor,sound_similarity,0,0.0666667,0.226583,0,0.0666667,0.00806837,0,0.0666667,0.105121,0,0.0666667,0.0784182,0,0.0666667,0.174648,0,0.0666667,0.147413,0,0.0666667,0.126579,0,0.0666667,0.20824,0,0.0666667,0.144299,0.5,0.4,0
-1,5.25,1.59677,-2.10034,2.63088e-06,0.00370266,0.000424618,0.121937,False,tv,sound_similarity,0,0.1,0.226583,0,0.1,0.00806837,0,0.1,0.105121,0,0.1,0.0784182,0,0.1,0.174648,0,0.1,0.147413,0,0.1,0.126579,0,0.1,0.20824,0,0.1,0.144299,0,0.1,0
1.75,5.5,1.48391,-2.99573,5.82586e-06,0.00246844,0.000421247,0.0812914,True,empty floor,sound_similarity,0,0.0666667,0.226583,0,0.0666667,0.00806837,0,0.0666667,0.105121,0,0.0666667,0.0784182,0,0.0666667,0.174648,0,0.0666667,0.147413,0,0.0666667,0.126579,0,0.0666667,0.20824,0,0.0666667,0.144299,0.5,0.4,0
1,3.75,2.39306,-2.99573,5.61177e-06,0.00246844,0.000413434,0.0812914,True,empty floor,sound_similarity,0,0.0666667,0.226583,0,0.0666667,0.00806837,0,0.0666667,0.105121,0,0.0666667,0.0784182,0,0.0666667,0.174648,0,0.0666667,0.147413,0,0.0666667,0.126579,0,0.0666667,0.20824,0,0.0666667,0.144299,0.5,0.4,0
-1.25,5.25,1.81662,-1.59283,9.62182e-06,0.00185133,0.000406019,0.0609685,True,empty floor,sound_similarity,0,0.05,0.226583,0,0.05,0.00806837,0,0.05,0.105121,0,0.05,0.0784182,0,0.05,0.174648,0,0.05,0.147413,0,0.05,0.126579,0,0.05,0.20824,0,0.05,0.144299,1,0.55,0
1.25,4.25,2.01023,-2.99573,5.3798e-06,0.00246844,0.000404799,0.0812914,True,empty floor,sound_similarity,0,0.0666667,0.226583,0,0.0666667,0.00806837,0,0.0666667,0.105121,0,0.0666667,0.0784182,0,0.0666667,0.174648,0,0.0666667,0.147413,0,0.0666667,0.126579,0,0.0666667,0.20824,0,0.0666667,0.144299,0.5,0.4,0
-1,4.75,1.89998,-2.94283,5.36461e-06,0.00246844,0.000404227,0.0812914,True,empty floor,sound_similarity,0,0.0666667,0.226583,0,0.0666667,0.00806837,0,0.0666667,0.105121,0,0.0666667,0.0784182,0,0.0666667,0.174648,0,0.0666667,0.147413,0,0.0666667,0.126579,0,0.0666667,0.20824,0,0.0666667,0.144299,0.5,0.4,0
-1.25,4.75,2.08815,-2.80947,5.33945e-06,0.00246844,0.000403278,0.0812914,True,empty floor,sound_similarity,0,0.0666667,0.226583,0,0.0666667,0.00806837,0,0.0666667,0.105121,0,0.0666667,0.0784182,0,0.0666667,0.174648,0,0.0666667,0.147413,0,0.0666667,0.126579,0,0.0666667,0.20824,0,0.0666667,0.144299,0.5,0.4,0
-1,5.5,1.48561,-1.0502,9.41158e-06,0.00185133,0.000401559,0.0609685,True,empty floor,sound_similarity,0,0.05,0.226583,0,0.05,0.00806837,0,0.05,0.105121,0,0.05,0.0784182,0,0.05,0.174648,0,0.05,0.147413,0,0.05,0.126579,0,0.05,0.20824,0,0.05,0.144299,1,0.55,0
-0.75,7.5,1.82772,-2.99568,5.19361e-06,0.00246844,0.000397733,0.0812914,True,empty floor,sound_similarity,0,0.0666667,0.226583,0,0.0666667,0.00806837,0,0.0666667,0.105121,0,0.0666667,0.0784182,0,0.0666667,0.174648,0,0.0666667,0.147413,0,0.0666667,0.126579,0,0.0666667,0.20824,0,0.0666667,0.144299,0.5,0.4,0
1,5.75,0.696948,-2.99573,5.19108e-06,0.00246844,0.000397636,0.0812914,True,empty floor,sound_similarity,0,0.0666667,0.226583,0,0.0666667,0.00806837,0,0.0666667,0.105121,0,0.0666667,0.0784182,0,0.0666667,0.174648,0,0.0666667,0.147413,0,0.0666667,0.126579,0,0.0666667,0.20824,0,0.0666667,0.144299,0.5,0.4,0
1.25,3.75,2.47008,-2.99573,8.03643e-06,0.00185133,0.000371065,0.0609685,True,empty floor,sound_similarity,0,0.05,0.226583,0,0.05,0.00806837,0,0.05,0.105121,0,0.05,0.0784182,0,0.05,0.174648,0,0.05,0.147413,0,0.05,0.126579,0,0.05,0.20824,0,0.05,0.144299,1,0.55,0
0.5,4.25,1.8145,-2.99573,4.49114e-06,0.00246844,0.000369858,0.0812914,True,empty floor,sound_similarity,0,0.0666667,0.226583,0,0.0666667,0.00806837,0,0.0666667,0.105121,0,0.0666667,0.0784182,0,0.0666667,0.174648,0,0.0666667,0.147413,0,0.0666667,0.126579,0,0.0666667,0.20824,0,0.0666667,0.144299,0.5,0.4,0
1.5,5.5,1.25596,-2.99573,2.27509e-06,0.00344735,0.000367637,0.113529,True,couch,sound_similarity,0,0.05,0.226583,0,0.05,0.00806837,1,0.55,0.105121,0,0.05,0.0784182,0,0.05,0.174648,0,0.05,0.147413,0,0.05,0.126579,0,0.05,0.20824,0,0.05,0.144299,0,0.05,0
0,6.75,0.785533,-2.99573,7.87743e-06,0.00185133,0.000367375,0.0609685,True,empty floor,sound_similarity,0,0.05,0.226583,0,0.05,0.00806837,0,0.05,0.105121,0,0.05,0.0784182,0,0.05,0.174648,0,0.05,0.147413,0,0.05,0.126579,0,0.05,0.20824,0,0.05,0.144299,1,0.55,0
-0.75,7.25,1.63804,-2.99526,7.74582e-06,0.00185133,0.000364294,0.0609685,True,empty floor,sound_similarity,0,0.05,0.226583,0,0.05,0.00806837,0,0.05,0.105121,0,0.05,0.0784182,0,0.05,0.174648,0,0.05,0.147413,0,0.05,0.126579,0,0.05,0.20824,0,0.05,0.144299,1,0.55,0
1.5,5.25,1.38567,-2.99573,4.28479e-06,0.00246844,0.000361261,0.0812914,True,empty floor,sound_similarity,0,0.0666667,0.226583,0,0.0666667,0.00806837,0,0.0666667,0.105121,0,0.0666667,0.0784182,0,0.0666667,0.174648,0,0.0666667,0.147413,0,0.0666667,0.126579,0,0.0666667,0.20824,0,0.0666667,0.144299,0.5,0.4,0
0.25,6,0.139592,-1.47441,4.25415e-06,0.00246844,0.000359967,0.0812914,True,empty floor,sound_similarity,0,0.0666667,0.226583,0,0.0666667,0.00806837,0,0.0666667,0.105121,0,0.0666667,0.0784182,0,0.0666667,0.174648,0,0.0666667,0.147413,0,0.0666667,0.126579,0,0.0666667,0.20824,0,0.0666667,0.144299,0.5,0.4,0
-0.75,7.75,2.0305,-2.99572,4.19111e-06,0.00246844,0.00035729,0.0812914,True,empty floor,sound_similarity,0,0.0666667,0.226583,0,0.0666667,0.00806837,0,0.0666667,0.105121,0,0.0666667,0.0784182,0,0.0666667,0.174648,0,0.0666667,0.147413,0,0.0666667,0.126579,0,0.0666667,0.20824,0,0.0666667,0.144299,0.5,0.4,0
0.75,4,2.09394,-2.99573,4.18148e-06,0.00246844,0.000356879,0.0812914,True,empty floor,sound_similarity,0,0.0666667,0.226583,0,0.0666667,0.00806837,0,0.0666667,0.105121,0,0.0666667,0.0784182,0,0.0666667,0.174648,0,0.0666667,0.147413,0,0.0666667,0.126579,0,0.0666667,0.20824,0,0.0666667,0.144299,0.5,0.4,0
1,4,2.1527,-2.99573,4.06724e-06,0.00246844,0.000351971,0.0812914,True,empty floor,sound_similarity,0,0.0666667,0.226583,0,0.0666667,0.00806837,0,0.0666667,0.105121,0,0.0666667,0.0784182,0,0.0666667,0.174648,0,0.0666667,0.147413,0,0.0666667,0.126579,0,0.0666667,0.20824,0,0.0666667,0.144299,0.5,0.4,0
-0.5,6.75,1.11489,-2.98649,7.09248e-06,0.00185133,0.000348592,0.0609685,True,empty floor,sound_similarity,0,0.05,0.226583,0,0.05,0.00806837,0,0.05,0.105121,0,0.05,0.0784182,0,0.05,0.174648,0,0.05,0.147413,0,0.05,0.126579,0,0.05,0.20824,0,0.05,0.144299,1,0.55,0
1.25,4.5,1.78841,-2.99573,3.91715e-06,0.00246844,0.000345415,0.0812914,True,empty floor,sound_similarity,0,0.0666667,0.226583,0,0.0666667,0.00806837,0,0.0666667,0.105121,0,0.0666667,0.0784182,0,0.0666667,0.174648,0,0.0666667,0.147413,0,0.0666667,0.126579,0,0.0666667,0.20824,0,0.0666667,0.144299,0.5,0.4,0
0.25,5.5,0.574231,-2.99573,3.85432e-06,0.00246844,0.000342634,0.0812914,True,empty floor,sound_similarity,0,0.0666667,0.226583,0,0.0666667,0.00806837,0,0.0666667,0.105121,0,0.0666667,0.0784182,0,0.0666667,0.174648,0,0.0666667,0.147413,0,0.0666667,0.126579,0,0.0666667,0.20824,0,0.0666667,0.144299,0.5,0.4,0
1.25,4,2.23801,-2.99573,6.7995e-06,0.00185133,0.000341316,0.0609685,True,empty floor,sound_similarity,0,0.05,0.226583,0,0.05,0.00806837,0,0.05,0.105121,0,0.05,0.0784182,0,0.05,0.174648,0,0.05,0.147413,0,0.05,0.126579,0,0.05,0.20824,0,0.05,0.144299,1,0.55,0
2,7.75,2.34369,-2.99573,3.57106e-06,0.00246844,0.000329803,0.0812914,True,empty floor,sound_similarity,0,0.0666667,0.226583,0,0.0666667,0.00806837,0,0.0666667,0.105121,0,0.0666667,0.0784182,0,0.0666667,0.174648,0,0.0666667,0.147413,0,0.0666667,0.126579,0,0.0666667,0.20824,0,0.0666667,0.144299,0.5,0.4,0
1.25,5.75,0.927512,-2.99573,3.4859e-06,0.00246844,0.000325847,0.0812914,True,empty floor,sound_similarity,0,0.0666667,0.226583,0,0.0666667,0.00806837,0,0.0666667,0.105121,0,0.0666667,0.0784182,0,0.0666667,0.174648,0,0.0666667,0.147413,0,0.0666667,0.126579,0,0.0666667,0.20824,0,0.0666667,0.144299,0.5,0.4,0
0.25,6.75,0.701144,-2.99573,5.82969e-06,0.00185133,0.000316039,0.0609685,True,empty floor,sound_similarity,0,0.05,0.226583,0,0.05,0.00806837,0,0.05,0.105121,0,0.05,0.0784182,0,0.05,0.174648,0,0.05,0.147413,0,0.05,0.126579,0,0.05,0.20824,0,0.05,0.144299,1,0.55,0
2,5.75,1.65345,-2.99573,2.92649e-06,0.00246844,0.000298559,0.0812914,True,empty floor,sound_similarity,0,0.0666667,0.226583,0,0.0666667,0.00806837,0,0.0666667,0.105121,0,0.0666667,0.0784182,0,0.0666667,0.174648,0,0.0666667,0.147413,0,0.0666667,0.126579,0,0.0666667,0.20824,0,0.0666667,0.144299,0.5,0.4,0
-0.25,5,1.23122,-2.9955,2.63878e-06,0.00246844,0.000283503,0.0812914,True,empty floor,sound_similarity,0,0.0666667,0.226583,0,0.0666667,0.00806837,0,0.0666667,0.105121,0,0.0666667,0.0784182,0,0.0666667,0.174648,0,0.0666667,0.147413,0,0.0666667,0.126579,0,0.0666667,0.20824,0,0.0666667,0.144299,0.5,0.4,0
1,4.25,1.91481,-2.99573,2.63854e-06,0.00246844,0.00028349,0.0812914,True,empty floor,sound_similarity,0,0.0666667,0.226583,0,0.0666667,0.00806837,0,0.0666667,0.105121,0,0.0666667,0.0784182,0,0.0666667,0.174648,0,0.0666667,0.147413,0,0.0666667,0.126579,0,0.0666667,0.20824,0,0.0666667,0.144299,0.5,0.4,0
1.25,4.75,1.57505,-2.99573,2.57187e-06,0.00246844,0.000279886,0.0812914,True,empty floor,sound_similarity,0,0.0666667,0.226583,0,0.0666667,0.00806837,0,0.0666667,0.105121,0,0.0666667,0.0784182,0,0.0666667,0.174648,0,0.0666667,0.147413,0,0.0666667,0.126579,0,0.0666667,0.20824,0,0.0666667,0.144299,0.5,0.4,0
0.25,4.75,1.31629,-2.99573,2.56888e-06,0.00246844,0.000279723,0.0812914,True,empty floor,sound_similarity,0,0.0666667,0.226583,0,0.0666667,0.00806837,0,0.0666667,0.105121,0,0.0666667,0.0784182,0,0.0666667,0.174648,0,0.0666667,0.147413,0,0.0666667,0.126579,0,0.0666667,0.20824,0,0.0666667,0.144299,0.5,0.4,0
1.75,7.75,2.17792,-2.99573,2.55538e-06,0.00246844,0.000278987,0.0812914,True,empty floor,sound_similarity,0,0.0666667,0.226583,0,0.0666667,0.00806837,0,0.0666667,0.105121,0,0.0666667,0.0784182,0,0.0666667,0.174648,0,0.0666667,0.147413,0,0.0666667,0.126579,0,0.0666667,0.20824,0,0.0666667,0.144299,0.5,0.4,0
-1,5,1.73704,-2.74658,2.52953e-06,0.00246844,0.000277573,0.0812914,True,empty floor,sound_similarity,0,0.0666667,0.226583,0,0.0666667,0.00806837,0,0.0666667,0.105121,0,0.0666667,0.0784182,0,0.0666667,0.174648,0,0.0666667,0.147413,0,0.0666667,0.126579,0,0.0666667,0.20824,0,0.0666667,0.144299,0.5,0.4,0
2,7.5,2.17037,-2.99573,2.52538e-06,0.00246844,0.000277345,0.0812914,True,empty floor,sound_similarity,0,0.0666667,0.226583,0,0.0666667,0.00806837,0,0.0666667,0.105121,0,0.0666667,0.0784182,0,0.0666667,0.174648,0,0.0666667,0.147413,0,0.0666667,0.126579,0,0.0666667,0.20824,0,0.0666667,0.144299,0.5,0.4,0
0.75,4.25,1.8485,-2.99573,2.36959e-06,0.00246844,0.000268654,0.0812914,True,empty floor,sound_similarity,0,0.0666667,0.226583,0,0.0666667,0.00806837,0,0.0666667,0.105121,0,0.0666667,0.0784182,0,0.0666667,0.174648,0,0.0666667,0.147413,0,0.0666667,0.126579,0,0.0666667,0.20824,0,0.0666667,0.144299,0.5,0.4,0
-0.5,5,1.37527,-2.98957,2.33653e-06,0.00246844,0.000266773,0.0812914,True,empty floor,sound_similarity,0,0.0666667,0.226583,0,0.0666667,0.00806837,0,0.0666667,0.105121,0,0.0666667,0.0784182,0,0.0666667,0.174648,0,0.0666667,0.147413,0,0.0666667,0.126579,0,0.0666667,0.20824,0,0.0666667,0.144299,0.5,0.4,0
1.25,6.25,0.89444,-2.99573,2.29876e-06,0.00246844,0.000264608,0.0812914,True,empty floor,sound_similarity,0,0.0666667,0.226583,0,0.0666667,0.00806837,0,0.0666667,0.105121,0,0.0666667,0.0784182,0,0.0666667,0.174648,0,0.0666667,0.147413,0,0.0666667,0.126579,0,0.0666667,0.20824,0,0.0666667,0.144299,0.5,0.4,0
-0.25,6.75,0.931408,-2.99543,3.9693e-06,0.00185133,0.00026078,0.0609685,True,empty floor,sound_similarity,0,0.05,0.226583,0,0.05,0.00806837,0,0.05,0.105121,0,0.05,0.0784182,0,0.05,0.174648,0,0.05,0.147413,0,0.05,0.126579,0,0.05,0.20824,0,0.05,0.144299,1,0.55,0
1,6.75,0.930175,-2.99573,2.18005e-06,0.00246844,0.000257686,0.0812914,True,empty floor,sound_similarity,0,0.0666667,0.226583,0,0.0666667,0.00806837,0,0.0666667,0.105121,0,0.0666667,0.0784182,0,0.0666667,0.174648,0,0.0666667,0.147413,0,0.0666667,0.126579,0,0.0666667,0.20824,0,0.0666667,0.144299,0.5,0.4,0
0.5,4.5,1.56518,-2.99573,2.09115e-06,0.00246844,0.000252377,0.0812914,True,empty floor,sound_similarity,0,0.0666667,0.226583,0,0.0666667,0.00806837,0,0.0666667,0.105121,0,0.0666667,0.0784182,0,0.0666667,0.174648,0,0.0666667,0.147413,0,0.0666667,0.126579,0,0.0666667,0.20824,0,0.0666667,0.144299,0.5,0.4,0
-0.75,5,1.54656,-2.93774,2.03446e-06,0.00246844,0.000248932,0.0812914,True,empty floor,sound_similarity,0,0.0666667,0.226583,0,0.0666667,0.00806837,0,0.0666667,0.105121,0,0.0666667,0.0784182,0,0.0666667,0.174648,0,0.0666667,0.147413,0,0.0666667,0.126579,0,0.0666667,0.20824,0,0.0666667,0.144299,0.5,0.4,0
0,5,1.12492,-2.99573,1.99545e-06,0.00246844,0.000246534,0.0812914,True,empty floor,sound_similarity,0,0.0666667,0.226583,0,0.0666667,0.00806837,0,0.0666667,0.105121,0,0.0666667,0.0784182,0,0.0666667,0.174648,0,0.0666667,0.147413,0,0.0666667,0.126579,0,0.0666667,0.20824,0,0.0666667,0.144299,0.5,0.4,0
-0.5,7.75,1.90328,-2.99573,1.9031e-06,0.00246844,0.000240762,0.0812914,True,empty floor,sound_similarity,0,0.0666667,0.226583,0,0.0666667,0.00806837,0,0.0666667,0.105121,0,0.0666667,0.0784182,0,0.0666667,0.174648,0,0.0666667,0.147413,0,0.0666667,0.126579,0,0.0666667,0.20824,0,0.0666667,0.144299,0.5,0.4,0
1.75,5.75,1.40867,-2.99573,1.87592e-06,0.00246844,0.000239036,0.0812914,True,empty floor,sound_similarity,0,0.0666667,0.226583,0,0.0666667,0.00806837,0,0.0666667,0.105121,0,0.0666667,0.0784182,0,0.0666667,0.174648,0,0.0666667,0.147413,0,0.0666667,0.126579,0,0.0666667,0.20824,0,0.0666667,0.144299,0.5,0.4,0
1.5,7.75,2.02948,-2.99573,1.75707e-06,0.00246844,0.00023134,0.0812914,True,empty floor,sound_similarity,0,0.0666667,0.226583,0,0.0666667,0.00806837,0,0.0666667,0.105121,0,0.0666667,0.0784182,0,0.0666667,0.174648,0,0.0666667,0.147413,0,0.0666667,0.126579,0,0.0666667,0.20824,0,0.0666667,0.144299,0.5,0.4,0
2,7.25,2.01324,-2.99573,1.70967e-06,0.00246844,0.000228198,0.0812914,True,empty floor,sound_similarity,0,0.0666667,0.226583,0,0.0666667,0.00806837,0,0.0666667,0.105121,0,0.0666667,0.0784182,0,0.0666667,0.174648,0,0.0666667,0.147413,0,0.0666667,0.126579,0,0.0666667,0.20824,0,0.0666667,0.144299,0.5,0.4,0
0.5,5.75,0.334148,-2.99573,1.6718e-06,0.00246844,0.000225657,0.0812914,True,empty floor,sound_similarity,0,0.0666667,0.226583,0,0.0666667,0.00806837,0,0.0666667,0.105121,0,0.0666667,0.0784182,0,0.0666667,0.174648,0,0.0666667,0.147413,0,0.0666667,0.126579,0,0.0666667,0.20824,0,0.0666667,0.144299,0.5,0.4,0
1.75,7.5,1.99022,-2.99573,1.57238e-06,0.00246844,0.000218845,0.0812914,True,empty floor,sound_similarity,0,0.0666667,0.226583,0,0.0666667,0.00806837,0,0.0666667,0.105121,0,0.0666667,0.0784182,0,0.0666667,0.174648,0,0.0666667,0.147413,0,0.0666667,0.126579,0,0.0666667,0.20824,0,0.0666667,0.144299,0.5,0.4,0
1,4.5,1.68044,-2.99573,1.48483e-06,0.00246844,0.000212665,0.0812914,True,empty floor,sound_similarity,0,0.0666667,0.226583,0,0.0666667,0.00806837,0,0.0666667,0.105121,0,0.0666667,0.0784182,0,0.0666667,0.174648,0,0.0666667,0.147413,0,0.0666667,0.126579,0,0.0666667,0.20824,0,0.0666667,0.144299,0.5,0.4,0
-0.5,7,1.28466,-2.99533,2.20135e-06,0.00185133,0.000194206,0.0609685,True,empty floor,sound_similarity,0,0.05,0.226583,0,0.05,0.00806837,0,0.05,0.105121,0,0.05,0.0784182,0,0.05,0.174648,0,0.05,0.147413,0,0.05,0.126579,0,0.05,0.20824,0,0.05,0.144299,1,0.55,0
1.5,5.75,1.16611,-2.99573,1.21129e-06,0.00246844,0.000192079,0.0812914,True,empty floor,sound_similarity,0,0.0666667,0.226583,0,0.0666667,0.00806837,0,0.0666667,0.105121,0,0.0666667,0.0784182,0,0.0666667,0.174648,0,0.0666667,0.147413,0,0.0666667,0.126579,0,0.0666667,0.20824,0,0.0666667,0.144299,0.5,0.4,0
1.25,7.75,1.90243,-2.99573,1.19724e-06,0.00246844,0.000190962,0.0812914,True,empty floor,sound_similarity,0,0.0666667,0.226583,0,0.0666667,0.00806837,0,0.0666667,0.105121,0,0.0666667,0.0784182,0,0.0666667,0.174648,0,0.0666667,0.147413,0,0.0666667,0.126579,0,0.0666667,0.20824,0,0.0666667,0.144299,0.5,0.4,0
2,7,1.87637,-2.99573,1.14204e-06,0.00246844,0.000186508,0.0812914,True,empty floor,sound_similarity,0,0.0666667,0.226583,0,0.0666667,0.00806837,0,0.0666667,0.105121,0,0.0666667,0.0784182,0,0.0666667,0.174648,0,0.0666667,0.147413,0,0.0666667,0.126579,0,0.0666667,0.20824,0,0.0666667,0.144299,0.5,0.4,0
-0.25,7.75,1.80195,-2.99573,1.13354e-06,0.00246844,0.000185813,0.0812914,True,empty floor,sound_similarity,0,0.0666667,0.226583,0,0.0666667,0.00806837,0,0.0666667,0.105121,0,0.0666667,0.0784182,0,0.0666667,0.174648,0,0.0666667,0.147413,0,0.0666667,0.126579,0,0.0666667,0.20824,0,0.0666667,0.144299,0.5,0.4,0
0.5,7,0.947901,-2.99573,1.11544e-06,0.00246844,0.000184323,0.0812914,True,empty floor,sound_similarity,0,0.0666667,0.226583,0,0.0666667,0.00806837,0,0.0666667,0.105121,0,0.0666667,0.0784182,0,0.0666667,0.174648,0,0.0666667,0.147413,0,0.0666667,0.126579,0,0.0666667,0.20824,0,0.0666667,0.144299,0.5,0.4,0
0,5.5,0.674685,-2.99492,1.01014e-06,0.00246844,0.000175407,0.0812914,True,empty floor,sound_similarity,0,0.0666667,0.226583,0,0.0666667,0.00806837,0,0.0666667,0.105121,0,0.0666667,0.0784182,0,0.0666667,0.174648,0,0.0666667,0.147413,0,0.0666667,0.126579,0,0.0666667,0.20824,0,0.0666667,0.144299,0.5,0.4,0
0.75,5.75,0.486,-2.99573,1.75448e-06,0.00185133,0.000173377,0.0609685,True,empty floor,sound_similarity,0,0.05,0.226583,0,0.05,0.00806837,0,0.05,0.105121,0,0.05,0.0784182,0,0.05,0.174648,0,0.05,0.147413,0,0.05,0.126579,0,0.05,0.20824,0,0.05,0.144299,1,0.55,0
0.75,7,1.01146,-2.99573,9.63844e-07,0.00246844,0.000171341,0.0812914,True,empty floor,sound_similarity,0,0.0666667,0.226583,0,0.0666667,0.00806837,0,0.0666667,0.105121,0,0.0666667,0.0784182,0,0.0666667,0.174648,0,0.0666667,0.147413,0,0.0666667,0.126579,0,0.0666667,0.20824,0,0.0666667,0.144299,0.5,0.4,0
-0.5,7.25,1.4774,-2.9957,1.6243e-06,0.00185133,0.000166821,0.0609685,True,empty floor,sound_similarity,0,0.05,0.226583,0,0.05,0.00806837,0,0.05,0.105121,0,0.05,0.0784182,0,0.05,0.174648,0,0.05,0.147413,0,0.05,0.126579,0,0.05,0.20824,0,0.05,0.144299,1,0.55,0
1.5,7.5,1.82659,-2.99573,9.05356e-07,0.00246844,0.000166061,0.0812914,True,empty floor,sound_similarity,0,0.0666667,0.226583,0,0.0666667,0.00806837,0,0.0666667,0.105121,0,0.0666667,0.0784182,0,0.0666667,0.174648,0,0.0666667,0.147413,0,0.0666667,0.126579,0,0.0666667,0.20824,0,0.0666667,0.144299,0.5,0.4,0
1.75,7.25,1.81758,-2.99573,8.90976e-07,0.00246844,0.000164736,0.0812914,True,empty floor,sound_similarity,0,0.0666667,0.226583,0,0.0666667,0.00806837,0,0.0666667,0.105121,0,0.0666667,0.0784182,0,0.0666667,0.174648,0,0.0666667,0.147413,0,0.0666667,0.126579,0,0.0666667,0.20824,0,0.0666667,0.144299,0.5,0.4,0
2,6,1.6252,-2.99573,8.76026e-07,0.00246844,0.000163349,0.0812914,True,empty floor,sound_similarity,0,0.0666667,0.226583,0,0.0666667,0.00806837,0,0.0666667,0.105121,0,0.0666667,0.0784182,0,0.0666667,0.174648,0,0.0666667,0.147413,0,0.0666667,0.126579,0,0.0666667,0.20824,0,0.0666667,0.144299,0.5,0.4,0
0,5.75,0.487414,-2.83763,8.66742e-07,0.00246844,0.000162481,0.0812914,True,empty floor,sound_similarity,0,0.0666667,0.226583,0,0.0666667,0.00806837,0,0.0666667,0.105121,0,0.0666667,0.0784182,0,0.0666667,0.174648,0,0.0666667,0.147413,0,0.0666667,0.126579,0,0.0666667,0.20824,0,0.0666667,0.144299,0.5,0.4,0
1.25,5.5,1.03822,-2.99573,8.64377e-07,0.00246844,0.000162259,0.0812914,True,empty floor,sound_similarity,0,0.0666667,0.226583,0,0.0666667,0.00806837,0,0.0666667,0.105121,0,0.0666667,0.0784182,0,0.0666667,0.174648,0,0.0666667,0.147413,0,0.0666667,0.126579,0,0.0666667,0.20824,0,0.0666667,0.144299,0.5,0.4,0
1.25,6.5,0.978466,-2.99573,8.56301e-07,0.00246844,0.000161499,0.0812914,True,empty floor,sound_similarity,0,0.0666667,0.226583,0,0.0666667,0.00806837,0,0.0666667,0.105121,0,0.0666667,0.0784182,0,0.0666667,0.174648,0,0.0666667,0.147413,0,0.0666667,0.126579,0,0.0666667,0.20824,0,0.0666667,0.144299,0.5,0.4,0
1,7.75,1.80131,-2.99573,8.49359e-07,0.00246844,0.000160843,0.0812914,True,empty floor,sound_similarity,0,0.0666667,0.226583,0,0.0666667,0.00806837,0,0.0666667,0.105121,0,0.0666667,0.0784182,0,0.0666667,0.174648,0,0.0666667,0.147413,0,0.0666667,0.126579,0,0.0666667,0.20824,0,0.0666667,0.144299,0.5,0.4,0
0.5,6,0.137939,-2.99573,8.45518e-07,0.00246844,0.000160479,0.0812914,True,empty floor,sound_similarity,0,0.0666667,0.226583,0,0.0666667,0.00806837,0,0.0666667,0.105121,0,0.0666667,0.0784182,0,0.0666667,0.174648,0,0.0666667,0.147413,0,0.0666667,0.126579,0,0.0666667,0.20824,0,0.0666667,0.144299,0.5,0.4,0
0,7.75,1.73105,-2.99573,8.10326e-07,0.00246844,0.000157104,0.0812914,True,empty floor,sound_similarity,0,0.0666667,0.226583,0,0.0666667,0.00806837,0,0.0666667,0.105121,0,0.0666667,0.0784182,0,0.0666667,0.174648,0,0.0666667,0.147413,0,0.0666667,0.126579,0,0.0666667,0.20824,0,0.0666667,0.144299,0.5,0.4,0
1.25,5.25,1.19186,-2.99573,8.00239e-07,0.00246844,0.000156123,0.0812914,True,empty floor,sound_similarity,0,0.0666667,0.226583,0,0.0666667,0.00806837,0,0.0666667,0.105121,0,0.0666667,0.0784182,0,0.0666667,0.174648,0,0.0666667,0.147413,0,0.0666667,0.126579,0,0.0666667,0.20824,0,0.0666667,0.144299,0.5,0.4,0
-0.75,5.25,1.38716,-2.62349,7.9448e-07,0.00246844,0.00015556,0.0812914,True,empty floor,sound_similarity,0,0.0666667,0.226583,0,0.0666667,0.00806837,0,0.0666667,0.105121,0,0.0666667,0.0784182,0,0.0666667,0.174648,0,0.0666667,0.147413,0,0.0666667,0.126579,0,0.0666667,0.20824,0,0.0666667,0.144299,0.5,0.4,0
2,6.75,1.76448,-2.99573,7.90037e-07,0.00246844,0.000155125,0.0812914,True,empty floor,sound_similarity,0,0.0666667,0.226583,0,0.0666667,0.00806837,0,0.0666667,0.105121,0,0.0666667,0.0784182,0,0.0666667,0.174648,0,0.0666667,0.147413,0,0.0666667,0.126579,0,0.0666667,0.20824,0,0.0666667,0.144299,0.5,0.4,0
0.25,5,1.06771,-2.99573,7.62408e-07,0.00246844,0.000152388,0.0812914,True,empty floor,sound_similarity,0,0.0666667,0.226583,0,0.0666667,0.00806837,0,0.0666667,0.105121,0,0.0666667,0.0784182,0,0.0666667,0.174648,0,0.0666667,0.147413,0,0.0666667,0.126579,0,0.0666667,0.20824,0,0.0666667,0.144299,0.5,0.4,0
0.5,4.75,1.31612,-2.99573,7.09977e-07,0.00246844,0.000147055,0.0812914,True,empty floor,sound_similarity,0,0.0666667,0.226583,0,0.0666667,0.00806837,0,0.0666667,0.105121,0,0.0666667,0.0784182,0,0.0666667,0.174648,0,0.0666667,0.147413,0,0.0666667,0.126579,0,0.0666667,0.20824,0,0.0666667,0.144299,0.5,0.4,0
-0.75,5.5,1.25761,-1.58844,1.24694e-06,0.00185133,0.000146164,0.0609685,True,empty floor,sound_similarity,0,0.05,0.226583,0,0.05,0.00806837,0,0.05,0.105121,0,0.05,0.0784182,0,0.05,0.174648,0,0.05,0.147413,0,0.05,0.126579,0,0.05,0.20824,0,0.05,0.144299,1,0.55,0
0.75,7.75,1.73066,-2.99573,6.66296e-07,0.00246844,0.000142459,0.0812914,True,empty floor,sound_similarity,0,0.0666667,0.226583,0,0.0666667,0.00806837,0,0.0666667,0.105121,0,0.0666667,0.0784182,0,0.0666667,0.174648,0,0.0666667,0.147413,0,0.0666667,0.126579,0,0.0666667,0.20824,0,0.0666667,0.144299,0.5,0.4,0
0.25,7.75,1.69443,-2.99573,6.52787e-07,0.00246844,0.000141008,0.0812914,True,empty floor,sound_similarity,0,0.0666667,0.226583,0,0.0666667,0.00806837,0,0.0666667,0.105121,0,0.0666667,0.0784182,0,0.0666667,0.174648,0,0.0666667,0.147413,0,0.0666667,0.126579,0,0.0666667,0.20824,0,0.0666667,0.144299,0.5,0.4,0
0.5,5.5,0.573831,-2.99573,6.46575e-07,0.00246844,0.000140335,0.0812914,True,empty floor,sound_similarity,0,0.0666667,0.226583,0,0.0666667,0.00806837,0,0.0666667,0.105121,0,0.0666667,0.0784182,0,0.0666667,0.174648,0,0.0666667,0.147413,0,0.0666667,0.126579,0,0.0666667,0.20824,0,0.0666667,0.144299,0.5,0.4,0
0,5.25,0.893212,-2.99571,6.29018e-07,0.00246844,0.000138417,0.0812914,True,empty floor,sound_similarity,0,0.0666667,0.226583,0,0.0666667,0.00806837,0,0.0666667,0.105121,0,0.0666667,0.0784182,0,0.0666667,0.174648,0,0.0666667,0.147413,0,0.0666667,0.126579,0,0.0666667,0.20824,0,0.0666667,0.144299,0.5,0.4,0
0.25,5.25,0.819981,-2.99573,6.08469e-07,0.00246844,0.000136137,0.0812914,True,empty floor,sound_similarity,0,0.0666667,0.226583,0,0.0666667,0.00806837,0,0.0666667,0.105121,0,0.0666667,0.0784182,0,0.0666667,0.174648,0,0.0666667,0.147413,0,0.0666667,0.126579,0,0.0666667,0.20824,0,0.0666667,0.144299,0.5,0.4,0
0.5,7.75,1.69429,-2.99573,6.07161e-07,0.00246844,0.000135991,0.0812914,True,empty floor,sound_similarity,0,0.0666667,0.226583,0,0.0666667,0.00806837,0,0.0666667,0.105121,0,0.0666667,0.0784182,0,0.0666667,0.174648,0,0.0666667,0.147413,0,0.0666667,0.126579,0,0.0666667,0.20824,0,0.0666667,0.144299,0.5,0.4,0
-0.5,5.75,0.929242,-0.755621,1.07938e-06,0.00185133,0.00013599,0.0609685,True,empty floor,sound_similarity,0,0.05,0.226583,0,0.05,0.00806837,0,0.05,0.105121,0,0.05,0.0784182,0,0.05,0.174648,0,0.05,0.147413,0,0.05,0.126579,0,0.05,0.20824,0,0.05,0.144299,1,0.55,0
0.25,7,0.948143,-2.99573,6.016e-07,0.00246844,0.000135366,0.0812914,True,empty floor,sound_similarity,0,0.0666667,0.226583,0,0.0666667,0.00806837,0,0.0666667,0.105121,0,0.0666667,0.0784182,0,0.0666667,0.174648,0,0.0666667,0.147413,0,0.0666667,0.126579,0,0.0666667,0.20824,0,0.0666667,0.144299,0.5,0.4,0
2,6.5,1.68256,-2.99573,6.01191e-07,0.00246844,0.00013532,0.0812914,True,empty floor,sound_similarity,0,0.0666667,0.226583,0,0.0666667,0.00806837,0,0.0666667,0.105121,0,0.0666667,0.0784182,0,0.0666667,0.174648,0,0.0666667,0.147413,0,0.0666667,0.126579,0,0.0666667,0.20824,0,0.0666667,0.144299,0.5,0.4,0
1.5,6,1.1257,-2.99573,5.58621e-07,0.00246844,0.000130441,0.0812914,True,empty floor,sound_similarity,0,0.0666667,0.226583,0,0.0666667,0.00806837,0,0.0666667,0.105121,0,0.0666667,0.0784182,0,0.0666667,0.174648,0,0.0666667,0.147413,0,0.0666667,0.126579,0,0.0666667,0.20824,0,0.0666667,0.144299,0.5,0.4,0
2,6.25,1.63513,-2.99573,5.50014e-07,0.00246844,0.000129433,0.0812914,True,empty floor,sound_similarity,0,0.0666667,0.226583,0,0.0666667,0.00806837,0,0.0666667,0.105121,0,0.0666667,0.0784182,0,0.0666667,0.174648,0,0.0666667,0.147413,0,0.0666667,0.126579,0,0.0666667,0.20824,0,0.0666667,0.144299,0.5,0.4,0
1,5.5,0.838668,-2.99573,5.29391e-07,0.00246844,0.000126983,0.0812914,True,empty floor,sound_similarity,0,0.0666667,0.226583,0,0.0666667,0.00806837,0,0.0666667,0.105121,0,0.0666667,0.0784182,0,0.0666667,0.174648,0,0.0666667,0.147413,0,0.0666667,0.126579,0,0.0666667,0.20824,0,0.0666667,0.144299,0.5,0.4,0
-0.25,5.75,0.698593,-1.57702,5.24245e-07,0.00246844,0.000126364,0.0812914,True,empty floor,sound_similarity,0,0.0666667,0.226583,0,0.0666667,0.00806837,0,0.0666667,0.105121,0,0.0666667,0.0784182,0,0.0666667,0.174648,0,0.0666667,0.147413,0,0.0666667,0.126579,0,0.0666667,0.20824,0,0.0666667,0.144299,0.5,0.4,0
1.25,7.5,1.68431,-2.99573,5.01806e-07,0.00246844,0.00012363,0.0812914,True,empty floor,sound_similarity,0,0.0666667,0.226583,0,0.0666667,0.00806837,0,0.0666667,0.105121,0,0.0666667,0.0784182,0,0.0666667,0.174648,0,0.0666667,0.147413,0,0.0666667,0.126579,0,0.0666667,0.20824,0,0.0666667,0.144299,0.5,0.4,0
1.75,7,1.6647,-2.99573,4.83848e-07,0.00246844,0.000121398,0.0812914,True,empty floor,sound_similarity,0,0.0666667,0.226583,0,0.0666667,0.00806837,0,0.0666667,0.105121,0,0.0666667,0.0784182,0,0.0666667,0.174648,0,0.0666667,0.147413,0,0.0666667,0.126579,0,0.0666667,0.20824,0,0.0666667,0.144299,0.5,0.4,0
-0.25,5.25,1.02386,-2.9925,4.29329e-07,0.00246844,0.000114354,0.0812914,True,empty floor,sound_similarity,0,0.0666667,0.226583,0,0.0666667,0.00806837,0,0.0666667,0.105121,0,0.0666667,0.0784182,0,0.0666667,0.174648,0,0.0666667,0.147413,0,0.0666667,0.126579,0,0.0666667,0.20824,0,0.0666667,0.144299,0.5,0.4,0
-0.5,5.25,1.19321,-2.92873,4.16743e-07,0.00246844,0.000112666,0.0812914,True,empty floor,sound_similarity,0,0.0666667,0.226583,0,0.0666667,0.00806837,0,0.0666667,0.105121,0,0.0666667,0.0784182,0,0.0666667,0.174648,0,0.0666667,0.147413,0,0.0666667,0.126579,0,0.0666667,0.20824,0,0.0666667,0.144299,0.5,0.4,0
1.75,6,1.3754,-2.99573,4.15152e-07,0.00246844,0.00011245,0.0812914,True,empty floor,sound_similarity,0,0.0666667,0.226583,0,0.0666667,0.00806837,0,0.0666667,0.105121,0,0.0666667,0.0784182,0,0.0666667,0.174648,0,0.0666667,0.147413,0,0.0666667,0.126579,0,0.0666667,0.20824,0,0.0666667,0.144299,0.5,0.4,0
1.5,7.25,1.63678,-2.99573,4.02411e-07,0.00246844,0.000110711,0.0812914,True,empty floor,sound_similarity,0,0.0666667,0.226583,0,0.0666667,0.00806837,0,0.0666667,0.105121,0,0.0666667,0.0784182,0,0.0666667,0.174648,0,0.0666667,0.147413,0,0.0666667,0.126579,0,0.0666667,0.20824,0,0.0666667,0.144299,0.5,0.4,0
1,4.75,1.45129,-2.99573,6.9469e-07,0.00185133,0.000109097,0.0609685,True,empty floor,sound_similarity,0,0.05,0.226583,0,0.05,0.00806837,0,0.05,0.105121,0,0.05,0.0784182,0,0.05,0.174648,0,0.05,0.147413,0,0.05,0.126579,0,0.05,0.20824,0,0.05,0.144299,1,0.55,0
1,7,1.1281,-2.99573,3.87475e-07,0.00246844,0.000108637,0.0812914,True,empty floor,sound_similarity,0,0.0666667,0.226583,0,0.0666667,0.00806837,0,0.0666667,0.105121,0,0.0666667,0.0784182,0,0.0666667,0.174648,0,0.0666667,0.147413,0,0.0666667,0.126579,0,0.0666667,0.20824,0,0.0666667,0.144299,0.5,0.4,0
0.75,4.75,1.36261,-2.99573,3.81883e-07,0.00246844,0.00010785,0.0812914,True,empty floor,sound_similarity,0,0.0666667,0.226583,0,0.0666667,0.00806837,0,0.0666667,0.105121,0,0.0666667,0.0784182,0,0.0666667,0.174648,0,0.0666667,0.147413,0,0.0666667,0.126579,0,0.0666667,0.20824,0,0.0666667,0.144299,0.5,0.4,0
0,7,1.01214,-2.99573,3.4426e-07,0.00246844,0.0001024,0.0812914,True,empty floor,sound_similarity,0,0.0666667,0.226583,0,0.0666667,0.00806837,0,0.0666667,0.105121,0,0.0666667,0.0784182,0,0.0666667,0.174648,0,0.0666667,0.147413,0,0.0666667,0.126579,0,0.0666667,0.20824,0,0.0666667,0.144299,0.5,0.4,0
0.75,5.5,0.673664,-2.99573,3.21817e-07,0.00246844,9.9006e-05,0.0812914,True,empty floor,sound_similarity,0,0.0666667,0.226583,0,0.0666667,0.00806837,0,0.0666667,0.105121,0,0.0666667,0.0784182,0,0.0666667,0.174648,0,0.0666667,0.147413,0,0.0666667,0.126579,0,0.0666667,0.20824,0,0.0666667,0.144299,0.5,0.4,0
-0.25,7.25,1.34435,-2.99573,2.9644e-07,0.00246844,9.50223e-05,0.0812914,True,empty floor,sound_similarity,0,0.0666667,0.226583,0,0.0666667,0.00806837,0,0.0666667,0.105121,0,0.0666667,0.0784182,0,0.0666667,0.174648,0,0.0666667,0.147413,0,0.0666667,0.126579,0,0.0666667,0.20824,0,0.0666667,0.144299,0.5,0.4,0
1,7.5,1.56919,-2.99573,2.92384e-07,0.00246844,9.43701e-05,0.0812914,True,empty floor,sound_similarity,0,0.0666667,0.226583,0,0.0666667,0.00806837,0,0.0666667,0.105121,0,0.0666667,0.0784182,0,0.0666667,0.174648,0,0.0666667,0.147413,0,0.0666667,0.126579,0,0.0666667,0.20824,0,0.0666667,0.144299,0.5,0.4,0
1.75,6.75,1.53748,-2.99573,2.74516e-07,0.00246844,9.14411e-05,0.0812914,True,empty floor,sound_similarity,0,0.0666667,0.226583,0,0.0666667,0.00806837,0,0.0666667,0.105121,0,0.0666667,0.0784182,0,0.0666667,0.174648,0,0.0666667,0.147413,0,0.0666667,0.126579,0,0.0666667,0.20824,0,0.0666667,0.144299,0.5,0.4,0
-0.25,7,1.12911,-2.99572,4.74164e-07,0.00185133,9.01327e-05,0.0609685,True,empty floor,sound_similarity,0,0.05,0.226583,0,0.05,0.00806837,0,0.05,0.105121,0,0.05,0.0784182,0,0.05,0.174648,0,0.05,0.147413,0,0.05,0.126579,0,0.05,0.20824,0,0.05,0.144299,1,0.55,0
0.75,7.5,1.48755,-2.99573,2.02207e-07,0.00246844,7.84793e-05,0.0812914,True,empty floor,sound_similarity,0,0.0666667,0.226583,0,0.0666667,0.00806837,0,0.0666667,0.105121,0,0.0666667,0.0784182,0,0.0666667,0.174648,0,0.0666667,0.147413,0,0.0666667,0.126579,0,0.0666667,0.20824,0,0.0666667,0.144299,0.5,0.4,0
0.25,7.5,1.44524,-2.99573,2.00358e-07,0.00246844,7.81198e-05,0.0812914,True,empty floor,sound_similarity,0,0.0666667,0.226583,0,0.0666667,0.00806837,0,0.0666667,0.105121,0,0.0666667,0.0784182,0,0.0666667,0.174648,0,0.0666667,0.147413,0,0.0666667,0.126579,0,0.0666667,0.20824,0,0.0666667,0.144299,0.5,0.4,0
1.75,6.5,1.44273,-2.99573,1.83125e-07,0.00246844,7.46846e-05,0.0812914,True,empty floor,sound_similarity,0,0.0666667,0.226583,0,0.0666667,0.00806837,0,0.0666667,0.105121,0,0.0666667,0.0784182,0,0.0666667,0.174648,0,0.0666667,0.147413,0,0.0666667,0.126579,0,0.0666667,0.20824,0,0.0666667,0.144299,0.5,0.4,0
0.5,7.5,1.44508,-2.99573,1.77981e-07,0.00246844,7.36282e-05,0.0812914,True,empty floor,sound_similarity,0,0.0666667,0.226583,0,0.0666667,0.00806837,0,0.0666667,0.105121,0,0.0666667,0.0784182,0,0.0666667,0.174648,0,0.0666667,0.147413,0,0.0666667,0.126579,0,0.0666667,0.20824,0,0.0666667,0.144299,0.5,0.4,0
1.25,7.25,1.47632,-2.99573,1.74153e-07,0.00246844,7.28321e-05,0.0812914,True,empty floor,sound_similarity,0,0.0666667,0.226583,0,0.0666667,0.00806837,0,0.0666667,0.105121,0,0.0666667,0.0784182,0,0.0666667,0.174648,0,0.0666667,0.147413,0,0.0666667,0.126579,0,0.0666667,0.20824,0,0.0666667,0.144299,0.5,0.4,0
1.5,7,1.46516,-2.99573,1.71e-07,0.00246844,7.21698e-05,0.0812914,True,empty floor,sound_similarity,0,0.0666667,0.226583,0,0.0666667,0.00806837,0,0.0666667,0.105121,0,0.0666667,0.0784182,0,0.0666667,0.174648,0,0.0666667,0.147413,0,0.0666667,0.126579,0,0.0666667,0.20824,0,0.0666667,0.144299,0.5,0.4,0
1.75,6.25,1.38712,-2.99573,1.67076e-07,0.00246844,7.13371e-05,0.0812914,True,empty floor,sound_similarity,0,0.0666667,0.226583,0,0.0666667,0.00806837,0,0.0666667,0.105121,0,0.0666667,0.0784182,0,0.0666667,0.174648,0,0.0666667,0.147413,0,0.0666667,0.126579,0,0.0666667,0.20824,0,0.0666667,0.144299,0.5,0.4,0
1.5,6.25,1.13998,-2.99573,1.65712e-07,0.00246844,7.10451e-05,0.0812914,True,empty floor,sound_similarity,0,0.0666667,0.226583,0,0.0666667,0.00806837,0,0.0666667,0.105121,0,0.0666667,0.0784182,0,0.0666667,0.174648,0,0.0666667,0.147413,0,0.0666667,0.126579,0,0.0666667,0.20824,0,0.0666667,0.144299,0.5,0.4,0
0.5,5,1.06749,-2.99573,1.65366e-07,0.00246844,7.09709e-05,0.0812914,True,empty floor,sound_similarity,0,0.0666667,0.226583,0,0.0666667,0.00806837,0,0.0666667,0.105121,0,0.0666667,0.0784182,0,0.0666667,0.174648,0,0.0666667,0.147413,0,0.0666667,0.126579,0,0.0666667,0.20824,0,0.0666667,0.144299,0.5,0.4,0
-0.5,5.5,1.03977,-2.33905,1.49799e-07,0.00246844,6.75479e-05,0.0812914,True,empty floor,sound_similarity,0,0.0666667,0.226583,0,0.0666667,0.00806837,0,0.0666667,0.105121,0,0.0666667,0.0784182,0,0.0666667,0.174648,0,0.0666667,0.147413,0,0.0666667,0.126579,0,0.0666667,0.20824,0,0.0666667,0.144299,0.5,0.4,0
1,5,1.23029,-2.99573,2.60757e-07,0.00185133,6.68401e-05,0.0609685,True,empty floor,sound_similarity,0,0.05,0.226583,0,0.05,0.00806837,0,0.05,0.105121,0,0.05,0.0784182,0,0.05,0.174648,0,0.05,0.147413,0,0.05,0.126579,0,0.05,0.20824,0,0.05,0.144299,1,0.55,0
0.5,7.25,1.1962,-2.99573,1.43835e-07,0.00246844,6.61897e-05,0.0812914,True,empty floor,sound_similarity,0,0.0666667,0.226583,0,0.0666667,0.00806837,0,0.0666667,0.105121,0,0.0666667,0.0784182,0,0.0666667,0.174648,0,0.0666667,0.147413,0,0.0666667,0.126579,0,0.0666667,0.20824,0,0.0666667,0.144299,0.5,0.4,0
0.75,7.25,1.24717,-2.99573,1.35194e-07,0.00246844,6.41707e-05,0.0812914,True,empty floor,sound_similarity,0,0.0666667,0.226583,0,0.0666667,0.00806837,0,0.0666667,0.105121,0,0.0666667,0.0784182,0,0.0666667,0.174648,0,0.0666667,0.147413,0,0.0666667,0.126579,0,0.0666667,0.20824,0,0.0666667,0.144299,0.5,0.4,0
0.5,5.25,0.819701,-2.99573,1.30989e-07,0.00246844,6.31649e-05,0.0812914,True,empty floor,sound_similarity,0,0.0666667,0.226583,0,0.0666667,0.00806837,0,0.0666667,0.105121,0,0.0666667,0.0784182,0,0.0666667,0.174648,0,0.0666667,0.147413,0,0.0666667,0.126579,0,0.0666667,0.20824,0,0.0666667,0.144299,0.5,0.4,0
1.25,7,1.28341,-2.99573,1.26178e-07,0.00246844,6.19941e-05,0.0812914,True,empty floor,sound_similarity,0,0.0666667,0.226583,0,0.0666667,0.00806837,0,0.0666667,0.105121,0,0.0666667,0.0784182,0,0.0666667,0.174648,0,0.0666667,0.147413,0,0.0666667,0.126579,0,0.0666667,0.20824,0,0.0666667,0.144299,0.5,0.4,0
1.5,6.5,1.20704,-2.99573,1.24811e-07,0.00246844,6.16574e-05,0.0812914,True,empty floor,sound_similarity,0,0.0666667,0.226583,0,0.0666667,0.00806837,0,0.0666667,0.105121,0,0.0666667,0.0784182,0,0.0666667,0.174648,0,0.0666667,0.147413,0,0.0666667,0.126579,0,0.0666667,0.20824,0,0.0666667,0.144299,0.5,0.4,0
1,5.25,1.02274,-2.99573,1.23821e-07,0.00246844,6.14123e-05,0.0812914,True,empty floor,sound_similarity,0,0.0666667,0.226583,0,0.0666667,0.00806837,0,0.0666667,0.105121,0,0.0666667,0.0784182,0,0.0666667,0.174648,0,0.0666667,0.147413,0,0.0666667,0.126579,0,0.0666667,0.20824,0,0.0666667,0.144299,0.5,0.4,0
1,7.25,1.34349,-2.99573,1.13555e-07,0.00246844,5.88113e-05,0.0812914,True,empty floor,sound_similarity,0,0.0666667,0.226583,0,0.0666667,0.00806837,0,0.0666667,0.105121,0,0.0666667,0.0784182,0,0.0666667,0.174648,0,0.0666667,0.147413,0,0.0666667,0.126579,0,0.0666667,0.20824,0,0.0666667,0.144299,0.5,0.4,0
0.25,7.25,1.19639,-2.99573,1.09282e-07,0.00246844,5.76942e-05,0.0812914,True,empty floor,sound_similarity,0,0.0666667,0.226583,0,0.0666667,0.00806837,0,0.0666667,0.105121,0,0.0666667,0.0784182,0,0.0666667,0.174648,0,0.0666667,0.147413,0,0.0666667,0.126579,0,0.0666667,0.20824,0,0.0666667,0.144299,0.5,0.4,0
1.5,6.75,1.31883,-2.99573,1.0871e-07,0.00246844,5.7543e-05,0.0812914,True,empty floor,sound_similarity,0,0.0666667,0.226583,0,0.0666667,0.00806837,0,0.0666667,0.105121,0,0.0666667,0.0784182,0,0.0666667,0.174648,0,0.0666667,0.147413,0,0.0666667,0.126579,0,0.0666667,0.20824,0,0.0666667,0.144299,0.5,0.4,0
0,7.25,1.24772,-2.99573,1.02171e-07,0.00246844,5.57856e-05,0.0812914,True,empty floor,sound_similarity,0,0.0666667,0.226583,0,0.0666667,0.00806837,0,0.0666667,0.105121,0,0.0666667,0.0784182,0,0.0666667,0.174648,0,0.0666667,0.147413,0,0.0666667,0.126579,0,0.0666667,0.20824,0,0.0666667,0.144299,0.5,0.4,0
-0.25,5.5,0.840035,-2.90887,9.67735e-08,0.00246844,5.42922e-05,0.0812914,True,empty floor,sound_similarity,0,0.0666667,0.226583,0,0.0666667,0.00806837,0,0.0666667,0.105121,0,0.0666667,0.0784182,0,0.0666667,0.174648,0,0.0666667,0.147413,0,0.0666667,0.126579,0,0.0666667,0.20824,0,0.0666667,0.144299,0.5,0.4,0
0.75,5,1.12431,-2.99573,9.60338e-08,0.00246844,5.40842e-05,0.0812914,True,empty floor,sound_similarity,0,0.0666667,0.226583,0,0.0666667,0.00806837,0,0.0666667,0.105121,0,0.0666667,0.0784182,0,0.0666667,0.174648,0,0.0666667,0.147413,0,0.0666667,0.126579,0,0.0666667,0.20824,0,0.0666667,0.144299,0.5,0.4,0
0.75,5.25,0.892441,-2.99573,5.91738e-08,0.00246844,4.24546e-05,0.0812914,True,empty floor,sound_similarity,0,0.0666667,0.226583,0,0.0666667,0.00806837,0,0.0666667,0.105121,0,0.0666667,0.0784182,0,0.0666667,0.174648,0,0.0666667,0.147413,0,0.0666667,0.126579,0,0.0666667,0.20824,0,0.0666667,0.144299,0.5,0.4,0
