x,y,dist_robot,snd_loglik,snd_post,vis_post,fused,vis_like,observed,mle_class,vis_phrase_source,ev_tv,post_tv,sim_tv,ev_chair,post_chair,sim_chair,ev_couch,post_couch,sim_couch,ev_toilet,post_toilet,sim_toilet,ev_microwave,post_microwave,sim_microwave,ev_oven,post_oven,sim_oven,ev_sink,post_sink,sim_sink,ev_refrigerator,post_refrigerator,sim_refrigerator,ev_clock,post_clock,sim_clock,ev_empty_floor,post_empty_floor,sim_empty_floor
-2.25,5.75,2.64056,-0.0315778,0.0771736,0.0062676,0.202477,0.0812415,True,clock,sound_similarity,0,0.04,0.15149,0,0.04,0,0,0.04,0.0603777,0,0.04,0,0,0.04,0.0728492,0,0.04,0.0600808,0,0.04,0,0,0.04,0,1,0.44,0.153294,0.5,0.24,0
-2.25,5.5,2.68197,-0.0248165,0.0162274,0.00687383,0.101827,0.0890995,True,clock,sound_similarity,0,0.025,0.15149,0,0.025,0,0,0.025,0.0603777,0,0.025,0,0,0.025,0.0728492,0,0.025,0.0600808,0,0.025,0,0,0.025,0,2,0.525,0.153294,1,0.275,0
-2.25,6.25,2.62806,-0.726856,0.184074,0.00128089,0.0639072,0.0166031,True,empty floor,sound_similarity,0,0.0333333,0.15149,0,0.0333333,0,0,0.0333333,0.0603777,0,0.0333333,0,0,0.0333333,0.0728492,0,0.0333333,0.0600808,0,0.0333333,0,0,0.0333333,0,0,0.0333333,0.153294,2,0.7,0
-2.25,6,2.62243,-0.268684,0.184021,0.00128089,0.0638979,0.0166031,True,empty floor,sound_similarity,0,0.0333333,0.15149,0,0.0333333,0,0,0.0333333,0.0603777,0,0.0333333,0,0,0.0333333,0.0728492,0,0.0333333,0.0600808,0,0.0333333,0,0,0.0333333,0,0,0.0333333,0.153294,2,0.7,0
-2,6,2.37252,-0.258994,0.102686,0.00128089,0.0477319,0.0166031,True,empty floor,sound_similarity,0,0.0333333,0.15149,0,0.0333333,0,0,0.0333333,0.0603777,0,0.0333333,0,0,0.0333333,0.0728492,0,0.0333333,0.0600808,0,0.0333333,0,0,0.0333333,0,0,0.0333333,0.153294,2,0.7,0
-2,6.25,2.37874,-0.770522,0.0995327,0.00128089,0.0469933,0.0166031,True,empty floor,sound_similarity,0,0.0333333,0.15149,0,0.0333333,0,0,0.0333333,0.0603777,0,0.0333333,0,0,0.0333333,0.0728492,0,0.0333333,0.0600808,0,0.0333333,0,0,0.0333333,0,0,0.0333333,0.153294,2,0.7,0
-2.25,6.5,2.65731,-1.35236,0.0708985,0.00128089,0.0396617,0.0166031,True,empty floor,sound_similarity,0,0.0333333,0.15149,0,0.0333333,0,0,0.0333333,0.0603777,0,0.0333333,0,0,0.0333333,0.0728492,0,0.0333333,0.0600808,0,0.0333333,0,0,0.0333333,0,0,0.0333333,0.153294,2,0.7,0
-1.75,6,2.12262,-0.24726,0.0474764,0.00128089,0.0324558,0.0166031,True,empty floor,sound_similarity,0,0.0333333,0.15149,0,0.0333333,0,0,0.0333333,0.0603777,0,0.0333333,0,0,0.0333333,0.0728492,0,0.0333333,0.0600808,0,0.0333333,0,0,0.0333333,0,0,0.0333333,0.153294,2,0.7,0
-1.75,6.25,2.12958,-0.825862,0.0438003,0.00128089,0.0311739,0.0166031,True,empty floor,sound_similarity,0,0.0333333,0.15149,0,0.0333333,0,0,0.0333333,0.0603777,0,0.0333333,0,0,0.0333333,0.0728492,0,0.0333333,0.0600808,0,0.0333333,0,0,0.0333333,0,0,0.0333333,0.153294,2,0.7,0
-2,5.75,2.39254,-0.0175631,0.0381432,0.00128089,0.0290912,0.0166031,True,empty floor,sound_similarity,0,0.0333333,0.15149,0,0.0333333,0,0,0.0333333,0.0603777,0,0.0333333,0,0,0.0333333,0.0728492,0,0.0333333,0.0600808,0,0.0333333,0,0,0.0333333,0,0,0.0333333,0.153294,2,0.7,0
-2,6.5,2.41102,-1.47662,0.0315918,0.00128089,0.0264752,0.0166031,True,empty floor,sound_similarity,0,0.0333333,0.15149,0,0.0333333,0,0,0.0333333,0.0603777,0,0.0333333,0,0,0.0333333,0.0728492,0,0.0333333,0.0600808,0,0.0333333,0,0,0.0333333,0,0,0.0333333,0.153294,2,0.7,0
-2,7,2.54896,-2.69288,0.000556256,0.0078345,0.0214877,0.101552,True,clock,sound_similarity,0,0.05,0.15149,0,0.05,0,0,0.05,0.0603777,0,0.05,0,0,0.05,0.0728492,0,0.05,0.0600808,0,0.05,0,0,0.05,0,1,0.55,0.153294,0,0.05,0
-1.5,6,1.87276,-0.232773,0.0171253,0.00128089,0.0194927,0.0166031,True,empty floor,sound_similarity,0,0.0333333,0.15149,0,0.0333333,0,0,0.0333333,0.0603777,0,0.0333333,0,0,0.0333333,0.0728492,0,0.0333333,0.0600808,0,0.0333333,0,0,0.0333333,0,0,0.0333333,0.153294,2,0.7,0
-1.75,5.75,2.14498,-0.0059099,0.0151164,0.00128089,0.0183137,0.0166031,True,empty floor,sound_similarity,0,0.0333333,0.15149,0,0.0333333,0,0,0.0333333,0.0603777,0,0.0333333,0,0,0.0333333,0.0728492,0,0.0333333,0.0600808,0,0.0333333,0,0,0.0333333,0,0,0.0333333,0.153294,2,0.7,0
-1.5,6.25,1.88064,-0.898065,0.0145926,0.00128089,0.0179937,0.0166031,True,empty floor,sound_similarity,0,0.0333333,0.15149,0,0.0333333,0,0,0.0333333,0.0603777,0,0.0333333,0,0,0.0333333,0.0728492,0,0.0333333,0.0600808,0,0.0333333,0,0,0.0333333,0,0,0.0333333,0.153294,2,0.7,0
-2.25,6.75,2.70941,-2.0219,0.0127469,0.00128089,0.0168172,0.0166031,True,empty floor,sound_similarity,0,0.0333333,0.15149,0,0.0333333,0,0,0.0333333,0.0603777,0,0.0333333,0,0,0.0333333,0.0728492,0,0.0333333,0.0600808,0,0.0333333,0,0,0.0333333,0,0,0.0333333,0.153294,2,0.7,0
-1.75,6.5,2.16557,-1.63092,0.0108248,0.00128089,0.0154975,0.0166031,True,empty floor,sound_similarity,0,0.0333333,0.15149,0,0.0333333,0,0,0.0333333,0.0603777,0,0.0333333,0,0,0.0333333,0.0728492,0,0.0333333,0.0600808,0,0.0333333,0,0,0.0333333,0,0,0.0333333,0.153294,2,0.7,0
-1.5,5.75,1.89807,-4.48273e-05,0.00444313,0.00128089,0.00992881,0.0166031,True,empty floor,sound_similarity,0,0.0333333,0.15149,0,0.0333333,0,0,0.0333333,0.0603777,0,0.0333333,0,0,0.0333333,0.0728492,0,0.0333333,0.0600808,0,0.0333333,0,0,0.0333333,0,0,0.0333333,0.153294,2,0.7,0
-1.25,6,1.62294,-0.214469,0.00441385,0.00128089,0.00989604,0.0166031,True,empty floor,sound_similarity,0,0.0333333,0.15149,0,0.0333333,0,0,0.0333333,0.0603777,0,0.0333333,0,0,0.0333333,0.0728492,0,0.0333333,0.0600808,0,0.0333333,0,0,0.0333333,0,0,0.0333333,0.153294,2,0.7,0
-0.25,6,0.62508,-0.0527305,0.00333648,0.00128089,0.00860393,0.0166031,True,empty floor,sound_similarity,0,0.0333333,0.15149,0,0.0333333,0,0,0.0333333,0.0603777,0,0.0333333,0,0,0.0333333,0.0728492,0,0.0333333,0.0600808,0,0.0333333,0,0,0.0333333,0,0,0.0333333,0.153294,2,0.7,0
-1.25,6.25,1.63203,-0.995759,0.00329671,0.00128089,0.0085525,0.0166031,True,empty floor,sound_similarity,0,0.0333333,0.15149,0,0.0333333,0,0,0.0333333,0.0603777,0,0.0333333,0,0,0.0333333,0.0728492,0,0.0333333,0.0600808,0,0.0333333,0,0,0.0333333,0,0,0.0333333,0.153294,2,0.7,0
0,6,0.37739,-0.000522404,0.00216868,0.00153707,0.00832398,0.0199237,True,empty floor,sound_similarity,0,0.04,0.15149,0,0.04,0,0,0.04,0.0603777,0,0.04,0,0,0.04,0.0728492,0,0.04,0.0600808,0,0.04,0,0,0.04,0,0,0.04,0.153294,1.5,0.64,0
-1.5,6.5,1.9213,-1.82433,0.00260415,0.00128089,0.00760127,0.0166031,True,empty floor,sound_similarity,0,0.0333333,0.15149,0,0.0333333,0,0,0.0333333,0.0603777,0,0.0333333,0,0,0.0333333,0.0728492,0,0.0333333,0.0600808,0,0.0333333,0,0,0.0333333,0,0,0.0333333,0.153294,2,0.7,0
-2.25,5.25,2.74561,-0.228677,0.00211834,0.00128089,0.00685568,0.0166031,True,empty floor,sound_similarity,0,0.0333333,0.15149,0,0.0333333,0,0,0.0333333,0.0603777,0,0.0333333,0,0,0.0333333,0.0728492,0,0.0333333,0.0600808,0,0.0333333,0,0,0.0333333,0,0,0.0333333,0.153294,2,0.7,0
-1.75,5.5,2.19576,-0.1095,0.00185058,0.00128089,0.00640776,0.0166031,True,empty floor,sound_similarity,0,0.0333333,0.15149,0,0.0333333,0,0,0.0333333,0.0603777,0,0.0333333,0,0,0.0333333,0.0728492,0,0.0333333,0.0600808,0,0.0333333,0,0,0.0333333,0,0,0.0333333,0.153294,2,0.7,0
-2.25,7,2.78307,-2.55185,0.00174734,0.00128089,0.00622646,0.0166031,True,empty floor,sound_similarity,0,0.0333333,0.15149,0,0.0333333,0,0,0.0333333,0.0603777,0,0.0333333,0,0,0.0333333,0.0728492,0,0.0333333,0.0600808,0,0.0333333,0,0,0.0333333,0,0,0.0333333,0.153294,2,0.7,0
-1.75,6.75,2.22919,-2.39018,0.00118538,0.00128089,0.0051284,0.0166031,True,empty floor,sound_similarity,0,0.0333333,0.15149,0,0.0333333,0,0,0.0333333,0.0603777,0,0.0333333,0,0,0.0333333,0.0728492,0,0.0333333,0.0600808,0,0.0333333,0,0,0.0333333,0,0,0.0333333,0.153294,2,0.7,0
-0.5,6,0.874087,-0.114383,0.000858619,0.00128089,0.00436469,0.0166031,True,empty floor,sound_similarity,0,0.0333333,0.15149,0,0.0333333,0,0,0.0333333,0.0603777,0,0.0333333,0,0,0.0333333,0.0728492,0,0.0333333,0.0600808,0,0.0333333,0,0,0.0333333,0,0,0.0333333,0.153294,2,0.7,0
-1.25,5.75,1.65207,-0.00712806,0.000857718,0.00128089,0.00436239,0.0166031,True,empty floor,sound_similarity,0,0.0333333,0.15149,0,0.0333333,0,0,0.0333333,0.0603777,0,0.0333333,0,0,0.0333333,0.0728492,0,0.0333333,0.0600808,0,0.0333333,0,0,0.0333333,0,0,0.0333333,0.153294,2,0.7,0
-1,6,1.37318,-0.190684,0.000726469,0.00128089,0.00401477,0.0166031,True,empty floor,sound_similarity,0,0.0333333,0.15149,0,0.0333333,0,0,0.0333333,0.0603777,0,0.0333333,0,0,0.0333333,0.0728492,0,0.0333333,0.0600808,0,0.0333333,0,0,0.0333333,0,0,0.0333333,0.153294,2,0.7,0
-1,6.25,1.38391,-1.13421,0.000433863,0.00128089,0.00310262,0.0166031,True,empty floor,sound_similarity,0,0.0333333,0.15149,0,0.0333333,0,0,0.0333333,0.0603777,0,0.0333333,0,0,0.0333333,0.0728492,0,0.0333333,0.0600808,0,0.0333333,0,0,0.0333333,0,0,0.0333333,0.153294,2,0.7,0
-1.25,6.5,1.67872,-2.06628,0.000386792,0.00128089,0.00292948,0.0166031,True,empty floor,sound_similarity,0,0.0333333,0.15149,0,0.0333333,0,0,0.0333333,0.0603777,0,0.0333333,0,0,0.0333333,0.0728492,0,0.0333333,0.0600808,0,0.0333333,0,0,0.0333333,0,0,0.0333333,0.153294,2,0.7,0
-1.5,5.5,1.95527,-0.201782,0.000368881,0.00128089,0.00286085,0.0166031,True,empty floor,sound_similarity,0,0.0333333,0.15149,0,0.0333333,0,0,0.0333333,0.0603777,0,0.0333333,0,0,0.0333333,0.0728492,0,0.0333333,0.0600808,0,0.0333333,0,0,0.0333333,0,0,0.0333333,0.153294,2,0.7,0
-2.25,7.25,2.87664,-2.83804,0.000293399,0.00128089,0.00255142,0.0166031,True,empty floor,sound_similarity,0,0.0333333,0.15149,0,0.0333333,0,0,0.0333333,0.0603777,0,0.0333333,0,0,0.0333333,0.0728492,0,0.0333333,0.0600808,0,0.0333333,0,0,0.0333333,0,0,0.0333333,0.153294,2,0.7,0
-2.25,5,2.82998,-0.602806,0.000238807,0.00128089,0.00230185,0.0166031,True,empty floor,sound_similarity,0,0.0333333,0.15149,0,0.0333333,0,0,0.0333333,0.0603777,0,0.0333333,0,0,0.0333333,0.0728492,0,0.0333333,0.0600808,0,0.0333333,0,0,0.0333333,0,0,0.0333333,0.153294,2,0.7,0
-1.5,6.75,1.99273,-2.59017,0.000227413,0.00128089,0.00224626,0.0166031,True,empty floor,sound_similarity,0,0.0333333,0.15149,0,0.0333333,0,0,0.0333333,0.0603777,0,0.0333333,0,0,0.0333333,0.0728492,0,0.0333333,0.0600808,0,0.0333333,0,0,0.0333333,0,0,0.0333333,0.153294,2,0.7,0
-0.25,6.25,0.648312,-2.24377,0.000200457,0.00128089,0.00210893,0.0166031,True,empty floor,sound_similarity,0,0.0333333,0.15149,0,0.0333333,0,0,0.0333333,0.0603777,0,0.0333333,0,0,0.0333333,0.0728492,0,0.0333333,0.0600808,0,0.0333333,0,0,0.0333333,0,0,0.0333333,0.153294,2,0.7,0
-0.5,6.25,0.890848,-1.67837,0.000198474,0.00128089,0.00209848,0.0166031,True,empty floor,sound_similarity,0,0.0333333,0.15149,0,0.0333333,0,0,0.0333333,0.0603777,0,0.0333333,0,0,0.0333333,0.0728492,0,0.0333333,0.0600808,0,0.0333333,0,0,0.0333333,0,0,0.0333333,0.153294,2,0.7,0
-0.75,6,1.12353,-0.158743,0.000191035,0.00128089,0.00205877,0.0166031,True,empty floor,sound_similarity,0,0.0333333,0.15149,0,0.0333333,0,0,0.0333333,0.0603777,0,0.0333333,0,0,0.0333333,0.0728492,0,0.0333333,0.0600808,0,0.0333333,0,0,0.0333333,0,0,0.0333333,0.153294,2,0.7,0
-1.75,7,2.31816,-2.81548,0.000144984,0.00128089,0.00179355,0.0166031,True,empty floor,sound_similarity,0,0.0333333,0.15149,0,0.0333333,0,0,0.0333333,0.0603777,0,0.0333333,0,0,0.0333333,0.0728492,0,0.0333333,0.0600808,0,0.0333333,0,0,0.0333333,0,0,0.0333333,0.153294,2,0.7,0
-1.75,5.25,2.27306,-0.504012,0.000142782,0.00128089,0.00177988,0.0166031,True,empty floor,sound_similarity,0,0.0333333,0.15149,0,0.0333333,0,0,0.0333333,0.0603777,0,0.0333333,0,0,0.0333333,0.0728492,0,0.0333333,0.0600808,0,0.0333333,0,0,0.0333333,0,0,0.0333333,0.153294,2,0.7,0
-2,7.25,2.6508,-2.90746,9.80058e-05,0.00128089,0.00147461,0.0166031,True,empty floor,sound_similarity,0,0.0333333,0.15149,0,0.0333333,0,0,0.0333333,0.0603777,0,0.0333333,0,0,0.0333333,0.0728492,0,0.0333333,0.0600808,0,0.0333333,0,0,0.0333333,0,0,0.0333333,0.153294,2,0.7,0
-1,5.75,1.4075,-0.0429308,9.00263e-05,0.00128089,0.00141331,0.0166031,True,empty floor,sound_similarity,0,0.0333333,0.15149,0,0.0333333,0,0,0.0333333,0.0603777,0,0.0333333,0,0,0.0333333,0.0728492,0,0.0333333,0.0600808,0,0.0333333,0,0,0.0333333,0,0,0.0333333,0.153294,2,0.7,0
-0.75,6.25,1.13662,-1.34237,8.5365e-05,0.00128089,0.00137624,0.0166031,True,empty floor,sound_similarity,0,0.0333333,0.15149,0,0.0333333,0,0,0.0333333,0.0603777,0,0.0333333,0,0,0.0333333,0.0728492,0,0.0333333,0.0600808,0,0.0333333,0,0,0.0333333,0,0,0.0333333,0.153294,2,0.7,0
-2.25,7.5,2.98825,-2.94757,6.66759e-05,0.00128089,0.00121629,0.0166031,True,empty floor,sound_similarity,0,0.0333333,0.15149,0,0.0333333,0,0,0.0333333,0.0603777,0,0.0333333,0,0,0.0333333,0.0728492,0,0.0333333,0.0600808,0,0.0333333,0,0,0.0333333,0,0,0.0333333,0.153294,2,0.7,0
-1.25,5.5,1.71749,-0.359188,4.39404e-05,0.00128089,0.000987381,0.0166031,True,empty floor,sound_similarity,0,0.0333333,0.15149,0,0.0333333,0,0,0.0333333,0.0603777,0,0.0333333,0,0,0.0333333,0.0728492,0,0.0333333,0.0600808,0,0.0333333,0,0,0.0333333,0,0,0.0333333,0.153294,2,0.7,0
-2.25,4.75,2.9333,-1.09049,3.14479e-05,0.00128089,0.000835312,0.0166031,True,empty floor,sound_similarity,0,0.0333333,0.15149,0,0.0333333,0,0,0.0333333,0.0603777,0,0.0333333,0,0,0.0333333,0.0728492,0,0.0333333,0.0600808,0,0.0333333,0,0,0.0333333,0,0,0.0333333,0.153294,2,0.7,0
-1,6.5,1.43868,-2.35855,3.02996e-05,0.00128089,0.000819919,0.0166031,True,empty floor,sound_similarity,0,0.0333333,0.15149,0,0.0333333,0,0,0.0333333,0.0603777,0,0.0333333,0,0,0.0333333,0.0728492,0,0.0333333,0.0600808,0,0.0333333,0,0,0.0333333,0,0,0.0333333,0.153294,2,0.7,0
-1.5,7,2.09179,-2.90726,3.02981e-05,0.00128089,0.000819898,0.0166031,True,empty floor,sound_similarity,0,0.0333333,0.15149,0,0.0333333,0,0,0.0333333,0.0603777,0,0.0333333,0,0,0.0333333,0.0728492,0,0.0333333,0.0600808,0,0.0333333,0,0,0.0333333,0,0,0.0333333,0.153294,2,0.7,0
-1.25,6.75,1.76002,-2.7731,3.02369e-05,0.00128089,0.000819071,0.0166031,True,empty floor,sound_similarity,0,0.0333333,0.15149,0,0.0333333,0,0,0.0333333,0.0603777,0,0.0333333,0,0,0.0333333,0.0728492,0,0.0333333,0.0600808,0,0.0333333,0,0,0.0333333,0,0,0.0333333,0.153294,2,0.7,0
-0.25,2,4.11308,-2.99573,2.21423e-06,0.00473141,0.000818735,0.0613292,True,microwave,sound_similarity,0,0.05,0.15149,0,0.05,0,0,0.05,0.0603777,0,0.05,0,1,0.55,0.0728492,0,0.05,0.0600808,0,0.05,0,0,0.05,0,0,0.05,0.153294,0,0.05,0
-1.75,7.25,2.4297,-2.95399,2.78154e-05,0.00128089,0.000785589,0.0166031,True,empty floor,sound_similarity,0,0.0333333,0.15149,0,0.0333333,0,0,0.0333333,0.0603777,0,0.0333333,0,0,0.0333333,0.0728492,0,0.0333333,0.0600808,0,0.0333333,0,0,0.0333333,0,0,0.0333333,0.153294,2,0.7,0
0,6.25,0.414737,-2.90329,2.59424e-05,0.00128089,0.000758679,0.0166031,True,empty floor,sound_similarity,0,0.0333333,0.15149,0,0.0333333,0,0,0.0333333,0.0603777,0,0.0333333,0,0,0.0333333,0.0728492,0,0.0333333,0.0600808,0,0.0333333,0,0,0.0333333,0,0,0.0333333,0.153294,2,0.7,0
-2,7.5,2.77152,-2.97295,2.35582e-05,0.00128089,0.000722976,0.0166031,True,empty floor,sound_similarity,0,0.0333333,0.15149,0,0.0333333,0,0,0.0333333,0.0603777,0,0.0333333,0,0,0.0333333,0.0728492,0,0.0333333,0.0600808,0,0.0333333,0,0,0.0333333,0,0,0.0333333,0.153294,2,0.7,0
-1.5,5.25,2.04169,-0.743817,2.19967e-05,0.00128089,0.000698605,0.0166031,True,empty floor,sound_similarity,0,0.0333333,0.15149,0,0.0333333,0,0,0.0333333,0.0603777,0,0.0333333,0,0,0.0333333,0.0728492,0,0.0333333,0.0600808,0,0.0333333,0,0,0.0333333,0,0,0.0333333,0.153294,2,0.7,0
-2.25,7.75,3.11596,-2.98181,1.89061e-05,0.00128089,0.000647669,0.0166031,True,empty floor,sound_similarity,0,0.0333333,0.15149,0,0.0333333,0,0,0.0333333,0.0603777,0,0.0333333,0,0,0.0333333,0.0728492,0,0.0333333,0.0600808,0,0.0333333,0,0,0.0333333,0,0,0.0333333,0.153294,2,0.7,0
1,6.25,0.654828,-2.99573,4.19481e-06,0.00256178,0.000610153,0.0332062,True,empty floor,sound_similarity,0,0.0666667,0.15149,0,0.0666667,0,0,0.0666667,0.0603777,0,0.0666667,0,0,0.0666667,0.0728492,0,0.0666667,0.0600808,0,0.0666667,0,0,0.0666667,0,0,0.0666667,0.153294,0.5,0.4,0
-2,4.5,2.84189,-1.95211,1.76726e-06,0.00384267,0.000594051,0.0498092,False,tv,sound_similarity,0,0.1,0.15149,0,0.1,0,0,0.1,0.0603777,0,0.1,0,0,0.1,0.0728492,0,0.1,0.0600808,0,0.1,0,0,0.1,0,0,0.1,0.153294,0,0.1,0
-1,2.25,4.05486,-2.99572,3.88103e-06,0.00256178,0.000586889,0.0332062,True,empty floor,sound_similarity,0,0.0666667,0.15149,0,0.0666667,0,0,0.0666667,0.0603777,0,0.0666667,0,0,0.0666667,0.0728492,0,0.0666667,0.0600808,0,0.0666667,0,0,0.0666667,0,0,0.0666667,0.153294,0.5,0.4,0
-1,2.5,3.82053,-2.99571,3.86913e-06,0.00256178,0.000585989,0.0332062,True,empty floor,sound_similarity,0,0.0666667,0.15149,0,0.0666667,0,0,0.0666667,0.0603777,0,0.0666667,0,0,0.0666667,0.0728492,0,0.0666667,0.0600808,0,0.0666667,0,0,0.0666667,0,0,0.0666667,0.153294,0.5,0.4,0
-1.25,2.25,4.1461,-2.99567,3.82819e-06,0.00256178,0.000582881,0.0332062,True,empty floor,sound_similarity,0,0.0666667,0.15149,0,0.0666667,0,0,0.0666667,0.0603777,0,0.0666667,0,0,0.0666667,0.0728492,0,0.0666667,0.0600808,0,0.0666667,0,0,0.0666667,0,0,0.0666667,0.153294,0.5,0.4,0
-1.25,2,4.37728,-2.9957,3.7424e-06,0.00256178,0.000576313,0.0332062,True,empty floor,sound_similarity,0,0.0666667,0.15149,0,0.0666667,0,0,0.0666667,0.0603777,0,0.0666667,0,0,0.0666667,0.0728492,0,0.0666667,0.0600808,0,0.0666667,0,0,0.0666667,0,0,0.0666667,0.153294,0.5,0.4,0
-1,2,4.29096,-2.99572,3.72561e-06,0.00256178,0.000575018,0.0332062,True,empty floor,sound_similarity,0,0.0666667,0.15149,0,0.0666667,0,0,0.0666667,0.0603777,0,0.0666667,0,0,0.0666667,0.0728492,0,0.0666667,0.0600808,0,0.0666667,0,0,0.0666667,0,0,0.0666667,0.153294,0.5,0.4,0
-2.25,4.25,3.18905,-2.10856,1.6401e-06,0.00384267,0.000572281,0.0498092,False,tv,sound_similarity,0,0.1,0.15149,0,0.1,0,0,0.1,0.0603777,0,0.1,0,0,0.1,0.0728492,0,0.1,0.0600808,0,0.1,0,0,0.1,0,0,0.1,0.153294,0,0.1,0
-1,2.75,3.58832,-2.99568,3.65576e-06,0.00256178,0.000569602,0.0332062,True,empty floor,sound_similarity,0,0.0666667,0.15149,0,0.0666667,0,0,0.0666667,0.0603777,0,0.0666667,0,0,0.0666667,0.0728492,0,0.0666667,0.0600808,0,0.0666667,0,0,0.0666667,0,0,0.0666667,0.153294,0.5,0.4,0
0.25,6.5,0.450875,-2.99573,6.48465e-06,0.00192134,0.000568967,0.0249046,True,empty floor,sound_similarity,0,0.05,0.15149,0,0.05,0,0,0.05,0.0603777,0,0.05,0,0,0.05,0.0728492,0,0.05,0.0600808,0,0.05,0,0,0.05,0,0,0.05,0.153294,1,0.55,0
-0.75,2.5,3.73807,-2.99573,3.64252e-06,0.00256178,0.00056857,0.0332062,True,empty floor,sound_similarity,0,0.0666667,0.15149,0,0.0666667,0,0,0.0666667,0.0603777,0,0.0666667,0,0,0.0666667,0.0728492,0,0.0666667,0.0600808,0,0.0666667,0,0,0.0666667,0,0,0.0666667,0.153294,0.5,0.4,0
-0.75,2.25,3.97726,-2.99573,3.60093e-06,0.00256178,0.000565315,0.0332062,True,empty floor,sound_similarity,0,0.0666667,0.15149,0,0.0666667,0,0,0.0666667,0.0603777,0,0.0666667,0,0,0.0666667,0.0728492,0,0.0666667,0.0600808,0,0.0666667,0,0,0.0666667,0,0,0.0666667,0.153294,0.5,0.4,0
-1.25,1.75,4.61042,-2.99571,3.51903e-06,0.00256178,0.000558849,0.0332062,True,empty floor,sound_similarity,0,0.0666667,0.15149,0,0.0666667,0,0,0.0666667,0.0603777,0,0.0666667,0,0,0.0666667,0.0728492,0,0.0666667,0.0600808,0,0.0666667,0,0,0.0666667,0,0,0.0666667,0.153294,0.5,0.4,0
-0.75,2.75,3.50039,-2.99572,3.50324e-06,0.00256178,0.000557593,0.0332062,True,empty floor,sound_similarity,0,0.0666667,0.15149,0,0.0666667,0,0,0.0666667,0.0603777,0,0.0666667,0,0,0.0666667,0.0728492,0,0.0666667,0.0600808,0,0.0666667,0,0,0.0666667,0,0,0.0666667,0.153294,0.5,0.4,0
-1.5,2.25,4.25012,-2.99553,3.48672e-06,0.00256178,0.000556278,0.0332062,True,empty floor,sound_similarity,0,0.0666667,0.15149,0,0.0666667,0,0,0.0666667,0.0603777,0,0.0666667,0,0,0.0666667,0.0728492,0,0.0666667,0.0600808,0,0.0666667,0,0,0.0666667,0,0,0.0666667,0.153294,0.5,0.4,0
-1.5,2,4.47592,-2.99561,3.48637e-06,0.00256178,0.00055625,0.0332062,True,empty floor,sound_similarity,0,0.0666667,0.15149,0,0.0666667,0,0,0.0666667,0.0603777,0,0.0666667,0,0,0.0666667,0.0728492,0,0.0666667,0.0600808,0,0.0666667,0,0,0.0666667,0,0,0.0666667,0.153294,0.5,0.4,0
-1,1.75,4.52854,-2.99573,3.44924e-06,0.00256178,0.000553279,0.0332062,True,empty floor,sound_similarity,0,0.0666667,0.15149,0,0.0666667,0,0,0.0666667,0.0603777,0,0.0666667,0,0,0.0666667,0.0728492,0,0.0666667,0.0600808,0,0.0666667,0,0,0.0666667,0,0,0.0666667,0.153294,0.5,0.4,0
-1.25,2.75,3.69112,-2.99553,3.44511e-06,0.00256178,0.000552948,0.0332062,True,empty floor,sound_similarity,0,0.0666667,0.15149,0,0.0666667,0,0,0.0666667,0.0603777,0,0.0666667,0,0,0.0666667,0.0728492,0,0.0666667,0.0600808,0,0.0666667,0,0,0.0666667,0,0,0.0666667,0.153294,0.5,0.4,0
-0.75,2,4.2177,-2.99573,3.41604e-06,0.00256178,0.00055061,0.0332062,True,empty floor,sound_similarity,0,0.0666667,0.15149,0,0.0666667,0,0,0.0666667,0.0603777,0,0.0666667,0,0,0.0666667,0.0728492,0,0.0666667,0.0600808,0,0.0666667,0,0,0.0666667,0,0,0.0666667,0.153294,0.5,0.4,0
-1.5,1.75,4.70418,-2.99566,3.34432e-06,0.00256178,0.0005448,0.0332062,True,empty floor,sound_similarity,0,0.0666667,0.15149,0,0.0666667,0,0,0.0666667,0.0603777,0,0.0666667,0,0,0.0666667,0.0728492,0,0.0666667,0.0600808,0,0.0666667,0,0,0.0666667,0,0,0.0666667,0.153294,0.5,0.4,0
-1.5,2.5,4.02717,-2.99536,3.31827e-06,0.00256178,0.000542674,0.0332062,True,empty floor,sound_similarity,0,0.0666667,0.15149,0,0.0666667,0,0,0.0666667,0.0603777,0,0.0666667,0,0,0.0666667,0.0728492,0,0.0666667,0.0600808,0,0.0666667,0,0,0.0666667,0,0,0.0666667,0.153294,0.5,0.4,0
-1,3,3.35867,-2.99564,3.23377e-06,0.00256178,0.000535719,0.0332062,True,empty floor,sound_similarity,0,0.0666667,0.15149,0,0.0666667,0,0,0.0666667,0.0603777,0,0.0666667,0,0,0.0666667,0.0728492,0,0.0666667,0.0600808,0,0.0666667,0,0,0.0666667,0,0,0.0666667,0.153294,0.5,0.4,0
-1.75,5,2.37428,-1.09297,1.279e-05,0.00128089,0.000532706,0.0166031,True,empty floor,sound_similarity,0,0.0333333,0.15149,0,0.0333333,0,0,0.0333333,0.0603777,0,0.0333333,0,0,0.0333333,0.0728492,0,0.0333333,0.0600808,0,0.0333333,0,0,0.0333333,0,0,0.0333333,0.153294,2,0.7,0
-0.75,3,3.26456,-2.99571,3.16578e-06,0.00256178,0.000530058,0.0332062,True,empty floor,sound_similarity,0,0.0666667,0.15149,0,0.0666667,0,0,0.0666667,0.0603777,0,0.0666667,0,0,0.0666667,0.0728492,0,0.0666667,0.0600808,0,0.0666667,0,0,0.0666667,0,0,0.0666667,0.153294,0.5,0.4,0
-0.75,1.75,4.45919,-2.99573,3.13256e-06,0.00256178,0.000527269,0.0332062,True,empty floor,sound_similarity,0,0.0666667,0.15149,0,0.0666667,0,0,0.0666667,0.0603777,0,0.0666667,0,0,0.0666667,0.0728492,0,0.0666667,0.0600808,0,0.0666667,0,0,0.0666667,0,0,0.0666667,0.153294,0.5,0.4,0
-0.5,2.5,3.67081,-2.99573,3.091e-06,0.00256178,0.00052376,0.0332062,True,empty floor,sound_similarity,0,0.0666667,0.15149,0,0.0666667,0,0,0.0666667,0.0603777,0,0.0666667,0,0,0.0666667,0.0728492,0,0.0666667,0.0600808,0,0.0666667,0,0,0.0666667,0,0,0.0666667,0.153294,0.5,0.4,0
-0.5,2.25,3.91411,-2.99573,3.03889e-06,0.00256178,0.000519326,0.0332062,True,empty floor,sound_similarity,0,0.0666667,0.15149,0,0.0666667,0,0,0.0666667,0.0603777,0,0.0666667,0,0,0.0666667,0.0728492,0,0.0666667,0.0600808,0,0.0666667,0,0,0.0666667,0,0,0.0666667,0.153294,0.5,0.4,0
-1.75,2,4.58609,-2.99538,3.0377e-06,0.00256178,0.000519224,0.0332062,True,empty floor,sound_similarity,0,0.0666667,0.15149,0,0.0666667,0,0,0.0666667,0.0603777,0,0.0666667,0,0,0.0666667,0.0728492,0,0.0666667,0.0600808,0,0.0666667,0,0,0.0666667,0,0,0.0666667,0.153294,0.5,0.4,0
-0.5,2.75,3.42848,-2.99573,2.99626e-06,0.00256178,0.000515671,0.0332062,True,empty floor,sound_similarity,0,0.0666667,0.15149,0,0.0666667,0,0,0.0666667,0.0603777,0,0.0666667,0,0,0.0666667,0.0728492,0,0.0666667,0.0600808,0,0.0666667,0,0,0.0666667,0,0,0.0666667,0.153294,0.5,0.4,0
-1.75,1.75,4.80912,-2.99552,2.98079e-06,0.00256178,0.000514338,0.0332062,True,empty floor,sound_similarity,0,0.0666667,0.15149,0,0.0666667,0,0,0.0666667,0.0603777,0,0.0666667,0,0,0.0666667,0.0728492,0,0.0666667,0.0600808,0,0.0666667,0,0,0.0666667,0,0,0.0666667,0.153294,0.5,0.4,0
-2,4.75,2.71218,-1.38423,8.27018e-06,0.00153707,0.000514034,0.0199237,True,empty floor,sound_similarity,0,0.04,0.15149,0,0.04,0,0,0.04,0.0603777,0,0.04,0,0,0.04,0.0728492,0,0.04,0.0600808,0,0.04,0,0,0.04,0,0,0.04,0.153294,1.5,0.64,0
-1.5,2.75,3.80758,-2.99501,2.976e-06,0.00256178,0.000513924,0.0332062,True,empty floor,sound_similarity,0,0.0666667,0.15149,0,0.0666667,0,0,0.0666667,0.0603777,0,0.0666667,0,0,0.0666667,0.0728492,0,0.0666667,0.0600808,0,0.0666667,0,0,0.0666667,0,0,0.0666667,0.153294,0.5,0.4,0
-1.25,3,3.46828,-2.99533,2.96424e-06,0.00256178,0.000512908,0.0332062,True,empty floor,sound_similarity,0,0.0666667,0.15149,0,0.0666667,0,0,0.0666667,0.0603777,0,0.0666667,0,0,0.0666667,0.0728492,0,0.0666667,0.0600808,0,0.0666667,0,0,0.0666667,0,0,0.0666667,0.153294,0.5,0.4,0
-1.75,2.25,4.36598,-2.9951,2.9636e-06,0.00256178,0.000512853,0.0332062,True,empty floor,sound_similarity,0,0.0666667,0.15149,0,0.0666667,0,0,0.0666667,0.0603777,0,0.0666667,0,0,0.0666667,0.0728492,0,0.0666667,0.0600808,0,0.0666667,0,0,0.0666667,0,0,0.0666667,0.153294,0.5,0.4,0
-0.5,2,4.15821,-2.99573,2.87234e-06,0.00256178,0.000504894,0.0332062,True,empty floor,sound_similarity,0,0.0666667,0.15149,0,0.0666667,0,0,0.0666667,0.0603777,0,0.0666667,0,0,0.0666667,0.0728492,0,0.0666667,0.0600808,0,0.0666667,0,0,0.0666667,0,0,0.0666667,0.153294,0.5,0.4,0
-1.75,2.5,4.14926,-2.99455,2.74665e-06,0.00256178,0.000493724,0.0332062,True,empty floor,sound_similarity,0,0.0666667,0.15149,0,0.0666667,0,0,0.0666667,0.0603777,0,0.0666667,0,0,0.0666667,0.0728492,0,0.0666667,0.0600808,0,0.0666667,0,0,0.0666667,0,0,0.0666667,0.153294,0.5,0.4,0
-0.5,3,3.18732,-2.99573,2.73692e-06,0.00256178,0.000492849,0.0332062,True,empty floor,sound_similarity,0,0.0666667,0.15149,0,0.0666667,0,0,0.0666667,0.0603777,0,0.0666667,0,0,0.0666667,0.0728492,0,0.0666667,0.0600808,0,0.0666667,0,0,0.0666667,0,0,0.0666667,0.153294,0.5,0.4,0
0,6.5,0.57148,-2.9957,4.71723e-06,0.00192134,0.000485275,0.0249046,True,empty floor,sound_similarity,0,0.05,0.15149,0,0.05,0,0,0.05,0.0603777,0,0.05,0,0,0.05,0.0728492,0,0.05,0.0600808,0,0.05,0,0,0.05,0,0,0.05,0.153294,1,0.55,0
-0.75,3.25,3.03099,-2.9957,2.64721e-06,0.00256178,0.000484704,0.0332062,True,empty floor,sound_similarity,0,0.0666667,0.15149,0,0.0666667,0,0,0.0666667,0.0603777,0,0.0666667,0,0,0.0666667,0.0728492,0,0.0666667,0.0600808,0,0.0666667,0,0,0.0666667,0,0,0.0666667,0.153294,0.5,0.4,0
-1,3.25,3.13213,-2.99554,2.63655e-06,0.00256178,0.000483727,0.0332062,True,empty floor,sound_similarity,0,0.0666667,0.15149,0,0.0666667,0,0,0.0666667,0.0603777,0,0.0666667,0,0,0.0666667,0.0728492,0,0.0666667,0.0600808,0,0.0666667,0,0,0.0666667,0,0,0.0666667,0.153294,0.5,0.4,0
-0.5,1.75,4.40297,-2.99573,2.62822e-06,0.00256178,0.000482963,0.0332062,True,empty floor,sound_similarity,0,0.0666667,0.15149,0,0.0666667,0,0,0.0666667,0.0603777,0,0.0666667,0,0,0.0666667,0.0728492,0,0.0666667,0.0600808,0,0.0666667,0,0,0.0666667,0,0,0.0666667,0.153294,0.5,0.4,0
-2,1.75,4.92452,-2.99516,2.51119e-06,0.00256178,0.000472087,0.0332062,True,empty floor,sound_similarity,0,0.0666667,0.15149,0,0.0666667,0,0,0.0666667,0.0603777,0,0.0666667,0,0,0.0666667,0.0728492,0,0.0666667,0.0600808,0,0.0666667,0,0,0.0666667,0,0,0.0666667,0.153294,0.5,0.4,0
-2,2,4.70696,-2.99475,2.49925e-06,0.00256178,0.000470964,0.0332062,True,empty floor,sound_similarity,0,0.0666667,0.15149,0,0.0666667,0,0,0.0666667,0.0603777,0,0.0666667,0,0,0.0666667,0.0728492,0,0.0666667,0.0600808,0,0.0666667,0,0,0.0666667,0,0,0.0666667,0.153294,0.5,0.4,0
-1.5,3,3.59197,-2.99424,2.4867e-06,0.00256178,0.00046978,0.0332062,True,empty floor,sound_similarity,0,0.0666667,0.15149,0,0.0666667,0,0,0.0666667,0.0603777,0,0.0666667,0,0,0.0666667,0.0728492,0,0.0666667,0.0600808,0,0.0666667,0,0,0.0666667,0,0,0.0666667,0.153294,0.5,0.4,0
-2,2.25,4.49278,-2.99397,2.37872e-06,0.00256178,0.000459467,0.0332062,True,empty floor,sound_similarity,0,0.0666667,0.15149,0,0.0666667,0,0,0.0666667,0.0603777,0,0.0666667,0,0,0.0666667,0.0728492,0,0.0666667,0.0600808,0,0.0666667,0,0,0.0666667,0,0,0.0666667,0.153294,0.5,0.4,0
-0.25,2.5,3.61961,-2.99573,2.35584e-06,0.00256178,0.000457252,0.0332062,True,empty floor,sound_similarity,0,0.0666667,0.15149,0,0.0666667,0,0,0.0666667,0.0603777,0,0.0666667,0,0,0.0666667,0.0728492,0,0.0666667,0.0600808,0,0.0666667,0,0,0.0666667,0,0,0.0666667,0.153294,0.5,0.4,0
-1.25,3.25,3.24939,-2.99486,2.3446e-06,0.00256178,0.00045616,0.0332062,True,empty floor,sound_similarity,0,0.0666667,0.15149,0,0.0666667,0,0,0.0666667,0.0603777,0,0.0666667,0,0,0.0666667,0.0728492,0,0.0666667,0.0600808,0,0.0666667,0,0,0.0666667,0,0,0.0666667,0.153294,0.5,0.4,0
-0.25,2.25,3.86613,-2.99573,2.32879e-06,0.00256178,0.000454619,0.0332062,True,empty floor,sound_similarity,0,0.0666667,0.15149,0,0.0666667,0,0,0.0666667,0.0603777,0,0.0666667,0,0,0.0666667,0.0728492,0,0.0666667,0.0600808,0,0.0666667,0,0,0.0666667,0,0,0.0666667,0.153294,0.5,0.4,0
-0.5,3.25,2.94765,-2.99573,2.32151e-06,0.00256178,0.000453908,0.0332062,True,empty floor,sound_similarity,0,0.0666667,0.15149,0,0.0666667,0,0,0.0666667,0.0603777,0,0.0666667,0,0,0.0666667,0.0728492,0,0.0666667,0.0600808,0,0.0666667,0,0,0.0666667,0,0,0.0666667,0.153294,0.5,0.4,0
-0.25,2.75,3.3736,-2.99573,2.27292e-06,0.00256178,0.000449133,0.0332062,True,empty floor,sound_similarity,0,0.0666667,0.15149,0,0.0666667,0,0,0.0666667,0.0603777,0,0.0666667,0,0,0.0666667,0.0728492,0,0.0666667,0.0600808,0,0.0666667,0,0,0.0666667,0,0,0.0666667,0.153294,0.5,0.4,0
1,6,0.631835,-2.99573,2.2646e-06,0.00256178,0.00044831,0.0332062,True,empty floor,sound_similarity,0,0.0666667,0.15149,0,0.0666667,0,0,0.0666667,0.0603777,0,0.0666667,0,0,0.0666667,0.0728492,0,0.0666667,0.0600808,0,0.0666667,0,0,0.0666667,0,0,0.0666667,0.153294,0.5,0.4,0
-2,2.5,4.28248,-2.99244,2.15093e-06,0.00256178,0.000436914,0.0332062,True,empty floor,sound_similarity,0,0.0666667,0.15149,0,0.0666667,0,0,0.0666667,0.0603777,0,0.0666667,0,0,0.0666667,0.0728492,0,0.0666667,0.0600808,0,0.0666667,0,0,0.0666667,0,0,0.0666667,0.153294,0.5,0.4,0
-0.25,3,3.12821,-2.99573,2.06875e-06,0.00256178,0.000428486,0.0332062,True,empty floor,sound_similarity,0,0.0666667,0.15149,0,0.0666667,0,0,0.0666667,0.0603777,0,0.0666667,0,0,0.0666667,0.0728492,0,0.0666667,0.0600808,0,0.0666667,0,0,0.0666667,0,0,0.0666667,0.153294,0.5,0.4,0
-2.25,4.5,3.05363,-1.61986,5.71584e-06,0.00153707,0.00042734,0.0199237,True,empty floor,sound_similarity,0,0.04,0.15149,0,0.04,0,0,0.04,0.0603777,0,0.04,0,0,0.04,0.0728492,0,0.04,0.0600808,0,0.04,0,0,0.04,0,0,0.04,0.153294,1.5,0.64,0
-0.25,1.75,4.36037,-2.99573,2.03865e-06,0.00256178,0.000425357,0.0332062,True,empty floor,sound_similarity,0,0.0666667,0.15149,0,0.0666667,0,0,0.0666667,0.0603777,0,0.0666667,0,0,0.0666667,0.0728492,0,0.0666667,0.0600808,0,0.0666667,0,0,0.0666667,0,0,0.0666667,0.153294,0.5,0.4,0
-2.25,1.75,5.04968,-2.99431,2.01677e-06,0.00256178,0.000423069,0.0332062,True,empty floor,sound_similarity,0,0.0666667,0.15149,0,0.0666667,0,0,0.0666667,0.0603777,0,0.0666667,0,0,0.0666667,0.0728492,0,0.0666667,0.0600808,0,0.0666667,0,0,0.0666667,0,0,0.0666667,0.153294,0.5,0.4,0
-0.75,3.5,2.80027,-2.99566,2.00768e-06,0.00256178,0.000422114,0.0332062,True,empty floor,sound_similarity,0,0.0666667,0.15149,0,0.0666667,0,0,0.0666667,0.0603777,0,0.0666667,0,0,0.0666667,0.0728492,0,0.0666667,0.0600808,0,0.0666667,0,0,0.0666667,0,0,0.0666667,0.153294,0.5,0.4,0
-2.25,2,4.83775,-2.99326,1.96206e-06,0.00256178,0.000417291,0.0332062,True,empty floor,sound_similarity,0,0.0666667,0.15149,0,0.0666667,0,0,0.0666667,0.0603777,0,0.0666667,0,0,0.0666667,0.0728492,0,0.0666667,0.0600808,0,0.0666667,0,0,0.0666667,0,0,0.0666667,0.153294,0.5,0.4,0
-1,3.5,2.90943,-2.99529,1.94249e-06,0.00256178,0.000415204,0.0332062,True,empty floor,sound_similarity,0,0.0666667,0.15149,0,0.0666667,0,0,0.0666667,0.0603777,0,0.0666667,0,0,0.0666667,0.0728492,0,0.0666667,0.0600808,0,0.0666667,0,0,0.0666667,0,0,0.0666667,0.153294,0.5,0.4,0
-1.5,3.25,3.3811,-2.99246,1.91149e-06,0.00256178,0.000411878,0.0332062,True,empty floor,sound_similarity,0,0.0666667,0.15149,0,0.0666667,0,0,0.0666667,0.0603777,0,0.0666667,0,0,0.0666667,0.0728492,0,0.0666667,0.0600808,0,0.0666667,0,0,0.0666667,0,0,0.0666667,0.153294,0.5,0.4,0
-1.75,4.75,2.49652,-1.74418,1.87126e-06,0.00256178,0.000407521,0.0332062,True,empty floor,sound_similarity,0,0.0666667,0.15149,0,0.0666667,0,0,0.0666667,0.0603777,0,0.0666667,0,0,0.0666667,0.0728492,0,0.0666667,0.0600808,0,0.0666667,0,0,0.0666667,0,0,0.0666667,0.153294,0.5,0.4,0
-2,2.75,4.07667,-2.9893,1.83629e-06,0.00256178,0.000403695,0.0332062,True,empty floor,sound_similarity,0,0.0666667,0.15149,0,0.0666667,0,0,0.0666667,0.0603777,0,0.0666667,0,0,0.0666667,0.0728492,0,0.0666667,0.0600808,0,0.0666667,0,0,0.0666667,0,0,0.0666667,0.153294,0.5,0.4,0
-2.25,2.25,4.62962,-2.99129,1.8267e-06,0.00256178,0.000402639,0.0332062,True,empty floor,sound_similarity,0,0.0666667,0.15149,0,0.0666667,0,0,0.0666667,0.0603777,0,0.0666667,0,0,0.0666667,0.0728492,0,0.0666667,0.0600808,0,0.0666667,0,0,0.0666667,0,0,0.0666667,0.153294,0.5,0.4,0
-1.75,7.5,2.56087,-2.98675,7.23772e-06,0.00128089,0.000400732,0.0166031,True,empty floor,sound_similarity,0,0.0333333,0.15149,0,0.0333333,0,0,0.0333333,0.0603777,0,0.0333333,0,0,0.0333333,0.0728492,0,0.0333333,0.0600808,0,0.0333333,0,0,0.0333333,0,0,0.0333333,0.153294,2,0.7,0
-0.5,3.5,2.70983,-2.99572,1.79329e-06,0.00256178,0.000398941,0.0332062,True,empty floor,sound_similarity,0,0.0666667,0.15149,0,0.0666667,0,0,0.0666667,0.0603777,0,0.0666667,0,0,0.0666667,0.0728492,0,0.0666667,0.0600808,0,0.0666667,0,0,0.0666667,0,0,0.0666667,0.153294,0.5,0.4,0
-0.25,3.25,2.88363,-2.99573,1.75125e-06,0.00256178,0.000394236,0.0332062,True,empty floor,sound_similarity,0,0.0666667,0.15149,0,0.0666667,0,0,0.0666667,0.0603777,0,0.0666667,0,0,0.0666667,0.0728492,0,0.0666667,0.0600808,0,0.0666667,0,0,0.0666667,0,0,0.0666667,0.153294,0.5,0.4,0
-1.25,3.5,3.03531,-2.99368,1.67478e-06,0.00256178,0.000385533,0.0332062,True,empty floor,sound_similarity,0,0.0666667,0.15149,0,0.0666667,0,0,0.0666667,0.0603777,0,0.0666667,0,0,0.0666667,0.0728492,0,0.0666667,0.0600808,0,0.0666667,0,0,0.0666667,0,0,0.0666667,0.153294,0.5,0.4,0
0,2.25,3.83389,-2.99573,1.63048e-06,0.00256178,0.0003804,0.0332062,True,empty floor,sound_similarity,0,0.0666667,0.15149,0,0.0666667,0,0,0.0666667,0.0603777,0,0.0666667,0,0,0.0666667,0.0728492,0,0.0666667,0.0600808,0,0.0666667,0,0,0.0666667,0,0,0.0666667,0.153294,0.5,0.4,0
0,2.5,3.58514,-2.99573,1.62104e-06,0.00256178,0.000379297,0.0332062,True,empty floor,sound_similarity,0,0.0666667,0.15149,0,0.0666667,0,0,0.0666667,0.0603777,0,0.0666667,0,0,0.0666667,0.0728492,0,0.0666667,0.0600808,0,0.0666667,0,0,0.0666667,0,0,0.0666667,0.153294,0.5,0.4,0
-2.25,2.5,4.42583,-2.98746,1.62065e-06,0.00256178,0.000379251,0.0332062,True,empty floor,sound_similarity,0,0.0666667,0.15149,0,0.0666667,0,0,0.0666667,0.0603777,0,0.0666667,0,0,0.0666667,0.0728492,0,0.0666667,0.0600808,0,0.0666667,0,0,0.0666667,0,0,0.0666667,0.153294,0.5,0.4,0
-1.5,7.25,2.21476,-2.97992,6.46839e-06,0.00128089,0.000378836,0.0166031,True,empty floor,sound_similarity,0,0.0333333,0.15149,0,0.0333333,0,0,0.0333333,0.0603777,0,0.0333333,0,0,0.0333333,0.0728492,0,0.0333333,0.0600808,0,0.0333333,0,0,0.0333333,0,0,0.0333333,0.153294,2,0.7,0
-0.75,5.75,1.16522,-0.144929,6.27937e-06,0.00128089,0.000373259,0.0166031,True,empty floor,sound_similarity,0,0.0333333,0.15149,0,0.0333333,0,0,0.0333333,0.0603777,0,0.0333333,0,0,0.0333333,0.0728492,0,0.0333333,0.0600808,0,0.0333333,0,0,0.0333333,0,0,0.0333333,0.153294,2,0.7,0
0,2.75,3.33659,-2.99573,1.53486e-06,0.00256178,0.000369077,0.0332062,True,empty floor,sound_similarity,0,0.0666667,0.15149,0,0.0666667,0,0,0.0666667,0.0603777,0,0.0666667,0,0,0.0666667,0.0728492,0,0.0666667,0.0600808,0,0.0666667,0,0,0.0666667,0,0,0.0666667,0.153294,0.5,0.4,0
-2,3,3.87606,-2.98264,1.47423e-06,0.00256178,0.000361714,0.0332062,True,empty floor,sound_similarity,0,0.0666667,0.15149,0,0.0666667,0,0,0.0666667,0.0603777,0,0.0666667,0,0,0.0666667,0.0728492,0,0.0666667,0.0600808,0,0.0666667,0,0,0.0666667,0,0,0.0666667,0.153294,0.5,0.4,0
0,1.75,4.3318,-2.99573,1.47209e-06,0.00256178,0.000361452,0.0332062,True,empty floor,sound_similarity,0,0.0666667,0.15149,0,0.0666667,0,0,0.0666667,0.0603777,0,0.0666667,0,0,0.0666667,0.0728492,0,0.0666667,0.0600808,0,0.0666667,0,0,0.0666667,0,0,0.0666667,0.153294,0.5,0.4,0
-1.75,7.75,2.7088,-2.99375,2.60158e-06,0.00192134,0.000360382,0.0249046,True,empty floor,sound_similarity,0,0.05,0.15149,0,0.05,0,0,0.05,0.0603777,0,0.05,0,0,0.05,0.0728492,0,0.05,0.0600808,0,0.05,0,0,0.05,0,0,0.05,0.153294,1,0.55,0
0,3,3.08827,-2.99573,1.36884e-06,0.00256178,0.000348546,0.0332062,True,empty floor,sound_similarity,0,0.0666667,0.15149,0,0.0666667,0,0,0.0666667,0.0603777,0,0.0666667,0,0,0.0666667,0.0728492,0,0.0666667,0.0600808,0,0.0666667,0,0,0.0666667,0,0,0.0666667,0.153294,0.5,0.4,0
-2.25,2.75,4.227,-2.97981,1.36788e-06,0.00256178,0.000348423,0.0332062,True,empty floor,sound_similarity,0,0.0666667,0.15149,0,0.0666667,0,0,0.0666667,0.0603777,0,0.0666667,0,0,0.0666667,0.0728492,0,0.0666667,0.0600808,0,0.0666667,0,0,0.0666667,0,0,0.0666667,0.153294,0.5,0.4,0
-0.25,3.5,2.64006,-2.99573,1.353e-06,0.00256178,0.000346523,0.0332062,True,empty floor,sound_similarity,0,0.0666667,0.15149,0,0.0666667,0,0,0.0666667,0.0603777,0,0.0666667,0,0,0.0666667,0.0728492,0,0.0666667,0.0600808,0,0.0666667,0,0,0.0666667,0,0,0.0666667,0.153294,0.5,0.4,0
-0.75,3.75,2.57315,-2.99555,1.34502e-06,0.00256178,0.000345499,0.0332062,True,empty floor,sound_similarity,0,0.0666667,0.15149,0,0.0666667,0,0,0.0666667,0.0603777,0,0.0666667,0,0,0.0666667,0.0728492,0,0.0666667,0.0600808,0,0.0666667,0,0,0.0666667,0,0,0.0666667,0.153294,0.5,0.4,0
-1.5,3.5,3.17591,-2.98804,1.33542e-06,0.00256178,0.000344264,0.0332062,True,empty floor,sound_similarity,0,0.0666667,0.15149,0,0.0666667,0,0,0.0666667,0.0603777,0,0.0666667,0,0,0.0666667,0.0728492,0,0.0666667,0.0600808,0,0.0666667,0,0,0.0666667,0,0,0.0666667,0.153294,0.5,0.4,0
0.75,6.25,0.420834,-2.99573,1.27599e-06,0.00256178,0.000336517,0.0332062,True,empty floor,sound_similarity,0,0.0666667,0.15149,0,0.0666667,0,0,0.0666667,0.0603777,0,0.0666667,0,0,0.0666667,0.0728492,0,0.0666667,0.0600808,0,0.0666667,0,0,0.0666667,0,0,0.0666667,0.153294,0.5,0.4,0
-1,3.75,2.69154,-2.9946,1.26155e-06,0.00256178,0.000334606,0.0332062,True,empty floor,sound_similarity,0,0.0666667,0.15149,0,0.0666667,0,0,0.0666667,0.0603777,0,0.0666667,0,0,0.0666667,0.0728492,0,0.0666667,0.0600808,0,0.0666667,0,0,0.0666667,0,0,0.0666667,0.153294,0.5,0.4,0
-0.5,3.75,2.47442,-2.99571,1.22889e-06,0.00256178,0.000330248,0.0332062,True,empty floor,sound_similarity,0,0.0666667,0.15149,0,0.0666667,0,0,0.0666667,0.0603777,0,0.0666667,0,0,0.0666667,0.0728492,0,0.0666667,0.0600808,0,0.0666667,0,0,0.0666667,0,0,0.0666667,0.153294,0.5,0.4,0
-1.25,7,1.87143,-2.96264,4.84028e-06,0.00128089,0.000327709,0.0166031,True,empty floor,sound_similarity,0,0.0333333,0.15149,0,0.0333333,0,0,0.0333333,0.0603777,0,0.0333333,0,0,0.0333333,0.0728492,0,0.0333333,0.0600808,0,0.0333333,0,0,0.0333333,0,0,0.0333333,0.153294,2,0.7,0
0,3.25,2.84025,-2.99573,1.1335e-06,0.00256178,0.000317171,0.0332062,True,empty floor,sound_similarity,0,0.0666667,0.15149,0,0.0666667,0,0,0.0666667,0.0603777,0,0.0666667,0,0,0.0666667,0.0728492,0,0.0666667,0.0600808,0,0.0666667,0,0,0.0666667,0,0,0.0666667,0.153294,0.5,0.4,0
-2,3.25,3.6815,-2.968,1.11649e-06,0.00256178,0.000314782,0.0332062,True,empty floor,sound_similarity,0,0.0666667,0.15149,0,0.0666667,0,0,0.0666667,0.0603777,0,0.0666667,0,0,0.0666667,0.0728492,0,0.0666667,0.0600808,0,0.0666667,0,0,0.0666667,0,0,0.0666667,0.153294,0.5,0.4,0
2,3.25,3.25278,-2.99573,1.10771e-06,0.00256178,0.000313542,0.0332062,True,empty floor,sound_similarity,0,0.0666667,0.15149,0,0.0666667,0,0,0.0666667,0.0603777,0,0.0666667,0,0,0.0666667,0.0728492,0,0.0666667,0.0600808,0,0.0666667,0,0,0.0666667,0,0,0.0666667,0.153294,0.5,0.4,0
-2.25,3,4.03387,-2.96413,1.10378e-06,0.00256178,0.000312985,0.0332062,True,empty floor,sound_similarity,0,0.0666667,0.15149,0,0.0666667,0,0,0.0666667,0.0603777,0,0.0666667,0,0,0.0666667,0.0728492,0,0.0666667,0.0600808,0,0.0666667,0,0,0.0666667,0,0,0.0666667,0.153294,0.5,0.4,0
0.25,2.25,3.81777,-2.99573,1.06386e-06,0.00256178,0.000307273,0.0332062,True,empty floor,sound_similarity,0,0.0666667,0.15149,0,0.0666667,0,0,0.0666667,0.0603777,0,0.0666667,0,0,0.0666667,0.0728492,0,0.0666667,0.0600808,0,0.0666667,0,0,0.0666667,0,0,0.0666667,0.153294,0.5,0.4,0
-1.25,3.75,2.82713,-2.99044,1.05991e-06,0.00256178,0.000306703,0.0332062,True,empty floor,sound_similarity,0,0.0666667,0.15149,0,0.0666667,0,0,0.0666667,0.0603777,0,0.0666667,0,0,0.0666667,0.0728492,0,0.0666667,0.0600808,0,0.0666667,0,0,0.0666667,0,0,0.0666667,0.153294,0.5,0.4,0
2,3,3.47146,-2.99573,1.04606e-06,0.00256178,0.000304693,0.0332062,True,empty floor,sound_similarity,0,0.0666667,0.15149,0,0.0666667,0,0,0.0666667,0.0603777,0,0.0666667,0,0,0.0666667,0.0728492,0,0.0666667,0.0600808,0,0.0666667,0,0,0.0666667,0,0,0.0666667,0.153294,0.5,0.4,0
-1.75,3.5,3.32937,-2.9721,1.03085e-06,0.00256178,0.000302469,0.0332062,True,empty floor,sound_similarity,0,0.0666667,0.15149,0,0.0666667,0,0,0.0666667,0.0603777,0,0.0666667,0,0,0.0666667,0.0728492,0,0.0666667,0.0600808,0,0.0666667,0,0,0.0666667,0,0,0.0666667,0.153294,0.5,0.4,0
0.25,2.5,3.56791,-2.99573,1.0286e-06,0.00256178,0.000302139,0.0332062,True,empty floor,sound_similarity,0,0.0666667,0.15149,0,0.0666667,0,0,0.0666667,0.0603777,0,0.0666667,0,0,0.0666667,0.0728492,0,0.0666667,0.0600808,0,0.0666667,0,0,0.0666667,0,0,0.0666667,0.153294,0.5,0.4,0
0.75,6.5,0.57592,-2.99573,1.02146e-06,0.00256178,0.000301089,0.0332062,True,empty floor,sound_similarity,0,0.0666667,0.15149,0,0.0666667,0,0,0.0666667,0.0603777,0,0.0666667,0,0,0.0666667,0.0728492,0,0.0666667,0.0600808,0,0.0666667,0,0,0.0666667,0,0,0.0666667,0.153294,0.5,0.4,0
-0.25,6.5,0.758216,-2.98902,4.04205e-06,0.00128089,0.00029947,0.0166031,True,empty floor,sound_similarity,0,0.0333333,0.15149,0,0.0333333,0,0,0.0333333,0.0603777,0,0.0333333,0,0,0.0333333,0.0728492,0,0.0333333,0.0600808,0,0.0333333,0,0,0.0333333,0,0,0.0333333,0.153294,2,0.7,0
0.25,1.75,4.31755,-2.99573,1.00661e-06,0.00256178,0.000298892,0.0332062,True,empty floor,sound_similarity,0,0.0666667,0.15149,0,0.0666667,0,0,0.0666667,0.0603777,0,0.0666667,0,0,0.0666667,0.0728492,0,0.0666667,0.0600808,0,0.0666667,0,0,0.0666667,0,0,0.0666667,0.153294,0.5,0.4,0
2,4,2.63046,-2.99573,1.00316e-06,0.00256178,0.000298378,0.0332062,True,empty floor,sound_similarity,0,0.0666667,0.15149,0,0.0666667,0,0,0.0666667,0.0603777,0,0.0666667,0,0,0.0666667,0.0728492,0,0.0666667,0.0600808,0,0.0666667,0,0,0.0666667,0,0,0.0666667,0.153294,0.5,0.4,0
2,2.75,3.69411,-2.99573,9.58208e-07,0.00256178,0.000291617,0.0332062,True,empty floor,sound_similarity,0,0.0666667,0.15149,0,0.0666667,0,0,0.0666667,0.0603777,0,0.0666667,0,0,0.0666667,0.0728492,0,0.0666667,0.0600808,0,0.0666667,0,0,0.0666667,0,0,0.0666667,0.153294,0.5,0.4,0
0.25,2.75,3.31806,-2.99573,9.43577e-07,0.00256178,0.000289382,0.0332062,True,empty floor,sound_similarity,0,0.0666667,0.15149,0,0.0666667,0,0,0.0666667,0.0603777,0,0.0666667,0,0,0.0666667,0.0728492,0,0.0666667,0.0600808,0,0.0666667,0,0,0.0666667,0,0,0.0666667,0.153294,0.5,0.4,0
-0.25,3.75,2.39781,-2.99573,9.29911e-07,0.00256178,0.000287279,0.0332062,True,empty floor,sound_similarity,0,0.0666667,0.15149,0,0.0666667,0,0,0.0666667,0.0603777,0,0.0666667,0,0,0.0666667,0.0728492,0,0.0666667,0.0600808,0,0.0666667,0,0,0.0666667,0,0,0.0666667,0.153294,0.5,0.4,0
-1.5,7.75,2.5178,-2.99519,9.15314e-07,0.00256178,0.000285015,0.0332062,True,empty floor,sound_similarity,0,0.0666667,0.15149,0,0.0666667,0,0,0.0666667,0.0603777,0,0.0666667,0,0,0.0666667,0.0728492,0,0.0666667,0.0600808,0,0.0666667,0,0,0.0666667,0,0,0.0666667,0.153294,0.5,0.4,0
-2.25,3.25,3.8473,-2.93147,8.68775e-07,0.00256178,0.000277675,0.0332062,True,empty floor,sound_similarity,0,0.0666667,0.15149,0,0.0666667,0,0,0.0666667,0.0603777,0,0.0666667,0,0,0.0666667,0.0728492,0,0.0666667,0.0600808,0,0.0666667,0,0,0.0666667,0,0,0.0666667,0.153294,0.5,0.4,0
0.25,6,0.138281,-1.30907,8.64695e-07,0.00256178,0.000277022,0.0332062,True,empty floor,sound_similarity,0,0.0666667,0.15149,0,0.0666667,0,0,0.0666667,0.0603777,0,0.0666667,0,0,0.0666667,0.0728492,0,0.0666667,0.0600808,0,0.0666667,0,0,0.0666667,0,0,0.0666667,0.153294,0.5,0.4,0
2,2.5,3.92006,-2.99573,8.56596e-07,0.00256178,0.000275722,0.0332062,True,empty floor,sound_similarity,0,0.0666667,0.15149,0,0.0666667,0,0,0.0666667,0.0603777,0,0.0666667,0,0,0.0666667,0.0728492,0,0.0666667,0.0600808,0,0.0666667,0,0,0.0666667,0,0,0.0666667,0.153294,0.5,0.4,0
0,3.5,2.5926,-2.99573,8.55095e-07,0.00256178,0.00027548,0.0332062,True,empty floor,sound_similarity,0,0.0666667,0.15149,0,0.0666667,0,0,0.0666667,0.0603777,0,0.0666667,0,0,0.0666667,0.0728492,0,0.0666667,0.0600808,0,0.0666667,0,0,0.0666667,0,0,0.0666667,0.153294,0.5,0.4,0
1,6.5,0.763795,-2.99573,3.09244e-07,0.00425034,0.000274862,0.0550935,True,couch,sound_similarity,0,0.05,0.15149,0,0.05,0,1,0.55,0.0603777,0,0.05,0,0,0.05,0.0728492,0,0.05,0.0600808,0,0.05,0,0,0.05,0,0,0.05,0.153294,0,0.05,0
2,4.25,2.43904,-2.99573,8.50199e-07,0.00256178,0.00027469,0.0332062,True,empty floor,sound_similarity,0,0.0666667,0.15149,0,0.0666667,0,0,0.0666667,0.0603777,0,0.0666667,0,0,0.0666667,0.0728492,0,0.0666667,0.0600808,0,0.0666667,0,0,0.0666667,0,0,0.0666667,0.153294,0.5,0.4,0
-1.5,3.75,2.97758,-2.9764,8.43482e-07,0.00256178,0.000273603,0.0332062,True,empty floor,sound_similarity,0,0.0666667,0.15149,0,0.0666667,0,0,0.0666667,0.0603777,0,0.0666667,0,0,0.0666667,0.0728492,0,0.0666667,0.0600808,0,0.0666667,0,0,0.0666667,0,0,0.0666667,0.153294,0.5,0.4,0
-0.5,5.75,0.927062,-0.411486,3.33548e-06,0.00128089,0.000272039,0.0166031,True,empty floor,sound_similarity,0,0.0333333,0.15149,0,0.0333333,0,0,0.0333333,0.0603777,0,0.0333333,0,0,0.0333333,0.0728492,0,0.0333333,0.0600808,0,0.0333333,0,0,0.0333333,0,0,0.0333333,0.153294,2,0.7,0
0.5,6.5,0.452754,-2.99573,8.28394e-07,0.00256178,0.000271145,0.0332062,True,empty floor,sound_similarity,0,0.0666667,0.15149,0,0.0666667,0,0,0.0666667,0.0603777,0,0.0666667,0,0,0.0666667,0.0728492,0,0.0666667,0.0600808,0,0.0666667,0,0,0.0666667,0,0,0.0666667,0.153294,0.5,0.4,0
-2,3.5,3.494,-2.93513,8.14962e-07,0.00256178,0.000268938,0.0332062,True,empty floor,sound_similarity,0,0.0666667,0.15149,0,0.0666667,0,0,0.0666667,0.0603777,0,0.0666667,0,0,0.0666667,0.0728492,0,0.0666667,0.0600808,0,0.0666667,0,0,0.0666667,0,0,0.0666667,0.153294,0.5,0.4,0
0.25,3,3.06824,-2.99573,8.11601e-07,0.00256178,0.000268383,0.0332062,True,empty floor,sound_similarity,0,0.0666667,0.15149,0,0.0666667,0,0,0.0666667,0.0603777,0,0.0666667,0,0,0.0666667,0.0728492,0,0.0666667,0.0600808,0,0.0666667,0,0,0.0666667,0,0,0.0666667,0.153294,0.5,0.4,0
-2.25,4,3.33773,-2.48634,8.10931e-07,0.00256178,0.000268272,0.0332062,True,empty floor,sound_similarity,0,0.0666667,0.15149,0,0.0666667,0,0,0.0666667,0.0603777,0,0.0666667,0,0,0.0666667,0.0728492,0,0.0666667,0.0600808,0,0.0666667,0,0,0.0666667,0,0,0.0666667,0.153294,0.5,0.4,0
-0.75,4,2.35067,-2.99522,7.68644e-07,0.00256178,0.000261183,0.0332062,True,empty floor,sound_similarity,0,0.0666667,0.15149,0,0.0666667,0,0,0.0666667,0.0603777,0,0.0666667,0,0,0.0666667,0.0728492,0,0.0666667,0.0600808,0,0.0666667,0,0,0.0666667,0,0,0.0666667,0.153294,0.5,0.4,0
2,2.25,4.14877,-2.99573,7.50903e-07,0.00256178,0.000258152,0.0332062,True,empty floor,sound_similarity,0,0.0666667,0.15149,0,0.0666667,0,0,0.0666667,0.0603777,0,0.0666667,0,0,0.0666667,0.0728492,0,0.0666667,0.0600808,0,0.0666667,0,0,0.0666667,0,0,0.0666667,0.153294,0.5,0.4,0
-0.5,4,2.24218,-2.99568,7.20673e-07,0.00256178,0.000252902,0.0332062,True,empty floor,sound_similarity,0,0.0666667,0.15149,0,0.0666667,0,0,0.0666667,0.0603777,0,0.0666667,0,0,0.0666667,0.0728492,0,0.0666667,0.0600808,0,0.0666667,0,0,0.0666667,0,0,0.0666667,0.153294,0.5,0.4,0
-2,4.25,2.98693,-2.40998,7.17598e-07,0.00256178,0.000252362,0.0332062,True,empty floor,sound_similarity,0,0.0666667,0.15149,0,0.0666667,0,0,0.0666667,0.0603777,0,0.0666667,0,0,0.0666667,0.0728492,0,0.0666667,0.0600808,0,0.0666667,0,0,0.0666667,0,0,0.0666667,0.153294,0.5,0.4,0
-1.5,5,2.15381,-1.46598,1.98605e-06,0.00153707,0.000251901,0.0199237,True,empty floor,sound_similarity,0,0.04,0.15149,0,0.04,0,0,0.04,0.0603777,0,0.04,0,0,0.04,0.0728492,0,0.04,0.0600808,0,0.04,0,0,0.04,0,0,0.04,0.153294,1.5,0.64,0
-2.25,3.5,3.66828,-2.86384,7.02287e-07,0.00256178,0.000249655,0.0332062,True,empty floor,sound_similarity,0,0.0666667,0.15149,0,0.0666667,0,0,0.0666667,0.0603777,0,0.0666667,0,0,0.0666667,0.0728492,0,0.0666667,0.0600808,0,0.0666667,0,0,0.0666667,0,0,0.0666667,0.153294,0.5,0.4,0
-1,4,2.47971,-2.99249,7.01237e-07,0.00256178,0.000249468,0.0332062,True,empty floor,sound_similarity,0,0.0666667,0.15149,0,0.0666667,0,0,0.0666667,0.0603777,0,0.0666667,0,0,0.0666667,0.0728492,0,0.0666667,0.0600808,0,0.0666667,0,0,0.0666667,0,0,0.0666667,0.153294,0.5,0.4,0
-1.75,3.75,3.14075,-2.93937,6.8285e-07,0.00256178,0.000246176,0.0332062,True,empty floor,sound_similarity,0,0.0666667,0.15149,0,0.0666667,0,0,0.0666667,0.0603777,0,0.0666667,0,0,0.0666667,0.0728492,0,0.0666667,0.0600808,0,0.0666667,0,0,0.0666667,0,0,0.0666667,0.153294,0.5,0.4,0
0.5,2.25,3.81799,-2.99573,6.75436e-07,0.00256178,0.000244836,0.0332062,True,empty floor,sound_similarity,0,0.0666667,0.15149,0,0.0666667,0,0,0.0666667,0.0603777,0,0.0666667,0,0,0.0666667,0.0728492,0,0.0666667,0.0600808,0,0.0666667,0,0,0.0666667,0,0,0.0666667,0.153294,0.5,0.4,0
0.5,1.75,4.31774,-2.99573,6.73825e-07,0.00256178,0.000244544,0.0332062,True,empty floor,sound_similarity,0,0.0666667,0.15149,0,0.0666667,0,0,0.0666667,0.0603777,0,0.0666667,0,0,0.0666667,0.0728492,0,0.0666667,0.0600808,0,0.0666667,0,0,0.0666667,0,0,0.0666667,0.153294,0.5,0.4,0
-1,6.75,1.53277,-2.90691,2.69459e-06,0.00128089,0.000244511,0.0166031,True,empty floor,sound_similarity,0,0.0333333,0.15149,0,0.0333333,0,0,0.0333333,0.0603777,0,0.0333333,0,0,0.0333333,0.0728492,0,0.0333333,0.0600808,0,0.0333333,0,0,0.0333333,0,0,0.0333333,0.153294,2,0.7,0
-1,5.5,1.48373,-0.630707,2.65377e-06,0.00128089,0.000242652,0.0166031,True,empty floor,sound_similarity,0,0.0333333,0.15149,0,0.0333333,0,0,0.0333333,0.0603777,0,0.0333333,0,0,0.0333333,0.0728492,0,0.0333333,0.0600808,0,0.0333333,0,0,0.0333333,0,0,0.0333333,0.153294,2,0.7,0
2,4.5,2.25909,-2.99573,6.54414e-07,0.00256178,0.000240996,0.0332062,True,empty floor,sound_similarity,0,0.0666667,0.15149,0,0.0666667,0,0,0.0666667,0.0603777,0,0.0666667,0,0,0.0666667,0.0728492,0,0.0666667,0.0600808,0,0.0666667,0,0,0.0666667,0,0,0.0666667,0.153294,0.5,0.4,0
-2.25,3.75,3.49798,-2.72943,6.48473e-07,0.00256178,0.000239899,0.0332062,True,empty floor,sound_similarity,0,0.0666667,0.15149,0,0.0666667,0,0,0.0666667,0.0603777,0,0.0666667,0,0,0.0666667,0.0728492,0,0.0666667,0.0600808,0,0.0666667,0,0,0.0666667,0,0,0.0666667,0.153294,0.5,0.4,0
2,2,4.3798,-2.99573,6.47902e-07,0.00256178,0.000239794,0.0332062,True,empty floor,sound_similarity,0,0.0666667,0.15149,0,0.0666667,0,0,0.0666667,0.0603777,0,0.0666667,0,0,0.0666667,0.0728492,0,0.0666667,0.0600808,0,0.0666667,0,0,0.0666667,0,0,0.0666667,0.153294,0.5,0.4,0
0.25,3.25,2.81846,-2.99573,6.44568e-07,0.00256178,0.000239176,0.0332062,True,empty floor,sound_similarity,0,0.0666667,0.15149,0,0.0666667,0,0,0.0666667,0.0603777,0,0.0666667,0,0,0.0666667,0.0728492,0,0.0666667,0.0600808,0,0.0666667,0,0,0.0666667,0,0,0.0666667,0.153294,0.5,0.4,0
0.5,2.5,3.56814,-2.99573,6.32501e-07,0.00256178,0.000236927,0.0332062,True,empty floor,sound_similarity,0,0.0666667,0.15149,0,0.0666667,0,0,0.0666667,0.0603777,0,0.0666667,0,0,0.0666667,0.0728492,0,0.0666667,0.0600808,0,0.0666667,0,0,0.0666667,0,0,0.0666667,0.153294,0.5,0.4,0
-0.5,6.5,0.973752,-2.90615,2.50032e-06,0.00128089,0.000235532,0.0166031,True,empty floor,sound_similarity,0,0.0333333,0.15149,0,0.0333333,0,0,0.0333333,0.0603777,0,0.0333333,0,0,0.0333333,0.0728492,0,0.0333333,0.0600808,0,0.0333333,0,0,0.0333333,0,0,0.0333333,0.153294,2,0.7,0
1.75,3.25,3.13511,-2.99573,6.16498e-07,0.00256178,0.00023391,0.0332062,True,empty floor,sound_similarity,0,0.0666667,0.15149,0,0.0666667,0,0,0.0666667,0.0603777,0,0.0666667,0,0,0.0666667,0.0728492,0,0.0666667,0.0600808,0,0.0666667,0,0,0.0666667,0,0,0.0666667,0.153294,0.5,0.4,0
1.75,3,3.36144,-2.99573,6.15411e-07,0.00256178,0.000233704,0.0332062,True,empty floor,sound_similarity,0,0.0666667,0.15149,0,0.0666667,0,0,0.0666667,0.0603777,0,0.0666667,0,0,0.0666667,0.0728492,0,0.0666667,0.0600808,0,0.0666667,0,0,0.0666667,0,0,0.0666667,0.153294,0.5,0.4,0
-2,3.75,3.31475,-2.8616,6.1084e-07,0.00256178,0.000232834,0.0332062,True,empty floor,sound_similarity,0,0.0666667,0.15149,0,0.0666667,0,0,0.0666667,0.0603777,0,0.0666667,0,0,0.0666667,0.0728492,0,0.0666667,0.0600808,0,0.0666667,0,0,0.0666667,0,0,0.0666667,0.153294,0.5,0.4,0
1.75,2.75,3.59092,-2.99573,5.94745e-07,0.00256178,0.000229746,0.0332062,True,empty floor,sound_similarity,0,0.0666667,0.15149,0,0.0666667,0,0,0.0666667,0.0603777,0,0.0666667,0,0,0.0666667,0.0728492,0,0.0666667,0.0600808,0,0.0666667,0,0,0.0666667,0,0,0.0666667,0.153294,0.5,0.4,0
1.75,3.5,2.91264,-2.99573,5.93534e-07,0.00256178,0.000229512,0.0332062,True,empty floor,sound_similarity,0,0.0666667,0.15149,0,0.0666667,0,0,0.0666667,0.0603777,0,0.0666667,0,0,0.0666667,0.0728492,0,0.0666667,0.0600808,0,0.0666667,0,0,0.0666667,0,0,0.0666667,0.153294,0.5,0.4,0
-1.25,4,2.62626,-2.9808,5.86065e-07,0.00256178,0.000228064,0.0332062,True,empty floor,sound_similarity,0,0.0666667,0.15149,0,0.0666667,0,0,0.0666667,0.0603777,0,0.0666667,0,0,0.0666667,0.0728492,0,0.0666667,0.0600808,0,0.0666667,0,0,0.0666667,0,0,0.0666667,0.153294,0.5,0.4,0
0,3.75,2.34546,-2.99573,5.72729e-07,0.00256178,0.000225454,0.0332062,True,empty floor,sound_similarity,0,0.0666667,0.15149,0,0.0666667,0,0,0.0666667,0.0603777,0,0.0666667,0,0,0.0666667,0.0728492,0,0.0666667,0.0600808,0,0.0666667,0,0,0.0666667,0,0,0.0666667,0.153294,0.5,0.4,0
-1.75,4.5,2.63686,-2.3051,5.72339e-07,0.00256178,0.000225377,0.0332062,True,empty floor,sound_similarity,0,0.0666667,0.15149,0,0.0666667,0,0,0.0666667,0.0603777,0,0.0666667,0,0,0.0666667,0.0728492,0,0.0666667,0.0600808,0,0.0666667,0,0,0.0666667,0,0,0.0666667,0.153294,0.5,0.4,0
-1.25,5,1.94052,-1.93718,2.49546e-07,0.00384267,0.000223229,0.0498092,False,tv,sound_similarity,0,0.1,0.15149,0,0.1,0,0,0.1,0.0603777,0,0.1,0,0,0.1,0.0728492,0,0.1,0.0600808,0,0.1,0,0,0.1,0,0,0.1,0.153294,0,0.1,0
1.75,2.5,3.82298,-2.99573,5.59639e-07,0.00256178,0.000222863,0.0332062,True,empty floor,sound_similarity,0,0.0666667,0.15149,0,0.0666667,0,0,0.0666667,0.0603777,0,0.0666667,0,0,0.0666667,0.0728492,0,0.0666667,0.0600808,0,0.0666667,0,0,0.0666667,0,0,0.0666667,0.153294,0.5,0.4,0
0.5,2.75,3.31832,-2.99573,5.59292e-07,0.00256178,0.000222793,0.0332062,True,empty floor,sound_similarity,0,0.0666667,0.15149,0,0.0666667,0,0,0.0666667,0.0603777,0,0.0666667,0,0,0.0666667,0.0728492,0,0.0666667,0.0600808,0,0.0666667,0,0,0.0666667,0,0,0.0666667,0.153294,0.5,0.4,0
-0.75,6.5,1.2027,-2.67028,2.22029e-06,0.00128089,0.000221951,0.0166031,True,empty floor,sound_similarity,0,0.0333333,0.15149,0,0.0333333,0,0,0.0333333,0.0603777,0,0.0333333,0,0,0.0333333,0.0728492,0,0.0333333,0.0600808,0,0.0333333,0,0,0.0333333,0,0,0.0333333,0.153294,2,0.7,0
2,1.75,4.61282,-2.99573,5.51858e-07,0.00256178,0.000221308,0.0332062,True,empty floor,sound_similarity,0,0.0666667,0.15149,0,0.0666667,0,0,0.0666667,0.0603777,0,0.0666667,0,0,0.0666667,0.0728492,0,0.0666667,0.0600808,0,0.0666667,0,0,0.0666667,0,0,0.0666667,0.153294,0.5,0.4,0
-0.25,4,2.15733,-2.99573,5.48679e-07,0.00256178,0.000220669,0.0332062,True,empty floor,sound_similarity,0,0.0666667,0.15149,0,0.0666667,0,0,0.0666667,0.0603777,0,0.0666667,0,0,0.0666667,0.0728492,0,0.0666667,0.0600808,0,0.0666667,0,0,0.0666667,0,0,0.0666667,0.153294,0.5,0.4,0
-1.25,5.25,1.81526,-1.09697,2.18717e-06,0.00128089,0.00022029,0.0166031,True,empty floor,sound_similarity,0,0.0333333,0.15149,0,0.0333333,0,0,0.0333333,0.0603777,0,0.0333333,0,0,0.0333333,0.0728492,0,0.0333333,0.0600808,0,0.0333333,0,0,0.0333333,0,0,0.0333333,0.153294,2,0.7,0
1.75,3.75,2.69501,-2.99573,5.44028e-07,0.00256178,0.000219732,0.0332062,True,empty floor,sound_similarity,0,0.0666667,0.15149,0,0.0666667,0,0,0.0666667,0.0603777,0,0.0666667,0,0,0.0666667,0.0728492,0,0.0666667,0.0600808,0,0.0666667,0,0,0.0666667,0,0,0.0666667,0.153294,0.5,0.4,0
-1.25,7.5,2.16482,-2.99508,5.05272e-07,0.00256178,0.000211761,0.0332062,True,empty floor,sound_similarity,0,0.0666667,0.15149,0,0.0666667,0,0,0.0666667,0.0603777,0,0.0666667,0,0,0.0666667,0.0728492,0,0.0666667,0.0600808,0,0.0666667,0,0,0.0666667,0,0,0.0666667,0.153294,0.5,0.4,0
-1.5,7.5,2.35791,-2.99293,1.96898e-06,0.00128089,0.000209013,0.0166031,True,empty floor,sound_similarity,0,0.0333333,0.15149,0,0.0333333,0,0,0.0333333,0.0603777,0,0.0333333,0,0,0.0333333,0.0728492,0,0.0333333,0.0600808,0,0.0333333,0,0,0.0333333,0,0,0.0333333,0.153294,2,0.7,0
-1.5,4,2.78757,-2.9443,4.91768e-07,0.00256178,0.000208912,0.0332062,True,empty floor,sound_similarity,0,0.0666667,0.15149,0,0.0666667,0,0,0.0666667,0.0603777,0,0.0666667,0,0,0.0666667,0.0728492,0,0.0666667,0.0600808,0,0.0666667,0,0,0.0666667,0,0,0.0666667,0.153294,0.5,0.4,0
1.75,4,2.48347,-2.99573,4.69089e-07,0.00256178,0.000204038,0.0332062,True,empty floor,sound_similarity,0,0.0666667,0.15149,0,0.0666667,0,0,0.0666667,0.0603777,0,0.0666667,0,0,0.0666667,0.0728492,0,0.0666667,0.0600808,0,0.0666667,0,0,0.0666667,0,0,0.0666667,0.153294,0.5,0.4,0
0.75,2,4.0834,-2.99573,4.67259e-07,0.00256178,0.00020364,0.0332062,True,empty floor,sound_similarity,0,0.0666667,0.15149,0,0.0666667,0,0,0.0666667,0.0603777,0,0.0666667,0,0,0.0666667,0.0728492,0,0.0666667,0.0600808,0,0.0666667,0,0,0.0666667,0,0,0.0666667,0.153294,0.5,0.4,0
0.75,1.75,4.33239,-2.99573,4.66044e-07,0.00256178,0.000203375,0.0332062,True,empty floor,sound_similarity,0,0.0666667,0.15149,0,0.0666667,0,0,0.0666667,0.0603777,0,0.0666667,0,0,0.0666667,0.0728492,0,0.0666667,0.0600808,0,0.0666667,0,0,0.0666667,0,0,0.0666667,0.153294,0.5,0.4,0
-1.75,4,2.96123,-2.85878,4.63541e-07,0.00256178,0.000202828,0.0332062,True,empty floor,sound_similarity,0,0.0666667,0.15149,0,0.0666667,0,0,0.0666667,0.0603777,0,0.0666667,0,0,0.0666667,0.0728492,0,0.0666667,0.0600808,0,0.0666667,0,0,0.0666667,0,0,0.0666667,0.153294,0.5,0.4,0
0.25,3.5,2.56871,-2.99573,4.63135e-07,0.00256178,0.000202739,0.0332062,True,empty floor,sound_similarity,0,0.0666667,0.15149,0,0.0666667,0,0,0.0666667,0.0603777,0,0.0666667,0,0,0.0666667,0.0728492,0,0.0666667,0.0600808,0,0.0666667,0,0,0.0666667,0,0,0.0666667,0.153294,0.5,0.4,0
0.5,3,3.06852,-2.99573,4.60991e-07,0.00256178,0.000202269,0.0332062,True,empty floor,sound_similarity,0,0.0666667,0.15149,0,0.0666667,0,0,0.0666667,0.0603777,0,0.0666667,0,0,0.0666667,0.0728492,0,0.0666667,0.0600808,0,0.0666667,0,0,0.0666667,0,0,0.0666667,0.153294,0.5,0.4,0
0.75,2.25,3.83455,-2.99573,4.49761e-07,0.00256178,0.00019979,0.0332062,True,empty floor,sound_similarity,0,0.0666667,0.15149,0,0.0666667,0,0,0.0666667,0.0603777,0,0.0666667,0,0,0.0666667,0.0728492,0,0.0666667,0.0600808,0,0.0666667,0,0,0.0666667,0,0,0.0666667,0.153294,0.5,0.4,0
2,4.75,2.09358,-2.99573,4.45631e-07,0.00256178,0.000198871,0.0332062,True,empty floor,sound_similarity,0,0.0666667,0.15149,0,0.0666667,0,0,0.0666667,0.0603777,0,0.0666667,0,0,0.0666667,0.0728492,0,0.0666667,0.0600808,0,0.0666667,0,0,0.0666667,0,0,0.0666667,0.153294,0.5,0.4,0
1.75,1.75,4.53061,-2.99573,4.13479e-07,0.00256178,0.000191562,0.0332062,True,empty floor,sound_similarity,0,0.0666667,0.15149,0,0.0666667,0,0,0.0666667,0.0603777,0,0.0666667,0,0,0.0666667,0.0728492,0,0.0666667,0.0600808,0,0.0666667,0,0,0.0666667,0,0,0.0666667,0.153294,0.5,0.4,0
0.75,2.5,3.58585,-2.99573,4.12284e-07,0.00256178,0.000191285,0.0332062,True,empty floor,sound_similarity,0,0.0666667,0.15149,0,0.0666667,0,0,0.0666667,0.0603777,0,0.0666667,0,0,0.0666667,0.0728492,0,0.0666667,0.0600808,0,0.0666667,0,0,0.0666667,0,0,0.0666667,0.153294,0.5,0.4,0
-1.5,4.75,2.28786,-2.15612,4.04181e-07,0.00256178,0.000189396,0.0332062,True,empty floor,sound_similarity,0,0.0666667,0.15149,0,0.0666667,0,0,0.0666667,0.0603777,0,0.0666667,0,0,0.0666667,0.0728492,0,0.0666667,0.0600808,0,0.0666667,0,0,0.0666667,0,0,0.0666667,0.153294,0.5,0.4,0
0.5,6.75,0.69611,-2.99573,4.00173e-07,0.00256178,0.000188455,0.0332062,True,empty floor,sound_similarity,0,0.0666667,0.15149,0,0.0666667,0,0,0.0666667,0.0603777,0,0.0666667,0,0,0.0666667,0.0728492,0,0.0666667,0.0600808,0,0.0666667,0,0,0.0666667,0,0,0.0666667,0.153294,0.5,0.4,0
-1.75,4.25,2.79257,-2.67229,3.919e-07,0.00256178,0.000186497,0.0332062,True,empty floor,sound_similarity,0,0.0666667,0.15149,0,0.0666667,0,0,0.0666667,0.0603777,0,0.0666667,0,0,0.0666667,0.0728492,0,0.0666667,0.0600808,0,0.0666667,0,0,0.0666667,0,0,0.0666667,0.153294,0.5,0.4,0
1.5,2.5,3.74011,-2.99573,3.88234e-07,0.00256178,0.000185622,0.0332062,True,empty floor,sound_similarity,0,0.0666667,0.15149,0,0.0666667,0,0,0.0666667,0.0603777,0,0.0666667,0,0,0.0666667,0.0728492,0,0.0666667,0.0600808,0,0.0666667,0,0,0.0666667,0,0,0.0666667,0.153294,0.5,0.4,0
1.5,2.75,3.50257,-2.99573,3.85059e-07,0.00256178,0.000184862,0.0332062,True,empty floor,sound_similarity,0,0.0666667,0.15149,0,0.0666667,0,0,0.0666667,0.0603777,0,0.0666667,0,0,0.0666667,0.0728492,0,0.0666667,0.0600808,0,0.0666667,0,0,0.0666667,0,0,0.0666667,0.153294,0.5,0.4,0
1.5,2.25,3.97918,-2.99573,3.79982e-07,0.00256178,0.000183639,0.0332062,True,empty floor,sound_similarity,0,0.0666667,0.15149,0,0.0666667,0,0,0.0666667,0.0603777,0,0.0666667,0,0,0.0666667,0.0728492,0,0.0666667,0.0600808,0,0.0666667,0,0,0.0666667,0,0,0.0666667,0.153294,0.5,0.4,0
0.25,6.25,0.220692,-2.99573,3.67122e-07,0.00256178,0.000180505,0.0332062,True,empty floor,sound_similarity,0,0.0666667,0.15149,0,0.0666667,0,0,0.0666667,0.0603777,0,0.0666667,0,0,0.0666667,0.0728492,0,0.0666667,0.0600808,0,0.0666667,0,0,0.0666667,0,0,0.0666667,0.153294,0.5,0.4,0
0.25,5.75,0.338435,-2.99571,3.63275e-07,0.00256178,0.000179556,0.0332062,True,empty floor,sound_similarity,0,0.0666667,0.15149,0,0.0666667,0,0,0.0666667,0.0603777,0,0.0666667,0,0,0.0666667,0.0728492,0,0.0666667,0.0600808,0,0.0666667,0,0,0.0666667,0,0,0.0666667,0.153294,0.5,0.4,0
1.5,2,4.21951,-2.99573,3.62481e-07,0.00256178,0.00017936,0.0332062,True,empty floor,sound_similarity,0,0.0666667,0.15149,0,0.0666667,0,0,0.0666667,0.0603777,0,0.0666667,0,0,0.0666667,0.0728492,0,0.0666667,0.0600808,0,0.0666667,0,0,0.0666667,0,0,0.0666667,0.153294,0.5,0.4,0
-0.75,4.25,2.1343,-2.99407,3.58148e-07,0.00256178,0.000178285,0.0332062,True,empty floor,sound_similarity,0,0.0666667,0.15149,0,0.0666667,0,0,0.0666667,0.0603777,0,0.0666667,0,0,0.0666667,0.0728492,0,0.0666667,0.0600808,0,0.0666667,0,0,0.0666667,0,0,0.0666667,0.153294,0.5,0.4,0
1,2,4.11411,-2.99573,3.57466e-07,0.00256178,0.000178115,0.0332062,True,empty floor,sound_similarity,0,0.0666667,0.15149,0,0.0666667,0,0,0.0666667,0.0603777,0,0.0666667,0,0,0.0666667,0.0728492,0,0.0666667,0.0600808,0,0.0666667,0,0,0.0666667,0,0,0.0666667,0.153294,0.5,0.4,0
1,1.75,4.36134,-2.99573,3.56462e-07,0.00256178,0.000177865,0.0332062,True,empty floor,sound_similarity,0,0.0666667,0.15149,0,0.0666667,0,0,0.0666667,0.0603777,0,0.0666667,0,0,0.0666667,0.0728492,0,0.0666667,0.0600808,0,0.0666667,0,0,0.0666667,0,0,0.0666667,0.153294,0.5,0.4,0
1.25,6,0.88086,-2.99573,3.54145e-07,0.00256178,0.000177286,0.0332062,True,empty floor,sound_similarity,0,0.0666667,0.15149,0,0.0666667,0,0,0.0666667,0.0603777,0,0.0666667,0,0,0.0666667,0.0728492,0,0.0666667,0.0600808,0,0.0666667,0,0,0.0666667,0,0,0.0666667,0.153294,0.5,0.4,0
0.5,3.25,2.81876,-2.99573,3.4825e-07,0.00256178,0.000175804,0.0332062,True,empty floor,sound_similarity,0,0.0666667,0.15149,0,0.0666667,0,0,0.0666667,0.0603777,0,0.0666667,0,0,0.0666667,0.0728492,0,0.0666667,0.0600808,0,0.0666667,0,0,0.0666667,0,0,0.0666667,0.153294,0.5,0.4,0
1,2.25,3.86723,-2.99573,3.4516e-07,0.00256178,0.000175022,0.0332062,True,empty floor,sound_similarity,0,0.0666667,0.15149,0,0.0666667,0,0,0.0666667,0.0603777,0,0.0666667,0,0,0.0666667,0.0728492,0,0.0666667,0.0600808,0,0.0666667,0,0,0.0666667,0,0,0.0666667,0.153294,0.5,0.4,0
-0.25,5.75,0.697239,-1.12436,9.58754e-07,0.00153707,0.00017502,0.0199237,True,empty floor,sound_similarity,0,0.04,0.15149,0,0.04,0,0,0.04,0.0603777,0,0.04,0,0,0.04,0.0728492,0,0.04,0.0600808,0,0.04,0,0,0.04,0,0,0.04,0.153294,1.5,0.64,0
-0.5,4.25,2.01419,-2.99556,3.44004e-07,0.00256178,0.000174729,0.0332062,True,empty floor,sound_similarity,0,0.0666667,0.15149,0,0.0666667,0,0,0.0666667,0.0603777,0,0.0666667,0,0,0.0666667,0.0728492,0,0.0666667,0.0600808,0,0.0666667,0,0,0.0666667,0,0,0.0666667,0.153294,0.5,0.4,0
1.5,1.75,4.46091,-2.99573,3.38148e-07,0.00256178,0.000173235,0.0332062,True,empty floor,sound_similarity,0,0.0666667,0.15149,0,0.0666667,0,0,0.0666667,0.0603777,0,0.0666667,0,0,0.0666667,0.0728492,0,0.0666667,0.0600808,0,0.0666667,0,0,0.0666667,0,0,0.0666667,0.153294,0.5,0.4,0
0,4,2.09899,-2.99573,3.28595e-07,0.00256178,0.000170771,0.0332062,True,empty floor,sound_similarity,0,0.0666667,0.15149,0,0.0666667,0,0,0.0666667,0.0603777,0,0.0666667,0,0,0.0666667,0.0728492,0,0.0666667,0.0600808,0,0.0666667,0,0,0.0666667,0,0,0.0666667,0.153294,0.5,0.4,0
0.75,6.75,0.781836,-2.99573,3.2764e-07,0.00256178,0.000170523,0.0332062,True,empty floor,sound_similarity,0,0.0666667,0.15149,0,0.0666667,0,0,0.0666667,0.0603777,0,0.0666667,0,0,0.0666667,0.0728492,0,0.0666667,0.0600808,0,0.0666667,0,0,0.0666667,0,0,0.0666667,0.153294,0.5,0.4,0
1.25,2,4.15964,-2.99573,3.27468e-07,0.00256178,0.000170478,0.0332062,True,empty floor,sound_similarity,0,0.0666667,0.15149,0,0.0666667,0,0,0.0666667,0.0603777,0,0.0666667,0,0,0.0666667,0.0728492,0,0.0666667,0.0600808,0,0.0666667,0,0,0.0666667,0,0,0.0666667,0.153294,0.5,0.4,0
1.25,2.25,3.91563,-2.99573,3.26287e-07,0.00256178,0.00017017,0.0332062,True,empty floor,sound_similarity,0,0.0666667,0.15149,0,0.0666667,0,0,0.0666667,0.0603777,0,0.0666667,0,0,0.0666667,0.0728492,0,0.0666667,0.0600808,0,0.0666667,0,0,0.0666667,0,0,0.0666667,0.153294,0.5,0.4,0
-1,4.25,2.27564,-2.98516,3.24283e-07,0.00256178,0.000169647,0.0332062,True,empty floor,sound_similarity,0,0.0666667,0.15149,0,0.0666667,0,0,0.0666667,0.0603777,0,0.0666667,0,0,0.0666667,0.0728492,0,0.0666667,0.0600808,0,0.0666667,0,0,0.0666667,0,0,0.0666667,0.153294,0.5,0.4,0
-1.25,7.75,2.33795,-2.99562,3.1955e-07,0.00256178,0.000168404,0.0332062,True,empty floor,sound_similarity,0,0.0666667,0.15149,0,0.0666667,0,0,0.0666667,0.0603777,0,0.0666667,0,0,0.0666667,0.0728492,0,0.0666667,0.0600808,0,0.0666667,0,0,0.0666667,0,0,0.0666667,0.153294,0.5,0.4,0
1.25,1.75,4.40432,-2.99573,3.18729e-07,0.00256178,0.000168188,0.0332062,True,empty floor,sound_similarity,0,0.0666667,0.15149,0,0.0666667,0,0,0.0666667,0.0603777,0,0.0666667,0,0,0.0666667,0.0728492,0,0.0666667,0.0600808,0,0.0666667,0,0,0.0666667,0,0,0.0666667,0.153294,0.5,0.4,0
1,2.5,3.62078,-2.99573,3.18722e-07,0.00256178,0.000168186,0.0332062,True,empty floor,sound_similarity,0,0.0666667,0.15149,0,0.0666667,0,0,0.0666667,0.0603777,0,0.0666667,0,0,0.0666667,0.0728492,0,0.0666667,0.0600808,0,0.0666667,0,0,0.0666667,0,0,0.0666667,0.153294,0.5,0.4,0
1.25,2.5,3.67243,-2.99573,3.13767e-07,0.00256178,0.000166873,0.0332062,True,empty floor,sound_similarity,0,0.0666667,0.15149,0,0.0666667,0,0,0.0666667,0.0603777,0,0.0666667,0,0,0.0666667,0.0728492,0,0.0666667,0.0600808,0,0.0666667,0,0,0.0666667,0,0,0.0666667,0.153294,0.5,0.4,0
-2,4,3.14518,-2.70506,5.41773e-07,0.00192134,0.000164457,0.0249046,True,chair,sound_similarity,0,0.05,0.15149,1,0.55,0,0,0.05,0.0603777,0,0.05,0,0,0.05,0.0728492,0,0.05,0.0600808,0,0.05,0,0,0.05,0,0,0.05,0.153294,0,0.05,0
-1.25,7.25,2.00795,-2.99128,1.212e-06,0.00128089,0.000163985,0.0166031,True,empty floor,sound_similarity,0,0.0333333,0.15149,0,0.0333333,0,0,0.0333333,0.0603777,0,0.0333333,0,0,0.0333333,0.0728492,0,0.0333333,0.0600808,0,0.0333333,0,0,0.0333333,0,0,0.0333333,0.153294,2,0.7,0
1.5,3.5,2.80299,-2.99573,2.97283e-07,0.00256178,0.000162431,0.0332062,True,empty floor,sound_similarity,0,0.0666667,0.15149,0,0.0666667,0,0,0.0666667,0.0603777,0,0.0666667,0,0,0.0666667,0.0728492,0,0.0666667,0.0600808,0,0.0666667,0,0,0.0666667,0,0,0.0666667,0.153294,0.5,0.4,0
0.25,3.75,2.31902,-2.99573,2.92865e-07,0.00256178,0.000161219,0.0332062,True,empty floor,sound_similarity,0,0.0666667,0.15149,0,0.0666667,0,0,0.0666667,0.0603777,0,0.0666667,0,0,0.0666667,0.0728492,0,0.0666667,0.0600808,0,0.0666667,0,0,0.0666667,0,0,0.0666667,0.153294,0.5,0.4,0
-1.5,4.25,2.60771,-2.85513,2.92177e-07,0.00256178,0.00016103,0.0332062,True,empty floor,sound_similarity,0,0.0666667,0.15149,0,0.0666667,0,0,0.0666667,0.0603777,0,0.0666667,0,0,0.0666667,0.0728492,0,0.0666667,0.0600808,0,0.0666667,0,0,0.0666667,0,0,0.0666667,0.153294,0.5,0.4,0
1.75,2.25,4.05716,-2.99573,5.15027e-07,0.00192134,0.000160346,0.0249046,True,empty floor,sound_similarity,0,0.05,0.15149,0,0.05,0,0,0.05,0.0603777,0,0.05,0,0,0.05,0.0728492,0,0.05,0.0600808,0,0.05,0,0,0.05,0,0,0.05,0.153294,1,0.55,0
-1.25,4.25,2.43451,-2.95009,2.87581e-07,0.00256178,0.000159758,0.0332062,True,empty floor,sound_similarity,0,0.0666667,0.15149,0,0.0666667,0,0,0.0666667,0.0603777,0,0.0666667,0,0,0.0666667,0.0728492,0,0.0666667,0.0600808,0,0.0666667,0,0,0.0666667,0,0,0.0666667,0.153294,0.5,0.4,0
0.75,3,3.0891,-2.99573,2.8659e-07,0.00256178,0.000159483,0.0332062,True,empty floor,sound_similarity,0,0.0666667,0.15149,0,0.0666667,0,0,0.0666667,0.0603777,0,0.0666667,0,0,0.0666667,0.0728492,0,0.0666667,0.0600808,0,0.0666667,0,0,0.0666667,0,0,0.0666667,0.153294,0.5,0.4,0
-0.25,4.25,1.91928,-2.99572,2.64156e-07,0.00256178,0.000153113,0.0332062,True,empty floor,sound_similarity,0,0.0666667,0.15149,0,0.0666667,0,0,0.0666667,0.0603777,0,0.0666667,0,0,0.0666667,0.0728492,0,0.0666667,0.0600808,0,0.0666667,0,0,0.0666667,0,0,0.0666667,0.153294,0.5,0.4,0
1.75,2,4.29313,-2.99573,4.6517e-07,0.00192134,0.000152388,0.0249046,True,empty floor,sound_similarity,0,0.05,0.15149,0,0.05,0,0,0.05,0.0603777,0,0.05,0,0,0.05,0.0728492,0,0.05,0.0600808,0,0.05,0,0,0.05,0,0,0.05,0.153294,1,0.55,0
2,5,1.9462,-2.99573,2.59251e-07,0.00256178,0.000151685,0.0332062,True,empty floor,sound_similarity,0,0.0666667,0.15149,0,0.0666667,0,0,0.0666667,0.0603777,0,0.0666667,0,0,0.0666667,0.0728492,0,0.0666667,0.0600808,0,0.0666667,0,0,0.0666667,0,0,0.0666667,0.153294,0.5,0.4,0
1,5.75,0.703301,-2.99573,2.58458e-07,0.00256178,0.000151453,0.0332062,True,empty floor,sound_similarity,0,0.0666667,0.15149,0,0.0666667,0,0,0.0666667,0.0603777,0,0.0666667,0,0,0.0666667,0.0728492,0,0.0666667,0.0600808,0,0.0666667,0,0,0.0666667,0,0,0.0666667,0.153294,0.5,0.4,0
1.25,3,3.18919,-2.99573,2.54504e-07,0.00256178,0.00015029,0.0332062,True,empty floor,sound_similarity,0,0.0666667,0.15149,0,0.0666667,0,0,0.0666667,0.0603777,0,0.0666667,0,0,0.0666667,0.0728492,0,0.0666667,0.0600808,0,0.0666667,0,0,0.0666667,0,0,0.0666667,0.153294,0.5,0.4,0
0.5,6.25,0.224506,-2.99573,1.09346e-07,0.00384267,0.000147767,0.0498092,False,tv,sound_similarity,0,0.1,0.15149,0,0.1,0,0,0.1,0.0603777,0,0.1,0,0,0.1,0.0728492,0,0.1,0.0600808,0,0.1,0,0,0.1,0,0,0.1,0.153294,0,0.1,0
1.5,3.75,2.57611,-2.99573,2.457e-07,0.00256178,0.000147668,0.0332062,True,empty floor,sound_similarity,0,0.0666667,0.15149,0,0.0666667,0,0,0.0666667,0.0603777,0,0.0666667,0,0,0.0666667,0.0728492,0,0.0666667,0.0600808,0,0.0666667,0,0,0.0666667,0,0,0.0666667,0.153294,0.5,0.4,0
0.5,3.5,2.56904,-2.99573,2.3577e-07,0.00256178,0.000144653,0.0332062,True,empty floor,sound_similarity,0,0.0666667,0.15149,0,0.0666667,0,0,0.0666667,0.0603777,0,0.0666667,0,0,0.0666667,0.0728492,0,0.0666667,0.0600808,0,0.0666667,0,0,0.0666667,0,0,0.0666667,0.153294,0.5,0.4,0
-1.5,4.5,2.44023,-2.62632,2.33721e-07,0.00256178,0.000144023,0.0332062,True,empty floor,sound_similarity,0,0.0666667,0.15149,0,0.0666667,0,0,0.0666667,0.0603777,0,0.0666667,0,0,0.0666667,0.0728492,0,0.0666667,0.0600808,0,0.0666667,0,0,0.0666667,0,0,0.0666667,0.153294,0.5,0.4,0
1,3,3.12957,-2.99573,2.29469e-07,0.00256178,0.000142707,0.0332062,True,empty floor,sound_similarity,0,0.0666667,0.15149,0,0.0666667,0,0,0.0666667,0.0603777,0,0.0666667,0,0,0.0666667,0.0728492,0,0.0666667,0.0600808,0,0.0666667,0,0,0.0666667,0,0,0.0666667,0.153294,0.5,0.4,0
0.75,6,0.38408,-2.99573,2.19465e-07,0.00256178,0.000139562,0.0332062,True,empty floor,sound_similarity,0,0.0666667,0.15149,0,0.0666667,0,0,0.0666667,0.0603777,0,0.0666667,0,0,0.0666667,0.0728492,0,0.0666667,0.0600808,0,0.0666667,0,0,0.0666667,0,0,0.0666667,0.153294,0.5,0.4,0
0,6.75,0.778571,-2.99573,3.77951e-07,0.00192134,0.000137361,0.0249046,True,empty floor,sound_similarity,0,0.05,0.15149,0,0.05,0,0,0.05,0.0603777,0,0.05,0,0,0.05,0.0728492,0,0.05,0.0600808,0,0.05,0,0,0.05,0,0,0.05,0.153294,1,0.55,0
1.25,3.25,2.94966,-2.99573,2.11322e-07,0.00256178,0.000136948,0.0332062,True,empty floor,sound_similarity,0,0.0666667,0.15149,0,0.0666667,0,0,0.0666667,0.0603777,0,0.0666667,0,0,0.0666667,0.0728492,0,0.0666667,0.0600808,0,0.0666667,0,0,0.0666667,0,0,0.0666667,0.153294,0.5,0.4,0
0.75,3.25,2.84114,-2.99573,2.11041e-07,0.00256178,0.000136857,0.0332062,True,empty floor,sound_similarity,0,0.0666667,0.15149,0,0.0666667,0,0,0.0666667,0.0603777,0,0.0666667,0,0,0.0666667,0.0728492,0,0.0666667,0.0600808,0,0.0666667,0,0,0.0666667,0,0,0.0666667,0.153294,0.5,0.4,0
1.5,3,3.2669,-2.99573,3.68906e-07,0.00192134,0.000135707,0.0249046,True,empty floor,sound_similarity,0,0.05,0.15149,0,0.05,0,0,0.05,0.0603777,0,0.05,0,0,0.05,0.0728492,0,0.05,0.0600808,0,0.05,0,0,0.05,0,0,0.05,0.153294,1,0.55,0
1.5,3.25,3.03351,-2.99573,3.393e-07,0.00192134,0.000130148,0.0249046,True,empty floor,sound_similarity,0,0.05,0.15149,0,0.05,0,0,0.05,0.0603777,0,0.05,0,0,0.05,0.0728492,0,0.05,0.0600808,0,0.05,0,0,0.05,0,0,0.05,0.153294,1,0.55,0
0.25,5.5,0.578753,-2.99573,1.90346e-07,0.00256178,0.000129974,0.0332062,True,empty floor,sound_similarity,0,0.0666667,0.15149,0,0.0666667,0,0,0.0666667,0.0603777,0,0.0666667,0,0,0.0666667,0.0728492,0,0.0666667,0.0600808,0,0.0666667,0,0,0.0666667,0,0,0.0666667,0.153294,0.5,0.4,0
1.5,4,2.35392,-2.99573,1.8917e-07,0.00256178,0.000129572,0.0332062,True,empty floor,sound_similarity,0,0.0666667,0.15149,0,0.0666667,0,0,0.0666667,0.0603777,0,0.0666667,0,0,0.0666667,0.0728492,0,0.0666667,0.0600808,0,0.0666667,0,0,0.0666667,0,0,0.0666667,0.153294,0.5,0.4,0
1.75,4.75,1.90562,-2.99573,1.75659e-07,0.00256178,0.000124859,0.0332062,True,empty floor,sound_similarity,0,0.0666667,0.15149,0,0.0666667,0,0,0.0666667,0.0603777,0,0.0666667,0,0,0.0666667,0.0728492,0,0.0666667,0.0600808,0,0.0666667,0,0,0.0666667,0,0,0.0666667,0.153294,0.5,0.4,0
1,3.25,2.8851,-2.99573,1.74833e-07,0.00256178,0.000124565,0.0332062,True,empty floor,sound_similarity,0,0.0666667,0.15149,0,0.0666667,0,0,0.0666667,0.0603777,0,0.0666667,0,0,0.0666667,0.0728492,0,0.0666667,0.0600808,0,0.0666667,0,0,0.0666667,0,0,0.0666667,0.153294,0.5,0.4,0
1.25,3.5,2.71203,-2.99573,1.63959e-07,0.00256178,0.000120629,0.0332062,True,empty floor,sound_similarity,0,0.0666667,0.15149,0,0.0666667,0,0,0.0666667,0.0603777,0,0.0666667,0,0,0.0666667,0.0728492,0,0.0666667,0.0600808,0,0.0666667,0,0,0.0666667,0,0,0.0666667,0.153294,0.5,0.4,0
0.25,6.75,0.694889,-2.99573,2.91076e-07,0.00192134,0.000120545,0.0249046,True,empty floor,sound_similarity,0,0.05,0.15149,0,0.05,0,0,0.05,0.0603777,0,0.05,0,0,0.05,0.0728492,0,0.05,0.0600808,0,0.05,0,0,0.05,0,0,0.05,0.153294,1,0.55,0
0.25,4,2.06941,-2.99573,1.56837e-07,0.00256178,0.00011798,0.0332062,True,empty floor,sound_similarity,0,0.0666667,0.15149,0,0.0666667,0,0,0.0666667,0.0603777,0,0.0666667,0,0,0.0666667,0.0728492,0,0.0666667,0.0600808,0,0.0666667,0,0,0.0666667,0,0,0.0666667,0.153294,0.5,0.4,0
0,4.25,1.85347,-2.99573,1.5339e-07,0.00256178,0.000116676,0.0332062,True,empty floor,sound_similarity,0,0.0666667,0.15149,0,0.0666667,0,0,0.0666667,0.0603777,0,0.0666667,0,0,0.0666667,0.0728492,0,0.0666667,0.0600808,0,0.0666667,0,0,0.0666667,0,0,0.0666667,0.153294,0.5,0.4,0
1.25,5.75,0.933451,-2.99573,1.42258e-07,0.00256178,0.000112363,0.0332062,True,empty floor,sound_similarity,0,0.0666667,0.15149,0,0.0666667,0,0,0.0666667,0.0603777,0,0.0666667,0,0,0.0666667,0.0728492,0,0.0666667,0.0600808,0,0.0666667,0,0,0.0666667,0,0,0.0666667,0.153294,0.5,0.4,0
-1.25,4.5,2.2542,-2.85021,1.41983e-07,0.00256178,0.000112254,0.0332062,True,empty floor,sound_similarity,0,0.0666667,0.15149,0,0.0666667,0,0,0.0666667,0.0603777,0,0.0666667,0,0,0.0666667,0.0728492,0,0.0666667,0.0600808,0,0.0666667,0,0,0.0666667,0,0,0.0666667,0.153294,0.5,0.4,0
0.75,3.5,2.59359,-2.99573,1.3924e-07,0.00256178,0.000111164,0.0332062,True,empty floor,sound_similarity,0,0.0666667,0.15149,0,0.0666667,0,0,0.0666667,0.0603777,0,0.0666667,0,0,0.0666667,0.0728492,0,0.0666667,0.0600808,0,0.0666667,0,0,0.0666667,0,0,0.0666667,0.153294,0.5,0.4,0
0.5,3.75,2.31939,-2.99573,1.38747e-07,0.00256178,0.000110968,0.0332062,True,empty floor,sound_similarity,0,0.0666667,0.15149,0,0.0666667,0,0,0.0666667,0.0603777,0,0.0666667,0,0,0.0666667,0.0728492,0,0.0666667,0.0600808,0,0.0666667,0,0,0.0666667,0,0,0.0666667,0.153294,0.5,0.4,0
-1,7,1.65951,-2.98732,5.47487e-07,0.00128089,0.000110215,0.0166031,True,empty floor,sound_similarity,0,0.0333333,0.15149,0,0.0333333,0,0,0.0333333,0.0603777,0,0.0333333,0,0,0.0333333,0.0728492,0,0.0333333,0.0600808,0,0.0333333,0,0,0.0333333,0,0,0.0333333,0.153294,2,0.7,0
1.5,4.25,2.13788,-2.99573,1.33547e-07,0.00256178,0.000108868,0.0332062,True,empty floor,sound_similarity,0,0.0666667,0.15149,0,0.0666667,0,0,0.0666667,0.0603777,0,0.0666667,0,0,0.0666667,0.0728492,0,0.0666667,0.0600808,0,0.0666667,0,0,0.0666667,0,0,0.0666667,0.153294,0.5,0.4,0
-0.75,4.5,1.92609,-2.98921,1.291e-07,0.00256178,0.00010704,0.0332062,True,empty floor,sound_similarity,0,0.0666667,0.15149,0,0.0666667,0,0,0.0666667,0.0603777,0,0.0666667,0,0,0.0666667,0.0728492,0,0.0666667,0.0600808,0,0.0666667,0,0,0.0666667,0,0,0.0666667,0.153294,0.5,0.4,0
-1,4.5,2.08162,-2.95693,1.25081e-07,0.00256178,0.000105361,0.0332062,True,empty floor,sound_similarity,0,0.0666667,0.15149,0,0.0666667,0,0,0.0666667,0.0603777,0,0.0666667,0,0,0.0666667,0.0728492,0,0.0666667,0.0600808,0,0.0666667,0,0,0.0666667,0,0,0.0666667,0.153294,0.5,0.4,0
-0.5,4.5,1.79207,-2.99509,1.24601e-07,0.00256178,0.000105159,0.0332062,True,empty floor,sound_similarity,0,0.0666667,0.15149,0,0.0666667,0,0,0.0666667,0.0603777,0,0.0666667,0,0,0.0666667,0.0728492,0,0.0666667,0.0600808,0,0.0666667,0,0,0.0666667,0,0,0.0666667,0.153294,0.5,0.4,0
2,5.25,1.82133,-2.99573,1.22921e-07,0.00256178,0.000104447,0.0332062,True,empty floor,sound_similarity,0,0.0666667,0.15149,0,0.0666667,0,0,0.0666667,0.0603777,0,0.0666667,0,0,0.0666667,0.0728492,0,0.0666667,0.0600808,0,0.0666667,0,0,0.0666667,0,0,0.0666667,0.153294,0.5,0.4,0
1,3.5,2.64166,-2.99573,1.21469e-07,0.00256178,0.000103829,0.0332062,True,empty floor,sound_similarity,0,0.0666667,0.15149,0,0.0666667,0,0,0.0666667,0.0603777,0,0.0666667,0,0,0.0666667,0.0728492,0,0.0666667,0.0600808,0,0.0666667,0,0,0.0666667,0,0,0.0666667,0.153294,0.5,0.4,0
-1,7.25,1.81206,-2.9949,1.95812e-07,0.00192134,9.88701e-05,0.0249046,True,empty floor,sound_similarity,0,0.05,0.15149,0,0.05,0,0,0.05,0.0603777,0,0.05,0,0,0.05,0.0728492,0,0.05,0.0600808,0,0.05,0,0,0.05,0,0,0.05,0.153294,1,0.55,0
-1.25,4.75,2.0883,-2.55821,1.07087e-07,0.00256178,9.74885e-05,0.0332062,True,empty floor,sound_similarity,0,0.0666667,0.15149,0,0.0666667,0,0,0.0666667,0.0603777,0,0.0666667,0,0,0.0666667,0.0728492,0,0.0666667,0.0600808,0,0.0666667,0,0,0.0666667,0,0,0.0666667,0.153294,0.5,0.4,0
-1,7.75,2.17203,-2.99572,1.06787e-07,0.00256178,9.73516e-05,0.0332062,True,empty floor,sound_similarity,0,0.0666667,0.15149,0,0.0666667,0,0,0.0666667,0.0603777,0,0.0666667,0,0,0.0666667,0.0728492,0,0.0666667,0.0600808,0,0.0666667,0,0,0.0666667,0,0,0.0666667,0.153294,0.5,0.4,0
1.25,6.25,0.897495,-2.99573,1.00017e-07,0.00256178,9.42151e-05,0.0332062,True,empty floor,sound_similarity,0,0.0666667,0.15149,0,0.0666667,0,0,0.0666667,0.0603777,0,0.0666667,0,0,0.0666667,0.0728492,0,0.0666667,0.0600808,0,0.0666667,0,0,0.0666667,0,0,0.0666667,0.153294,0.5,0.4,0
1.75,5,1.74241,-2.99573,9.77359e-08,0.00256178,9.31348e-05,0.0332062,True,empty floor,sound_similarity,0,0.0666667,0.15149,0,0.0666667,0,0,0.0666667,0.0603777,0,0.0666667,0,0,0.0666667,0.0728492,0,0.0666667,0.0600808,0,0.0666667,0,0,0.0666667,0,0,0.0666667,0.153294,0.5,0.4,0
-0.25,4.5,1.6847,-2.9957,9.63015e-08,0.00256178,9.24488e-05,0.0332062,True,empty floor,sound_similarity,0,0.0666667,0.15149,0,0.0666667,0,0,0.0666667,0.0603777,0,0.0666667,0,0,0.0666667,0.0728492,0,0.0666667,0.0600808,0,0.0666667,0,0,0.0666667,0,0,0.0666667,0.153294,0.5,0.4,0
1,6.75,0.928959,-2.99573,9.19531e-08,0.00256178,9.03375e-05,0.0332062,True,empty floor,sound_similarity,0,0.0666667,0.15149,0,0.0666667,0,0,0.0666667,0.0603777,0,0.0666667,0,0,0.0666667,0.0728492,0,0.0666667,0.0600808,0,0.0666667,0,0,0.0666667,0,0,0.0666667,0.153294,0.5,0.4,0
-0.25,6.75,0.924378,-2.99568,1.60115e-07,0.00192134,8.94049e-05,0.0249046,True,empty floor,sound_similarity,0,0.05,0.15149,0,0.05,0,0,0.05,0.0603777,0,0.05,0,0,0.05,0.0728492,0,0.05,0.0600808,0,0.05,0,0,0.05,0,0,0.05,0.153294,1,0.55,0
1.5,4.5,1.93006,-2.99573,8.47678e-08,0.00256178,8.67363e-05,0.0332062,True,empty floor,sound_similarity,0,0.0666667,0.15149,0,0.0666667,0,0,0.0666667,0.0603777,0,0.0666667,0,0,0.0666667,0.0728492,0,0.0666667,0.0600808,0,0.0666667,0,0,0.0666667,0,0,0.0666667,0.153294,0.5,0.4,0
0.75,3.75,2.34654,-2.99573,7.99795e-08,0.00256178,8.42509e-05,0.0332062,True,empty floor,sound_similarity,0,0.0666667,0.15149,0,0.0666667,0,0,0.0666667,0.0603777,0,0.0666667,0,0,0.0666667,0.0728492,0,0.0666667,0.0600808,0,0.0666667,0,0,0.0666667,0,0,0.0666667,0.153294,0.5,0.4,0
-1,5.25,1.5959,-1.60625,1.35117e-07,0.00192134,8.21298e-05,0.0249046,True,empty floor,sound_similarity,0,0.05,0.15149,0,0.05,0,0,0.05,0.0603777,0,0.05,0,0,0.05,0.0728492,0,0.05,0.0600808,0,0.05,0,0,0.05,0,0,0.05,0.153294,1,0.55,0
1,3.75,2.39958,-2.99573,7.53715e-08,0.00256178,8.17879e-05,0.0332062,True,empty floor,sound_similarity,0,0.0666667,0.15149,0,0.0666667,0,0,0.0666667,0.0603777,0,0.0666667,0,0,0.0666667,0.0728492,0,0.0666667,0.0600808,0,0.0666667,0,0,0.0666667,0,0,0.0666667,0.153294,0.5,0.4,0
0,5.75,0.487689,-2.65861,7.19615e-08,0.00256178,7.99164e-05,0.0332062,True,empty floor,sound_similarity,0,0.0666667,0.15149,0,0.0666667,0,0,0.0666667,0.0603777,0,0.0666667,0,0,0.0666667,0.0728492,0,0.0666667,0.0600808,0,0.0666667,0,0,0.0666667,0,0,0.0666667,0.153294,0.5,0.4,0
0.5,4,2.06982,-2.99573,6.8009e-08,0.00256178,7.76907e-05,0.0332062,True,empty floor,sound_similarity,0,0.0666667,0.15149,0,0.0666667,0,0,0.0666667,0.0603777,0,0.0666667,0,0,0.0666667,0.0728492,0,0.0666667,0.0600808,0,0.0666667,0,0,0.0666667,0,0,0.0666667,0.153294,0.5,0.4,0
0.25,4.25,1.8199,-2.99573,6.73042e-08,0.00256178,7.72871e-05,0.0332062,True,empty floor,sound_similarity,0,0.0666667,0.15149,0,0.0666667,0,0,0.0666667,0.0603777,0,0.0666667,0,0,0.0666667,0.0728492,0,0.0666667,0.0600808,0,0.0666667,0,0,0.0666667,0,0,0.0666667,0.153294,0.5,0.4,0
1.25,3.75,2.47683,-2.99573,1.17275e-07,0.00192134,7.65152e-05,0.0249046,True,empty floor,sound_similarity,0,0.05,0.15149,0,0.05,0,0,0.05,0.0603777,0,0.05,0,0,0.05,0.0728492,0,0.05,0.0600808,0,0.05,0,0,0.05,0,0,0.05,0.153294,1,0.55,0
0,4.5,1.60932,-2.99573,5.39708e-08,0.00256178,6.92096e-05,0.0332062,True,empty floor,sound_similarity,0,0.0666667,0.15149,0,0.0666667,0,0,0.0666667,0.0603777,0,0.0666667,0,0,0.0666667,0.0728492,0,0.0666667,0.0600808,0,0.0666667,0,0,0.0666667,0,0,0.0666667,0.153294,0.5,0.4,0
0,5.5,0.676947,-2.9928,5.0167e-08,0.00256178,6.67262e-05,0.0332062,True,empty floor,sound_similarity,0,0.0666667,0.15149,0,0.0666667,0,0,0.0666667,0.0603777,0,0.0666667,0,0,0.0666667,0.0728492,0,0.0666667,0.0600808,0,0.0666667,0,0,0.0666667,0,0,0.0666667,0.153294,0.5,0.4,0
0.5,5.75,0.340935,-2.99573,4.84551e-08,0.00256178,6.55778e-05,0.0332062,True,empty floor,sound_similarity,0,0.0666667,0.15149,0,0.0666667,0,0,0.0666667,0.0603777,0,0.0666667,0,0,0.0666667,0.0728492,0,0.0666667,0.0600808,0,0.0666667,0,0,0.0666667,0,0,0.0666667,0.153294,0.5,0.4,0
-1,4.75,1.90071,-2.84322,4.72268e-08,0.00256178,6.47413e-05,0.0332062,True,empty floor,sound_similarity,0,0.0666667,0.15149,0,0.0666667,0,0,0.0666667,0.0603777,0,0.0666667,0,0,0.0666667,0.0728492,0,0.0666667,0.0600808,0,0.0666667,0,0,0.0666667,0,0,0.0666667,0.153294,0.5,0.4,0
0.5,7,0.942949,-2.99573,4.63218e-08,0.00256178,6.4118e-05,0.0332062,True,empty floor,sound_similarity,0,0.0666667,0.15149,0,0.0666667,0,0,0.0666667,0.0603777,0,0.0666667,0,0,0.0666667,0.0728492,0,0.0666667,0.0600808,0,0.0666667,0,0,0.0666667,0,0,0.0666667,0.153294,0.5,0.4,0
1.75,5.25,1.60174,-2.99573,4.51917e-08,0.00256178,6.3331e-05,0.0332062,True,empty floor,sound_similarity,0,0.0666667,0.15149,0,0.0666667,0,0,0.0666667,0.0603777,0,0.0666667,0,0,0.0666667,0.0728492,0,0.0666667,0.0600808,0,0.0666667,0,0,0.0666667,0,0,0.0666667,0.153294,0.5,0.4,0
2,7.75,2.34267,-2.99573,4.49603e-08,0.00256178,6.31687e-05,0.0332062,True,empty floor,sound_similarity,0,0.0666667,0.15149,0,0.0666667,0,0,0.0666667,0.0603777,0,0.0666667,0,0,0.0666667,0.0728492,0,0.0666667,0.0600808,0,0.0666667,0,0,0.0666667,0,0,0.0666667,0.153294,0.5,0.4,0
0.75,5.75,0.492884,-2.99573,7.98574e-08,0.00192134,6.314e-05,0.0249046,True,empty floor,sound_similarity,0,0.05,0.15149,0,0.05,0,0,0.05,0.0603777,0,0.05,0,0,0.05,0.0728492,0,0.05,0.0600808,0,0.05,0,0,0.05,0,0,0.05,0.153294,1,0.55,0
2,5.5,1.7239,-2.99573,4.48174e-08,0.00256178,6.30683e-05,0.0332062,True,empty floor,sound_similarity,0,0.0666667,0.15149,0,0.0666667,0,0,0.0666667,0.0603777,0,0.0666667,0,0,0.0666667,0.0728492,0,0.0666667,0.0600808,0,0.0666667,0,0,0.0666667,0,0,0.0666667,0.153294,0.5,0.4,0
-0.75,6.75,1.3138,-2.97446,1.79169e-07,0.00128089,6.305e-05,0.0166031,True,empty floor,sound_similarity,0,0.0333333,0.15149,0,0.0333333,0,0,0.0333333,0.0603777,0,0.0333333,0,0,0.0333333,0.0728492,0,0.0333333,0.0600808,0,0.0333333,0,0,0.0333333,0,0,0.0333333,0.153294,2,0.7,0
-0.5,6.75,1.10805,-2.99352,7.92504e-08,0.00192134,6.28995e-05,0.0249046,True,empty floor,sound_similarity,0,0.05,0.15149,0,0.05,0,0,0.05,0.0603777,0,0.05,0,0,0.05,0.0728492,0,0.05,0.0600808,0,0.05,0,0,0.05,0,0,0.05,0.153294,1,0.55,0
1.25,4.25,2.01713,-2.99573,4.37195e-08,0.00256178,6.2291e-05,0.0332062,True,empty floor,sound_similarity,0,0.0666667,0.15149,0,0.0666667,0,0,0.0666667,0.0603777,0,0.0666667,0,0,0.0666667,0.0728492,0,0.0666667,0.0600808,0,0.0666667,0,0,0.0666667,0,0,0.0666667,0.153294,0.5,0.4,0
1.25,4,2.24483,-2.99573,7.60246e-08,0.00192134,6.16061e-05,0.0249046,True,empty floor,sound_similarity,0,0.05,0.15149,0,0.05,0,0,0.05,0.0603777,0,0.05,0,0,0.05,0.0728492,0,0.05,0.0600808,0,0.05,0,0,0.05,0,0,0.05,0.153294,1,0.55,0
1,4,2.15929,-2.99573,4.06431e-08,0.00256178,6.00595e-05,0.0332062,True,empty floor,sound_similarity,0,0.0666667,0.15149,0,0.0666667,0,0,0.0666667,0.0603777,0,0.0666667,0,0,0.0666667,0.0728492,0,0.0666667,0.0600808,0,0.0666667,0,0,0.0666667,0,0,0.0666667,0.153294,0.5,0.4,0
0.75,4,2.1002,-2.99573,3.84672e-08,0.00256178,5.84297e-05,0.0332062,True,empty floor,sound_similarity,0,0.0666667,0.15149,0,0.0666667,0,0,0.0666667,0.0603777,0,0.0666667,0,0,0.0666667,0.0728492,0,0.0666667,0.0600808,0,0.0666667,0,0,0.0666667,0,0,0.0666667,0.153294,0.5,0.4,0
0.75,7,1.00789,-2.99573,3.71746e-08,0.00256178,5.74397e-05,0.0332062,True,empty floor,sound_similarity,0,0.0666667,0.15149,0,0.0666667,0,0,0.0666667,0.0603777,0,0.0666667,0,0,0.0666667,0.0728492,0,0.0666667,0.0600808,0,0.0666667,0,0,0.0666667,0,0,0.0666667,0.153294,0.5,0.4,0
-0.75,4.75,1.72899,-2.96498,3.50493e-08,0.00256178,5.57736e-05,0.0332062,True,empty floor,sound_similarity,0,0.0666667,0.15149,0,0.0666667,0,0,0.0666667,0.0603777,0,0.0666667,0,0,0.0666667,0.0728492,0,0.0666667,0.0600808,0,0.0666667,0,0,0.0666667,0,0,0.0666667,0.153294,0.5,0.4,0
-0.75,7.75,2.02347,-2.99573,3.43946e-08,0.00256178,5.52502e-05,0.0332062,True,empty floor,sound_similarity,0,0.0666667,0.15149,0,0.0666667,0,0,0.0666667,0.0603777,0,0.0666667,0,0,0.0666667,0.0728492,0,0.0666667,0.0600808,0,0.0666667,0,0,0.0666667,0,0,0.0666667,0.153294,0.5,0.4,0
1.25,6.5,0.979837,-2.99573,3.41075e-08,0.00256178,5.50192e-05,0.0332062,True,empty floor,sound_similarity,0,0.0666667,0.15149,0,0.0666667,0,0,0.0666667,0.0603777,0,0.0666667,0,0,0.0666667,0.0728492,0,0.0666667,0.0600808,0,0.0666667,0,0,0.0666667,0,0,0.0666667,0.153294,0.5,0.4,0
-1,5,1.73704,-2.44994,3.40131e-08,0.00256178,5.4943e-05,0.0332062,True,empty floor,sound_similarity,0,0.0666667,0.15149,0,0.0666667,0,0,0.0666667,0.0603777,0,0.0666667,0,0,0.0666667,0.0728492,0,0.0666667,0.0600808,0,0.0666667,0,0,0.0666667,0,0,0.0666667,0.153294,0.5,0.4,0
0.5,5.5,0.580218,-2.99573,3.19748e-08,0.00256178,5.32713e-05,0.0332062,True,empty floor,sound_similarity,0,0.0666667,0.15149,0,0.0666667,0,0,0.0666667,0.0603777,0,0.0666667,0,0,0.0666667,0.0728492,0,0.0666667,0.0600808,0,0.0666667,0,0,0.0666667,0,0,0.0666667,0.153294,0.5,0.4,0
-0.5,4.75,1.57833,-2.99256,3.11692e-08,0.00256178,5.2596e-05,0.0332062,True,empty floor,sound_similarity,0,0.0666667,0.15149,0,0.0666667,0,0,0.0666667,0.0603777,0,0.0666667,0,0,0.0666667,0.0728492,0,0.0666667,0.0600808,0,0.0666667,0,0,0.0666667,0,0,0.0666667,0.153294,0.5,0.4,0
-0.75,7.5,1.82067,-2.99572,3.02114e-08,0.00256178,5.17816e-05,0.0332062,True,empty floor,sound_similarity,0,0.0666667,0.15149,0,0.0666667,0,0,0.0666667,0.0603777,0,0.0666667,0,0,0.0666667,0.0728492,0,0.0666667,0.0600808,0,0.0666667,0,0,0.0666667,0,0,0.0666667,0.153294,0.5,0.4,0
1.75,7.75,2.17633,-2.99573,2.61306e-08,0.00256178,4.81577e-05,0.0332062,True,empty floor,sound_similarity,0,0.0666667,0.15149,0,0.0666667,0,0,0.0666667,0.0603777,0,0.0666667,0,0,0.0666667,0.0728492,0,0.0666667,0.0600808,0,0.0666667,0,0,0.0666667,0,0,0.0666667,0.153294,0.5,0.4,0
0.5,4.25,1.82037,-2.99573,2.61072e-08,0.00256178,4.81361e-05,0.0332062,True,empty floor,sound_similarity,0,0.0666667,0.15149,0,0.0666667,0,0,0.0666667,0.0603777,0,0.0666667,0,0,0.0666667,0.0728492,0,0.0666667,0.0600808,0,0.0666667,0,0,0.0666667,0,0,0.0666667,0.153294,0.5,0.4,0
2,7.5,2.16991,-2.99573,2.56016e-08,0.00256178,4.76678e-05,0.0332062,True,empty floor,sound_similarity,0,0.0666667,0.15149,0,0.0666667,0,0,0.0666667,0.0603777,0,0.0666667,0,0,0.0666667,0.0728492,0,0.0666667,0.0600808,0,0.0666667,0,0,0.0666667,0,0,0.0666667,0.153294,0.5,0.4,0
-0.75,7,1.45968,-2.99452,4.51485e-08,0.00192134,4.74756e-05,0.0249046,True,empty floor,sound_similarity,0,0.05,0.15149,0,0.05,0,0,0.05,0.0603777,0,0.05,0,0,0.05,0.0728492,0,0.05,0.0600808,0,0.05,0,0,0.05,0,0,0.05,0.153294,1,0.55,0
0.25,7,0.942048,-2.99573,2.49365e-08,0.00256178,4.70445e-05,0.0332062,True,empty floor,sound_similarity,0,0.0666667,0.15149,0,0.0666667,0,0,0.0666667,0.0603777,0,0.0666667,0,0,0.0666667,0.0728492,0,0.0666667,0.0600808,0,0.0666667,0,0,0.0666667,0,0,0.0666667,0.153294,0.5,0.4,0
-0.25,4.75,1.45527,-2.99559,2.3819e-08,0.00256178,4.59784e-05,0.0332062,True,empty floor,sound_similarity,0,0.0666667,0.15149,0,0.0666667,0,0,0.0666667,0.0603777,0,0.0666667,0,0,0.0666667,0.0728492,0,0.0666667,0.0600808,0,0.0666667,0,0,0.0666667,0,0,0.0666667,0.153294,0.5,0.4,0
0.25,5.25,0.824847,-2.99573,2.36708e-08,0.00256178,4.58351e-05,0.0332062,True,empty floor,sound_similarity,0,0.0666667,0.15149,0,0.0666667,0,0,0.0666667,0.0603777,0,0.0666667,0,0,0.0666667,0.0728492,0,0.0666667,0.0600808,0,0.0666667,0,0,0.0666667,0,0,0.0666667,0.153294,0.5,0.4,0
1,5.5,0.845606,-2.99573,2.35987e-08,0.00256178,4.57652e-05,0.0332062,True,empty floor,sound_similarity,0,0.0666667,0.15149,0,0.0666667,0,0,0.0666667,0.0603777,0,0.0666667,0,0,0.0666667,0.0728492,0,0.0666667,0.0600808,0,0.0666667,0,0,0.0666667,0,0,0.0666667,0.153294,0.5,0.4,0
1.5,5,1.55219,-2.99573,2.26974e-08,0.00256178,4.48829e-05,0.0332062,True,empty floor,sound_similarity,0,0.0666667,0.15149,0,0.0666667,0,0,0.0666667,0.0603777,0,0.0666667,0,0,0.0666667,0.0728492,0,0.0666667,0.0600808,0,0.0666667,0,0,0.0666667,0,0,0.0666667,0.153294,0.5,0.4,0
1.5,5.5,1.26232,-2.99573,8.16277e-09,0.00425034,4.4659e-05,0.0550935,True,couch,sound_similarity,0,0.05,0.15149,0,0.05,0,1,0.55,0.0603777,0,0.05,0,0,0.05,0.0728492,0,0.05,0.0600808,0,0.05,0,0,0.05,0,0,0.05,0.153294,0,0.05,0
1.25,4.5,1.79539,-2.99573,2.17201e-08,0.00256178,4.39059e-05,0.0332062,True,empty floor,sound_similarity,0,0.0666667,0.15149,0,0.0666667,0,0,0.0666667,0.0603777,0,0.0666667,0,0,0.0666667,0.0728492,0,0.0666667,0.0600808,0,0.0666667,0,0,0.0666667,0,0,0.0666667,0.153294,0.5,0.4,0
0.25,4.5,1.57055,-2.99573,2.13214e-08,0.00256178,4.35012e-05,0.0332062,True,empty floor,sound_similarity,0,0.0666667,0.15149,0,0.0666667,0,0,0.0666667,0.0603777,0,0.0666667,0,0,0.0666667,0.0728492,0,0.0666667,0.0600808,0,0.0666667,0,0,0.0666667,0,0,0.0666667,0.153294,0.5,0.4,0
1.25,5.5,1.04487,-2.99573,2.10946e-08,0.00256178,4.32691e-05,0.0332062,True,empty floor,sound_similarity,0,0.0666667,0.15149,0,0.0666667,0,0,0.0666667,0.0603777,0,0.0666667,0,0,0.0666667,0.0728492,0,0.0666667,0.0600808,0,0.0666667,0,0,0.0666667,0,0,0.0666667,0.153294,0.5,0.4,0
-0.75,5.5,1.25625,-1.10455,7.38308e-08,0.00128089,4.04738e-05,0.0166031,True,empty floor,sound_similarity,0,0.0333333,0.15149,0,0.0333333,0,0,0.0333333,0.0603777,0,0.0333333,0,0,0.0333333,0.0728492,0,0.0333333,0.0600808,0,0.0333333,0,0,0.0333333,0,0,0.0333333,0.153294,2,0.7,0
1,4.25,1.92149,-2.99573,1.83627e-08,0.00256178,4.03704e-05,0.0332062,True,empty floor,sound_similarity,0,0.0666667,0.15149,0,0.0666667,0,0,0.0666667,0.0603777,0,0.0666667,0,0,0.0666667,0.0728492,0,0.0666667,0.0600808,0,0.0666667,0,0,0.0666667,0,0,0.0666667,0.153294,0.5,0.4,0
-0.75,7.25,1.63103,-2.99564,3.05622e-08,0.00192134,3.9061e-05,0.0249046,True,empty floor,sound_similarity,0,0.05,0.15149,0,0.05,0,0,0.05,0.0603777,0,0.05,0,0,0.05,0.0728492,0,0.05,0.0600808,0,0.05,0,0,0.05,0,0,0.05,0.153294,1,0.55,0
1.75,5.5,1.49001,-2.99573,1.67656e-08,0.00256178,3.85749e-05,0.0332062,True,empty floor,sound_similarity,0,0.0666667,0.15149,0,0.0666667,0,0,0.0666667,0.0603777,0,0.0666667,0,0,0.0666667,0.0728492,0,0.0666667,0.0600808,0,0.0666667,0,0,0.0666667,0,0,0.0666667,0.153294,0.5,0.4,0
1.5,5.75,1.17176,-2.99573,1.6143e-08,0.00256178,3.78519e-05,0.0332062,True,empty floor,sound_similarity,0,0.0666667,0.15149,0,0.0666667,0,0,0.0666667,0.0603777,0,0.0666667,0,0,0.0666667,0.0728492,0,0.0666667,0.0600808,0,0.0666667,0,0,0.0666667,0,0,0.0666667,0.153294,0.5,0.4,0
0.75,5.5,0.680699,-2.99573,1.60942e-08,0.00256178,3.77947e-05,0.0332062,True,empty floor,sound_similarity,0,0.0666667,0.15149,0,0.0666667,0,0,0.0666667,0.0603777,0,0.0666667,0,0,0.0666667,0.0728492,0,0.0666667,0.0600808,0,0.0666667,0,0,0.0666667,0,0,0.0666667,0.153294,0.5,0.4,0
0.75,4.25,1.85484,-2.99573,1.46753e-08,0.00256178,3.60904e-05,0.0332062,True,empty floor,sound_similarity,0,0.0666667,0.15149,0,0.0666667,0,0,0.0666667,0.0603777,0,0.0666667,0,0,0.0666667,0.0728492,0,0.0666667,0.0600808,0,0.0666667,0,0,0.0666667,0,0,0.0666667,0.153294,0.5,0.4,0
1.5,7.75,2.02724,-2.99573,1.45034e-08,0.00256178,3.58784e-05,0.0332062,True,empty floor,sound_similarity,0,0.0666667,0.15149,0,0.0666667,0,0,0.0666667,0.0603777,0,0.0666667,0,0,0.0666667,0.0728492,0,0.0666667,0.0600808,0,0.0666667,0,0,0.0666667,0,0,0.0666667,0.153294,0.5,0.4,0
0,5.25,0.896479,-2.99562,1.43693e-08,0.00256178,3.57121e-05,0.0332062,True,empty floor,sound_similarity,0,0.0666667,0.15149,0,0.0666667,0,0,0.0666667,0.0603777,0,0.0666667,0,0,0.0666667,0.0728492,0,0.0666667,0.0600808,0,0.0666667,0,0,0.0666667,0,0,0.0666667,0.153294,0.5,0.4,0
1.5,6,1.13032,-2.99573,1.403e-08,0.00256178,3.5288e-05,0.0332062,True,empty floor,sound_similarity,0,0.0666667,0.15149,0,0.0666667,0,0,0.0666667,0.0603777,0,0.0666667,0,0,0.0666667,0.0728492,0,0.0666667,0.0600808,0,0.0666667,0,0,0.0666667,0,0,0.0666667,0.153294,0.5,0.4,0
2,7.25,2.01344,-2.99573,1.38144e-08,0.00256178,3.50158e-05,0.0332062,True,empty floor,sound_similarity,0,0.0666667,0.15149,0,0.0666667,0,0,0.0666667,0.0603777,0,0.0666667,0,0,0.0666667,0.0728492,0,0.0666667,0.0600808,0,0.0666667,0,0,0.0666667,0,0,0.0666667,0.153294,0.5,0.4,0
0,4.75,1.3673,-2.99573,1.29021e-08,0.00256178,3.38399e-05,0.0332062,True,empty floor,sound_similarity,0,0.0666667,0.15149,0,0.0666667,0,0,0.0666667,0.0603777,0,0.0666667,0,0,0.0666667,0.0728492,0,0.0666667,0.0600808,0,0.0666667,0,0,0.0666667,0,0,0.0666667,0.153294,0.5,0.4,0
0,7,1.00536,-2.99573,1.27388e-08,0.00256178,3.36252e-05,0.0332062,True,empty floor,sound_similarity,0,0.0666667,0.15149,0,0.0666667,0,0,0.0666667,0.0603777,0,0.0666667,0,0,0.0666667,0.0728492,0,0.0666667,0.0600808,0,0.0666667,0,0,0.0666667,0,0,0.0666667,0.153294,0.5,0.4,0
1,7,1.12585,-2.99573,1.26893e-08,0.00256178,3.35597e-05,0.0332062,True,empty floor,sound_similarity,0,0.0666667,0.15149,0,0.0666667,0,0,0.0666667,0.0603777,0,0.0666667,0,0,0.0666667,0.0728492,0,0.0666667,0.0600808,0,0.0666667,0,0,0.0666667,0,0,0.0666667,0.153294,0.5,0.4,0
-0.5,7.75,1.89634,-2.99573,1.26858e-08,0.00256178,3.35551e-05,0.0332062,True,empty floor,sound_similarity,0,0.0666667,0.15149,0,0.0666667,0,0,0.0666667,0.0603777,0,0.0666667,0,0,0.0666667,0.0728492,0,0.0666667,0.0600808,0,0.0666667,0,0,0.0666667,0,0,0.0666667,0.153294,0.5,0.4,0
2,5.75,1.65874,-2.99573,1.22943e-08,0.00256178,3.30334e-05,0.0332062,True,empty floor,sound_similarity,0,0.0666667,0.15149,0,0.0666667,0,0,0.0666667,0.0603777,0,0.0666667,0,0,0.0666667,0.0728492,0,0.0666667,0.0600808,0,0.0666667,0,0,0.0666667,0,0,0.0666667,0.153294,0.5,0.4,0
1.75,7.5,1.98917,-2.99573,1.22296e-08,0.00256178,3.29463e-05,0.0332062,True,empty floor,sound_similarity,0,0.0666667,0.15149,0,0.0666667,0,0,0.0666667,0.0603777,0,0.0666667,0,0,0.0666667,0.0728492,0,0.0666667,0.0600808,0,0.0666667,0,0,0.0666667,0,0,0.0666667,0.153294,0.5,0.4,0
1.5,5.25,1.39243,-2.99573,9.94301e-09,0.00256178,2.97073e-05,0.0332062,True,empty floor,sound_similarity,0,0.0666667,0.15149,0,0.0666667,0,0,0.0666667,0.0603777,0,0.0666667,0,0,0.0666667,0.0728492,0,0.0666667,0.0600808,0,0.0666667,0,0,0.0666667,0,0,0.0666667,0.153294,0.5,0.4,0
1.25,4.75,1.58209,-2.99573,9.04986e-09,0.00256178,2.83418e-05,0.0332062,True,empty floor,sound_similarity,0,0.0666667,0.15149,0,0.0666667,0,0,0.0666667,0.0603777,0,0.0666667,0,0,0.0666667,0.0728492,0,0.0666667,0.0600808,0,0.0666667,0,0,0.0666667,0,0,0.0666667,0.153294,0.5,0.4,0
-0.75,5,1.54725,-2.83256,8.78064e-09,0.00256178,2.79171e-05,0.0332062,True,empty floor,sound_similarity,0,0.0666667,0.15149,0,0.0666667,0,0,0.0666667,0.0603777,0,0.0666667,0,0,0.0666667,0.0728492,0,0.0666667,0.0600808,0,0.0666667,0,0,0.0666667,0,0,0.0666667,0.153294,0.5,0.4,0
1.25,7.75,1.89947,-2.99573,8.02558e-09,0.00256178,2.669e-05,0.0332062,True,empty floor,sound_similarity,0,0.0666667,0.15149,0,0.0666667,0,0,0.0666667,0.0603777,0,0.0666667,0,0,0.0666667,0.0728492,0,0.0666667,0.0600808,0,0.0666667,0,0,0.0666667,0,0,0.0666667,0.153294,0.5,0.4,0
2,7,1.87732,-2.99573,7.36499e-09,0.00256178,2.55681e-05,0.0332062,True,empty floor,sound_similarity,0,0.0666667,0.15149,0,0.0666667,0,0,0.0666667,0.0603777,0,0.0666667,0,0,0.0666667,0.0728492,0,0.0666667,0.0600808,0,0.0666667,0,0,0.0666667,0,0,0.0666667,0.153294,0.5,0.4,0
0.5,4.5,1.57109,-2.99573,7.16049e-09,0.00256178,2.52107e-05,0.0332062,True,empty floor,sound_similarity,0,0.0666667,0.15149,0,0.0666667,0,0,0.0666667,0.0603777,0,0.0666667,0,0,0.0666667,0.0728492,0,0.0666667,0.0600808,0,0.0666667,0,0,0.0666667,0,0,0.0666667,0.153294,0.5,0.4,0
0.5,6,0.14429,-2.99573,6.68968e-09,0.00256178,2.43679e-05,0.0332062,True,empty floor,sound_similarity,0,0.0666667,0.15149,0,0.0666667,0,0,0.0666667,0.0603777,0,0.0666667,0,0,0.0666667,0.0728492,0,0.0666667,0.0600808,0,0.0666667,0,0,0.0666667,0,0,0.0666667,0.153294,0.5,0.4,0
1,4.5,1.68722,-2.99573,6.61586e-09,0.00256178,2.42331e-05,0.0332062,True,empty floor,sound_similarity,0,0.0666667,0.15149,0,0.0666667,0,0,0.0666667,0.0603777,0,0.0666667,0,0,0.0666667,0.0728492,0,0.0666667,0.0600808,0,0.0666667,0,0,0.0666667,0,0,0.0666667,0.153294,0.5,0.4,0
-0.75,5.25,1.38693,-2.26155,6.53794e-09,0.00256178,2.409e-05,0.0332062,True,empty floor,sound_similarity,0,0.0666667,0.15149,0,0.0666667,0,0,0.0666667,0.0603777,0,0.0666667,0,0,0.0666667,0.0728492,0,0.0666667,0.0600808,0,0.0666667,0,0,0.0666667,0,0,0.0666667,0.153294,0.5,0.4,0
-0.25,7.75,1.79522,-2.99573,6.28544e-09,0.00256178,2.36203e-05,0.0332062,True,empty floor,sound_similarity,0,0.0666667,0.15149,0,0.0666667,0,0,0.0666667,0.0603777,0,0.0666667,0,0,0.0666667,0.0728492,0,0.0666667,0.0600808,0,0.0666667,0,0,0.0666667,0,0,0.0666667,0.153294,0.5,0.4,0
0.5,5.25,0.825875,-2.99573,5.43607e-09,0.00256178,2.19667e-05,0.0332062,True,empty floor,sound_similarity,0,0.0666667,0.15149,0,0.0666667,0,0,0.0666667,0.0603777,0,0.0666667,0,0,0.0666667,0.0728492,0,0.0666667,0.0600808,0,0.0666667,0,0,0.0666667,0,0,0.0666667,0.153294,0.5,0.4,0
1.5,7.5,1.82486,-2.99573,5.31261e-09,0.00256178,2.17159e-05,0.0332062,True,empty floor,sound_similarity,0,0.0666667,0.15149,0,0.0666667,0,0,0.0666667,0.0603777,0,0.0666667,0,0,0.0666667,0.0728492,0,0.0666667,0.0600808,0,0.0666667,0,0,0.0666667,0,0,0.0666667,0.153294,0.5,0.4,0
1.75,7.25,1.8172,-2.99573,5.15433e-09,0.00256178,2.139e-05,0.0332062,True,empty floor,sound_similarity,0,0.0666667,0.15149,0,0.0666667,0,0,0.0666667,0.0603777,0,0.0666667,0,0,0.0666667,0.0728492,0,0.0666667,0.0600808,0,0.0666667,0,0,0.0666667,0,0,0.0666667,0.153294,0.5,0.4,0
1.75,5.75,1.41412,-2.99573,5.07574e-09,0.00256178,2.12263e-05,0.0332062,True,empty floor,sound_similarity,0,0.0666667,0.15149,0,0.0666667,0,0,0.0666667,0.0603777,0,0.0666667,0,0,0.0666667,0.0728492,0,0.0666667,0.0600808,0,0.0666667,0,0,0.0666667,0,0,0.0666667,0.153294,0.5,0.4,0
-0.5,5.5,1.03916,-1.89611,5.03745e-09,0.00256178,2.11461e-05,0.0332062,True,empty floor,sound_similarity,0,0.0666667,0.15149,0,0.0666667,0,0,0.0666667,0.0603777,0,0.0666667,0,0,0.0666667,0.0728492,0,0.0666667,0.0600808,0,0.0666667,0,0,0.0666667,0,0,0.0666667,0.153294,0.5,0.4,0
-0.5,5,1.37684,-2.97428,4.96875e-09,0.00256178,2.10015e-05,0.0332062,True,empty floor,sound_similarity,0,0.0666667,0.15149,0,0.0666667,0,0,0.0666667,0.0603777,0,0.0666667,0,0,0.0666667,0.0728492,0,0.0666667,0.0600808,0,0.0666667,0,0,0.0666667,0,0,0.0666667,0.153294,0.5,0.4,0
-0.25,7,1.12208,-2.99573,8.56241e-09,0.00192134,2.0676e-05,0.0249046,True,empty floor,sound_similarity,0,0.05,0.15149,0,0.05,0,0,0.05,0.0603777,0,0.05,0,0,0.05,0.0728492,0,0.05,0.0600808,0,0.05,0,0,0.05,0,0,0.05,0.153294,1,0.55,0
-0.25,5.5,0.840571,-2.77653,4.80572e-09,0.00256178,2.06541e-05,0.0332062,True,empty floor,sound_similarity,0,0.0666667,0.15149,0,0.0666667,0,0,0.0666667,0.0603777,0,0.0666667,0,0,0.0666667,0.0728492,0,0.0666667,0.0600808,0,0.0666667,0,0,0.0666667,0,0,0.0666667,0.153294,0.5,0.4,0
1,7.75,1.79758,-2.99573,4.73611e-09,0.00256178,2.0504e-05,0.0332062,True,empty floor,sound_similarity,0,0.0666667,0.15149,0,0.0666667,0,0,0.0666667,0.0603777,0,0.0666667,0,0,0.0666667,0.0728492,0,0.0666667,0.0600808,0,0.0666667,0,0,0.0666667,0,0,0.0666667,0.153294,0.5,0.4,0
1.5,6.25,1.14333,-2.99573,4.60212e-09,0.00256178,2.0212e-05,0.0332062,True,empty floor,sound_similarity,0,0.0666667,0.15149,0,0.0666667,0,0,0.0666667,0.0603777,0,0.0666667,0,0,0.0666667,0.0728492,0,0.0666667,0.0600808,0,0.0666667,0,0,0.0666667,0,0,0.0666667,0.153294,0.5,0.4,0
0.25,4.75,1.32144,-2.99573,4.56419e-09,0.00256178,2.01285e-05,0.0332062,True,empty floor,sound_similarity,0,0.0666667,0.15149,0,0.0666667,0,0,0.0666667,0.0603777,0,0.0666667,0,0,0.0666667,0.0728492,0,0.0666667,0.0600808,0,0.0666667,0,0,0.0666667,0,0,0.0666667,0.153294,0.5,0.4,0
2,6.75,1.76628,-2.99573,4.14727e-09,0.00256178,1.91874e-05,0.0332062,True,empty floor,sound_similarity,0,0.0666667,0.15149,0,0.0666667,0,0,0.0666667,0.0603777,0,0.0666667,0,0,0.0666667,0.0728492,0,0.0666667,0.0600808,0,0.0666667,0,0,0.0666667,0,0,0.0666667,0.153294,0.5,0.4,0
0,7.75,1.72468,-2.99573,3.91158e-09,0.00256178,1.86343e-05,0.0332062,True,empty floor,sound_similarity,0,0.0666667,0.15149,0,0.0666667,0,0,0.0666667,0.0603777,0,0.0666667,0,0,0.0666667,0.0728492,0,0.0666667,0.0600808,0,0.0666667,0,0,0.0666667,0,0,0.0666667,0.153294,0.5,0.4,0
-0.25,5,1.23385,-2.99475,3.83473e-09,0.00256178,1.84504e-05,0.0332062,True,empty floor,sound_similarity,0,0.0666667,0.15149,0,0.0666667,0,0,0.0666667,0.0603777,0,0.0666667,0,0,0.0666667,0.0728492,0,0.0666667,0.0600808,0,0.0666667,0,0,0.0666667,0,0,0.0666667,0.153294,0.5,0.4,0
0.5,7.25,1.19111,-2.99573,3.70424e-09,0.00256178,1.81339e-05,0.0332062,True,empty floor,sound_similarity,0,0.0666667,0.15149,0,0.0666667,0,0,0.0666667,0.0603777,0,0.0666667,0,0,0.0666667,0.0728492,0,0.0666667,0.0600808,0,0.0666667,0,0,0.0666667,0,0,0.0666667,0.153294,0.5,0.4,0
0,5,1.12876,-2.99572,3.64683e-09,0.00256178,1.79928e-05,0.0332062,True,empty floor,sound_similarity,0,0.0666667,0.15149,0,0.0666667,0,0,0.0666667,0.0603777,0,0.0666667,0,0,0.0666667,0.0728492,0,0.0666667,0.0600808,0,0.0666667,0,0,0.0666667,0,0,0.0666667,0.153294,0.5,0.4,0
-0.5,7,1.27764,-2.99566,6.41814e-09,0.00192134,1.79012e-05,0.0249046,True,empty floor,sound_similarity,0,0.05,0.15149,0,0.05,0,0,0.05,0.0603777,0,0.05,0,0,0.05,0.0728492,0,0.05,0.0600808,0,0.05,0,0,0.05,0,0,0.05,0.153294,1,0.55,0
2,6,1.62973,-2.99573,3.46423e-09,0.00256178,1.75367e-05,0.0332062,True,empty floor,sound_similarity,0,0.0666667,0.15149,0,0.0666667,0,0,0.0666667,0.0603777,0,0.0666667,0,0,0.0666667,0.0728492,0,0.0666667,0.0600808,0,0.0666667,0,0,0.0666667,0,0,0.0666667,0.153294,0.5,0.4,0
0.75,7.75,1.72615,-2.99573,3.23441e-09,0.00256178,1.69452e-05,0.0332062,True,empty floor,sound_similarity,0,0.0666667,0.15149,0,0.0666667,0,0,0.0666667,0.0603777,0,0.0666667,0,0,0.0666667,0.0728492,0,0.0666667,0.0600808,0,0.0666667,0,0,0.0666667,0,0,0.0666667,0.153294,0.5,0.4,0
0.75,7.25,1.24315,-2.99573,3.03801e-09,0.00256178,1.64229e-05,0.0332062,True,empty floor,sound_similarity,0,0.0666667,0.15149,0,0.0666667,0,0,0.0666667,0.0603777,0,0.0666667,0,0,0.0666667,0.0728492,0,0.0666667,0.0600808,0,0.0666667,0,0,0.0666667,0,0,0.0666667,0.153294,0.5,0.4,0
1.25,5.25,1.19882,-2.99573,2.95829e-09,0.00256178,1.6206e-05,0.0332062,True,empty floor,sound_similarity,0,0.0666667,0.15149,0,0.0666667,0,0,0.0666667,0.0603777,0,0.0666667,0,0,0.0666667,0.0728492,0,0.0666667,0.0600808,0,0.0666667,0,0,0.0666667,0,0,0.0666667,0.153294,0.5,0.4,0
1.5,6.5,1.20904,-2.99573,2.9321e-09,0.00256178,1.61342e-05,0.0332062,True,empty floor,sound_similarity,0,0.0666667,0.15149,0,0.0666667,0,0,0.0666667,0.0603777,0,0.0666667,0,0,0.0666667,0.0728492,0,0.0666667,0.0600808,0,0.0666667,0,0,0.0666667,0,0,0.0666667,0.153294,0.5,0.4,0
0.25,7.75,1.68855,-2.99573,2.92991e-09,0.00256178,1.61281e-05,0.0332062,True,empty floor,sound_similarity,0,0.0666667,0.15149,0,0.0666667,0,0,0.0666667,0.0603777,0,0.0666667,0,0,0.0666667,0.0728492,0,0.0666667,0.0600808,0,0.0666667,0,0,0.0666667,0,0,0.0666667,0.153294,0.5,0.4,0
0.5,7.75,1.68905,-2.99573,2.7328e-09,0.00256178,1.55764e-05,0.0332062,True,empty floor,sound_similarity,0,0.0666667,0.15149,0,0.0666667,0,0,0.0666667,0.0603777,0,0.0666667,0,0,0.0666667,0.0728492,0,0.0666667,0.0600808,0,0.0666667,0,0,0.0666667,0,0,0.0666667,0.153294,0.5,0.4,0
2,6.5,1.68528,-2.99573,2.68274e-09,0.00256178,1.54331e-05,0.0332062,True,empty floor,sound_similarity,0,0.0666667,0.15149,0,0.0666667,0,0,0.0666667,0.0603777,0,0.0666667,0,0,0.0666667,0.0728492,0,0.0666667,0.0600808,0,0.0666667,0,0,0.0666667,0,0,0.0666667,0.153294,0.5,0.4,0
0.25,5,1.07275,-2.99573,2.65943e-09,0.00256178,1.53659e-05,0.0332062,True,empty floor,sound_similarity,0,0.0666667,0.15149,0,0.0666667,0,0,0.0666667,0.0603777,0,0.0666667,0,0,0.0666667,0.0728492,0,0.0666667,0.0600808,0,0.0666667,0,0,0.0666667,0,0,0.0666667,0.153294,0.5,0.4,0
-0.5,7.25,1.47035,-2.99573,4.48259e-09,0.00192134,1.49609e-05,0.0249046,True,empty floor,sound_similarity,0,0.05,0.15149,0,0.05,0,0,0.05,0.0603777,0,0.05,0,0,0.05,0.0728492,0,0.05,0.0600808,0,0.05,0,0,0.05,0,0,0.05,0.153294,1,0.55,0
1.25,7,1.28228,-2.99573,2.46547e-09,0.00256178,1.47952e-05,0.0332062,True,empty floor,sound_similarity,0,0.0666667,0.15149,0,0.0666667,0,0,0.0666667,0.0603777,0,0.0666667,0,0,0.0666667,0.0728492,0,0.0666667,0.0600808,0,0.0666667,0,0,0.0666667,0,0,0.0666667,0.153294,0.5,0.4,0
0.25,7.25,1.19039,-2.99573,2.39591e-09,0.00256178,1.45851e-05,0.0332062,True,empty floor,sound_similarity,0,0.0666667,0.15149,0,0.0666667,0,0,0.0666667,0.0603777,0,0.0666667,0,0,0.0666667,0.0728492,0,0.0666667,0.0600808,0,0.0666667,0,0,0.0666667,0,0,0.0666667,0.153294,0.5,0.4,0
1.25,7.5,1.68179,-2.99573,2.23963e-09,0.00256178,1.41016e-05,0.0332062,True,empty floor,sound_similarity,0,0.0666667,0.15149,0,0.0666667,0,0,0.0666667,0.0603777,0,0.0666667,0,0,0.0666667,0.0728492,0,0.0666667,0.0600808,0,0.0666667,0,0,0.0666667,0,0,0.0666667,0.153294,0.5,0.4,0
2,6.25,1.63878,-2.99573,2.2241e-09,0.00256178,1.40526e-05,0.0332062,True,empty floor,sound_similarity,0,0.0666667,0.15149,0,0.0666667,0,0,0.0666667,0.0603777,0,0.0666667,0,0,0.0666667,0.0728492,0,0.0666667,0.0600808,0,0.0666667,0,0,0.0666667,0,0,0.0666667,0.153294,0.5,0.4,0
1,5.25,1.02979,-2.99573,2.13775e-09,0.00256178,1.37773e-05,0.0332062,True,empty floor,sound_similarity,0,0.0666667,0.15149,0,0.0666667,0,0,0.0666667,0.0603777,0,0.0666667,0,0,0.0666667,0.0728492,0,0.0666667,0.0600808,0,0.0666667,0,0,0.0666667,0,0,0.0666667,0.153294,0.5,0.4,0
1.75,7,1.66513,-2.99573,2.08592e-09,0.00256178,1.36093e-05,0.0332062,True,empty floor,sound_similarity,0,0.0666667,0.15149,0,0.0666667,0,0,0.0666667,0.0603777,0,0.0666667,0,0,0.0666667,0.0728492,0,0.0666667,0.0600808,0,0.0666667,0,0,0.0666667,0,0,0.0666667,0.153294,0.5,0.4,0
0.75,5.25,0.899315,-2.99573,2.07774e-09,0.00256178,1.35826e-05,0.0332062,True,empty floor,sound_similarity,0,0.0666667,0.15149,0,0.0666667,0,0,0.0666667,0.0603777,0,0.0666667,0,0,0.0666667,0.0728492,0,0.0666667,0.0600808,0,0.0666667,0,0,0.0666667,0,0,0.0666667,0.153294,0.5,0.4,0
-0.25,5.25,1.02566,-2.9843,2.03807e-09,0.00256178,1.34524e-05,0.0332062,True,empty floor,sound_similarity,0,0.0666667,0.15149,0,0.0666667,0,0,0.0666667,0.0603777,0,0.0666667,0,0,0.0666667,0.0728492,0,0.0666667,0.0600808,0,0.0666667,0,0,0.0666667,0,0,0.0666667,0.153294,0.5,0.4,0
1.5,7.25,1.6357,-2.99573,1.65095e-09,0.00256178,1.21082e-05,0.0332062,True,empty floor,sound_similarity,0,0.0666667,0.15149,0,0.0666667,0,0,0.0666667,0.0603777,0,0.0666667,0,0,0.0666667,0.0728492,0,0.0666667,0.0600808,0,0.0666667,0,0,0.0666667,0,0,0.0666667,0.153294,0.5,0.4,0
1,7.25,1.34057,-2.99573,1.40606e-09,0.00256178,1.11748e-05,0.0332062,True,empty floor,sound_similarity,0,0.0666667,0.15149,0,0.0666667,0,0,0.0666667,0.0603777,0,0.0666667,0,0,0.0666667,0.0728492,0,0.0666667,0.0600808,0,0.0666667,0,0,0.0666667,0,0,0.0666667,0.153294,0.5,0.4,0
1.75,6,1.37997,-2.99573,1.37115e-09,0.00256178,1.10353e-05,0.0332062,True,empty floor,sound_similarity,0,0.0666667,0.15149,0,0.0666667,0,0,0.0666667,0.0603777,0,0.0666667,0,0,0.0666667,0.0728492,0,0.0666667,0.0600808,0,0.0666667,0,0,0.0666667,0,0,0.0666667,0.153294,0.5,0.4,0
1.5,6.75,1.31961,-2.99573,1.3688e-09,0.00256178,1.10258e-05,0.0332062,True,empty floor,sound_similarity,0,0.0666667,0.15149,0,0.0666667,0,0,0.0666667,0.0603777,0,0.0666667,0,0,0.0666667,0.0728492,0,0.0666667,0.0600808,0,0.0666667,0,0,0.0666667,0,0,0.0666667,0.153294,0.5,0.4,0
0.5,4.75,1.32208,-2.99573,1.27758e-09,0.00256178,1.06524e-05,0.0332062,True,empty floor,sound_similarity,0,0.0666667,0.15149,0,0.0666667,0,0,0.0666667,0.0603777,0,0.0666667,0,0,0.0666667,0.0728492,0,0.0666667,0.0600808,0,0.0666667,0,0,0.0666667,0,0,0.0666667,0.153294,0.5,0.4,0
1,7.5,1.5658,-2.99573,1.08885e-09,0.00256178,9.8348e-06,0.0332062,True,empty floor,sound_similarity,0,0.0666667,0.15149,0,0.0666667,0,0,0.0666667,0.0603777,0,0.0666667,0,0,0.0666667,0.0728492,0,0.0666667,0.0600808,0,0.0666667,0,0,0.0666667,0,0,0.0666667,0.153294,0.5,0.4,0
0,7.25,1.2411,-2.99573,1.04072e-09,0.00256178,9.61517e-06,0.0332062,True,empty floor,sound_similarity,0,0.0666667,0.15149,0,0.0666667,0,0,0.0666667,0.0603777,0,0.0666667,0,0,0.0666667,0.0728492,0,0.0666667,0.0600808,0,0.0666667,0,0,0.0666667,0,0,0.0666667,0.153294,0.5,0.4,0
1,4.75,1.45818,-2.99573,1.79443e-09,0.00192134,9.46734e-06,0.0249046,True,empty floor,sound_similarity,0,0.05,0.15149,0,0.05,0,0,0.05,0.0603777,0,0.05,0,0,0.05,0.0728492,0,0.05,0.0600808,0,0.05,0,0,0.05,0,0,0.05,0.153294,1,0.55,0
1.75,6.75,1.53885,-2.99573,9.71767e-10,0.00256178,9.29153e-06,0.0332062,True,empty floor,sound_similarity,0,0.0666667,0.15149,0,0.0666667,0,0,0.0666667,0.0603777,0,0.0666667,0,0,0.0666667,0.0728492,0,0.0666667,0.0600808,0,0.0666667,0,0,0.0666667,0,0,0.0666667,0.153294,0.5,0.4,0
-0.25,7.25,1.3374,-2.99573,9.26601e-10,0.00256178,9.07326e-06,0.0332062,True,empty floor,sound_similarity,0,0.0666667,0.15149,0,0.0666667,0,0,0.0666667,0.0603777,0,0.0666667,0,0,0.0666667,0.0728492,0,0.0666667,0.0600808,0,0.0666667,0,0,0.0666667,0,0,0.0666667,0.153294,0.5,0.4,0
-0.5,5.25,1.19385,-2.81433,8.18347e-10,0.00256178,8.5274e-06,0.0332062,True,empty floor,sound_similarity,0,0.0666667,0.15149,0,0.0666667,0,0,0.0666667,0.0603777,0,0.0666667,0,0,0.0666667,0.0728492,0,0.0666667,0.0600808,0,0.0666667,0,0,0.0666667,0,0,0.0666667,0.153294,0.5,0.4,0
0.75,4.75,1.36916,-2.99573,7.7967e-10,0.00256178,8.3237e-06,0.0332062,True,empty floor,sound_similarity,0,0.0666667,0.15149,0,0.0666667,0,0,0.0666667,0.0603777,0,0.0666667,0,0,0.0666667,0.0728492,0,0.0666667,0.0600808,0,0.0666667,0,0,0.0666667,0,0,0.0666667,0.153294,0.5,0.4,0
0.75,7.5,1.48325,-2.99573,7.63988e-10,0.00256178,8.23967e-06,0.0332062,True,empty floor,sound_similarity,0,0.0666667,0.15149,0,0.0666667,0,0,0.0666667,0.0603777,0,0.0666667,0,0,0.0666667,0.0728492,0,0.0666667,0.0600808,0,0.0666667,0,0,0.0666667,0,0,0.0666667,0.153294,0.5,0.4,0
1.25,7.25,1.47439,-2.99573,7.63372e-10,0.00256178,8.23635e-06,0.0332062,True,empty floor,sound_similarity,0,0.0666667,0.15149,0,0.0666667,0,0,0.0666667,0.0603777,0,0.0666667,0,0,0.0666667,0.0728492,0,0.0666667,0.0600808,0,0.0666667,0,0,0.0666667,0,0,0.0666667,0.153294,0.5,0.4,0
1.5,7,1.4649,-2.99573,7.43729e-10,0.00256178,8.12983e-06,0.0332062,True,empty floor,sound_similarity,0,0.0666667,0.15149,0,0.0666667,0,0,0.0666667,0.0603777,0,0.0666667,0,0,0.0666667,0.0728492,0,0.0666667,0.0600808,0,0.0666667,0,0,0.0666667,0,0,0.0666667,0.153294,0.5,0.4,0
0.5,5,1.07354,-2.99573,7.39042e-10,0.00256178,8.10421e-06,0.0332062,True,empty floor,sound_similarity,0,0.0666667,0.15149,0,0.0666667,0,0,0.0666667,0.0603777,0,0.0666667,0,0,0.0666667,0.0728492,0,0.0666667,0.0600808,0,0.0666667,0,0,0.0666667,0,0,0.0666667,0.153294,0.5,0.4,0
0.5,7.5,1.4399,-2.99573,6.90871e-10,0.00256178,7.83602e-06,0.0332062,True,empty floor,sound_similarity,0,0.0666667,0.15149,0,0.0666667,0,0,0.0666667,0.0603777,0,0.0666667,0,0,0.0666667,0.0728492,0,0.0666667,0.0600808,0,0.0666667,0,0,0.0666667,0,0,0.0666667,0.153294,0.5,0.4,0
0.25,7.5,1.43931,-2.99573,6.73312e-10,0.00256178,7.73594e-06,0.0332062,True,empty floor,sound_similarity,0,0.0666667,0.15149,0,0.0666667,0,0,0.0666667,0.0603777,0,0.0666667,0,0,0.0666667,0.0728492,0,0.0666667,0.0600808,0,0.0666667,0,0,0.0666667,0,0,0.0666667,0.153294,0.5,0.4,0
1.75,6.5,1.44516,-2.99573,6.69423e-10,0.00256178,7.7136e-06,0.0332062,True,empty floor,sound_similarity,0,0.0666667,0.15149,0,0.0666667,0,0,0.0666667,0.0603777,0,0.0666667,0,0,0.0666667,0.0728492,0,0.0666667,0.0600808,0,0.0666667,0,0,0.0666667,0,0,0.0666667,0.153294,0.5,0.4,0
1.75,6.25,1.39064,-2.99573,6.49148e-10,0.00256178,7.59607e-06,0.0332062,True,empty floor,sound_similarity,0,0.0666667,0.15149,0,0.0666667,0,0,0.0666667,0.0603777,0,0.0666667,0,0,0.0666667,0.0728492,0,0.0666667,0.0600808,0,0.0666667,0,0,0.0666667,0,0,0.0666667,0.153294,0.5,0.4,0
0.75,5,1.13101,-2.99573,3.08957e-10,0.00256178,5.24485e-06,0.0332062,True,empty floor,sound_similarity,0,0.0666667,0.15149,0,0.0666667,0,0,0.0666667,0.0603777,0,0.0666667,0,0,0.0666667,0.0728492,0,0.0666667,0.0600808,0,0.0666667,0,0,0.0666667,0,0,0.0666667,0.153294,0.5,0.4,0
1,5,1.23729,-2.99573,5.20233e-10,0.00192134,5.10105e-06,0.0249046,True,empty floor,sound_similarity,0,0.05,0.15149,0,0.05,0,0,0.05,0.0603777,0,0.05,0,0,0.05,0.0728492,0,0.05,0.0600808,0,0.05,0,0,0.05,0,0,0.05,0.153294,1,0.55,0
