x,y,dist_robot,snd_loglik,snd_post,vis_post,fused,vis_like,observed,mle_class,vis_phrase_source,ev_tv,post_tv,sim_tv,ev_chair,post_chair,sim_chair,ev_couch,post_couch,sim_couch,ev_toilet,post_toilet,sim_toilet,ev_microwave,post_microwave,sim_microwave,ev_oven,post_oven,sim_oven,ev_sink,post_sink,sim_sink,ev_refrigerator,post_refrigerator,sim_refrigerator,ev_clock,post_clock,sim_clock,ev_empty_floor,post_empty_floor,sim_empty_floor
-2.25,1.75,5.07839,-2.99573,0.00236407,0.00236407,0.00236407,0.0944251,True,empty floor,sound_similarity,0,0.0666667,0.240773,0,0.0666667,0.0360534,0,0.0666667,0.160269,0,0.0666667,0.0880486,0,0.0666667,0.200471,0,0.0666667,0.206579,0,0.0666667,0.133386,0,0.0666667,0.219602,0,0.0666667,0.131193,0.5,0.4,0
1.5,5.5,1.24403,-2.99573,0.00236407,0.00236407,0.00236407,0.150953,True,couch,sound_similarity,0,0.05,0.240773,0,0.05,0.0360534,1,0.55,0.160269,0,0.05,0.0880486,0,0.05,0.200471,0,0.05,0.206579,0,0.05,0.133386,0,0.05,0.219602,0,0.05,0.131193,0,0.05,0
-1.5,6,1.9022,-0.469377,0.00236407,0.00236407,0.00236407,0.0944251,True,empty floor,sound_similarity,0,0.0666667,0.240773,0,0.0666667,0.0360534,0,0.0666667,0.160269,0,0.0666667,0.0880486,0,0.0666667,0.200471,0,0.0666667,0.206579,0,0.0666667,0.133386,0,0.0666667,0.219602,0,0.0666667,0.131193,0.5,0.4,0
-1.75,6,2.152,-0.445521,0.00236407,0.00236407,0.00236407,0.0944251,True,empty floor,sound_similarity,0,0.0666667,0.240773,0,0.0666667,0.0360534,0,0.0666667,0.160269,0,0.0666667,0.0880486,0,0.0666667,0.200471,0,0.0666667,0.206579,0,0.0666667,0.133386,0,0.0666667,0.219602,0,0.0666667,0.131193,0.5,0.4,0
-2,6,2.40183,-0.427038,0.00236407,0.00236407,0.00236407,0.0944251,True,empty floor,sound_similarity,0,0.0666667,0.240773,0,0.0666667,0.0360534,0,0.0666667,0.160269,0,0.0666667,0.0880486,0,0.0666667,0.200471,0,0.0666667,0.206579,0,0.0666667,0.133386,0,0.0666667,0.219602,0,0.0666667,0.131193,0.5,0.4,0
-2.25,6,2.6517,-0.412309,0.00236407,0.00236407,0.00236407,0.0944251,True,empty floor,sound_similarity,0,0.0666667,0.240773,0,0.0666667,0.0360534,0,0.0666667,0.160269,0,0.0666667,0.0880486,0,0.0666667,0.200471,0,0.0666667,0.206579,0,0.0666667,0.133386,0,0.0666667,0.219602,0,0.0666667,0.131193,0.5,0.4,0
2,5.75,1.63363,-2.99573,0.00236407,0.00236407,0.00236407,0.0944251,True,empty floor,sound_similarity,0,0.0666667,0.240773,0,0.0666667,0.0360534,0,0.0666667,0.160269,0,0.0666667,0.0880486,0,0.0666667,0.200471,0,0.0666667,0.206579,0,0.0666667,0.133386,0,0.0666667,0.219602,0,0.0666667,0.131193,0.5,0.4,0
1.75,5.75,1.38977,-2.99573,0.00236407,0.00236407,0.00236407,0.0944251,True,empty floor,sound_similarity,0,0.0666667,0.240773,0,0.0666667,0.0360534,0,0.0666667,0.160269,0,0.0666667,0.0880486,0,0.0666667,0.200471,0,0.0666667,0.206579,0,0.0666667,0.133386,0,0.0666667,0.219602,0,0.0666667,0.131193,0.5,0.4,0
1.5,5.75,1.14856,-2.99573,0.00236407,0.00236407,0.00236407,0.0944251,True,empty floor,sound_similarity,0,0.0666667,0.240773,0,0.0666667,0.0360534,0,0.0666667,0.160269,0,0.0666667,0.0880486,0,0.0666667,0.200471,0,0.0666667,0.206579,0,0.0666667,0.133386,0,0.0666667,0.219602,0,0.0666667,0.131193,0.5,0.4,0
1.25,5.75,0.912084,-2.99573,0.00236407,0.00236407,0.00236407,0.0944251,True,empty floor,sound_similarity,0,0.0666667,0.240773,0,0.0666667,0.0360534,0,0.0666667,0.160269,0,0.0666667,0.0880486,0,0.0666667,0.200471,0,0.0666667,0.206579,0,0.0666667,0.133386,0,0.0666667,0.219602,0,0.0666667,0.131193,0.5,0.4,0
1,5.75,0.685286,-2.99573,0.00236407,0.00236407,0.00236407,0.0944251,True,empty floor,sound_similarity,0,0.0666667,0.240773,0,0.0666667,0.0360534,0,0.0666667,0.160269,0,0.0666667,0.0880486,0,0.0666667,0.200471,0,0.0666667,0.206579,0,0.0666667,0.133386,0,0.0666667,0.219602,0,0.0666667,0.131193,0.5,0.4,0
0.75,5.75,0.482013,-2.99573,0.00236407,0.00236407,0.00236407,0.0708188,True,empty floor,sound_similarity,0,0.05,0.240773,0,0.05,0.0360534,0,0.05,0.160269,0,0.05,0.0880486,0,0.05,0.200471,0,0.05,0.206579,0,0.05,0.133386,0,0.05,0.219602,0,0.05,0.131193,1,0.55,0
0.5,5.75,0.346491,-2.99573,0.00236407,0.00236407,0.00236407,0.0944251,True,empty floor,sound_similarity,0,0.0666667,0.240773,0,0.0666667,0.0360534,0,0.0666667,0.160269,0,0.0666667,0.0880486,0,0.0666667,0.200471,0,0.0666667,0.206579,0,0.0666667,0.133386,0,0.0666667,0.219602,0,0.0666667,0.131193,0.5,0.4,0
0.25,5.75,0.364384,-2.99573,0.00236407,0.00236407,0.00236407,0.0944251,True,empty floor,sound_similarity,0,0.0666667,0.240773,0,0.0666667,0.0360534,0,0.0666667,0.160269,0,0.0666667,0.0880486,0,0.0666667,0.200471,0,0.0666667,0.206579,0,0.0666667,0.133386,0,0.0666667,0.219602,0,0.0666667,0.131193,0.5,0.4,0
0,5.75,0.520091,-2.99383,0.00236407,0.00236407,0.00236407,0.0944251,True,empty floor,sound_similarity,0,0.0666667,0.240773,0,0.0666667,0.0360534,0,0.0666667,0.160269,0,0.0666667,0.0880486,0,0.0666667,0.200471,0,0.0666667,0.206579,0,0.0666667,0.133386,0,0.0666667,0.219602,0,0.0666667,0.131193,0.5,0.4,0
-0.25,5.75,0.730215,-2.89086,0.00236407,0.00236407,0.00236407,0.141638,False,tv,sound_similarity,0,0.1,0.240773,0,0.1,0.0360534,0,0.1,0.160269,0,0.1,0.0880486,0,0.1,0.200471,0,0.1,0.206579,0,0.1,0.133386,0,0.1,0.219602,0,0.1,0.131193,0,0.1,0
-0.5,5.75,0.959653,-2.50486,0.00236407,0.00236407,0.00236407,0.0944251,True,empty floor,sound_similarity,0,0.0666667,0.240773,0,0.0666667,0.0360534,0,0.0666667,0.160269,0,0.0666667,0.0880486,0,0.0666667,0.200471,0,0.0666667,0.206579,0,0.0666667,0.133386,0,0.0666667,0.219602,0,0.0666667,0.131193,0.5,0.4,0
-0.75,5.75,1.19735,-2.05803,0.00236407,0.00236407,0.00236407,0.0944251,True,empty floor,sound_similarity,0,0.0666667,0.240773,0,0.0666667,0.0360534,0,0.0666667,0.160269,0,0.0666667,0.0880486,0,0.0666667,0.200471,0,0.0666667,0.206579,0,0.0666667,0.133386,0,0.0666667,0.219602,0,0.0666667,0.131193,0.5,0.4,0
-1,5.75,1.43923,-1.70729,0.00236407,0.00236407,0.00236407,0.0944251,True,empty floor,sound_similarity,0,0.0666667,0.240773,0,0.0666667,0.0360534,0,0.0666667,0.160269,0,0.0666667,0.0880486,0,0.0666667,0.200471,0,0.0666667,0.206579,0,0.0666667,0.133386,0,0.0666667,0.219602,0,0.0666667,0.131193,0.5,0.4,0
-1.25,5.75,1.68348,-1.45239,0.00236407,0.00236407,0.00236407,0.0944251,True,empty floor,sound_similarity,0,0.0666667,0.240773,0,0.0666667,0.0360534,0,0.0666667,0.160269,0,0.0666667,0.0880486,0,0.0666667,0.200471,0,0.0666667,0.206579,0,0.0666667,0.133386,0,0.0666667,0.219602,0,0.0666667,0.131193,0.5,0.4,0
-1.5,5.75,1.9292,-1.26601,0.00236407,0.00236407,0.00236407,0.0944251,True,empty floor,sound_similarity,0,0.0666667,0.240773,0,0.0666667,0.0360534,0,0.0666667,0.160269,0,0.0666667,0.0880486,0,0.0666667,0.200471,0,0.0666667,0.206579,0,0.0666667,0.133386,0,0.0666667,0.219602,0,0.0666667,0.131193,0.5,0.4,0
-1.75,5.75,2.1759,-1.12636,0.00236407,0.00236407,0.00236407,0.0944251,True,empty floor,sound_similarity,0,0.0666667,0.240773,0,0.0666667,0.0360534,0,0.0666667,0.160269,0,0.0666667,0.0880486,0,0.0666667,0.200471,0,0.0666667,0.206579,0,0.0666667,0.133386,0,0.0666667,0.219602,0,0.0666667,0.131193,0.5,0.4,0
-2,5.75,2.42327,-1.01892,0.00236407,0.00236407,0.00236407,0.0944251,True,empty floor,sound_similarity,0,0.0666667,0.240773,0,0.0666667,0.0360534,0,0.0666667,0.160269,0,0.0666667,0.0880486,0,0.0666667,0.200471,0,0.0666667,0.206579,0,0.0666667,0.133386,0,0.0666667,0.219602,0,0.0666667,0.131193,0.5,0.4,0
-2.25,5.75,2.67114,-0.934247,0.00236407,0.00236407,0.00236407,0.0944251,True,empty floor,sound_similarity,0,0.0666667,0.240773,0,0.0666667,0.0360534,0,0.0666667,0.160269,0,0.0666667,0.0880486,0,0.0666667,0.200471,0,0.0666667,0.206579,0,0.0666667,0.133386,0,0.0666667,0.219602,0,0.0666667,0.131193,0.5,0.4,0
2,5.5,1.70211,-2.99573,0.00236407,0.00236407,0.00236407,0.0944251,True,empty floor,sound_similarity,0,0.0666667,0.240773,0,0.0666667,0.0360534,0,0.0666667,0.160269,0,0.0666667,0.0880486,0,0.0666667,0.200471,0,0.0666667,0.206579,0,0.0666667,0.133386,0,0.0666667,0.219602,0,0.0666667,0.131193,0.5,0.4,0
-1.25,6,1.65247,-0.501308,0.00236407,0.00236407,0.00236407,0.0944251,True,empty floor,sound_similarity,0,0.0666667,0.240773,0,0.0666667,0.0360534,0,0.0666667,0.160269,0,0.0666667,0.0880486,0,0.0666667,0.200471,0,0.0666667,0.206579,0,0.0666667,0.133386,0,0.0666667,0.219602,0,0.0666667,0.131193,0.5,0.4,0
-1,6,1.40283,-0.546141,0.00236407,0.00236407,0.00236407,0.0944251,True,empty floor,sound_similarity,0,0.0666667,0.240773,0,0.0666667,0.0360534,0,0.0666667,0.160269,0,0.0666667,0.0880486,0,0.0666667,0.200471,0,0.0666667,0.206579,0,0.0666667,0.133386,0,0.0666667,0.219602,0,0.0666667,0.131193,0.5,0.4,0
-0.75,6,1.15335,-0.61339,0.00236407,0.00236407,0.00236407,0.0944251,True,empty floor,sound_similarity,0,0.0666667,0.240773,0,0.0666667,0.0360534,0,0.0666667,0.160269,0,0.0666667,0.0880486,0,0.0666667,0.200471,0,0.0666667,0.206579,0,0.0666667,0.133386,0,0.0666667,0.219602,0,0.0666667,0.131193,0.5,0.4,0
-2,6.25,2.40632,-0.0789091,0.00236407,0.00236407,0.00236407,0.0944251,True,empty floor,sound_similarity,0,0.0666667,0.240773,0,0.0666667,0.0360534,0,0.0666667,0.160269,0,0.0666667,0.0880486,0,0.0666667,0.200471,0,0.0666667,0.206579,0,0.0666667,0.133386,0,0.0666667,0.219602,0,0.0666667,0.131193,0.5,0.4,0
0.5,6.25,0.195389,-2.99573,0.00236407,0.00236407,0.00236407,0.141638,False,tv,sound_similarity,0,0.1,0.240773,0,0.1,0.0360534,0,0.1,0.160269,0,0.1,0.0880486,0,0.1,0.200471,0,0.1,0.206579,0,0.1,0.133386,0,0.1,0.219602,0,0.1,0.131193,0,0.1,0
0.25,6.25,0.225602,-2.96466,0.00236407,0.00236407,0.00236407,0.0944251,True,empty floor,sound_similarity,0,0.0666667,0.240773,0,0.0666667,0.0360534,0,0.0666667,0.160269,0,0.0666667,0.0880486,0,0.0666667,0.200471,0,0.0666667,0.206579,0,0.0666667,0.133386,0,0.0666667,0.219602,0,0.0666667,0.131193,0.5,0.4,0
0,6.25,0.434299,-0.795815,0.00236407,0.00236407,0.00236407,0.0944251,True,empty floor,sound_similarity,0,0.0666667,0.240773,0,0.0666667,0.0360534,0,0.0666667,0.160269,0,0.0666667,0.0880486,0,0.0666667,0.200471,0,0.0666667,0.206579,0,0.0666667,0.133386,0,0.0666667,0.219602,0,0.0666667,0.131193,0.5,0.4,0
-0.25,6.25,0.671815,-0.145786,0.00236407,0.00236407,0.00236407,0.0944251,True,empty floor,sound_similarity,0,0.0666667,0.240773,0,0.0666667,0.0360534,0,0.0666667,0.160269,0,0.0666667,0.0880486,0,0.0666667,0.200471,0,0.0666667,0.206579,0,0.0666667,0.133386,0,0.0666667,0.219602,0,0.0666667,0.131193,0.5,0.4,0
-0.5,6.25,0.915999,-0.018149,0.00236407,0.00236407,0.00236407,0.0944251,True,empty floor,sound_similarity,0,0.0666667,0.240773,0,0.0666667,0.0360534,0,0.0666667,0.160269,0,0.0666667,0.0880486,0,0.0666667,0.200471,0,0.0666667,0.206579,0,0.0666667,0.133386,0,0.0666667,0.219602,0,0.0666667,0.131193,0.5,0.4,0
-0.75,6.25,1.16266,-7.18146e-05,0.00236407,0.00236407,0.00236407,0.0944251,True,empty floor,sound_similarity,0,0.0666667,0.240773,0,0.0666667,0.0360534,0,0.0666667,0.160269,0,0.0666667,0.0880486,0,0.0666667,0.200471,0,0.0666667,0.206579,0,0.0666667,0.133386,0,0.0666667,0.219602,0,0.0666667,0.131193,0.5,0.4,0
-1,6.25,1.41049,-0.0102944,0.00236407,0.00236407,0.00236407,0.0944251,True,empty floor,sound_similarity,0,0.0666667,0.240773,0,0.0666667,0.0360534,0,0.0666667,0.160269,0,0.0666667,0.0880486,0,0.0666667,0.200471,0,0.0666667,0.206579,0,0.0666667,0.133386,0,0.0666667,0.219602,0,0.0666667,0.131193,0.5,0.4,0
-1.25,6.25,1.65898,-0.0277483,0.00236407,0.00236407,0.00236407,0.0944251,True,empty floor,sound_similarity,0,0.0666667,0.240773,0,0.0666667,0.0360534,0,0.0666667,0.160269,0,0.0666667,0.0880486,0,0.0666667,0.200471,0,0.0666667,0.206579,0,0.0666667,0.133386,0,0.0666667,0.219602,0,0.0666667,0.131193,0.5,0.4,0
-1.5,6.25,1.90786,-0.0460851,0.00236407,0.00236407,0.00236407,0.0944251,True,empty floor,sound_similarity,0,0.0666667,0.240773,0,0.0666667,0.0360534,0,0.0666667,0.160269,0,0.0666667,0.0880486,0,0.0666667,0.200471,0,0.0666667,0.206579,0,0.0666667,0.133386,0,0.0666667,0.219602,0,0.0666667,0.131193,0.5,0.4,0
-1.75,6.25,2.157,-0.0633184,0.00236407,0.00236407,0.00236407,0.0944251,True,empty floor,sound_similarity,0,0.0666667,0.240773,0,0.0666667,0.0360534,0,0.0666667,0.160269,0,0.0666667,0.0880486,0,0.0666667,0.200471,0,0.0666667,0.206579,0,0.0666667,0.133386,0,0.0666667,0.219602,0,0.0666667,0.131193,0.5,0.4,0
-2.25,6.25,2.65577,-0.0928221,0.00236407,0.00236407,0.00236407,0.0944251,True,empty floor,sound_similarity,0,0.0666667,0.240773,0,0.0666667,0.0360534,0,0.0666667,0.160269,0,0.0666667,0.0880486,0,0.0666667,0.200471,0,0.0666667,0.206579,0,0.0666667,0.133386,0,0.0666667,0.219602,0,0.0666667,0.131193,0.5,0.4,0
-0.5,6,0.904154,-0.724508,0.00236407,0.00236407,0.00236407,0.0944251,True,empty floor,sound_similarity,0,0.0666667,0.240773,0,0.0666667,0.0360534,0,0.0666667,0.160269,0,0.0666667,0.0880486,0,0.0666667,0.200471,0,0.0666667,0.206579,0,0.0666667,0.133386,0,0.0666667,0.219602,0,0.0666667,0.131193,0.5,0.4,0
2,6,1.60166,-2.99573,0.00236407,0.00236407,0.00236407,0.0944251,True,empty floor,sound_similarity,0,0.0666667,0.240773,0,0.0666667,0.0360534,0,0.0666667,0.160269,0,0.0666667,0.0880486,0,0.0666667,0.200471,0,0.0666667,0.206579,0,0.0666667,0.133386,0,0.0666667,0.219602,0,0.0666667,0.131193,0.5,0.4,0
1.75,6,1.35204,-2.99573,0.00236407,0.00236407,0.00236407,0.0944251,True,empty floor,sound_similarity,0,0.0666667,0.240773,0,0.0666667,0.0360534,0,0.0666667,0.160269,0,0.0666667,0.0880486,0,0.0666667,0.200471,0,0.0666667,0.206579,0,0.0666667,0.133386,0,0.0666667,0.219602,0,0.0666667,0.131193,0.5,0.4,0
1.5,6,1.10261,-2.99573,0.00236407,0.00236407,0.00236407,0.0944251,True,empty floor,sound_similarity,0,0.0666667,0.240773,0,0.0666667,0.0360534,0,0.0666667,0.160269,0,0.0666667,0.0880486,0,0.0666667,0.200471,0,0.0666667,0.206579,0,0.0666667,0.133386,0,0.0666667,0.219602,0,0.0666667,0.131193,0.5,0.4,0
1.25,6,0.853498,-2.99573,0.00236407,0.00236407,0.00236407,0.0944251,True,empty floor,sound_similarity,0,0.0666667,0.240773,0,0.0666667,0.0360534,0,0.0666667,0.160269,0,0.0666667,0.0880486,0,0.0666667,0.200471,0,0.0666667,0.206579,0,0.0666667,0.133386,0,0.0666667,0.219602,0,0.0666667,0.131193,0.5,0.4,0
1,6,0.605126,-2.99573,0.00236407,0.00236407,0.00236407,0.0944251,True,empty floor,sound_similarity,0,0.0666667,0.240773,0,0.0666667,0.0360534,0,0.0666667,0.160269,0,0.0666667,0.0880486,0,0.0666667,0.200471,0,0.0666667,0.206579,0,0.0666667,0.133386,0,0.0666667,0.219602,0,0.0666667,0.131193,0.5,0.4,0
0.75,6,0.359023,-2.99573,0.00236407,0.00236407,0.00236407,0.0944251,True,empty floor,sound_similarity,0,0.0666667,0.240773,0,0.0666667,0.0360534,0,0.0666667,0.160269,0,0.0666667,0.0880486,0,0.0666667,0.200471,0,0.0666667,0.206579,0,0.0666667,0.133386,0,0.0666667,0.219602,0,0.0666667,0.131193,0.5,0.4,0
0.5,6,0.128906,-2.99573,0.00236407,0.00236407,0.00236407,0.0944251,True,empty floor,sound_similarity,0,0.0666667,0.240773,0,0.0666667,0.0360534,0,0.0666667,0.160269,0,0.0666667,0.0880486,0,0.0666667,0.200471,0,0.0666667,0.206579,0,0.0666667,0.133386,0,0.0666667,0.219602,0,0.0666667,0.131193,0.5,0.4,0
0.25,6,0.171278,-2.9267,0.00236407,0.00236407,0.00236407,0.0944251,True,empty floor,sound_similarity,0,0.0666667,0.240773,0,0.0666667,0.0360534,0,0.0666667,0.160269,0,0.0666667,0.0880486,0,0.0666667,0.200471,0,0.0666667,0.206579,0,0.0666667,0.133386,0,0.0666667,0.219602,0,0.0666667,0.131193,0.5,0.4,0
0,6,0.408724,-1.47647,0.00236407,0.00236407,0.00236407,0.141638,False,tv,sound_similarity,0,0.1,0.240773,0,0.1,0.0360534,0,0.1,0.160269,0,0.1,0.0880486,0,0.1,0.200471,0,0.1,0.206579,0,0.1,0.133386,0,0.1,0.219602,0,0.1,0.131193,0,0.1,0
-0.25,6,0.655572,-0.938514,0.00236407,0.00236407,0.00236407,0.0944251,True,empty floor,sound_similarity,0,0.0666667,0.240773,0,0.0666667,0.0360534,0,0.0666667,0.160269,0,0.0666667,0.0880486,0,0.0666667,0.200471,0,0.0666667,0.206579,0,0.0666667,0.133386,0,0.0666667,0.219602,0,0.0666667,0.131193,0.5,0.4,0
1.75,5.5,1.46966,-2.99573,0.00236407,0.00236407,0.00236407,0.0944251,True,empty floor,sound_similarity,0,0.0666667,0.240773,0,0.0666667,0.0360534,0,0.0666667,0.160269,0,0.0666667,0.0880486,0,0.0666667,0.200471,0,0.0666667,0.206579,0,0.0666667,0.133386,0,0.0666667,0.219602,0,0.0666667,0.131193,0.5,0.4,0
1.25,5.5,1.02973,-2.99573,0.00236407,0.00236407,0.00236407,0.0944251,True,empty floor,sound_similarity,0,0.0666667,0.240773,0,0.0666667,0.0360534,0,0.0666667,0.160269,0,0.0666667,0.0880486,0,0.0666667,0.200471,0,0.0666667,0.206579,0,0.0666667,0.133386,0,0.0666667,0.219602,0,0.0666667,0.131193,0.5,0.4,0
1,6.25,0.622686,-2.99573,0.00236407,0.00236407,0.00236407,0.0944251,True,empty floor,sound_similarity,0,0.0666667,0.240773,0,0.0666667,0.0360534,0,0.0666667,0.160269,0,0.0666667,0.0880486,0,0.0666667,0.200471,0,0.0666667,0.206579,0,0.0666667,0.133386,0,0.0666667,0.219602,0,0.0666667,0.131193,0.5,0.4,0
1,5.5,0.835498,-2.99573,0.00236407,0.00236407,0.00236407,0.0944251,True,empty floor,sound_similarity,0,0.0666667,0.240773,0,0.0666667,0.0360534,0,0.0666667,0.160269,0,0.0666667,0.0880486,0,0.0666667,0.200471,0,0.0666667,0.206579,0,0.0666667,0.133386,0,0.0666667,0.219602,0,0.0666667,0.131193,0.5,0.4,0
-1.5,5.25,2.07453,-2.75253,0.00236407,0.00236407,0.00236407,0.0944251,True,empty floor,sound_similarity,0,0.0666667,0.240773,0,0.0666667,0.0360534,0,0.0666667,0.160269,0,0.0666667,0.0880486,0,0.0666667,0.200471,0,0.0666667,0.206579,0,0.0666667,0.133386,0,0.0666667,0.219602,0,0.0666667,0.131193,0.5,0.4,0
-1.75,5.25,2.30573,-2.58312,0.00236407,0.00236407,0.00236407,0.0944251,True,empty floor,sound_similarity,0,0.0666667,0.240773,0,0.0666667,0.0360534,0,0.0666667,0.160269,0,0.0666667,0.0880486,0,0.0666667,0.200471,0,0.0666667,0.206579,0,0.0666667,0.133386,0,0.0666667,0.219602,0,0.0666667,0.131193,0.5,0.4,0
-2.25,5.25,2.77792,-2.21603,0.00236407,0.00236407,0.00236407,0.0944251,True,empty floor,sound_similarity,0,0.0666667,0.240773,0,0.0666667,0.0360534,0,0.0666667,0.160269,0,0.0666667,0.0880486,0,0.0666667,0.200471,0,0.0666667,0.206579,0,0.0666667,0.133386,0,0.0666667,0.219602,0,0.0666667,0.131193,0.5,0.4,0
2,5,1.93108,-2.99573,0.00236407,0.00236407,0.00236407,0.0944251,True,empty floor,sound_similarity,0,0.0666667,0.240773,0,0.0666667,0.0360534,0,0.0666667,0.160269,0,0.0666667,0.0880486,0,0.0666667,0.200471,0,0.0666667,0.206579,0,0.0666667,0.133386,0,0.0666667,0.219602,0,0.0666667,0.131193,0.5,0.4,0
1.75,5,1.72968,-2.99573,0.00236407,0.00236407,0.00236407,0.0944251,True,empty floor,sound_similarity,0,0.0666667,0.240773,0,0.0666667,0.0360534,0,0.0666667,0.160269,0,0.0666667,0.0880486,0,0.0666667,0.200471,0,0.0666667,0.206579,0,0.0666667,0.133386,0,0.0666667,0.219602,0,0.0666667,0.131193,0.5,0.4,0
1.5,5,1.54256,-2.99573,0.00236407,0.00236407,0.00236407,0.0944251,True,empty floor,sound_similarity,0,0.0666667,0.240773,0,0.0666667,0.0360534,0,0.0666667,0.160269,0,0.0666667,0.0880486,0,0.0666667,0.200471,0,0.0666667,0.206579,0,0.0666667,0.133386,0,0.0666667,0.219602,0,0.0666667,0.131193,0.5,0.4,0
1,5,1.23691,-2.99573,0.00236407,0.00236407,0.00236407,0.0708188,True,empty floor,sound_similarity,0,0.05,0.240773,0,0.05,0.0360534,0,0.05,0.160269,0,0.05,0.0880486,0,0.05,0.200471,0,0.05,0.206579,0,0.05,0.133386,0,0.05,0.219602,0,0.05,0.131193,1,0.55,0
0.75,5,1.13695,-2.99573,0.00236407,0.00236407,0.00236407,0.0944251,True,empty floor,sound_similarity,0,0.0666667,0.240773,0,0.0666667,0.0360534,0,0.0666667,0.160269,0,0.0666667,0.0880486,0,0.0666667,0.200471,0,0.0666667,0.206579,0,0.0666667,0.133386,0,0.0666667,0.219602,0,0.0666667,0.131193,0.5,0.4,0
0.5,5,1.08645,-2.99573,0.00236407,0.00236407,0.00236407,0.0944251,True,empty floor,sound_similarity,0,0.0666667,0.240773,0,0.0666667,0.0360534,0,0.0666667,0.160269,0,0.0666667,0.0880486,0,0.0666667,0.200471,0,0.0666667,0.206579,0,0.0666667,0.133386,0,0.0666667,0.219602,0,0.0666667,0.131193,0.5,0.4,0
0.25,5,1.09229,-2.99573,0.00236407,0.00236407,0.00236407,0.0944251,True,empty floor,sound_similarity,0,0.0666667,0.240773,0,0.0666667,0.0360534,0,0.0666667,0.160269,0,0.0666667,0.0880486,0,0.0666667,0.200471,0,0.0666667,0.206579,0,0.0666667,0.133386,0,0.0666667,0.219602,0,0.0666667,0.131193,0.5,0.4,0
0,5,1.15361,-2.99573,0.00236407,0.00236407,0.00236407,0.0944251,True,empty floor,sound_similarity,0,0.0666667,0.240773,0,0.0666667,0.0360534,0,0.0666667,0.160269,0,0.0666667,0.0880486,0,0.0666667,0.200471,0,0.0666667,0.206579,0,0.0666667,0.133386,0,0.0666667,0.219602,0,0.0666667,0.131193,0.5,0.4,0
-0.25,5,1.26235,-2.99573,0.00236407,0.00236407,0.00236407,0.0944251,True,empty floor,sound_similarity,0,0.0666667,0.240773,0,0.0666667,0.0360534,0,0.0666667,0.160269,0,0.0666667,0.0880486,0,0.0666667,0.200471,0,0.0666667,0.206579,0,0.0666667,0.133386,0,0.0666667,0.219602,0,0.0666667,0.131193,0.5,0.4,0
-0.5,5,1.40757,-2.9957,0.00236407,0.00236407,0.00236407,0.0944251,True,empty floor,sound_similarity,0,0.0666667,0.240773,0,0.0666667,0.0360534,0,0.0666667,0.160269,0,0.0666667,0.0880486,0,0.0666667,0.200471,0,0.0666667,0.206579,0,0.0666667,0.133386,0,0.0666667,0.219602,0,0.0666667,0.131193,0.5,0.4,0
-0.75,5,1.57923,-2.99523,0.00236407,0.00236407,0.00236407,0.0944251,True,empty floor,sound_similarity,0,0.0666667,0.240773,0,0.0666667,0.0360534,0,0.0666667,0.160269,0,0.0666667,0.0880486,0,0.0666667,0.200471,0,0.0666667,0.206579,0,0.0666667,0.133386,0,0.0666667,0.219602,0,0.0666667,0.131193,0.5,0.4,0
-1,5,1.76966,-2.99191,0.00236407,0.00236407,0.00236407,0.0944251,True,empty floor,sound_similarity,0,0.0666667,0.240773,0,0.0666667,0.0360534,0,0.0666667,0.160269,0,0.0666667,0.0880486,0,0.0666667,0.200471,0,0.0666667,0.206579,0,0.0666667,0.133386,0,0.0666667,0.219602,0,0.0666667,0.131193,0.5,0.4,0
-1.25,5,1.97343,-2.97889,0.00236407,0.00236407,0.00236407,0.141638,False,tv,sound_similarity,0,0.1,0.240773,0,0.1,0.0360534,0,0.1,0.160269,0,0.1,0.0880486,0,0.1,0.200471,0,0.1,0.206579,0,0.1,0.133386,0,0.1,0.219602,0,0.1,0.131193,0,0.1,0
-1.5,5,2.18681,-2.94526,0.00236407,0.00236407,0.00236407,0.0944251,True,empty floor,sound_similarity,0,0.0666667,0.240773,0,0.0666667,0.0360534,0,0.0666667,0.160269,0,0.0666667,0.0880486,0,0.0666667,0.200471,0,0.0666667,0.206579,0,0.0666667,0.133386,0,0.0666667,0.219602,0,0.0666667,0.131193,0.5,0.4,0
-1.75,5,2.40725,-2.88141,0.00236407,0.00236407,0.00236407,0.0944251,True,empty floor,sound_similarity,0,0.0666667,0.240773,0,0.0666667,0.0360534,0,0.0666667,0.160269,0,0.0666667,0.0880486,0,0.0666667,0.200471,0,0.0666667,0.206579,0,0.0666667,0.133386,0,0.0666667,0.219602,0,0.0666667,0.131193,0.5,0.4,0
-2.25,5,2.86274,-2.66267,0.00236407,0.00236407,0.00236407,0.0944251,True,empty floor,sound_similarity,0,0.0666667,0.240773,0,0.0666667,0.0360534,0,0.0666667,0.160269,0,0.0666667,0.0880486,0,0.0666667,0.200471,0,0.0666667,0.206579,0,0.0666667,0.133386,0,0.0666667,0.219602,0,0.0666667,0.131193,0.5,0.4,0
2,4.75,2.08147,-2.99573,0.00236407,0.00236407,0.00236407,0.0944251,True,empty floor,sound_similarity,0,0.0666667,0.240773,0,0.0666667,0.0360534,0,0.0666667,0.160269,0,0.0666667,0.0880486,0,0.0666667,0.200471,0,0.0666667,0.206579,0,0.0666667,0.133386,0,0.0666667,0.219602,0,0.0666667,0.131193,0.5,0.4,0
1.75,4.75,1.89611,-2.99573,0.00236407,0.00236407,0.00236407,0.0944251,True,empty floor,sound_similarity,0,0.0666667,0.240773,0,0.0666667,0.0360534,0,0.0666667,0.160269,0,0.0666667,0.0880486,0,0.0666667,0.200471,0,0.0666667,0.206579,0,0.0666667,0.133386,0,0.0666667,0.219602,0,0.0666667,0.131193,0.5,0.4,0
1.25,4.75,1.57976,-2.99573,0.00236407,0.00236407,0.00236407,0.0944251,True,empty floor,sound_similarity,0,0.0666667,0.240773,0,0.0666667,0.0360534,0,0.0666667,0.160269,0,0.0666667,0.0880486,0,0.0666667,0.200471,0,0.0666667,0.206579,0,0.0666667,0.133386,0,0.0666667,0.219602,0,0.0666667,0.131193,0.5,0.4,0
1,4.75,1.46061,-2.99573,0.00236407,0.00236407,0.00236407,0.0708188,True,empty floor,sound_similarity,0,0.05,0.240773,0,0.05,0.0360534,0,0.05,0.160269,0,0.05,0.0880486,0,0.05,0.200471,0,0.05,0.206579,0,0.05,0.133386,0,0.05,0.219602,0,0.05,0.131193,1,0.55,0
-1.25,5.25,1.84823,-2.8827,0.00236407,0.00236407,0.00236407,0.0944251,True,empty floor,sound_similarity,0,0.0666667,0.240773,0,0.0666667,0.0360534,0,0.0666667,0.160269,0,0.0666667,0.0880486,0,0.0666667,0.200471,0,0.0666667,0.206579,0,0.0666667,0.133386,0,0.0666667,0.219602,0,0.0666667,0.131193,0.5,0.4,0
-1,5.25,1.62888,-2.95882,0.00236407,0.00236407,0.00236407,0.141638,False,tv,sound_similarity,0,0.1,0.240773,0,0.1,0.0360534,0,0.1,0.160269,0,0.1,0.0880486,0,0.1,0.200471,0,0.1,0.206579,0,0.1,0.133386,0,0.1,0.219602,0,0.1,0.131193,0,0.1,0
-0.75,5.25,1.41969,-2.98862,0.00236407,0.00236407,0.00236407,0.0944251,True,empty floor,sound_similarity,0,0.0666667,0.240773,0,0.0666667,0.0360534,0,0.0666667,0.160269,0,0.0666667,0.0880486,0,0.0666667,0.200471,0,0.0666667,0.206579,0,0.0666667,0.133386,0,0.0666667,0.219602,0,0.0666667,0.131193,0.5,0.4,0
-1.75,5.5,2.22777,-1.93977,0.00236407,0.00236407,0.00236407,0.0944251,True,empty floor,sound_similarity,0,0.0666667,0.240773,0,0.0666667,0.0360534,0,0.0666667,0.160269,0,0.0666667,0.0880486,0,0.0666667,0.200471,0,0.0666667,0.206579,0,0.0666667,0.133386,0,0.0666667,0.219602,0,0.0666667,0.131193,0.5,0.4,0
0.75,5.5,0.678805,-2.99573,0.00236407,0.00236407,0.00236407,0.0944251,True,empty floor,sound_similarity,0,0.0666667,0.240773,0,0.0666667,0.0360534,0,0.0666667,0.160269,0,0.0666667,0.0880486,0,0.0666667,0.200471,0,0.0666667,0.206579,0,0.0666667,0.133386,0,0.0666667,0.219602,0,0.0666667,0.131193,0.5,0.4,0
0.5,5.5,0.590335,-2.99573,0.00236407,0.00236407,0.00236407,0.0944251,True,empty floor,sound_similarity,0,0.0666667,0.240773,0,0.0666667,0.0360534,0,0.0666667,0.160269,0,0.0666667,0.0880486,0,0.0666667,0.200471,0,0.0666667,0.206579,0,0.0666667,0.133386,0,0.0666667,0.219602,0,0.0666667,0.131193,0.5,0.4,0
0.25,5.5,0.601012,-2.99573,0.00236407,0.00236407,0.00236407,0.0944251,True,empty floor,sound_similarity,0,0.0666667,0.240773,0,0.0666667,0.0360534,0,0.0666667,0.160269,0,0.0666667,0.0880486,0,0.0666667,0.200471,0,0.0666667,0.206579,0,0.0666667,0.133386,0,0.0666667,0.219602,0,0.0666667,0.131193,0.5,0.4,0
0,5.5,0.706353,-2.99573,0.00236407,0.00236407,0.00236407,0.0944251,True,empty floor,sound_similarity,0,0.0666667,0.240773,0,0.0666667,0.0360534,0,0.0666667,0.160269,0,0.0666667,0.0880486,0,0.0666667,0.200471,0,0.0666667,0.206579,0,0.0666667,0.133386,0,0.0666667,0.219602,0,0.0666667,0.131193,0.5,0.4,0
-0.25,5.5,0.872728,-2.99487,0.00236407,0.00236407,0.00236407,0.0944251,True,empty floor,sound_similarity,0,0.0666667,0.240773,0,0.0666667,0.0360534,0,0.0666667,0.160269,0,0.0666667,0.0880486,0,0.0666667,0.200471,0,0.0666667,0.206579,0,0.0666667,0.133386,0,0.0666667,0.219602,0,0.0666667,0.131193,0.5,0.4,0
-0.5,5.5,1.07209,-2.97677,0.00236407,0.00236407,0.00236407,0.0944251,True,empty floor,sound_similarity,0,0.0666667,0.240773,0,0.0666667,0.0360534,0,0.0666667,0.160269,0,0.0666667,0.0880486,0,0.0666667,0.200471,0,0.0666667,0.206579,0,0.0666667,0.133386,0,0.0666667,0.219602,0,0.0666667,0.131193,0.5,0.4,0
-0.75,5.5,1.28922,-2.88506,0.00236407,0.00236407,0.00236407,0.0944251,True,empty floor,sound_similarity,0,0.0666667,0.240773,0,0.0666667,0.0360534,0,0.0666667,0.160269,0,0.0666667,0.0880486,0,0.0666667,0.200471,0,0.0666667,0.206579,0,0.0666667,0.133386,0,0.0666667,0.219602,0,0.0666667,0.131193,0.5,0.4,0
-1,5.5,1.51651,-2.68703,0.00236407,0.00236407,0.00236407,0.0944251,True,empty floor,sound_similarity,0,0.0666667,0.240773,0,0.0666667,0.0360534,0,0.0666667,0.160269,0,0.0666667,0.0880486,0,0.0666667,0.200471,0,0.0666667,0.206579,0,0.0666667,0.133386,0,0.0666667,0.219602,0,0.0666667,0.131193,0.5,0.4,0
-1.25,5.5,1.75001,-2.42852,0.00236407,0.00236407,0.00236407,0.0944251,True,empty floor,sound_similarity,0,0.0666667,0.240773,0,0.0666667,0.0360534,0,0.0666667,0.160269,0,0.0666667,0.0880486,0,0.0666667,0.200471,0,0.0666667,0.206579,0,0.0666667,0.133386,0,0.0666667,0.219602,0,0.0666667,0.131193,0.5,0.4,0
-1.5,5.5,1.98752,-2.16959,0.00236407,0.00236407,0.00236407,0.0944251,True,empty floor,sound_similarity,0,0.0666667,0.240773,0,0.0666667,0.0360534,0,0.0666667,0.160269,0,0.0666667,0.0880486,0,0.0666667,0.200471,0,0.0666667,0.206579,0,0.0666667,0.133386,0,0.0666667,0.219602,0,0.0666667,0.131193,0.5,0.4,0
-2.25,5.5,2.71356,-1.58366,0.00236407,0.00236407,0.00236407,0.0944251,True,empty floor,sound_similarity,0,0.0666667,0.240773,0,0.0666667,0.0360534,0,0.0666667,0.160269,0,0.0666667,0.0880486,0,0.0666667,0.200471,0,0.0666667,0.206579,0,0.0666667,0.133386,0,0.0666667,0.219602,0,0.0666667,0.131193,0.5,0.4,0
-0.5,5.25,1.22589,-2.99512,0.00236407,0.00236407,0.00236407,0.0944251,True,empty floor,sound_similarity,0,0.0666667,0.240773,0,0.0666667,0.0360534,0,0.0666667,0.160269,0,0.0666667,0.0880486,0,0.0666667,0.200471,0,0.0666667,0.206579,0,0.0666667,0.133386,0,0.0666667,0.219602,0,0.0666667,0.131193,0.5,0.4,0
2,5.25,1.80295,-2.99573,0.00236407,0.00236407,0.00236407,0.0944251,True,empty floor,sound_similarity,0,0.0666667,0.240773,0,0.0666667,0.0360534,0,0.0666667,0.160269,0,0.0666667,0.0880486,0,0.0666667,0.200471,0,0.0666667,0.206579,0,0.0666667,0.133386,0,0.0666667,0.219602,0,0.0666667,0.131193,0.5,0.4,0
1.75,5.25,1.58535,-2.99573,0.00236407,0.00236407,0.00236407,0.0944251,True,empty floor,sound_similarity,0,0.0666667,0.240773,0,0.0666667,0.0360534,0,0.0666667,0.160269,0,0.0666667,0.0880486,0,0.0666667,0.200471,0,0.0666667,0.206579,0,0.0666667,0.133386,0,0.0666667,0.219602,0,0.0666667,0.131193,0.5,0.4,0
1.5,5.25,1.37879,-2.99573,0.00236407,0.00236407,0.00236407,0.0944251,True,empty floor,sound_similarity,0,0.0666667,0.240773,0,0.0666667,0.0360534,0,0.0666667,0.160269,0,0.0666667,0.0880486,0,0.0666667,0.200471,0,0.0666667,0.206579,0,0.0666667,0.133386,0,0.0666667,0.219602,0,0.0666667,0.131193,0.5,0.4,0
1.25,5.25,1.18902,-2.99573,0.00236407,0.00236407,0.00236407,0.0944251,True,empty floor,sound_similarity,0,0.0666667,0.240773,0,0.0666667,0.0360534,0,0.0666667,0.160269,0,0.0666667,0.0880486,0,0.0666667,0.200471,0,0.0666667,0.206579,0,0.0666667,0.133386,0,0.0666667,0.219602,0,0.0666667,0.131193,0.5,0.4,0
1,5.25,1.02543,-2.99573,0.00236407,0.00236407,0.00236407,0.0944251,True,empty floor,sound_similarity,0,0.0666667,0.240773,0,0.0666667,0.0360534,0,0.0666667,0.160269,0,0.0666667,0.0880486,0,0.0666667,0.200471,0,0.0666667,0.206579,0,0.0666667,0.133386,0,0.0666667,0.219602,0,0.0666667,0.131193,0.5,0.4,0
0.75,5.25,0.902339,-2.99573,0.00236407,0.00236407,0.00236407,0.0944251,True,empty floor,sound_similarity,0,0.0666667,0.240773,0,0.0666667,0.0360534,0,0.0666667,0.160269,0,0.0666667,0.0880486,0,0.0666667,0.200471,0,0.0666667,0.206579,0,0.0666667,0.133386,0,0.0666667,0.219602,0,0.0666667,0.131193,0.5,0.4,0
0.5,5.25,0.837816,-2.99573,0.00236407,0.00236407,0.00236407,0.0944251,True,empty floor,sound_similarity,0,0.0666667,0.240773,0,0.0666667,0.0360534,0,0.0666667,0.160269,0,0.0666667,0.0880486,0,0.0666667,0.200471,0,0.0666667,0.206579,0,0.0666667,0.133386,0,0.0666667,0.219602,0,0.0666667,0.131193,0.5,0.4,0
0.25,5.25,0.845373,-2.99573,0.00236407,0.00236407,0.00236407,0.0944251,True,empty floor,sound_similarity,0,0.0666667,0.240773,0,0.0666667,0.0360534,0,0.0666667,0.160269,0,0.0666667,0.0880486,0,0.0666667,0.200471,0,0.0666667,0.206579,0,0.0666667,0.133386,0,0.0666667,0.219602,0,0.0666667,0.131193,0.5,0.4,0
0,5.25,0.923241,-2.99573,0.00236407,0.00236407,0.00236407,0.0944251,True,empty floor,sound_similarity,0,0.0666667,0.240773,0,0.0666667,0.0360534,0,0.0666667,0.160269,0,0.0666667,0.0880486,0,0.0666667,0.200471,0,0.0666667,0.206579,0,0.0666667,0.133386,0,0.0666667,0.219602,0,0.0666667,0.131193,0.5,0.4,0
-0.25,5.25,1.05598,-2.99572,0.00236407,0.00236407,0.00236407,0.0944251,True,empty floor,sound_similarity,0,0.0666667,0.240773,0,0.0666667,0.0360534,0,0.0666667,0.160269,0,0.0666667,0.0880486,0,0.0666667,0.200471,0,0.0666667,0.206579,0,0.0666667,0.133386,0,0.0666667,0.219602,0,0.0666667,0.131193,0.5,0.4,0
0.75,6.25,0.387889,-2.99573,0.00236407,0.00236407,0.00236407,0.0944251,True,empty floor,sound_similarity,0,0.0666667,0.240773,0,0.0666667,0.0360534,0,0.0666667,0.160269,0,0.0666667,0.0880486,0,0.0666667,0.200471,0,0.0666667,0.206579,0,0.0666667,0.133386,0,0.0666667,0.219602,0,0.0666667,0.131193,0.5,0.4,0
1.25,6.25,0.866036,-2.99573,0.00236407,0.00236407,0.00236407,0.0944251,True,empty floor,sound_similarity,0,0.0666667,0.240773,0,0.0666667,0.0360534,0,0.0666667,0.160269,0,0.0666667,0.0880486,0,0.0666667,0.200471,0,0.0666667,0.206579,0,0.0666667,0.133386,0,0.0666667,0.219602,0,0.0666667,0.131193,0.5,0.4,0
0.5,4.75,1.3356,-2.99573,0.00236407,0.00236407,0.00236407,0.0944251,True,empty floor,sound_similarity,0,0.0666667,0.240773,0,0.0666667,0.0360534,0,0.0666667,0.160269,0,0.0666667,0.0880486,0,0.0666667,0.200471,0,0.0666667,0.206579,0,0.0666667,0.133386,0,0.0666667,0.219602,0,0.0666667,0.131193,0.5,0.4,0
1.5,7,1.43247,-2.99573,0.00236407,0.00236407,0.00236407,0.0944251,True,empty floor,sound_similarity,0,0.0666667,0.240773,0,0.0666667,0.0360534,0,0.0666667,0.160269,0,0.0666667,0.0880486,0,0.0666667,0.200471,0,0.0666667,0.206579,0,0.0666667,0.133386,0,0.0666667,0.219602,0,0.0666667,0.131193,0.5,0.4,0
-1.5,7.5,2.37123,-2.46824,0.00236407,0.00236407,0.00236407,0.0944251,True,empty floor,sound_similarity,0,0.0666667,0.240773,0,0.0666667,0.0360534,0,0.0666667,0.160269,0,0.0666667,0.0880486,0,0.0666667,0.200471,0,0.0666667,0.206579,0,0.0666667,0.133386,0,0.0666667,0.219602,0,0.0666667,0.131193,0.5,0.4,0
-1.75,7.5,2.57594,-2.10836,0.00236407,0.00236407,0.00236407,0.0944251,True,empty floor,sound_similarity,0,0.0666667,0.240773,0,0.0666667,0.0360534,0,0.0666667,0.160269,0,0.0666667,0.0880486,0,0.0666667,0.200471,0,0.0666667,0.206579,0,0.0666667,0.133386,0,0.0666667,0.219602,0,0.0666667,0.131193,0.5,0.4,0
-2,7.5,2.78804,-1.75215,0.00236407,0.00236407,0.00236407,0.0944251,True,empty floor,sound_similarity,0,0.0666667,0.240773,0,0.0666667,0.0360534,0,0.0666667,0.160269,0,0.0666667,0.0880486,0,0.0666667,0.200471,0,0.0666667,0.206579,0,0.0666667,0.133386,0,0.0666667,0.219602,0,0.0666667,0.131193,0.5,0.4,0
-2.25,7.5,3.00598,-1.43737,0.00236407,0.00236407,0.00236407,0.0944251,True,empty floor,sound_similarity,0,0.0666667,0.240773,0,0.0666667,0.0360534,0,0.0666667,0.160269,0,0.0666667,0.0880486,0,0.0666667,0.200471,0,0.0666667,0.206579,0,0.0666667,0.133386,0,0.0666667,0.219602,0,0.0666667,0.131193,0.5,0.4,0
2,7.25,1.98068,-2.99573,0.00236407,0.00236407,0.00236407,0.0944251,True,empty floor,sound_similarity,0,0.0666667,0.240773,0,0.0666667,0.0360534,0,0.0666667,0.160269,0,0.0666667,0.0880486,0,0.0666667,0.200471,0,0.0666667,0.206579,0,0.0666667,0.133386,0,0.0666667,0.219602,0,0.0666667,0.131193,0.5,0.4,0
1.75,7.25,1.78489,-2.99573,0.00236407,0.00236407,0.00236407,0.0944251,True,empty floor,sound_similarity,0,0.0666667,0.240773,0,0.0666667,0.0360534,0,0.0666667,0.160269,0,0.0666667,0.0880486,0,0.0666667,0.200471,0,0.0666667,0.206579,0,0.0666667,0.133386,0,0.0666667,0.219602,0,0.0666667,0.131193,0.5,0.4,0
1.5,7.25,1.60423,-2.99573,0.00236407,0.00236407,0.00236407,0.0944251,True,empty floor,sound_similarity,0,0.0666667,0.240773,0,0.0666667,0.0360534,0,0.0666667,0.160269,0,0.0666667,0.0880486,0,0.0666667,0.200471,0,0.0666667,0.206579,0,0.0666667,0.133386,0,0.0666667,0.219602,0,0.0666667,0.131193,0.5,0.4,0
1.25,7.25,1.44439,-2.99573,0.00236407,0.00236407,0.00236407,0.0944251,True,empty floor,sound_similarity,0,0.0666667,0.240773,0,0.0666667,0.0360534,0,0.0666667,0.160269,0,0.0666667,0.0880486,0,0.0666667,0.200471,0,0.0666667,0.206579,0,0.0666667,0.133386,0,0.0666667,0.219602,0,0.0666667,0.131193,0.5,0.4,0
1,7.25,1.313,-2.99573,0.00236407,0.00236407,0.00236407,0.0944251,True,empty floor,sound_similarity,0,0.0666667,0.240773,0,0.0666667,0.0360534,0,0.0666667,0.160269,0,0.0666667,0.0880486,0,0.0666667,0.200471,0,0.0666667,0.206579,0,0.0666667,0.133386,0,0.0666667,0.219602,0,0.0666667,0.131193,0.5,0.4,0
0.75,7.25,1.2193,-2.99573,0.00236407,0.00236407,0.00236407,0.0944251,True,empty floor,sound_similarity,0,0.0666667,0.240773,0,0.0666667,0.0360534,0,0.0666667,0.160269,0,0.0666667,0.0880486,0,0.0666667,0.200471,0,0.0666667,0.206579,0,0.0666667,0.133386,0,0.0666667,0.219602,0,0.0666667,0.131193,0.5,0.4,0
0.5,7.25,1.17236,-2.99573,0.00236407,0.00236407,0.00236407,0.0944251,True,empty floor,sound_similarity,0,0.0666667,0.240773,0,0.0666667,0.0360534,0,0.0666667,0.160269,0,0.0666667,0.0880486,0,0.0666667,0.200471,0,0.0666667,0.206579,0,0.0666667,0.133386,0,0.0666667,0.219602,0,0.0666667,0.131193,0.5,0.4,0
0.25,7.25,1.17777,-2.99573,0.00236407,0.00236407,0.00236407,0.0944251,True,empty floor,sound_similarity,0,0.0666667,0.240773,0,0.0666667,0.0360534,0,0.0666667,0.160269,0,0.0666667,0.0880486,0,0.0666667,0.200471,0,0.0666667,0.206579,0,0.0666667,0.133386,0,0.0666667,0.219602,0,0.0666667,0.131193,0.5,0.4,0
0,7.25,1.23485,-2.99573,0.00236407,0.00236407,0.00236407,0.0944251,True,empty floor,sound_similarity,0,0.0666667,0.240773,0,0.0666667,0.0360534,0,0.0666667,0.160269,0,0.0666667,0.0880486,0,0.0666667,0.200471,0,0.0666667,0.206579,0,0.0666667,0.133386,0,0.0666667,0.219602,0,0.0666667,0.131193,0.5,0.4,0
-0.25,7.25,1.337,-2.99535,0.00236407,0.00236407,0.00236407,0.0944251,True,empty floor,sound_similarity,0,0.0666667,0.240773,0,0.0666667,0.0360534,0,0.0666667,0.160269,0,0.0666667,0.0880486,0,0.0666667,0.200471,0,0.0666667,0.206579,0,0.0666667,0.133386,0,0.0666667,0.219602,0,0.0666667,0.131193,0.5,0.4,0
-0.5,7.25,1.47489,-2.98761,0.00236407,0.00236407,0.00236407,0.0708188,True,empty floor,sound_similarity,0,0.05,0.240773,0,0.05,0.0360534,0,0.05,0.160269,0,0.05,0.0880486,0,0.05,0.200471,0,0.05,0.206579,0,0.05,0.133386,0,0.05,0.219602,0,0.05,0.131193,1,0.55,0
-0.75,7.25,1.63952,-2.92637,0.00236407,0.00236407,0.00236407,0.0708188,True,empty floor,sound_similarity,0,0.05,0.240773,0,0.05,0.0360534,0,0.05,0.160269,0,0.05,0.0880486,0,0.05,0.200471,0,0.05,0.206579,0,0.05,0.133386,0,0.05,0.219602,0,0.05,0.131193,1,0.55,0
-1,7.25,1.82366,-2.71102,0.00236407,0.00236407,0.00236407,0.0944251,True,empty floor,sound_similarity,0,0.0666667,0.240773,0,0.0666667,0.0360534,0,0.0666667,0.160269,0,0.0666667,0.0880486,0,0.0666667,0.200471,0,0.0666667,0.206579,0,0.0666667,0.133386,0,0.0666667,0.219602,0,0.0666667,0.131193,0.5,0.4,0
-1.25,7.25,2.02199,-2.32325,0.00236407,0.00236407,0.00236407,0.0944251,True,empty floor,sound_similarity,0,0.0666667,0.240773,0,0.0666667,0.0360534,0,0.0666667,0.160269,0,0.0666667,0.0880486,0,0.0666667,0.200471,0,0.0666667,0.206579,0,0.0666667,0.133386,0,0.0666667,0.219602,0,0.0666667,0.131193,0.5,0.4,0
-1.5,7.25,2.23073,-1.88142,0.00236407,0.00236407,0.00236407,0.0944251,True,empty floor,sound_similarity,0,0.0666667,0.240773,0,0.0666667,0.0360534,0,0.0666667,0.160269,0,0.0666667,0.0880486,0,0.0666667,0.200471,0,0.0666667,0.206579,0,0.0666667,0.133386,0,0.0666667,0.219602,0,0.0666667,0.131193,0.5,0.4,0
-1.75,7.25,2.44722,-1.48407,0.00236407,0.00236407,0.00236407,0.0944251,True,empty floor,sound_similarity,0,0.0666667,0.240773,0,0.0666667,0.0360534,0,0.0666667,0.160269,0,0.0666667,0.0880486,0,0.0666667,0.200471,0,0.0666667,0.206579,0,0.0666667,0.133386,0,0.0666667,0.219602,0,0.0666667,0.131193,0.5,0.4,0
-2,7.25,2.66957,-1.1604,0.00236407,0.00236407,0.00236407,0.0944251,True,empty floor,sound_similarity,0,0.0666667,0.240773,0,0.0666667,0.0360534,0,0.0666667,0.160269,0,0.0666667,0.0880486,0,0.0666667,0.200471,0,0.0666667,0.206579,0,0.0666667,0.133386,0,0.0666667,0.219602,0,0.0666667,0.131193,0.5,0.4,0
-2.25,7.25,2.89643,-0.906195,0.00236407,0.00236407,0.00236407,0.0944251,True,empty floor,sound_similarity,0,0.0666667,0.240773,0,0.0666667,0.0360534,0,0.0666667,0.160269,0,0.0666667,0.0880486,0,0.0666667,0.200471,0,0.0666667,0.206579,0,0.0666667,0.133386,0,0.0666667,0.219602,0,0.0666667,0.131193,0.5,0.4,0
2,7,1.84433,-2.99573,0.00236407,0.00236407,0.00236407,0.0944251,True,empty floor,sound_similarity,0,0.0666667,0.240773,0,0.0666667,0.0360534,0,0.0666667,0.160269,0,0.0666667,0.0880486,0,0.0666667,0.200471,0,0.0666667,0.206579,0,0.0666667,0.133386,0,0.0666667,0.219602,0,0.0666667,0.131193,0.5,0.4,0
-1.25,7.5,2.17601,-2.75989,0.00236407,0.00236407,0.00236407,0.0944251,True,empty floor,sound_similarity,0,0.0666667,0.240773,0,0.0666667,0.0360534,0,0.0666667,0.160269,0,0.0666667,0.0880486,0,0.0666667,0.200471,0,0.0666667,0.206579,0,0.0666667,0.133386,0,0.0666667,0.219602,0,0.0666667,0.131193,0.5,0.4,0
-0.75,7.5,1.82608,-2.98275,0.00236407,0.00236407,0.00236407,0.0944251,True,empty floor,sound_similarity,0,0.0666667,0.240773,0,0.0666667,0.0360534,0,0.0666667,0.160269,0,0.0666667,0.0880486,0,0.0666667,0.200471,0,0.0666667,0.206579,0,0.0666667,0.133386,0,0.0666667,0.219602,0,0.0666667,0.131193,0.5,0.4,0
0.25,7.5,1.42608,-2.99573,0.00236407,0.00236407,0.00236407,0.0944251,True,empty floor,sound_similarity,0,0.0666667,0.240773,0,0.0666667,0.0360534,0,0.0666667,0.160269,0,0.0666667,0.0880486,0,0.0666667,0.200471,0,0.0666667,0.206579,0,0.0666667,0.133386,0,0.0666667,0.219602,0,0.0666667,0.131193,0.5,0.4,0
-0.75,7.75,2.02636,-2.99287,0.00236407,0.00236407,0.00236407,0.0944251,True,empty floor,sound_similarity,0,0.0666667,0.240773,0,0.0666667,0.0360534,0,0.0666667,0.160269,0,0.0666667,0.0880486,0,0.0666667,0.200471,0,0.0666667,0.206579,0,0.0666667,0.133386,0,0.0666667,0.219602,0,0.0666667,0.131193,0.5,0.4,0
1.75,7.75,2.14568,-2.99573,0.00236407,0.00236407,0.00236407,0.0944251,True,empty floor,sound_similarity,0,0.0666667,0.240773,0,0.0666667,0.0360534,0,0.0666667,0.160269,0,0.0666667,0.0880486,0,0.0666667,0.200471,0,0.0666667,0.206579,0,0.0666667,0.133386,0,0.0666667,0.219602,0,0.0666667,0.131193,0.5,0.4,0
1.5,7.75,1.99791,-2.99573,0.00236407,0.00236407,0.00236407,0.0944251,True,empty floor,sound_similarity,0,0.0666667,0.240773,0,0.0666667,0.0360534,0,0.0666667,0.160269,0,0.0666667,0.0880486,0,0.0666667,0.200471,0,0.0666667,0.206579,0,0.0666667,0.133386,0,0.0666667,0.219602,0,0.0666667,0.131193,0.5,0.4,0
1.25,7.75,1.872,-2.99573,0.00236407,0.00236407,0.00236407,0.0944251,True,empty floor,sound_similarity,0,0.0666667,0.240773,0,0.0666667,0.0360534,0,0.0666667,0.160269,0,0.0666667,0.0880486,0,0.0666667,0.200471,0,0.0666667,0.206579,0,0.0666667,0.133386,0,0.0666667,0.219602,0,0.0666667,0.131193,0.5,0.4,0
1,7.75,1.7726,-2.99573,0.00236407,0.00236407,0.00236407,0.0944251,True,empty floor,sound_similarity,0,0.0666667,0.240773,0,0.0666667,0.0360534,0,0.0666667,0.160269,0,0.0666667,0.0880486,0,0.0666667,0.200471,0,0.0666667,0.206579,0,0.0666667,0.133386,0,0.0666667,0.219602,0,0.0666667,0.131193,0.5,0.4,0
0.75,7.75,1.70435,-2.99573,0.00236407,0.00236407,0.00236407,0.0944251,True,empty floor,sound_similarity,0,0.0666667,0.240773,0,0.0666667,0.0360534,0,0.0666667,0.160269,0,0.0666667,0.0880486,0,0.0666667,0.200471,0,0.0666667,0.206579,0,0.0666667,0.133386,0,0.0666667,0.219602,0,0.0666667,0.131193,0.5,0.4,0
0.5,7.75,1.67109,-2.99573,0.00236407,0.00236407,0.00236407,0.0944251,True,empty floor,sound_similarity,0,0.0666667,0.240773,0,0.0666667,0.0360534,0,0.0666667,0.160269,0,0.0666667,0.0880486,0,0.0666667,0.200471,0,0.0666667,0.206579,0,0.0666667,0.133386,0,0.0666667,0.219602,0,0.0666667,0.131193,0.5,0.4,0
0.25,7.75,1.67489,-2.99573,0.00236407,0.00236407,0.00236407,0.0944251,True,empty floor,sound_similarity,0,0.0666667,0.240773,0,0.0666667,0.0360534,0,0.0666667,0.160269,0,0.0666667,0.0880486,0,0.0666667,0.200471,0,0.0666667,0.206579,0,0.0666667,0.133386,0,0.0666667,0.219602,0,0.0666667,0.131193,0.5,0.4,0
0,7.75,1.71551,-2.99573,0.00236407,0.00236407,0.00236407,0.0944251,True,empty floor,sound_similarity,0,0.0666667,0.240773,0,0.0666667,0.0360534,0,0.0666667,0.160269,0,0.0666667,0.0880486,0,0.0666667,0.200471,0,0.0666667,0.206579,0,0.0666667,0.133386,0,0.0666667,0.219602,0,0.0666667,0.131193,0.5,0.4,0
-0.25,7.75,1.79045,-2.99572,0.00236407,0.00236407,0.00236407,0.0944251,True,empty floor,sound_similarity,0,0.0666667,0.240773,0,0.0666667,0.0360534,0,0.0666667,0.160269,0,0.0666667,0.0880486,0,0.0666667,0.200471,0,0.0666667,0.206579,0,0.0666667,0.133386,0,0.0666667,0.219602,0,0.0666667,0.131193,0.5,0.4,0
-0.5,7.75,1.89563,-2.99545,0.00236407,0.00236407,0.00236407,0.0944251,True,empty floor,sound_similarity,0,0.0666667,0.240773,0,0.0666667,0.0360534,0,0.0666667,0.160269,0,0.0666667,0.0880486,0,0.0666667,0.200471,0,0.0666667,0.206579,0,0.0666667,0.133386,0,0.0666667,0.219602,0,0.0666667,0.131193,0.5,0.4,0
-1,7.75,2.17804,-2.97804,0.00236407,0.00236407,0.00236407,0.0944251,True,empty floor,sound_similarity,0,0.0666667,0.240773,0,0.0666667,0.0360534,0,0.0666667,0.160269,0,0.0666667,0.0880486,0,0.0666667,0.200471,0,0.0666667,0.206579,0,0.0666667,0.133386,0,0.0666667,0.219602,0,0.0666667,0.131193,0.5,0.4,0
0.5,7.5,1.42161,-2.99573,0.00236407,0.00236407,0.00236407,0.0944251,True,empty floor,sound_similarity,0,0.0666667,0.240773,0,0.0666667,0.0360534,0,0.0666667,0.160269,0,0.0666667,0.0880486,0,0.0666667,0.200471,0,0.0666667,0.206579,0,0.0666667,0.133386,0,0.0666667,0.219602,0,0.0666667,0.131193,0.5,0.4,0
-1.25,7.75,2.34661,-2.92375,0.00236407,0.00236407,0.00236407,0.0944251,True,empty floor,sound_similarity,0,0.0666667,0.240773,0,0.0666667,0.0360534,0,0.0666667,0.160269,0,0.0666667,0.0880486,0,0.0666667,0.200471,0,0.0666667,0.206579,0,0.0666667,0.133386,0,0.0666667,0.219602,0,0.0666667,0.131193,0.5,0.4,0
-1.5,7.75,2.52869,-2.79094,0.00236407,0.00236407,0.00236407,0.0944251,True,empty floor,sound_similarity,0,0.0666667,0.240773,0,0.0666667,0.0360534,0,0.0666667,0.160269,0,0.0666667,0.0880486,0,0.0666667,0.200471,0,0.0666667,0.206579,0,0.0666667,0.133386,0,0.0666667,0.219602,0,0.0666667,0.131193,0.5,0.4,0
-1.75,7.75,2.72158,-2.56316,0.00236407,0.00236407,0.00236407,0.0944251,True,empty floor,sound_similarity,0,0.0666667,0.240773,0,0.0666667,0.0360534,0,0.0666667,0.160269,0,0.0666667,0.0880486,0,0.0666667,0.200471,0,0.0666667,0.206579,0,0.0666667,0.133386,0,0.0666667,0.219602,0,0.0666667,0.131193,0.5,0.4,0
-2.25,7.75,3.13169,-1.95848,0.00236407,0.00236407,0.00236407,0.0944251,True,empty floor,sound_similarity,0,0.0666667,0.240773,0,0.0666667,0.0360534,0,0.0666667,0.160269,0,0.0666667,0.0880486,0,0.0666667,0.200471,0,0.0666667,0.206579,0,0.0666667,0.133386,0,0.0666667,0.219602,0,0.0666667,0.131193,0.5,0.4,0
2,7.5,2.13768,-2.99573,0.00236407,0.00236407,0.00236407,0.0944251,True,empty floor,sound_similarity,0,0.0666667,0.240773,0,0.0666667,0.0360534,0,0.0666667,0.160269,0,0.0666667,0.0880486,0,0.0666667,0.200471,0,0.0666667,0.206579,0,0.0666667,0.133386,0,0.0666667,0.219602,0,0.0666667,0.131193,0.5,0.4,0
1.75,7.5,1.95765,-2.99573,0.00236407,0.00236407,0.00236407,0.0944251,True,empty floor,sound_similarity,0,0.0666667,0.240773,0,0.0666667,0.0360534,0,0.0666667,0.160269,0,0.0666667,0.0880486,0,0.0666667,0.200471,0,0.0666667,0.206579,0,0.0666667,0.133386,0,0.0666667,0.219602,0,0.0666667,0.131193,0.5,0.4,0
1.5,7.5,1.79446,-2.99573,0.00236407,0.00236407,0.00236407,0.0944251,True,empty floor,sound_similarity,0,0.0666667,0.240773,0,0.0666667,0.0360534,0,0.0666667,0.160269,0,0.0666667,0.0880486,0,0.0666667,0.200471,0,0.0666667,0.206579,0,0.0666667,0.133386,0,0.0666667,0.219602,0,0.0666667,0.131193,0.5,0.4,0
1.25,7.5,1.65312,-2.99573,0.00236407,0.00236407,0.00236407,0.0944251,True,empty floor,sound_similarity,0,0.0666667,0.240773,0,0.0666667,0.0360534,0,0.0666667,0.160269,0,0.0666667,0.0880486,0,0.0666667,0.200471,0,0.0666667,0.206579,0,0.0666667,0.133386,0,0.0666667,0.219602,0,0.0666667,0.131193,0.5,0.4,0
1,7.5,1.53966,-2.99573,0.00236407,0.00236407,0.00236407,0.0944251,True,empty floor,sound_similarity,0,0.0666667,0.240773,0,0.0666667,0.0360534,0,0.0666667,0.160269,0,0.0666667,0.0880486,0,0.0666667,0.200471,0,0.0666667,0.206579,0,0.0666667,0.133386,0,0.0666667,0.219602,0,0.0666667,0.131193,0.5,0.4,0
0.75,7.5,1.46057,-2.99573,0.00236407,0.00236407,0.00236407,0.0944251,True,empty floor,sound_similarity,0,0.0666667,0.240773,0,0.0666667,0.0360534,0,0.0666667,0.160269,0,0.0666667,0.0880486,0,0.0666667,0.200471,0,0.0666667,0.206579,0,0.0666667,0.133386,0,0.0666667,0.219602,0,0.0666667,0.131193,0.5,0.4,0
1.75,7,1.63226,-2.99573,0.00236407,0.00236407,0.00236407,0.0944251,True,empty floor,sound_similarity,0,0.0666667,0.240773,0,0.0666667,0.0360534,0,0.0666667,0.160269,0,0.0666667,0.0880486,0,0.0666667,0.200471,0,0.0666667,0.206579,0,0.0666667,0.133386,0,0.0666667,0.219602,0,0.0666667,0.131193,0.5,0.4,0
1.25,7,1.25088,-2.99573,0.00236407,0.00236407,0.00236407,0.0944251,True,empty floor,sound_similarity,0,0.0666667,0.240773,0,0.0666667,0.0360534,0,0.0666667,0.160269,0,0.0666667,0.0880486,0,0.0666667,0.200471,0,0.0666667,0.206579,0,0.0666667,0.133386,0,0.0666667,0.219602,0,0.0666667,0.131193,0.5,0.4,0
1.5,6.25,1.11234,-2.99573,0.00236407,0.00236407,0.00236407,0.0944251,True,empty floor,sound_similarity,0,0.0666667,0.240773,0,0.0666667,0.0360534,0,0.0666667,0.160269,0,0.0666667,0.0880486,0,0.0666667,0.200471,0,0.0666667,0.206579,0,0.0666667,0.133386,0,0.0666667,0.219602,0,0.0666667,0.131193,0.5,0.4,0
1,7,1.09655,-2.99573,0.00236407,0.00236407,0.00236407,0.0944251,True,empty floor,sound_similarity,0,0.0666667,0.240773,0,0.0666667,0.0360534,0,0.0666667,0.160269,0,0.0666667,0.0880486,0,0.0666667,0.200471,0,0.0666667,0.206579,0,0.0666667,0.133386,0,0.0666667,0.219602,0,0.0666667,0.131193,0.5,0.4,0
-1.5,6.75,2.01446,-0.469948,0.00236407,0.00236407,0.00236407,0.0944251,True,empty floor,sound_similarity,0,0.0666667,0.240773,0,0.0666667,0.0360534,0,0.0666667,0.160269,0,0.0666667,0.0880486,0,0.0666667,0.200471,0,0.0666667,0.206579,0,0.0666667,0.133386,0,0.0666667,0.219602,0,0.0666667,0.131193,0.5,0.4,0
-1.75,6.75,2.25184,-0.30796,0.00236407,0.00236407,0.00236407,0.0944251,True,empty floor,sound_similarity,0,0.0666667,0.240773,0,0.0666667,0.0360534,0,0.0666667,0.160269,0,0.0666667,0.0880486,0,0.0666667,0.200471,0,0.0666667,0.206579,0,0.0666667,0.133386,0,0.0666667,0.219602,0,0.0666667,0.131193,0.5,0.4,0
-2.25,6.75,2.73335,-0.129741,0.00236407,0.00236407,0.00236407,0.0944251,True,empty floor,sound_similarity,0,0.0666667,0.240773,0,0.0666667,0.0360534,0,0.0666667,0.160269,0,0.0666667,0.0880486,0,0.0666667,0.200471,0,0.0666667,0.206579,0,0.0666667,0.133386,0,0.0666667,0.219602,0,0.0666667,0.131193,0.5,0.4,0
2,6.5,1.65331,-2.99573,0.00236407,0.00236407,0.00236407,0.0944251,True,empty floor,sound_similarity,0,0.0666667,0.240773,0,0.0666667,0.0360534,0,0.0666667,0.160269,0,0.0666667,0.0880486,0,0.0666667,0.200471,0,0.0666667,0.206579,0,0.0666667,0.133386,0,0.0666667,0.219602,0,0.0666667,0.131193,0.5,0.4,0
1.75,6.5,1.41285,-2.99573,0.00236407,0.00236407,0.00236407,0.0944251,True,empty floor,sound_similarity,0,0.0666667,0.240773,0,0.0666667,0.0360534,0,0.0666667,0.160269,0,0.0666667,0.0880486,0,0.0666667,0.200471,0,0.0666667,0.206579,0,0.0666667,0.133386,0,0.0666667,0.219602,0,0.0666667,0.131193,0.5,0.4,0
1.5,6.5,1.17638,-2.99573,0.00236407,0.00236407,0.00236407,0.0944251,True,empty floor,sound_similarity,0,0.0666667,0.240773,0,0.0666667,0.0360534,0,0.0666667,0.160269,0,0.0666667,0.0880486,0,0.0666667,0.200471,0,0.0666667,0.206579,0,0.0666667,0.133386,0,0.0666667,0.219602,0,0.0666667,0.131193,0.5,0.4,0
1.25,6.5,0.946879,-2.99573,0.00236407,0.00236407,0.00236407,0.0944251,True,empty floor,sound_similarity,0,0.0666667,0.240773,0,0.0666667,0.0360534,0,0.0666667,0.160269,0,0.0666667,0.0880486,0,0.0666667,0.200471,0,0.0666667,0.206579,0,0.0666667,0.133386,0,0.0666667,0.219602,0,0.0666667,0.131193,0.5,0.4,0
1,6.5,0.730957,-2.99573,0.00236407,0.00236407,0.00236407,0.150953,True,couch,sound_similarity,0,0.05,0.240773,0,0.05,0.0360534,1,0.55,0.160269,0,0.05,0.0880486,0,0.05,0.200471,0,0.05,0.206579,0,0.05,0.133386,0,0.05,0.219602,0,0.05,0.131193,0,0.05,0
0.75,6.5,0.544994,-2.99573,0.00236407,0.00236407,0.00236407,0.0944251,True,empty floor,sound_similarity,0,0.0666667,0.240773,0,0.0666667,0.0360534,0,0.0666667,0.160269,0,0.0666667,0.0880486,0,0.0666667,0.200471,0,0.0666667,0.206579,0,0.0666667,0.133386,0,0.0666667,0.219602,0,0.0666667,0.131193,0.5,0.4,0
0.5,6.5,0.429811,-2.99573,0.00236407,0.00236407,0.00236407,0.0944251,True,empty floor,sound_similarity,0,0.0666667,0.240773,0,0.0666667,0.0360534,0,0.0666667,0.160269,0,0.0666667,0.0880486,0,0.0666667,0.200471,0,0.0666667,0.206579,0,0.0666667,0.133386,0,0.0666667,0.219602,0,0.0666667,0.131193,0.5,0.4,0
0.25,6.5,0.444361,-2.99572,0.00236407,0.00236407,0.00236407,0.0708188,True,empty floor,sound_similarity,0,0.05,0.240773,0,0.05,0.0360534,0,0.05,0.160269,0,0.05,0.0880486,0,0.05,0.200471,0,0.05,0.206579,0,0.05,0.133386,0,0.05,0.219602,0,0.05,0.131193,1,0.55,0
0,6.5,0.578944,-2.94051,0.00236407,0.00236407,0.00236407,0.0708188,True,empty floor,sound_similarity,0,0.05,0.240773,0,0.05,0.0360534,0,0.05,0.160269,0,0.05,0.0880486,0,0.05,0.200471,0,0.05,0.206579,0,0.05,0.133386,0,0.05,0.219602,0,0.05,0.131193,1,0.55,0
-0.25,6.5,0.773237,-2.02687,0.00236407,0.00236407,0.00236407,0.0944251,True,empty floor,sound_similarity,0,0.0666667,0.240773,0,0.0666667,0.0360534,0,0.0666667,0.160269,0,0.0666667,0.0880486,0,0.0666667,0.200471,0,0.0666667,0.206579,0,0.0666667,0.133386,0,0.0666667,0.219602,0,0.0666667,0.131193,0.5,0.4,0
-0.5,6.5,0.992781,-1.0354,0.00236407,0.00236407,0.00236407,0.0944251,True,empty floor,sound_similarity,0,0.0666667,0.240773,0,0.0666667,0.0360534,0,0.0666667,0.160269,0,0.0666667,0.0880486,0,0.0666667,0.200471,0,0.0666667,0.206579,0,0.0666667,0.133386,0,0.0666667,0.219602,0,0.0666667,0.131193,0.5,0.4,0
-0.75,6.5,1.22406,-0.522121,0.00236407,0.00236407,0.00236407,0.0944251,True,empty floor,sound_similarity,0,0.0666667,0.240773,0,0.0666667,0.0360534,0,0.0666667,0.160269,0,0.0666667,0.0880486,0,0.0666667,0.200471,0,0.0666667,0.206579,0,0.0666667,0.133386,0,0.0666667,0.219602,0,0.0666667,0.131193,0.5,0.4,0
-1,6.5,1.46152,-0.26556,0.00236407,0.00236407,0.00236407,0.0944251,True,empty floor,sound_similarity,0,0.0666667,0.240773,0,0.0666667,0.0360534,0,0.0666667,0.160269,0,0.0666667,0.0880486,0,0.0666667,0.200471,0,0.0666667,0.206579,0,0.0666667,0.133386,0,0.0666667,0.219602,0,0.0666667,0.131193,0.5,0.4,0
-1.25,6.5,1.70258,-0.132834,0.00236407,0.00236407,0.00236407,0.0944251,True,empty floor,sound_similarity,0,0.0666667,0.240773,0,0.0666667,0.0360534,0,0.0666667,0.160269,0,0.0666667,0.0880486,0,0.0666667,0.200471,0,0.0666667,0.206579,0,0.0666667,0.133386,0,0.0666667,0.219602,0,0.0666667,0.131193,0.5,0.4,0
-1.5,6.5,1.94589,-0.0627632,0.00236407,0.00236407,0.00236407,0.0944251,True,empty floor,sound_similarity,0,0.0666667,0.240773,0,0.0666667,0.0360534,0,0.0666667,0.160269,0,0.0666667,0.0880486,0,0.0666667,0.200471,0,0.0666667,0.206579,0,0.0666667,0.133386,0,0.0666667,0.219602,0,0.0666667,0.131193,0.5,0.4,0
-1.75,6.5,2.19071,-0.0261588,0.00236407,0.00236407,0.00236407,0.0944251,True,empty floor,sound_similarity,0,0.0666667,0.240773,0,0.0666667,0.0360534,0,0.0666667,0.160269,0,0.0666667,0.0880486,0,0.0666667,0.200471,0,0.0666667,0.206579,0,0.0666667,0.133386,0,0.0666667,0.219602,0,0.0666667,0.131193,0.5,0.4,0
-2,6.5,2.43658,-0.00823289,0.00236407,0.00236407,0.00236407,0.0944251,True,empty floor,sound_similarity,0,0.0666667,0.240773,0,0.0666667,0.0360534,0,0.0666667,0.160269,0,0.0666667,0.0880486,0,0.0666667,0.200471,0,0.0666667,0.206579,0,0.0666667,0.133386,0,0.0666667,0.219602,0,0.0666667,0.131193,0.5,0.4,0
-2.25,6.5,2.68322,-0.00107139,0.00236407,0.00236407,0.00236407,0.0944251,True,empty floor,sound_similarity,0,0.0666667,0.240773,0,0.0666667,0.0360534,0,0.0666667,0.160269,0,0.0666667,0.0880486,0,0.0666667,0.200471,0,0.0666667,0.206579,0,0.0666667,0.133386,0,0.0666667,0.219602,0,0.0666667,0.131193,0.5,0.4,0
2,6.25,1.60837,-2.99573,0.00236407,0.00236407,0.00236407,0.0944251,True,empty floor,sound_similarity,0,0.0666667,0.240773,0,0.0666667,0.0360534,0,0.0666667,0.160269,0,0.0666667,0.0880486,0,0.0666667,0.200471,0,0.0666667,0.206579,0,0.0666667,0.133386,0,0.0666667,0.219602,0,0.0666667,0.131193,0.5,0.4,0
1.75,6.25,1.35999,-2.99573,0.00236407,0.00236407,0.00236407,0.0944251,True,empty floor,sound_similarity,0,0.0666667,0.240773,0,0.0666667,0.0360534,0,0.0666667,0.160269,0,0.0666667,0.0880486,0,0.0666667,0.200471,0,0.0666667,0.206579,0,0.0666667,0.133386,0,0.0666667,0.219602,0,0.0666667,0.131193,0.5,0.4,0
-1.25,6.75,1.78054,-0.719106,0.00236407,0.00236407,0.00236407,0.0944251,True,empty floor,sound_similarity,0,0.0666667,0.240773,0,0.0666667,0.0360534,0,0.0666667,0.160269,0,0.0666667,0.0880486,0,0.0666667,0.200471,0,0.0666667,0.206579,0,0.0666667,0.133386,0,0.0666667,0.219602,0,0.0666667,0.131193,0.5,0.4,0
-1,6.75,1.55165,-1.10651,0.00236407,0.00236407,0.00236407,0.0944251,True,empty floor,sound_similarity,0,0.0666667,0.240773,0,0.0666667,0.0360534,0,0.0666667,0.160269,0,0.0666667,0.0880486,0,0.0666667,0.200471,0,0.0666667,0.206579,0,0.0666667,0.133386,0,0.0666667,0.219602,0,0.0666667,0.131193,0.5,0.4,0
-0.75,6.75,1.33037,-1.69662,0.00236407,0.00236407,0.00236407,0.0944251,True,empty floor,sound_similarity,0,0.0666667,0.240773,0,0.0666667,0.0360534,0,0.0666667,0.160269,0,0.0666667,0.0880486,0,0.0666667,0.200471,0,0.0666667,0.206579,0,0.0666667,0.133386,0,0.0666667,0.219602,0,0.0666667,0.131193,0.5,0.4,0
-1.75,7,2.33823,-0.832902,0.00236407,0.00236407,0.00236407,0.0944251,True,empty floor,sound_similarity,0,0.0666667,0.240773,0,0.0666667,0.0360534,0,0.0666667,0.160269,0,0.0666667,0.0880486,0,0.0666667,0.200471,0,0.0666667,0.206579,0,0.0666667,0.133386,0,0.0666667,0.219602,0,0.0666667,0.131193,0.5,0.4,0
0.75,7,0.982415,-2.99573,0.00236407,0.00236407,0.00236407,0.0944251,True,empty floor,sound_similarity,0,0.0666667,0.240773,0,0.0666667,0.0360534,0,0.0666667,0.160269,0,0.0666667,0.0880486,0,0.0666667,0.200471,0,0.0666667,0.206579,0,0.0666667,0.133386,0,0.0666667,0.219602,0,0.0666667,0.131193,0.5,0.4,0
0.5,7,0.923503,-2.99573,0.00236407,0.00236407,0.00236407,0.0944251,True,empty floor,sound_similarity,0,0.0666667,0.240773,0,0.0666667,0.0360534,0,0.0666667,0.160269,0,0.0666667,0.0880486,0,0.0666667,0.200471,0,0.0666667,0.206579,0,0.0666667,0.133386,0,0.0666667,0.219602,0,0.0666667,0.131193,0.5,0.4,0
0.25,7,0.930364,-2.99573,0.00236407,0.00236407,0.00236407,0.0944251,True,empty floor,sound_similarity,0,0.0666667,0.240773,0,0.0666667,0.0360534,0,0.0666667,0.160269,0,0.0666667,0.0880486,0,0.0666667,0.200471,0,0.0666667,0.206579,0,0.0666667,0.133386,0,0.0666667,0.219602,0,0.0666667,0.131193,0.5,0.4,0
0,7,1.00165,-2.99569,0.00236407,0.00236407,0.00236407,0.0944251,True,empty floor,sound_similarity,0,0.0666667,0.240773,0,0.0666667,0.0360534,0,0.0666667,0.160269,0,0.0666667,0.0880486,0,0.0666667,0.200471,0,0.0666667,0.206579,0,0.0666667,0.133386,0,0.0666667,0.219602,0,0.0666667,0.131193,0.5,0.4,0
-0.25,7,1.12517,-2.99204,0.00236407,0.00236407,0.00236407,0.0708188,True,empty floor,sound_similarity,0,0.05,0.240773,0,0.05,0.0360534,0,0.05,0.160269,0,0.05,0.0880486,0,0.05,0.200471,0,0.05,0.206579,0,0.05,0.133386,0,0.05,0.219602,0,0.05,0.131193,1,0.55,0
-0.5,7,1.28598,-2.92867,0.00236407,0.00236407,0.00236407,0.0708188,True,empty floor,sound_similarity,0,0.05,0.240773,0,0.05,0.0360534,0,0.05,0.160269,0,0.05,0.0880486,0,0.05,0.200471,0,0.05,0.206579,0,0.05,0.133386,0,0.05,0.219602,0,0.05,0.131193,1,0.55,0
-0.75,7,1.47189,-2.6258,0.00236407,0.00236407,0.00236407,0.0944251,True,empty floor,sound_similarity,0,0.0666667,0.240773,0,0.0666667,0.0360534,0,0.0666667,0.160269,0,0.0666667,0.0880486,0,0.0666667,0.200471,0,0.0666667,0.206579,0,0.0666667,0.133386,0,0.0666667,0.219602,0,0.0666667,0.131193,0.5,0.4,0
-1,7,1.67457,-2.08975,0.00236407,0.00236407,0.00236407,0.0944251,True,empty floor,sound_similarity,0,0.0666667,0.240773,0,0.0666667,0.0360534,0,0.0666667,0.160269,0,0.0666667,0.0880486,0,0.0666667,0.200471,0,0.0666667,0.206579,0,0.0666667,0.133386,0,0.0666667,0.219602,0,0.0666667,0.131193,0.5,0.4,0
-1.25,7,1.88862,-1.55875,0.00236407,0.00236407,0.00236407,0.0944251,True,empty floor,sound_similarity,0,0.0666667,0.240773,0,0.0666667,0.0360534,0,0.0666667,0.160269,0,0.0666667,0.0880486,0,0.0666667,0.200471,0,0.0666667,0.206579,0,0.0666667,0.133386,0,0.0666667,0.219602,0,0.0666667,0.131193,0.5,0.4,0
-1.5,7,2.1106,-1.14049,0.00236407,0.00236407,0.00236407,0.0944251,True,empty floor,sound_similarity,0,0.0666667,0.240773,0,0.0666667,0.0360534,0,0.0666667,0.160269,0,0.0666667,0.0880486,0,0.0666667,0.200471,0,0.0666667,0.206579,0,0.0666667,0.133386,0,0.0666667,0.219602,0,0.0666667,0.131193,0.5,0.4,0
-2,7,2.57003,-0.609965,0.00236407,0.00236407,0.00236407,0.136415,True,clock,sound_similarity,0,0.05,0.240773,0,0.05,0.0360534,0,0.05,0.160269,0,0.05,0.0880486,0,0.05,0.200471,0,0.05,0.206579,0,0.05,0.133386,0,0.05,0.219602,1,0.55,0.131193,0,0.05,0
-0.5,6.75,1.12124,-2.45353,0.00236407,0.00236407,0.00236407,0.0944251,True,empty floor,sound_similarity,0,0.0666667,0.240773,0,0.0666667,0.0360534,0,0.0666667,0.160269,0,0.0666667,0.0880486,0,0.0666667,0.200471,0,0.0666667,0.206579,0,0.0666667,0.133386,0,0.0666667,0.219602,0,0.0666667,0.131193,0.5,0.4,0
-2.25,7,2.80495,-0.447978,0.00236407,0.00236407,0.00236407,0.0944251,True,empty floor,sound_similarity,0,0.0666667,0.240773,0,0.0666667,0.0360534,0,0.0666667,0.160269,0,0.0666667,0.0880486,0,0.0666667,0.200471,0,0.0666667,0.206579,0,0.0666667,0.133386,0,0.0666667,0.219602,0,0.0666667,0.131193,0.5,0.4,0
2,6.75,1.73349,-2.99573,0.00236407,0.00236407,0.00236407,0.0944251,True,empty floor,sound_similarity,0,0.0666667,0.240773,0,0.0666667,0.0360534,0,0.0666667,0.160269,0,0.0666667,0.0880486,0,0.0666667,0.200471,0,0.0666667,0.206579,0,0.0666667,0.133386,0,0.0666667,0.219602,0,0.0666667,0.131193,0.5,0.4,0
1.75,6.75,1.50589,-2.99573,0.00236407,0.00236407,0.00236407,0.0944251,True,empty floor,sound_similarity,0,0.0666667,0.240773,0,0.0666667,0.0360534,0,0.0666667,0.160269,0,0.0666667,0.0880486,0,0.0666667,0.200471,0,0.0666667,0.206579,0,0.0666667,0.133386,0,0.0666667,0.219602,0,0.0666667,0.131193,0.5,0.4,0
1.5,6.75,1.28663,-2.99573,0.00236407,0.00236407,0.00236407,0.0944251,True,empty floor,sound_similarity,0,0.0666667,0.240773,0,0.0666667,0.0360534,0,0.0666667,0.160269,0,0.0666667,0.0880486,0,0.0666667,0.200471,0,0.0666667,0.206579,0,0.0666667,0.133386,0,0.0666667,0.219602,0,0.0666667,0.131193,0.5,0.4,0
1,6.75,0.897696,-2.99573,0.00236407,0.00236407,0.00236407,0.0944251,True,empty floor,sound_similarity,0,0.0666667,0.240773,0,0.0666667,0.0360534,0,0.0666667,0.160269,0,0.0666667,0.0880486,0,0.0666667,0.200471,0,0.0666667,0.206579,0,0.0666667,0.133386,0,0.0666667,0.219602,0,0.0666667,0.131193,0.5,0.4,0
0.75,6.75,0.754041,-2.99573,0.00236407,0.00236407,0.00236407,0.0944251,True,empty floor,sound_similarity,0,0.0666667,0.240773,0,0.0666667,0.0360534,0,0.0666667,0.160269,0,0.0666667,0.0880486,0,0.0666667,0.200471,0,0.0666667,0.206579,0,0.0666667,0.133386,0,0.0666667,0.219602,0,0.0666667,0.131193,0.5,0.4,0
0.5,6.75,0.675498,-2.99573,0.00236407,0.00236407,0.00236407,0.0944251,True,empty floor,sound_similarity,0,0.0666667,0.240773,0,0.0666667,0.0360534,0,0.0666667,0.160269,0,0.0666667,0.0880486,0,0.0666667,0.200471,0,0.0666667,0.206579,0,0.0666667,0.133386,0,0.0666667,0.219602,0,0.0666667,0.131193,0.5,0.4,0
0.25,6.75,0.684848,-2.99573,0.00236407,0.00236407,0.00236407,0.0708188,True,empty floor,sound_similarity,0,0.05,0.240773,0,0.05,0.0360534,0,0.05,0.160269,0,0.05,0.0880486,0,0.05,0.200471,0,0.05,0.206579,0,0.05,0.133386,0,0.05,0.219602,0,0.05,0.131193,1,0.55,0
0,6.75,0.778933,-2.99497,0.00236407,0.00236407,0.00236407,0.0708188,True,empty floor,sound_similarity,0,0.05,0.240773,0,0.05,0.0360534,0,0.05,0.160269,0,0.05,0.0880486,0,0.05,0.200471,0,0.05,0.206579,0,0.05,0.133386,0,0.05,0.219602,0,0.05,0.131193,1,0.55,0
-0.25,6.75,0.932446,-2.93257,0.00236407,0.00236407,0.00236407,0.0708188,True,empty floor,sound_similarity,0,0.05,0.240773,0,0.05,0.0360534,0,0.05,0.160269,0,0.05,0.0880486,0,0.05,0.200471,0,0.05,0.206579,0,0.05,0.133386,0,0.05,0.219602,0,0.05,0.131193,1,0.55,0
0.75,4.75,1.37699,-2.99573,0.00236407,0.00236407,0.00236407,0.0944251,True,empty floor,sound_similarity,0,0.0666667,0.240773,0,0.0666667,0.0360534,0,0.0666667,0.160269,0,0.0666667,0.0880486,0,0.0666667,0.200471,0,0.0666667,0.206579,0,0.0666667,0.133386,0,0.0666667,0.219602,0,0.0666667,0.131193,0.5,0.4,0
0.25,4.75,1.34035,-2.99573,0.00236407,0.00236407,0.00236407,0.0944251,True,empty floor,sound_similarity,0,0.0666667,0.240773,0,0.0666667,0.0360534,0,0.0666667,0.160269,0,0.0666667,0.0880486,0,0.0666667,0.200471,0,0.0666667,0.206579,0,0.0666667,0.133386,0,0.0666667,0.219602,0,0.0666667,0.131193,0.5,0.4,0
-2,1.75,4.9525,-2.99573,0.00236407,0.00236407,0.00236407,0.0944251,True,empty floor,sound_similarity,0,0.0666667,0.240773,0,0.0666667,0.0360534,0,0.0666667,0.160269,0,0.0666667,0.0880486,0,0.0666667,0.200471,0,0.0666667,0.206579,0,0.0666667,0.133386,0,0.0666667,0.219602,0,0.0666667,0.131193,0.5,0.4,0
-1.75,2.5,4.17783,-2.99573,0.00236407,0.00236407,0.00236407,0.0944251,True,empty floor,sound_similarity,0,0.0666667,0.240773,0,0.0666667,0.0360534,0,0.0666667,0.160269,0,0.0666667,0.0880486,0,0.0666667,0.200471,0,0.0666667,0.206579,0,0.0666667,0.133386,0,0.0666667,0.219602,0,0.0666667,0.131193,0.5,0.4,0
0.25,2.75,3.33527,-2.99573,0.00236407,0.00236407,0.00236407,0.0944251,True,empty floor,sound_similarity,0,0.0666667,0.240773,0,0.0666667,0.0360534,0,0.0666667,0.160269,0,0.0666667,0.0880486,0,0.0666667,0.200471,0,0.0666667,0.206579,0,0.0666667,0.133386,0,0.0666667,0.219602,0,0.0666667,0.131193,0.5,0.4,0
0,2.75,3.35586,-2.99573,0.00236407,0.00236407,0.00236407,0.0944251,True,empty floor,sound_similarity,0,0.0666667,0.240773,0,0.0666667,0.0360534,0,0.0666667,0.160269,0,0.0666667,0.0880486,0,0.0666667,0.200471,0,0.0666667,0.206579,0,0.0666667,0.133386,0,0.0666667,0.219602,0,0.0666667,0.131193,0.5,0.4,0
-0.25,2.75,3.39477,-2.99573,0.00236407,0.00236407,0.00236407,0.0944251,True,empty floor,sound_similarity,0,0.0666667,0.240773,0,0.0666667,0.0360534,0,0.0666667,0.160269,0,0.0666667,0.0880486,0,0.0666667,0.200471,0,0.0666667,0.206579,0,0.0666667,0.133386,0,0.0666667,0.219602,0,0.0666667,0.131193,0.5,0.4,0
-0.5,2.75,3.45141,-2.99573,0.00236407,0.00236407,0.00236407,0.0944251,True,empty floor,sound_similarity,0,0.0666667,0.240773,0,0.0666667,0.0360534,0,0.0666667,0.160269,0,0.0666667,0.0880486,0,0.0666667,0.200471,0,0.0666667,0.206579,0,0.0666667,0.133386,0,0.0666667,0.219602,0,0.0666667,0.131193,0.5,0.4,0
-0.75,2.75,3.5249,-2.99573,0.00236407,0.00236407,0.00236407,0.0944251,True,empty floor,sound_similarity,0,0.0666667,0.240773,0,0.0666667,0.0360534,0,0.0666667,0.160269,0,0.0666667,0.0880486,0,0.0666667,0.200471,0,0.0666667,0.206579,0,0.0666667,0.133386,0,0.0666667,0.219602,0,0.0666667,0.131193,0.5,0.4,0
-1,2.75,3.61423,-2.99573,0.00236407,0.00236407,0.00236407,0.0944251,True,empty floor,sound_similarity,0,0.0666667,0.240773,0,0.0666667,0.0360534,0,0.0666667,0.160269,0,0.0666667,0.0880486,0,0.0666667,0.200471,0,0.0666667,0.206579,0,0.0666667,0.133386,0,0.0666667,0.219602,0,0.0666667,0.131193,0.5,0.4,0
-1.25,2.75,3.71825,-2.99573,0.00236407,0.00236407,0.00236407,0.0944251,True,empty floor,sound_similarity,0,0.0666667,0.240773,0,0.0666667,0.0360534,0,0.0666667,0.160269,0,0.0666667,0.0880486,0,0.0666667,0.200471,0,0.0666667,0.206579,0,0.0666667,0.133386,0,0.0666667,0.219602,0,0.0666667,0.131193,0.5,0.4,0
-1.5,2.75,3.83576,-2.99573,0.00236407,0.00236407,0.00236407,0.0944251,True,empty floor,sound_similarity,0,0.0666667,0.240773,0,0.0666667,0.0360534,0,0.0666667,0.160269,0,0.0666667,0.0880486,0,0.0666667,0.200471,0,0.0666667,0.206579,0,0.0666667,0.133386,0,0.0666667,0.219602,0,0.0666667,0.131193,0.5,0.4,0
-2,2.75,4.10652,-2.99573,0.00236407,0.00236407,0.00236407,0.0944251,True,empty floor,sound_similarity,0,0.0666667,0.240773,0,0.0666667,0.0360534,0,0.0666667,0.160269,0,0.0666667,0.0880486,0,0.0666667,0.200471,0,0.0666667,0.206579,0,0.0666667,0.133386,0,0.0666667,0.219602,0,0.0666667,0.131193,0.5,0.4,0
-2.25,2.75,4.25749,-2.99571,0.00236407,0.00236407,0.00236407,0.0944251,True,empty floor,sound_similarity,0,0.0666667,0.240773,0,0.0666667,0.0360534,0,0.0666667,0.160269,0,0.0666667,0.0880486,0,0.0666667,0.200471,0,0.0666667,0.206579,0,0.0666667,0.133386,0,0.0666667,0.219602,0,0.0666667,0.131193,0.5,0.4,0
2,2.5,3.92281,-2.99573,0.00236407,0.00236407,0.00236407,0.0944251,True,empty floor,sound_similarity,0,0.0666667,0.240773,0,0.0666667,0.0360534,0,0.0666667,0.160269,0,0.0666667,0.0880486,0,0.0666667,0.200471,0,0.0666667,0.206579,0,0.0666667,0.133386,0,0.0666667,0.219602,0,0.0666667,0.131193,0.5,0.4,0
1.75,2.5,3.82769,-2.99573,0.00236407,0.00236407,0.00236407,0.0944251,True,empty floor,sound_similarity,0,0.0666667,0.240773,0,0.0666667,0.0360534,0,0.0666667,0.160269,0,0.0666667,0.0880486,0,0.0666667,0.200471,0,0.0666667,0.206579,0,0.0666667,0.133386,0,0.0666667,0.219602,0,0.0666667,0.131193,0.5,0.4,0
1.5,2.5,3.74685,-2.99573,0.00236407,0.00236407,0.00236407,0.0944251,True,empty floor,sound_similarity,0,0.0666667,0.240773,0,0.0666667,0.0360534,0,0.0666667,0.160269,0,0.0666667,0.0880486,0,0.0666667,0.200471,0,0.0666667,0.206579,0,0.0666667,0.133386,0,0.0666667,0.219602,0,0.0666667,0.131193,0.5,0.4,0
1.25,2.5,3.68125,-2.99573,0.00236407,0.00236407,0.00236407,0.0944251,True,empty floor,sound_similarity,0,0.0666667,0.240773,0,0.0666667,0.0360534,0,0.0666667,0.160269,0,0.0666667,0.0880486,0,0.0666667,0.200471,0,0.0666667,0.206579,0,0.0666667,0.133386,0,0.0666667,0.219602,0,0.0666667,0.131193,0.5,0.4,0
1,2.5,3.63171,-2.99573,0.00236407,0.00236407,0.00236407,0.0944251,True,empty floor,sound_similarity,0,0.0666667,0.240773,0,0.0666667,0.0360534,0,0.0666667,0.160269,0,0.0666667,0.0880486,0,0.0666667,0.200471,0,0.0666667,0.206579,0,0.0666667,0.133386,0,0.0666667,0.219602,0,0.0666667,0.131193,0.5,0.4,0
0.75,2.5,3.5989,-2.99573,0.00236407,0.00236407,0.00236407,0.0944251,True,empty floor,sound_similarity,0,0.0666667,0.240773,0,0.0666667,0.0360534,0,0.0666667,0.160269,0,0.0666667,0.0880486,0,0.0666667,0.200471,0,0.0666667,0.206579,0,0.0666667,0.133386,0,0.0666667,0.219602,0,0.0666667,0.131193,0.5,0.4,0
0.5,2.5,3.58326,-2.99573,0.00236407,0.00236407,0.00236407,0.0944251,True,empty floor,sound_similarity,0,0.0666667,0.240773,0,0.0666667,0.0360534,0,0.0666667,0.160269,0,0.0666667,0.0880486,0,0.0666667,0.200471,0,0.0666667,0.206579,0,0.0666667,0.133386,0,0.0666667,0.219602,0,0.0666667,0.131193,0.5,0.4,0
0.25,2.5,3.58504,-2.99573,0.00236407,0.00236407,0.00236407,0.0944251,True,empty floor,sound_similarity,0,0.0666667,0.240773,0,0.0666667,0.0360534,0,0.0666667,0.160269,0,0.0666667,0.0880486,0,0.0666667,0.200471,0,0.0666667,0.206579,0,0.0666667,0.133386,0,0.0666667,0.219602,0,0.0666667,0.131193,0.5,0.4,0
0,2.5,3.60419,-2.99573,0.00236407,0.00236407,0.00236407,0.0944251,True,empty floor,sound_similarity,0,0.0666667,0.240773,0,0.0666667,0.0360534,0,0.0666667,0.160269,0,0.0666667,0.0880486,0,0.0666667,0.200471,0,0.0666667,0.206579,0,0.0666667,0.133386,0,0.0666667,0.219602,0,0.0666667,0.131193,0.5,0.4,0
-0.25,2.5,3.64046,-2.99573,0.00236407,0.00236407,0.00236407,0.0944251,True,empty floor,sound_similarity,0,0.0666667,0.240773,0,0.0666667,0.0360534,0,0.0666667,0.160269,0,0.0666667,0.0880486,0,0.0666667,0.200471,0,0.0666667,0.206579,0,0.0666667,0.133386,0,0.0666667,0.219602,0,0.0666667,0.131193,0.5,0.4,0
-0.5,2.5,3.69332,-2.99573,0.00236407,0.00236407,0.00236407,0.0944251,True,empty floor,sound_similarity,0,0.0666667,0.240773,0,0.0666667,0.0360534,0,0.0666667,0.160269,0,0.0666667,0.0880486,0,0.0666667,0.200471,0,0.0666667,0.206579,0,0.0666667,0.133386,0,0.0666667,0.219602,0,0.0666667,0.131193,0.5,0.4,0
-0.75,2.5,3.7621,-2.99573,0.00236407,0.00236407,0.00236407,0.0944251,True,empty floor,sound_similarity,0,0.0666667,0.240773,0,0.0666667,0.0360534,0,0.0666667,0.160269,0,0.0666667,0.0880486,0,0.0666667,0.200471,0,0.0666667,0.206579,0,0.0666667,0.133386,0,0.0666667,0.219602,0,0.0666667,0.131193,0.5,0.4,0
-1,2.5,3.84592,-2.99573,0.00236407,0.00236407,0.00236407,0.0944251,True,empty floor,sound_similarity,0,0.0666667,0.240773,0,0.0666667,0.0360534,0,0.0666667,0.160269,0,0.0666667,0.0880486,0,0.0666667,0.200471,0,0.0666667,0.206579,0,0.0666667,0.133386,0,0.0666667,0.219602,0,0.0666667,0.131193,0.5,0.4,0
0.5,2.75,3.33337,-2.99573,0.00236407,0.00236407,0.00236407,0.0944251,True,empty floor,sound_similarity,0,0.0666667,0.240773,0,0.0666667,0.0360534,0,0.0666667,0.160269,0,0.0666667,0.0880486,0,0.0666667,0.200471,0,0.0666667,0.206579,0,0.0666667,0.133386,0,0.0666667,0.219602,0,0.0666667,0.131193,0.5,0.4,0
1.5,2.75,3.50863,-2.99573,0.00236407,0.00236407,0.00236407,0.0944251,True,empty floor,sound_similarity,0,0.0666667,0.240773,0,0.0666667,0.0360534,0,0.0666667,0.160269,0,0.0666667,0.0880486,0,0.0666667,0.200471,0,0.0666667,0.206579,0,0.0666667,0.133386,0,0.0666667,0.219602,0,0.0666667,0.131193,0.5,0.4,0
1.75,2.75,3.59482,-2.99573,0.00236407,0.00236407,0.00236407,0.0944251,True,empty floor,sound_similarity,0,0.0666667,0.240773,0,0.0666667,0.0360534,0,0.0666667,0.160269,0,0.0666667,0.0880486,0,0.0666667,0.200471,0,0.0666667,0.206579,0,0.0666667,0.133386,0,0.0666667,0.219602,0,0.0666667,0.131193,0.5,0.4,0
0.75,3,3.10164,-2.99573,0.00236407,0.00236407,0.00236407,0.0944251,True,empty floor,sound_similarity,0,0.0666667,0.240773,0,0.0666667,0.0360534,0,0.0666667,0.160269,0,0.0666667,0.0880486,0,0.0666667,0.200471,0,0.0666667,0.206579,0,0.0666667,0.133386,0,0.0666667,0.219602,0,0.0666667,0.131193,0.5,0.4,0
-1,3.25,3.15924,-2.99573,0.00236407,0.00236407,0.00236407,0.0944251,True,empty floor,sound_similarity,0,0.0666667,0.240773,0,0.0666667,0.0360534,0,0.0666667,0.160269,0,0.0666667,0.0880486,0,0.0666667,0.200471,0,0.0666667,0.206579,0,0.0666667,0.133386,0,0.0666667,0.219602,0,0.0666667,0.131193,0.5,0.4,0
-1.25,3.25,3.27773,-2.99573,0.00236407,0.00236407,0.00236407,0.0944251,True,empty floor,sound_similarity,0,0.0666667,0.240773,0,0.0666667,0.0360534,0,0.0666667,0.160269,0,0.0666667,0.0880486,0,0.0666667,0.200471,0,0.0666667,0.206579,0,0.0666667,0.133386,0,0.0666667,0.219602,0,0.0666667,0.131193,0.5,0.4,0
-1.5,3.25,3.41046,-2.99573,0.00236407,0.00236407,0.00236407,0.0944251,True,empty floor,sound_similarity,0,0.0666667,0.240773,0,0.0666667,0.0360534,0,0.0666667,0.160269,0,0.0666667,0.0880486,0,0.0666667,0.200471,0,0.0666667,0.206579,0,0.0666667,0.133386,0,0.0666667,0.219602,0,0.0666667,0.131193,0.5,0.4,0
-2,3.25,3.71236,-2.99569,0.00236407,0.00236407,0.00236407,0.0944251,True,empty floor,sound_similarity,0,0.0666667,0.240773,0,0.0666667,0.0360534,0,0.0666667,0.160269,0,0.0666667,0.0880486,0,0.0666667,0.200471,0,0.0666667,0.206579,0,0.0666667,0.133386,0,0.0666667,0.219602,0,0.0666667,0.131193,0.5,0.4,0
-2.25,3.25,3.87871,-2.99561,0.00236407,0.00236407,0.00236407,0.0944251,True,empty floor,sound_similarity,0,0.0666667,0.240773,0,0.0666667,0.0360534,0,0.0666667,0.160269,0,0.0666667,0.0880486,0,0.0666667,0.200471,0,0.0666667,0.206579,0,0.0666667,0.133386,0,0.0666667,0.219602,0,0.0666667,0.131193,0.5,0.4,0
2,3,3.47226,-2.99573,0.00236407,0.00236407,0.00236407,0.0944251,True,empty floor,sound_similarity,0,0.0666667,0.240773,0,0.0666667,0.0360534,0,0.0666667,0.160269,0,0.0666667,0.0880486,0,0.0666667,0.200471,0,0.0666667,0.206579,0,0.0666667,0.133386,0,0.0666667,0.219602,0,0.0666667,0.131193,0.5,0.4,0
1.75,3,3.36442,-2.99573,0.00236407,0.00236407,0.00236407,0.0944251,True,empty floor,sound_similarity,0,0.0666667,0.240773,0,0.0666667,0.0360534,0,0.0666667,0.160269,0,0.0666667,0.0880486,0,0.0666667,0.200471,0,0.0666667,0.206579,0,0.0666667,0.133386,0,0.0666667,0.219602,0,0.0666667,0.131193,0.5,0.4,0
1.5,3,3.27216,-2.99573,0.00236407,0.00236407,0.00236407,0.0708188,True,empty floor,sound_similarity,0,0.05,0.240773,0,0.05,0.0360534,0,0.05,0.160269,0,0.05,0.0880486,0,0.05,0.200471,0,0.05,0.206579,0,0.05,0.133386,0,0.05,0.219602,0,0.05,0.131193,1,0.55,0
1.25,3,3.19683,-2.99573,0.00236407,0.00236407,0.00236407,0.0944251,True,empty floor,sound_similarity,0,0.0666667,0.240773,0,0.0666667,0.0360534,0,0.0666667,0.160269,0,0.0666667,0.0880486,0,0.0666667,0.200471,0,0.0666667,0.206579,0,0.0666667,0.133386,0,0.0666667,0.219602,0,0.0666667,0.131193,0.5,0.4,0
1,3,3.13966,-2.99573,0.00236407,0.00236407,0.00236407,0.0944251,True,empty floor,sound_similarity,0,0.0666667,0.240773,0,0.0666667,0.0360534,0,0.0666667,0.160269,0,0.0666667,0.0880486,0,0.0666667,0.200471,0,0.0666667,0.206579,0,0.0666667,0.133386,0,0.0666667,0.219602,0,0.0666667,0.131193,0.5,0.4,0
0.5,3,3.08349,-2.99573,0.00236407,0.00236407,0.00236407,0.0944251,True,empty floor,sound_similarity,0,0.0666667,0.240773,0,0.0666667,0.0360534,0,0.0666667,0.160269,0,0.0666667,0.0880486,0,0.0666667,0.200471,0,0.0666667,0.206579,0,0.0666667,0.133386,0,0.0666667,0.219602,0,0.0666667,0.131193,0.5,0.4,0
2,2.75,3.69595,-2.99573,0.00236407,0.00236407,0.00236407,0.0944251,True,empty floor,sound_similarity,0,0.0666667,0.240773,0,0.0666667,0.0360534,0,0.0666667,0.160269,0,0.0666667,0.0880486,0,0.0666667,0.200471,0,0.0666667,0.206579,0,0.0666667,0.133386,0,0.0666667,0.219602,0,0.0666667,0.131193,0.5,0.4,0
0.25,3,3.08555,-2.99573,0.00236407,0.00236407,0.00236407,0.0944251,True,empty floor,sound_similarity,0,0.0666667,0.240773,0,0.0666667,0.0360534,0,0.0666667,0.160269,0,0.0666667,0.0880486,0,0.0666667,0.200471,0,0.0666667,0.206579,0,0.0666667,0.133386,0,0.0666667,0.219602,0,0.0666667,0.131193,0.5,0.4,0
0,3,3.10779,-2.99573,0.00236407,0.00236407,0.00236407,0.0944251,True,empty floor,sound_similarity,0,0.0666667,0.240773,0,0.0666667,0.0360534,0,0.0666667,0.160269,0,0.0666667,0.0880486,0,0.0666667,0.200471,0,0.0666667,0.206579,0,0.0666667,0.133386,0,0.0666667,0.219602,0,0.0666667,0.131193,0.5,0.4,0
-0.25,3,3.14977,-2.99573,0.00236407,0.00236407,0.00236407,0.0944251,True,empty floor,sound_similarity,0,0.0666667,0.240773,0,0.0666667,0.0360534,0,0.0666667,0.160269,0,0.0666667,0.0880486,0,0.0666667,0.200471,0,0.0666667,0.206579,0,0.0666667,0.133386,0,0.0666667,0.219602,0,0.0666667,0.131193,0.5,0.4,0
-0.5,3,3.21073,-2.99573,0.00236407,0.00236407,0.00236407,0.0944251,True,empty floor,sound_similarity,0,0.0666667,0.240773,0,0.0666667,0.0360534,0,0.0666667,0.160269,0,0.0666667,0.0880486,0,0.0666667,0.200471,0,0.0666667,0.206579,0,0.0666667,0.133386,0,0.0666667,0.219602,0,0.0666667,0.131193,0.5,0.4,0
-0.75,3,3.2896,-2.99573,0.00236407,0.00236407,0.00236407,0.0944251,True,empty floor,sound_similarity,0,0.0666667,0.240773,0,0.0666667,0.0360534,0,0.0666667,0.160269,0,0.0666667,0.0880486,0,0.0666667,0.200471,0,0.0666667,0.206579,0,0.0666667,0.133386,0,0.0666667,0.219602,0,0.0666667,0.131193,0.5,0.4,0
-1,3,3.38515,-2.99573,0.00236407,0.00236407,0.00236407,0.0944251,True,empty floor,sound_similarity,0,0.0666667,0.240773,0,0.0666667,0.0360534,0,0.0666667,0.160269,0,0.0666667,0.0880486,0,0.0666667,0.200471,0,0.0666667,0.206579,0,0.0666667,0.133386,0,0.0666667,0.219602,0,0.0666667,0.131193,0.5,0.4,0
-1.25,3,3.49599,-2.99573,0.00236407,0.00236407,0.00236407,0.0944251,True,empty floor,sound_similarity,0,0.0666667,0.240773,0,0.0666667,0.0360534,0,0.0666667,0.160269,0,0.0666667,0.0880486,0,0.0666667,0.200471,0,0.0666667,0.206579,0,0.0666667,0.133386,0,0.0666667,0.219602,0,0.0666667,0.131193,0.5,0.4,0
-1.5,3,3.62072,-2.99573,0.00236407,0.00236407,0.00236407,0.0944251,True,empty floor,sound_similarity,0,0.0666667,0.240773,0,0.0666667,0.0360534,0,0.0666667,0.160269,0,0.0666667,0.0880486,0,0.0666667,0.200471,0,0.0666667,0.206579,0,0.0666667,0.133386,0,0.0666667,0.219602,0,0.0666667,0.131193,0.5,0.4,0
-2,3,3.90642,-2.99572,0.00236407,0.00236407,0.00236407,0.0944251,True,empty floor,sound_similarity,0,0.0666667,0.240773,0,0.0666667,0.0360534,0,0.0666667,0.160269,0,0.0666667,0.0880486,0,0.0666667,0.200471,0,0.0666667,0.206579,0,0.0666667,0.133386,0,0.0666667,0.219602,0,0.0666667,0.131193,0.5,0.4,0
-2.25,3,4.06483,-2.99569,0.00236407,0.00236407,0.00236407,0.0944251,True,empty floor,sound_similarity,0,0.0666667,0.240773,0,0.0666667,0.0360534,0,0.0666667,0.160269,0,0.0666667,0.0880486,0,0.0666667,0.200471,0,0.0666667,0.206579,0,0.0666667,0.133386,0,0.0666667,0.219602,0,0.0666667,0.131193,0.5,0.4,0
-1.5,2.5,4.05482,-2.99573,0.00236407,0.00236407,0.00236407,0.0944251,True,empty floor,sound_similarity,0,0.0666667,0.240773,0,0.0666667,0.0360534,0,0.0666667,0.160269,0,0.0666667,0.0880486,0,0.0666667,0.200471,0,0.0666667,0.206579,0,0.0666667,0.133386,0,0.0666667,0.219602,0,0.0666667,0.131193,0.5,0.4,0
-2,2.5,4.31184,-2.99573,0.00236407,0.00236407,0.00236407,0.0944251,True,empty floor,sound_similarity,0,0.0666667,0.240773,0,0.0666667,0.0360534,0,0.0666667,0.160269,0,0.0666667,0.0880486,0,0.0666667,0.200471,0,0.0666667,0.206579,0,0.0666667,0.133386,0,0.0666667,0.219602,0,0.0666667,0.131193,0.5,0.4,0
-0.5,3.25,2.97159,-2.99573,0.00236407,0.00236407,0.00236407,0.0944251,True,empty floor,sound_similarity,0,0.0666667,0.240773,0,0.0666667,0.0360534,0,0.0666667,0.160269,0,0.0666667,0.0880486,0,0.0666667,0.200471,0,0.0666667,0.206579,0,0.0666667,0.133386,0,0.0666667,0.219602,0,0.0666667,0.131193,0.5,0.4,0
-2.25,2.5,4.45586,-2.99572,0.00236407,0.00236407,0.00236407,0.0944251,True,empty floor,sound_similarity,0,0.0666667,0.240773,0,0.0666667,0.0360534,0,0.0666667,0.160269,0,0.0666667,0.0880486,0,0.0666667,0.200471,0,0.0666667,0.206579,0,0.0666667,0.133386,0,0.0666667,0.219602,0,0.0666667,0.131193,0.5,0.4,0
-0.75,2,4.2409,-2.99573,0.00236407,0.00236407,0.00236407,0.0944251,True,empty floor,sound_similarity,0,0.0666667,0.240773,0,0.0666667,0.0360534,0,0.0666667,0.160269,0,0.0666667,0.0880486,0,0.0666667,0.200471,0,0.0666667,0.206579,0,0.0666667,0.133386,0,0.0666667,0.219602,0,0.0666667,0.131193,0.5,0.4,0
-1,2,4.31543,-2.99573,0.00236407,0.00236407,0.00236407,0.0944251,True,empty floor,sound_similarity,0,0.0666667,0.240773,0,0.0666667,0.0360534,0,0.0666667,0.160269,0,0.0666667,0.0880486,0,0.0666667,0.200471,0,0.0666667,0.206579,0,0.0666667,0.133386,0,0.0666667,0.219602,0,0.0666667,0.131193,0.5,0.4,0
-1.25,2,4.40292,-2.99573,0.00236407,0.00236407,0.00236407,0.0944251,True,empty floor,sound_similarity,0,0.0666667,0.240773,0,0.0666667,0.0360534,0,0.0666667,0.160269,0,0.0666667,0.0880486,0,0.0666667,0.200471,0,0.0666667,0.206579,0,0.0666667,0.133386,0,0.0666667,0.219602,0,0.0666667,0.131193,0.5,0.4,0
-1.5,2,4.5026,-2.99573,0.00236407,0.00236407,0.00236407,0.0944251,True,empty floor,sound_similarity,0,0.0666667,0.240773,0,0.0666667,0.0360534,0,0.0666667,0.160269,0,0.0666667,0.0880486,0,0.0666667,0.200471,0,0.0666667,0.206579,0,0.0666667,0.133386,0,0.0666667,0.219602,0,0.0666667,0.131193,0.5,0.4,0
-1.75,2,4.61369,-2.99573,0.00236407,0.00236407,0.00236407,0.0944251,True,empty floor,sound_similarity,0,0.0666667,0.240773,0,0.0666667,0.0360534,0,0.0666667,0.160269,0,0.0666667,0.0880486,0,0.0666667,0.200471,0,0.0666667,0.206579,0,0.0666667,0.133386,0,0.0666667,0.219602,0,0.0666667,0.131193,0.5,0.4,0
-2,2,4.73538,-2.99573,0.00236407,0.00236407,0.00236407,0.0944251,True,empty floor,sound_similarity,0,0.0666667,0.240773,0,0.0666667,0.0360534,0,0.0666667,0.160269,0,0.0666667,0.0880486,0,0.0666667,0.200471,0,0.0666667,0.206579,0,0.0666667,0.133386,0,0.0666667,0.219602,0,0.0666667,0.131193,0.5,0.4,0
-2.25,2,4.86688,-2.99573,0.00236407,0.00236407,0.00236407,0.0944251,True,empty floor,sound_similarity,0,0.0666667,0.240773,0,0.0666667,0.0360534,0,0.0666667,0.160269,0,0.0666667,0.0880486,0,0.0666667,0.200471,0,0.0666667,0.206579,0,0.0666667,0.133386,0,0.0666667,0.219602,0,0.0666667,0.131193,0.5,0.4,0
2,1.75,4.61777,-2.99573,0.00236407,0.00236407,0.00236407,0.0944251,True,empty floor,sound_similarity,0,0.0666667,0.240773,0,0.0666667,0.0360534,0,0.0666667,0.160269,0,0.0666667,0.0880486,0,0.0666667,0.200471,0,0.0666667,0.206579,0,0.0666667,0.133386,0,0.0666667,0.219602,0,0.0666667,0.131193,0.5,0.4,0
1.75,1.75,4.53723,-2.99573,0.00236407,0.00236407,0.00236407,0.0944251,True,empty floor,sound_similarity,0,0.0666667,0.240773,0,0.0666667,0.0360534,0,0.0666667,0.160269,0,0.0666667,0.0880486,0,0.0666667,0.200471,0,0.0666667,0.206579,0,0.0666667,0.133386,0,0.0666667,0.219602,0,0.0666667,0.131193,0.5,0.4,0
1.5,1.75,4.46925,-2.99573,0.00236407,0.00236407,0.00236407,0.0944251,True,empty floor,sound_similarity,0,0.0666667,0.240773,0,0.0666667,0.0360534,0,0.0666667,0.160269,0,0.0666667,0.0880486,0,0.0666667,0.200471,0,0.0666667,0.206579,0,0.0666667,0.133386,0,0.0666667,0.219602,0,0.0666667,0.131193,0.5,0.4,0
1.25,1.75,4.4144,-2.99573,0.00236407,0.00236407,0.00236407,0.0944251,True,empty floor,sound_similarity,0,0.0666667,0.240773,0,0.0666667,0.0360534,0,0.0666667,0.160269,0,0.0666667,0.0880486,0,0.0666667,0.200471,0,0.0666667,0.206579,0,0.0666667,0.133386,0,0.0666667,0.219602,0,0.0666667,0.131193,0.5,0.4,0
1,1.75,4.37317,-2.99573,0.00236407,0.00236407,0.00236407,0.0944251,True,empty floor,sound_similarity,0,0.0666667,0.240773,0,0.0666667,0.0360534,0,0.0666667,0.160269,0,0.0666667,0.0880486,0,0.0666667,0.200471,0,0.0666667,0.206579,0,0.0666667,0.133386,0,0.0666667,0.219602,0,0.0666667,0.131193,0.5,0.4,0
0.75,1.75,4.34596,-2.99573,0.00236407,0.00236407,0.00236407,0.0944251,True,empty floor,sound_similarity,0,0.0666667,0.240773,0,0.0666667,0.0360534,0,0.0666667,0.160269,0,0.0666667,0.0880486,0,0.0666667,0.200471,0,0.0666667,0.206579,0,0.0666667,0.133386,0,0.0666667,0.219602,0,0.0666667,0.131193,0.5,0.4,0
0.5,1.75,4.33302,-2.99573,0.00236407,0.00236407,0.00236407,0.0944251,True,empty floor,sound_similarity,0,0.0666667,0.240773,0,0.0666667,0.0360534,0,0.0666667,0.160269,0,0.0666667,0.0880486,0,0.0666667,0.200471,0,0.0666667,0.206579,0,0.0666667,0.133386,0,0.0666667,0.219602,0,0.0666667,0.131193,0.5,0.4,0
0.25,1.75,4.33449,-2.99573,0.00236407,0.00236407,0.00236407,0.0944251,True,empty floor,sound_similarity,0,0.0666667,0.240773,0,0.0666667,0.0360534,0,0.0666667,0.160269,0,0.0666667,0.0880486,0,0.0666667,0.200471,0,0.0666667,0.206579,0,0.0666667,0.133386,0,0.0666667,0.219602,0,0.0666667,0.131193,0.5,0.4,0
0,1.75,4.35035,-2.99573,0.00236407,0.00236407,0.00236407,0.0944251,True,empty floor,sound_similarity,0,0.0666667,0.240773,0,0.0666667,0.0360534,0,0.0666667,0.160269,0,0.0666667,0.0880486,0,0.0666667,0.200471,0,0.0666667,0.206579,0,0.0666667,0.133386,0,0.0666667,0.219602,0,0.0666667,0.131193,0.5,0.4,0
-0.25,1.75,4.38044,-2.99573,0.00236407,0.00236407,0.00236407,0.0944251,True,empty floor,sound_similarity,0,0.0666667,0.240773,0,0.0666667,0.0360534,0,0.0666667,0.160269,0,0.0666667,0.0880486,0,0.0666667,0.200471,0,0.0666667,0.206579,0,0.0666667,0.133386,0,0.0666667,0.219602,0,0.0666667,0.131193,0.5,0.4,0
-0.5,1.75,4.42447,-2.99573,0.00236407,0.00236407,0.00236407,0.0944251,True,empty floor,sound_similarity,0,0.0666667,0.240773,0,0.0666667,0.0360534,0,0.0666667,0.160269,0,0.0666667,0.0880486,0,0.0666667,0.200471,0,0.0666667,0.206579,0,0.0666667,0.133386,0,0.0666667,0.219602,0,0.0666667,0.131193,0.5,0.4,0
-0.75,1.75,4.48204,-2.99573,0.00236407,0.00236407,0.00236407,0.0944251,True,empty floor,sound_similarity,0,0.0666667,0.240773,0,0.0666667,0.0360534,0,0.0666667,0.160269,0,0.0666667,0.0880486,0,0.0666667,0.200471,0,0.0666667,0.206579,0,0.0666667,0.133386,0,0.0666667,0.219602,0,0.0666667,0.131193,0.5,0.4,0
-1,1.75,4.55263,-2.99573,0.00236407,0.00236407,0.00236407,0.0944251,True,empty floor,sound_similarity,0,0.0666667,0.240773,0,0.0666667,0.0360534,0,0.0666667,0.160269,0,0.0666667,0.0880486,0,0.0666667,0.200471,0,0.0666667,0.206579,0,0.0666667,0.133386,0,0.0666667,0.219602,0,0.0666667,0.131193,0.5,0.4,0
-1.25,1.75,4.63564,-2.99573,0.00236407,0.00236407,0.00236407,0.0944251,True,empty floor,sound_similarity,0,0.0666667,0.240773,0,0.0666667,0.0360534,0,0.0666667,0.160269,0,0.0666667,0.0880486,0,0.0666667,0.200471,0,0.0666667,0.206579,0,0.0666667,0.133386,0,0.0666667,0.219602,0,0.0666667,0.131193,0.5,0.4,0
-1.5,1.75,4.73042,-2.99573,0.00236407,0.00236407,0.00236407,0.0944251,True,empty floor,sound_similarity,0,0.0666667,0.240773,0,0.0666667,0.0360534,0,0.0666667,0.160269,0,0.0666667,0.0880486,0,0.0666667,0.200471,0,0.0666667,0.206579,0,0.0666667,0.133386,0,0.0666667,0.219602,0,0.0666667,0.131193,0.5,0.4,0
-1.75,1.75,4.83628,-2.99573,0.00236407,0.00236407,0.00236407,0.0944251,True,empty floor,sound_similarity,0,0.0666667,0.240773,0,0.0666667,0.0360534,0,0.0666667,0.160269,0,0.0666667,0.0880486,0,0.0666667,0.200471,0,0.0666667,0.206579,0,0.0666667,0.133386,0,0.0666667,0.219602,0,0.0666667,0.131193,0.5,0.4,0
-0.5,2,4.18002,-2.99573,0.00236407,0.00236407,0.00236407,0.0944251,True,empty floor,sound_similarity,0,0.0666667,0.240773,0,0.0666667,0.0360534,0,0.0666667,0.160269,0,0.0666667,0.0880486,0,0.0666667,0.200471,0,0.0666667,0.206579,0,0.0666667,0.133386,0,0.0666667,0.219602,0,0.0666667,0.131193,0.5,0.4,0
-0.25,2,4.13338,-2.99573,0.00236407,0.00236407,0.00236407,0.171054,True,microwave,sound_similarity,0,0.05,0.240773,0,0.05,0.0360534,0,0.05,0.160269,0,0.05,0.0880486,1,0.55,0.200471,0,0.05,0.206579,0,0.05,0.133386,0,0.05,0.219602,0,0.05,0.131193,0,0.05,0
0.75,2,4.09682,-2.99573,0.00236407,0.00236407,0.00236407,0.0944251,True,empty floor,sound_similarity,0,0.0666667,0.240773,0,0.0666667,0.0360534,0,0.0666667,0.160269,0,0.0666667,0.0880486,0,0.0666667,0.200471,0,0.0666667,0.206579,0,0.0666667,0.133386,0,0.0666667,0.219602,0,0.0666667,0.131193,0.5,0.4,0
-0.5,2.25,3.93625,-2.99573,0.00236407,0.00236407,0.00236407,0.0944251,True,empty floor,sound_similarity,0,0.0666667,0.240773,0,0.0666667,0.0360534,0,0.0666667,0.160269,0,0.0666667,0.0880486,0,0.0666667,0.200471,0,0.0666667,0.206579,0,0.0666667,0.133386,0,0.0666667,0.219602,0,0.0666667,0.131193,0.5,0.4,0
2,2.25,4.15234,-2.99573,0.00236407,0.00236407,0.00236407,0.0944251,True,empty floor,sound_similarity,0,0.0666667,0.240773,0,0.0666667,0.0360534,0,0.0666667,0.160269,0,0.0666667,0.0880486,0,0.0666667,0.200471,0,0.0666667,0.206579,0,0.0666667,0.133386,0,0.0666667,0.219602,0,0.0666667,0.131193,0.5,0.4,0
1.75,2.25,4.06259,-2.99573,0.00236407,0.00236407,0.00236407,0.0708188,True,empty floor,sound_similarity,0,0.05,0.240773,0,0.05,0.0360534,0,0.05,0.160269,0,0.05,0.0880486,0,0.05,0.200471,0,0.05,0.206579,0,0.05,0.133386,0,0.05,0.219602,0,0.05,0.131193,1,0.55,0
1.5,2.25,3.98652,-2.99573,0.00236407,0.00236407,0.00236407,0.0944251,True,empty floor,sound_similarity,0,0.0666667,0.240773,0,0.0666667,0.0360534,0,0.0666667,0.160269,0,0.0666667,0.0880486,0,0.0666667,0.200471,0,0.0666667,0.206579,0,0.0666667,0.133386,0,0.0666667,0.219602,0,0.0666667,0.131193,0.5,0.4,0
1.25,2.25,3.92493,-2.99573,0.00236407,0.00236407,0.00236407,0.0944251,True,empty floor,sound_similarity,0,0.0666667,0.240773,0,0.0666667,0.0360534,0,0.0666667,0.160269,0,0.0666667,0.0880486,0,0.0666667,0.200471,0,0.0666667,0.206579,0,0.0666667,0.133386,0,0.0666667,0.219602,0,0.0666667,0.131193,0.5,0.4,0
1,2.25,3.8785,-2.99573,0.00236407,0.00236407,0.00236407,0.0944251,True,empty floor,sound_similarity,0,0.0666667,0.240773,0,0.0666667,0.0360534,0,0.0666667,0.160269,0,0.0666667,0.0880486,0,0.0666667,0.200471,0,0.0666667,0.206579,0,0.0666667,0.133386,0,0.0666667,0.219602,0,0.0666667,0.131193,0.5,0.4,0
0.75,2.25,3.84779,-2.99573,0.00236407,0.00236407,0.00236407,0.0944251,True,empty floor,sound_similarity,0,0.0666667,0.240773,0,0.0666667,0.0360534,0,0.0666667,0.160269,0,0.0666667,0.0880486,0,0.0666667,0.200471,0,0.0666667,0.206579,0,0.0666667,0.133386,0,0.0666667,0.219602,0,0.0666667,0.131193,0.5,0.4,0
0.5,2.25,3.83317,-2.99573,0.00236407,0.00236407,0.00236407,0.0944251,True,empty floor,sound_similarity,0,0.0666667,0.240773,0,0.0666667,0.0360534,0,0.0666667,0.160269,0,0.0666667,0.0880486,0,0.0666667,0.200471,0,0.0666667,0.206579,0,0.0666667,0.133386,0,0.0666667,0.219602,0,0.0666667,0.131193,0.5,0.4,0
0.25,2.25,3.83483,-2.99573,0.00236407,0.00236407,0.00236407,0.0944251,True,empty floor,sound_similarity,0,0.0666667,0.240773,0,0.0666667,0.0360534,0,0.0666667,0.160269,0,0.0666667,0.0880486,0,0.0666667,0.200471,0,0.0666667,0.206579,0,0.0666667,0.133386,0,0.0666667,0.219602,0,0.0666667,0.131193,0.5,0.4,0
0,2.25,3.85275,-2.99573,0.00236407,0.00236407,0.00236407,0.0944251,True,empty floor,sound_similarity,0,0.0666667,0.240773,0,0.0666667,0.0360534,0,0.0666667,0.160269,0,0.0666667,0.0880486,0,0.0666667,0.200471,0,0.0666667,0.206579,0,0.0666667,0.133386,0,0.0666667,0.219602,0,0.0666667,0.131193,0.5,0.4,0
-0.25,2.25,3.88669,-2.99573,0.00236407,0.00236407,0.00236407,0.0944251,True,empty floor,sound_similarity,0,0.0666667,0.240773,0,0.0666667,0.0360534,0,0.0666667,0.160269,0,0.0666667,0.0880486,0,0.0666667,0.200471,0,0.0666667,0.206579,0,0.0666667,0.133386,0,0.0666667,0.219602,0,0.0666667,0.131193,0.5,0.4,0
-0.75,2.25,4.00085,-2.99573,0.00236407,0.00236407,0.00236407,0.0944251,True,empty floor,sound_similarity,0,0.0666667,0.240773,0,0.0666667,0.0360534,0,0.0666667,0.160269,0,0.0666667,0.0880486,0,0.0666667,0.200471,0,0.0666667,0.206579,0,0.0666667,0.133386,0,0.0666667,0.219602,0,0.0666667,0.131193,0.5,0.4,0
1,2,4.12568,-2.99573,0.00236407,0.00236407,0.00236407,0.0944251,True,empty floor,sound_similarity,0,0.0666667,0.240773,0,0.0666667,0.0360534,0,0.0666667,0.160269,0,0.0666667,0.0880486,0,0.0666667,0.200471,0,0.0666667,0.206579,0,0.0666667,0.133386,0,0.0666667,0.219602,0,0.0666667,0.131193,0.5,0.4,0
-1,2.25,4.07977,-2.99573,0.00236407,0.00236407,0.00236407,0.0944251,True,empty floor,sound_similarity,0,0.0666667,0.240773,0,0.0666667,0.0360534,0,0.0666667,0.160269,0,0.0666667,0.0880486,0,0.0666667,0.200471,0,0.0666667,0.206579,0,0.0666667,0.133386,0,0.0666667,0.219602,0,0.0666667,0.131193,0.5,0.4,0
-1.25,2.25,4.1722,-2.99573,0.00236407,0.00236407,0.00236407,0.0944251,True,empty floor,sound_similarity,0,0.0666667,0.240773,0,0.0666667,0.0360534,0,0.0666667,0.160269,0,0.0666667,0.0880486,0,0.0666667,0.200471,0,0.0666667,0.206579,0,0.0666667,0.133386,0,0.0666667,0.219602,0,0.0666667,0.131193,0.5,0.4,0
-1.5,2.25,4.27726,-2.99573,0.00236407,0.00236407,0.00236407,0.0944251,True,empty floor,sound_similarity,0,0.0666667,0.240773,0,0.0666667,0.0360534,0,0.0666667,0.160269,0,0.0666667,0.0880486,0,0.0666667,0.200471,0,0.0666667,0.206579,0,0.0666667,0.133386,0,0.0666667,0.219602,0,0.0666667,0.131193,0.5,0.4,0
-1.75,2.25,4.39405,-2.99573,0.00236407,0.00236407,0.00236407,0.0944251,True,empty floor,sound_similarity,0,0.0666667,0.240773,0,0.0666667,0.0360534,0,0.0666667,0.160269,0,0.0666667,0.0880486,0,0.0666667,0.200471,0,0.0666667,0.206579,0,0.0666667,0.133386,0,0.0666667,0.219602,0,0.0666667,0.131193,0.5,0.4,0
-2,2.25,4.52166,-2.99573,0.00236407,0.00236407,0.00236407,0.0944251,True,empty floor,sound_similarity,0,0.0666667,0.240773,0,0.0666667,0.0360534,0,0.0666667,0.160269,0,0.0666667,0.0880486,0,0.0666667,0.200471,0,0.0666667,0.206579,0,0.0666667,0.133386,0,0.0666667,0.219602,0,0.0666667,0.131193,0.5,0.4,0
-2.25,2.25,4.6592,-2.99573,0.00236407,0.00236407,0.00236407,0.0944251,True,empty floor,sound_similarity,0,0.0666667,0.240773,0,0.0666667,0.0360534,0,0.0666667,0.160269,0,0.0666667,0.0880486,0,0.0666667,0.200471,0,0.0666667,0.206579,0,0.0666667,0.133386,0,0.0666667,0.219602,0,0.0666667,0.131193,0.5,0.4,0
2,2,4.3841,-2.99573,0.00236407,0.00236407,0.00236407,0.0944251,True,empty floor,sound_similarity,0,0.0666667,0.240773,0,0.0666667,0.0360534,0,0.0666667,0.160269,0,0.0666667,0.0880486,0,0.0666667,0.200471,0,0.0666667,0.206579,0,0.0666667,0.133386,0,0.0666667,0.219602,0,0.0666667,0.131193,0.5,0.4,0
1.75,2,4.29919,-2.99573,0.00236407,0.00236407,0.00236407,0.0708188,True,empty floor,sound_similarity,0,0.05,0.240773,0,0.05,0.0360534,0,0.05,0.160269,0,0.05,0.0880486,0,0.05,0.200471,0,0.05,0.206579,0,0.05,0.133386,0,0.05,0.219602,0,0.05,0.131193,1,0.55,0
1.5,2,4.22738,-2.99573,0.00236407,0.00236407,0.00236407,0.0944251,True,empty floor,sound_similarity,0,0.0666667,0.240773,0,0.0666667,0.0360534,0,0.0666667,0.160269,0,0.0666667,0.0880486,0,0.0666667,0.200471,0,0.0666667,0.206579,0,0.0666667,0.133386,0,0.0666667,0.219602,0,0.0666667,0.131193,0.5,0.4,0
1.25,2,4.16935,-2.99573,0.00236407,0.00236407,0.00236407,0.0944251,True,empty floor,sound_similarity,0,0.0666667,0.240773,0,0.0666667,0.0360534,0,0.0666667,0.160269,0,0.0666667,0.0880486,0,0.0666667,0.200471,0,0.0666667,0.206579,0,0.0666667,0.133386,0,0.0666667,0.219602,0,0.0666667,0.131193,0.5,0.4,0
-0.75,3.25,3.05664,-2.99573,0.00236407,0.00236407,0.00236407,0.0944251,True,empty floor,sound_similarity,0,0.0666667,0.240773,0,0.0666667,0.0360534,0,0.0666667,0.160269,0,0.0666667,0.0880486,0,0.0666667,0.200471,0,0.0666667,0.206579,0,0.0666667,0.133386,0,0.0666667,0.219602,0,0.0666667,0.131193,0.5,0.4,0
-0.25,3.25,2.90562,-2.99573,0.00236407,0.00236407,0.00236407,0.0944251,True,empty floor,sound_similarity,0,0.0666667,0.240773,0,0.0666667,0.0360534,0,0.0666667,0.160269,0,0.0666667,0.0880486,0,0.0666667,0.200471,0,0.0666667,0.206579,0,0.0666667,0.133386,0,0.0666667,0.219602,0,0.0666667,0.131193,0.5,0.4,0
0,4.75,1.39077,-2.99573,0.00236407,0.00236407,0.00236407,0.0944251,True,empty floor,sound_similarity,0,0.0666667,0.240773,0,0.0666667,0.0360534,0,0.0666667,0.160269,0,0.0666667,0.0880486,0,0.0666667,0.200471,0,0.0666667,0.206579,0,0.0666667,0.133386,0,0.0666667,0.219602,0,0.0666667,0.131193,0.5,0.4,0
0,4,2.12004,-2.99573,0.00236407,0.00236407,0.00236407,0.0944251,True,empty floor,sound_similarity,0,0.0666667,0.240773,0,0.0666667,0.0360534,0,0.0666667,0.160269,0,0.0666667,0.0880486,0,0.0666667,0.200471,0,0.0666667,0.206579,0,0.0666667,0.133386,0,0.0666667,0.219602,0,0.0666667,0.131193,0.5,0.4,0
1.5,4.25,2.13654,-2.99573,0.00236407,0.00236407,0.00236407,0.0944251,True,empty floor,sound_similarity,0,0.0666667,0.240773,0,0.0666667,0.0360534,0,0.0666667,0.160269,0,0.0666667,0.0880486,0,0.0666667,0.200471,0,0.0666667,0.206579,0,0.0666667,0.133386,0,0.0666667,0.219602,0,0.0666667,0.131193,0.5,0.4,0
1.25,4.25,2.01929,-2.99573,0.00236407,0.00236407,0.00236407,0.0944251,True,empty floor,sound_similarity,0,0.0666667,0.240773,0,0.0666667,0.0360534,0,0.0666667,0.160269,0,0.0666667,0.0880486,0,0.0666667,0.200471,0,0.0666667,0.206579,0,0.0666667,0.133386,0,0.0666667,0.219602,0,0.0666667,0.131193,0.5,0.4,0
1,4.25,1.9275,-2.99573,0.00236407,0.00236407,0.00236407,0.0944251,True,empty floor,sound_similarity,0,0.0666667,0.240773,0,0.0666667,0.0360534,0,0.0666667,0.160269,0,0.0666667,0.0880486,0,0.0666667,0.200471,0,0.0666667,0.206579,0,0.0666667,0.133386,0,0.0666667,0.219602,0,0.0666667,0.131193,0.5,0.4,0
0.75,4.25,1.86493,-2.99573,0.00236407,0.00236407,0.00236407,0.0944251,True,empty floor,sound_similarity,0,0.0666667,0.240773,0,0.0666667,0.0360534,0,0.0666667,0.160269,0,0.0666667,0.0880486,0,0.0666667,0.200471,0,0.0666667,0.206579,0,0.0666667,0.133386,0,0.0666667,0.219602,0,0.0666667,0.131193,0.5,0.4,0
0.5,4.25,1.83458,-2.99573,0.00236407,0.00236407,0.00236407,0.0944251,True,empty floor,sound_similarity,0,0.0666667,0.240773,0,0.0666667,0.0360534,0,0.0666667,0.160269,0,0.0666667,0.0880486,0,0.0666667,0.200471,0,0.0666667,0.206579,0,0.0666667,0.133386,0,0.0666667,0.219602,0,0.0666667,0.131193,0.5,0.4,0
0.25,4.25,1.83805,-2.99573,0.00236407,0.00236407,0.00236407,0.0944251,True,empty floor,sound_similarity,0,0.0666667,0.240773,0,0.0666667,0.0360534,0,0.0666667,0.160269,0,0.0666667,0.0880486,0,0.0666667,0.200471,0,0.0666667,0.206579,0,0.0666667,0.133386,0,0.0666667,0.219602,0,0.0666667,0.131193,0.5,0.4,0
0,4.25,1.87514,-2.99573,0.00236407,0.00236407,0.00236407,0.0944251,True,empty floor,sound_similarity,0,0.0666667,0.240773,0,0.0666667,0.0360534,0,0.0666667,0.160269,0,0.0666667,0.0880486,0,0.0666667,0.200471,0,0.0666667,0.206579,0,0.0666667,0.133386,0,0.0666667,0.219602,0,0.0666667,0.131193,0.5,0.4,0
-0.25,4.25,1.94393,-2.99573,0.00236407,0.00236407,0.00236407,0.0944251,True,empty floor,sound_similarity,0,0.0666667,0.240773,0,0.0666667,0.0360534,0,0.0666667,0.160269,0,0.0666667,0.0880486,0,0.0666667,0.200471,0,0.0666667,0.206579,0,0.0666667,0.133386,0,0.0666667,0.219602,0,0.0666667,0.131193,0.5,0.4,0
-0.5,4.25,2.04122,-2.99573,0.00236407,0.00236407,0.00236407,0.0944251,True,empty floor,sound_similarity,0,0.0666667,0.240773,0,0.0666667,0.0360534,0,0.0666667,0.160269,0,0.0666667,0.0880486,0,0.0666667,0.200471,0,0.0666667,0.206579,0,0.0666667,0.133386,0,0.0666667,0.219602,0,0.0666667,0.131193,0.5,0.4,0
-0.75,4.25,2.16317,-2.99573,0.00236407,0.00236407,0.00236407,0.0944251,True,empty floor,sound_similarity,0,0.0666667,0.240773,0,0.0666667,0.0360534,0,0.0666667,0.160269,0,0.0666667,0.0880486,0,0.0666667,0.200471,0,0.0666667,0.206579,0,0.0666667,0.133386,0,0.0666667,0.219602,0,0.0666667,0.131193,0.5,0.4,0
-1,4.25,2.30586,-2.99572,0.00236407,0.00236407,0.00236407,0.0944251,True,empty floor,sound_similarity,0,0.0666667,0.240773,0,0.0666667,0.0360534,0,0.0666667,0.160269,0,0.0666667,0.0880486,0,0.0666667,0.200471,0,0.0666667,0.206579,0,0.0666667,0.133386,0,0.0666667,0.219602,0,0.0666667,0.131193,0.5,0.4,0
-1.25,4.25,2.46571,-2.99565,0.00236407,0.00236407,0.00236407,0.0944251,True,empty floor,sound_similarity,0,0.0666667,0.240773,0,0.0666667,0.0360534,0,0.0666667,0.160269,0,0.0666667,0.0880486,0,0.0666667,0.200471,0,0.0666667,0.206579,0,0.0666667,0.133386,0,0.0666667,0.219602,0,0.0666667,0.131193,0.5,0.4,0
-1.5,4.25,2.63959,-2.99535,0.00236407,0.00236407,0.00236407,0.0944251,True,empty floor,sound_similarity,0,0.0666667,0.240773,0,0.0666667,0.0360534,0,0.0666667,0.160269,0,0.0666667,0.0880486,0,0.0666667,0.200471,0,0.0666667,0.206579,0,0.0666667,0.133386,0,0.0666667,0.219602,0,0.0666667,0.131193,0.5,0.4,0
-1.75,4.25,2.82492,-2.99429,0.00236407,0.00236407,0.00236407,0.0944251,True,empty floor,sound_similarity,0,0.0666667,0.240773,0,0.0666667,0.0360534,0,0.0666667,0.160269,0,0.0666667,0.0880486,0,0.0666667,0.200471,0,0.0666667,0.206579,0,0.0666667,0.133386,0,0.0666667,0.219602,0,0.0666667,0.131193,0.5,0.4,0
-2,4.25,3.01958,-2.99144,0.00236407,0.00236407,0.00236407,0.0944251,True,empty floor,sound_similarity,0,0.0666667,0.240773,0,0.0666667,0.0360534,0,0.0666667,0.160269,0,0.0666667,0.0880486,0,0.0666667,0.200471,0,0.0666667,0.206579,0,0.0666667,0.133386,0,0.0666667,0.219602,0,0.0666667,0.131193,0.5,0.4,0
-2.25,4.25,3.2219,-2.98505,0.00236407,0.00236407,0.00236407,0.141638,False,tv,sound_similarity,0,0.1,0.240773,0,0.1,0.0360534,0,0.1,0.160269,0,0.1,0.0880486,0,0.1,0.200471,0,0.1,0.206579,0,0.1,0.133386,0,0.1,0.219602,0,0.1,0.131193,0,0.1,0
2,4,2.62542,-2.99573,0.00236407,0.00236407,0.00236407,0.0944251,True,empty floor,sound_similarity,0,0.0666667,0.240773,0,0.0666667,0.0360534,0,0.0666667,0.160269,0,0.0666667,0.0880486,0,0.0666667,0.200471,0,0.0666667,0.206579,0,0.0666667,0.133386,0,0.0666667,0.219602,0,0.0666667,0.131193,0.5,0.4,0
1.75,4,2.48104,-2.99573,0.00236407,0.00236407,0.00236407,0.0944251,True,empty floor,sound_similarity,0,0.0666667,0.240773,0,0.0666667,0.0360534,0,0.0666667,0.160269,0,0.0666667,0.0880486,0,0.0666667,0.200471,0,0.0666667,0.206579,0,0.0666667,0.133386,0,0.0666667,0.219602,0,0.0666667,0.131193,0.5,0.4,0
1.5,4,2.35441,-2.99573,0.00236407,0.00236407,0.00236407,0.0944251,True,empty floor,sound_similarity,0,0.0666667,0.240773,0,0.0666667,0.0360534,0,0.0666667,0.160269,0,0.0666667,0.0880486,0,0.0666667,0.200471,0,0.0666667,0.206579,0,0.0666667,0.133386,0,0.0666667,0.219602,0,0.0666667,0.131193,0.5,0.4,0
1.25,4,2.24855,-2.99573,0.00236407,0.00236407,0.00236407,0.0708188,True,empty floor,sound_similarity,0,0.05,0.240773,0,0.05,0.0360534,0,0.05,0.160269,0,0.05,0.0880486,0,0.05,0.200471,0,0.05,0.206579,0,0.05,0.133386,0,0.05,0.219602,0,0.05,0.131193,1,0.55,0
1,4,2.16649,-2.99573,0.00236407,0.00236407,0.00236407,0.0944251,True,empty floor,sound_similarity,0,0.0666667,0.240773,0,0.0666667,0.0360534,0,0.0666667,0.160269,0,0.0666667,0.0880486,0,0.0666667,0.200471,0,0.0666667,0.206579,0,0.0666667,0.133386,0,0.0666667,0.219602,0,0.0666667,0.131193,0.5,0.4,0
0.75,4,2.11102,-2.99573,0.00236407,0.00236407,0.00236407,0.0944251,True,empty floor,sound_similarity,0,0.0666667,0.240773,0,0.0666667,0.0360534,0,0.0666667,0.160269,0,0.0666667,0.0880486,0,0.0666667,0.200471,0,0.0666667,0.206579,0,0.0666667,0.133386,0,0.0666667,0.219602,0,0.0666667,0.131193,0.5,0.4,0
0.5,4,2.08426,-2.99573,0.00236407,0.00236407,0.00236407,0.0944251,True,empty floor,sound_similarity,0,0.0666667,0.240773,0,0.0666667,0.0360534,0,0.0666667,0.160269,0,0.0666667,0.0880486,0,0.0666667,0.200471,0,0.0666667,0.206579,0,0.0666667,0.133386,0,0.0666667,0.219602,0,0.0666667,0.131193,0.5,0.4,0
2,4.25,2.43195,-2.99573,0.00236407,0.00236407,0.00236407,0.0944251,True,empty floor,sound_similarity,0,0.0666667,0.240773,0,0.0666667,0.0360534,0,0.0666667,0.160269,0,0.0666667,0.0880486,0,0.0666667,0.200471,0,0.0666667,0.206579,0,0.0666667,0.133386,0,0.0666667,0.219602,0,0.0666667,0.131193,0.5,0.4,0
-2.25,4.5,3.08661,-2.96012,0.00236407,0.00236407,0.00236407,0.0944251,True,empty floor,sound_similarity,0,0.0666667,0.240773,0,0.0666667,0.0360534,0,0.0666667,0.160269,0,0.0666667,0.0880486,0,0.0666667,0.200471,0,0.0666667,0.206579,0,0.0666667,0.133386,0,0.0666667,0.219602,0,0.0666667,0.131193,0.5,0.4,0
-2,4.5,2.8748,-2.97963,0.00236407,0.00236407,0.00236407,0.141638,False,tv,sound_similarity,0,0.1,0.240773,0,0.1,0.0360534,0,0.1,0.160269,0,0.1,0.0880486,0,0.1,0.200471,0,0.1,0.206579,0,0.1,0.133386,0,0.1,0.219602,0,0.1,0.131193,0,0.1,0
1.5,4.5,1.92649,-2.99573,0.00236407,0.00236407,0.00236407,0.0944251,True,empty floor,sound_similarity,0,0.0666667,0.240773,0,0.0666667,0.0360534,0,0.0666667,0.160269,0,0.0666667,0.0880486,0,0.0666667,0.200471,0,0.0666667,0.206579,0,0.0666667,0.133386,0,0.0666667,0.219602,0,0.0666667,0.131193,0.5,0.4,0
-0.25,4.75,1.48222,-2.99573,0.00236407,0.00236407,0.00236407,0.0944251,True,empty floor,sound_similarity,0,0.0666667,0.240773,0,0.0666667,0.0360534,0,0.0666667,0.160269,0,0.0666667,0.0880486,0,0.0666667,0.200471,0,0.0666667,0.206579,0,0.0666667,0.133386,0,0.0666667,0.219602,0,0.0666667,0.131193,0.5,0.4,0
-0.5,4.75,1.6077,-2.99573,0.00236407,0.00236407,0.00236407,0.0944251,True,empty floor,sound_similarity,0,0.0666667,0.240773,0,0.0666667,0.0360534,0,0.0666667,0.160269,0,0.0666667,0.0880486,0,0.0666667,0.200471,0,0.0666667,0.206579,0,0.0666667,0.133386,0,0.0666667,0.219602,0,0.0666667,0.131193,0.5,0.4,0
-0.75,4.75,1.75995,-2.99568,0.00236407,0.00236407,0.00236407,0.0944251,True,empty floor,sound_similarity,0,0.0666667,0.240773,0,0.0666667,0.0360534,0,0.0666667,0.160269,0,0.0666667,0.0880486,0,0.0666667,0.200471,0,0.0666667,0.206579,0,0.0666667,0.133386,0,0.0666667,0.219602,0,0.0666667,0.131193,0.5,0.4,0
-1,4.75,1.93265,-2.99528,0.00236407,0.00236407,0.00236407,0.0944251,True,empty floor,sound_similarity,0,0.0666667,0.240773,0,0.0666667,0.0360534,0,0.0666667,0.160269,0,0.0666667,0.0880486,0,0.0666667,0.200471,0,0.0666667,0.206579,0,0.0666667,0.133386,0,0.0666667,0.219602,0,0.0666667,0.131193,0.5,0.4,0
-1.25,4.75,2.12081,-2.99324,0.00236407,0.00236407,0.00236407,0.0944251,True,empty floor,sound_similarity,0,0.0666667,0.240773,0,0.0666667,0.0360534,0,0.0666667,0.160269,0,0.0666667,0.0880486,0,0.0666667,0.200471,0,0.0666667,0.206579,0,0.0666667,0.133386,0,0.0666667,0.219602,0,0.0666667,0.131193,0.5,0.4,0
-1.5,4.75,2.32068,-2.98629,0.00236407,0.00236407,0.00236407,0.0944251,True,empty floor,sound_similarity,0,0.0666667,0.240773,0,0.0666667,0.0360534,0,0.0666667,0.160269,0,0.0666667,0.0880486,0,0.0666667,0.200471,0,0.0666667,0.206579,0,0.0666667,0.133386,0,0.0666667,0.219602,0,0.0666667,0.131193,0.5,0.4,0
-1.75,4.75,2.52948,-2.969,0.00236407,0.00236407,0.00236407,0.0944251,True,empty floor,sound_similarity,0,0.0666667,0.240773,0,0.0666667,0.0360534,0,0.0666667,0.160269,0,0.0666667,0.0880486,0,0.0666667,0.200471,0,0.0666667,0.206579,0,0.0666667,0.133386,0,0.0666667,0.219602,0,0.0666667,0.131193,0.5,0.4,0
-2,4.75,2.74518,-2.93523,0.00236407,0.00236407,0.00236407,0.0944251,True,empty floor,sound_similarity,0,0.0666667,0.240773,0,0.0666667,0.0360534,0,0.0666667,0.160269,0,0.0666667,0.0880486,0,0.0666667,0.200471,0,0.0666667,0.206579,0,0.0666667,0.133386,0,0.0666667,0.219602,0,0.0666667,0.131193,0.5,0.4,0
-2.25,4.75,2.96627,-2.88061,0.00236407,0.00236407,0.00236407,0.0944251,True,empty floor,sound_similarity,0,0.0666667,0.240773,0,0.0666667,0.0360534,0,0.0666667,0.160269,0,0.0666667,0.0880486,0,0.0666667,0.200471,0,0.0666667,0.206579,0,0.0666667,0.133386,0,0.0666667,0.219602,0,0.0666667,0.131193,0.5,0.4,0
2,4.5,2.24965,-2.99573,0.00236407,0.00236407,0.00236407,0.0944251,True,empty floor,sound_similarity,0,0.0666667,0.240773,0,0.0666667,0.0360534,0,0.0666667,0.160269,0,0.0666667,0.0880486,0,0.0666667,0.200471,0,0.0666667,0.206579,0,0.0666667,0.133386,0,0.0666667,0.219602,0,0.0666667,0.131193,0.5,0.4,0
1.25,4.5,1.79558,-2.99573,0.00236407,0.00236407,0.00236407,0.0944251,True,empty floor,sound_similarity,0,0.0666667,0.240773,0,0.0666667,0.0360534,0,0.0666667,0.160269,0,0.0666667,0.0880486,0,0.0666667,0.200471,0,0.0666667,0.206579,0,0.0666667,0.133386,0,0.0666667,0.219602,0,0.0666667,0.131193,0.5,0.4,0
-1.75,4.5,2.66959,-2.98966,0.00236407,0.00236407,0.00236407,0.0944251,True,empty floor,sound_similarity,0,0.0666667,0.240773,0,0.0666667,0.0360534,0,0.0666667,0.160269,0,0.0666667,0.0880486,0,0.0666667,0.200471,0,0.0666667,0.206579,0,0.0666667,0.133386,0,0.0666667,0.219602,0,0.0666667,0.131193,0.5,0.4,0
1,4.5,1.69169,-2.99573,0.00236407,0.00236407,0.00236407,0.0944251,True,empty floor,sound_similarity,0,0.0666667,0.240773,0,0.0666667,0.0360534,0,0.0666667,0.160269,0,0.0666667,0.0880486,0,0.0666667,0.200471,0,0.0666667,0.206579,0,0.0666667,0.133386,0,0.0666667,0.219602,0,0.0666667,0.131193,0.5,0.4,0
0.5,4.5,1.58501,-2.99573,0.00236407,0.00236407,0.00236407,0.0944251,True,empty floor,sound_similarity,0,0.0666667,0.240773,0,0.0666667,0.0360534,0,0.0666667,0.160269,0,0.0666667,0.0880486,0,0.0666667,0.200471,0,0.0666667,0.206579,0,0.0666667,0.133386,0,0.0666667,0.219602,0,0.0666667,0.131193,0.5,0.4,0
0.25,4.5,1.58902,-2.99573,0.00236407,0.00236407,0.00236407,0.0944251,True,empty floor,sound_similarity,0,0.0666667,0.240773,0,0.0666667,0.0360534,0,0.0666667,0.160269,0,0.0666667,0.0880486,0,0.0666667,0.200471,0,0.0666667,0.206579,0,0.0666667,0.133386,0,0.0666667,0.219602,0,0.0666667,0.131193,0.5,0.4,0
0,4.5,1.63178,-2.99573,0.00236407,0.00236407,0.00236407,0.0944251,True,empty floor,sound_similarity,0,0.0666667,0.240773,0,0.0666667,0.0360534,0,0.0666667,0.160269,0,0.0666667,0.0880486,0,0.0666667,0.200471,0,0.0666667,0.206579,0,0.0666667,0.133386,0,0.0666667,0.219602,0,0.0666667,0.131193,0.5,0.4,0
-0.25,4.5,1.71038,-2.99573,0.00236407,0.00236407,0.00236407,0.0944251,True,empty floor,sound_similarity,0,0.0666667,0.240773,0,0.0666667,0.0360534,0,0.0666667,0.160269,0,0.0666667,0.0880486,0,0.0666667,0.200471,0,0.0666667,0.206579,0,0.0666667,0.133386,0,0.0666667,0.219602,0,0.0666667,0.131193,0.5,0.4,0
-0.5,4.5,1.8202,-2.99573,0.00236407,0.00236407,0.00236407,0.0944251,True,empty floor,sound_similarity,0,0.0666667,0.240773,0,0.0666667,0.0360534,0,0.0666667,0.160269,0,0.0666667,0.0880486,0,0.0666667,0.200471,0,0.0666667,0.206579,0,0.0666667,0.133386,0,0.0666667,0.219602,0,0.0666667,0.131193,0.5,0.4,0
-0.75,4.5,1.95598,-2.99573,0.00236407,0.00236407,0.00236407,0.0944251,True,empty floor,sound_similarity,0,0.0666667,0.240773,0,0.0666667,0.0360534,0,0.0666667,0.160269,0,0.0666667,0.0880486,0,0.0666667,0.200471,0,0.0666667,0.206579,0,0.0666667,0.133386,0,0.0666667,0.219602,0,0.0666667,0.131193,0.5,0.4,0
-1,4.5,2.11272,-2.99567,0.00236407,0.00236407,0.00236407,0.0944251,True,empty floor,sound_similarity,0,0.0666667,0.240773,0,0.0666667,0.0360534,0,0.0666667,0.160269,0,0.0666667,0.0880486,0,0.0666667,0.200471,0,0.0666667,0.206579,0,0.0666667,0.133386,0,0.0666667,0.219602,0,0.0666667,0.131193,0.5,0.4,0
-1.25,4.5,2.28611,-2.99532,0.00236407,0.00236407,0.00236407,0.0944251,True,empty floor,sound_similarity,0,0.0666667,0.240773,0,0.0666667,0.0360534,0,0.0666667,0.160269,0,0.0666667,0.0880486,0,0.0666667,0.200471,0,0.0666667,0.206579,0,0.0666667,0.133386,0,0.0666667,0.219602,0,0.0666667,0.131193,0.5,0.4,0
-1.5,4.5,2.47265,-2.99391,0.00236407,0.00236407,0.00236407,0.0944251,True,empty floor,sound_similarity,0,0.0666667,0.240773,0,0.0666667,0.0360534,0,0.0666667,0.160269,0,0.0666667,0.0880486,0,0.0666667,0.200471,0,0.0666667,0.206579,0,0.0666667,0.133386,0,0.0666667,0.219602,0,0.0666667,0.131193,0.5,0.4,0
0.25,4,2.08731,-2.99573,0.00236407,0.00236407,0.00236407,0.0944251,True,empty floor,sound_similarity,0,0.0666667,0.240773,0,0.0666667,0.0360534,0,0.0666667,0.160269,0,0.0666667,0.0880486,0,0.0666667,0.200471,0,0.0666667,0.206579,0,0.0666667,0.133386,0,0.0666667,0.219602,0,0.0666667,0.131193,0.5,0.4,0
-0.25,4,2.18112,-2.99573,0.00236407,0.00236407,0.00236407,0.0944251,True,empty floor,sound_similarity,0,0.0666667,0.240773,0,0.0666667,0.0360534,0,0.0666667,0.160269,0,0.0666667,0.0880486,0,0.0666667,0.200471,0,0.0666667,0.206579,0,0.0666667,0.133386,0,0.0666667,0.219602,0,0.0666667,0.131193,0.5,0.4,0
0,3.25,2.86005,-2.99573,0.00236407,0.00236407,0.00236407,0.0944251,True,empty floor,sound_similarity,0,0.0666667,0.240773,0,0.0666667,0.0360534,0,0.0666667,0.160269,0,0.0666667,0.0880486,0,0.0666667,0.200471,0,0.0666667,0.206579,0,0.0666667,0.133386,0,0.0666667,0.219602,0,0.0666667,0.131193,0.5,0.4,0
-0.5,4,2.26826,-2.99573,0.00236407,0.00236407,0.00236407,0.0944251,True,empty floor,sound_similarity,0,0.0666667,0.240773,0,0.0666667,0.0360534,0,0.0666667,0.160269,0,0.0666667,0.0880486,0,0.0666667,0.200471,0,0.0666667,0.206579,0,0.0666667,0.133386,0,0.0666667,0.219602,0,0.0666667,0.131193,0.5,0.4,0
1.25,3.5,2.71806,-2.99573,0.00236407,0.00236407,0.00236407,0.0944251,True,empty floor,sound_similarity,0,0.0666667,0.240773,0,0.0666667,0.0360534,0,0.0666667,0.160269,0,0.0666667,0.0880486,0,0.0666667,0.200471,0,0.0666667,0.206579,0,0.0666667,0.133386,0,0.0666667,0.219602,0,0.0666667,0.131193,0.5,0.4,0
1,3.5,2.65058,-2.99573,0.00236407,0.00236407,0.00236407,0.0944251,True,empty floor,sound_similarity,0,0.0666667,0.240773,0,0.0666667,0.0360534,0,0.0666667,0.160269,0,0.0666667,0.0880486,0,0.0666667,0.200471,0,0.0666667,0.206579,0,0.0666667,0.133386,0,0.0666667,0.219602,0,0.0666667,0.131193,0.5,0.4,0
0.75,3.5,2.60544,-2.99573,0.00236407,0.00236407,0.00236407,0.0944251,True,empty floor,sound_similarity,0,0.0666667,0.240773,0,0.0666667,0.0360534,0,0.0666667,0.160269,0,0.0666667,0.0880486,0,0.0666667,0.200471,0,0.0666667,0.206579,0,0.0666667,0.133386,0,0.0666667,0.219602,0,0.0666667,0.131193,0.5,0.4,0
0.5,3.5,2.5838,-2.99573,0.00236407,0.00236407,0.00236407,0.0944251,True,empty floor,sound_similarity,0,0.0666667,0.240773,0,0.0666667,0.0360534,0,0.0666667,0.160269,0,0.0666667,0.0880486,0,0.0666667,0.200471,0,0.0666667,0.206579,0,0.0666667,0.133386,0,0.0666667,0.219602,0,0.0666667,0.131193,0.5,0.4,0
0.25,3.5,2.58626,-2.99573,0.00236407,0.00236407,0.00236407,0.0944251,True,empty floor,sound_similarity,0,0.0666667,0.240773,0,0.0666667,0.0360534,0,0.0666667,0.160269,0,0.0666667,0.0880486,0,0.0666667,0.200471,0,0.0666667,0.206579,0,0.0666667,0.133386,0,0.0666667,0.219602,0,0.0666667,0.131193,0.5,0.4,0
0,3.5,2.61275,-2.99573,0.00236407,0.00236407,0.00236407,0.0944251,True,empty floor,sound_similarity,0,0.0666667,0.240773,0,0.0666667,0.0360534,0,0.0666667,0.160269,0,0.0666667,0.0880486,0,0.0666667,0.200471,0,0.0666667,0.206579,0,0.0666667,0.133386,0,0.0666667,0.219602,0,0.0666667,0.131193,0.5,0.4,0
-0.25,3.5,2.66255,-2.99573,0.00236407,0.00236407,0.00236407,0.0944251,True,empty floor,sound_similarity,0,0.0666667,0.240773,0,0.0666667,0.0360534,0,0.0666667,0.160269,0,0.0666667,0.0880486,0,0.0666667,0.200471,0,0.0666667,0.206579,0,0.0666667,0.133386,0,0.0666667,0.219602,0,0.0666667,0.131193,0.5,0.4,0
-0.5,3.5,2.73439,-2.99573,0.00236407,0.00236407,0.00236407,0.0944251,True,empty floor,sound_similarity,0,0.0666667,0.240773,0,0.0666667,0.0360534,0,0.0666667,0.160269,0,0.0666667,0.0880486,0,0.0666667,0.200471,0,0.0666667,0.206579,0,0.0666667,0.133386,0,0.0666667,0.219602,0,0.0666667,0.131193,0.5,0.4,0
-0.75,3.5,2.82659,-2.99573,0.00236407,0.00236407,0.00236407,0.0944251,True,empty floor,sound_similarity,0,0.0666667,0.240773,0,0.0666667,0.0360534,0,0.0666667,0.160269,0,0.0666667,0.0880486,0,0.0666667,0.200471,0,0.0666667,0.206579,0,0.0666667,0.133386,0,0.0666667,0.219602,0,0.0666667,0.131193,0.5,0.4,0
-1,3.5,2.93723,-2.99573,0.00236407,0.00236407,0.00236407,0.0944251,True,empty floor,sound_similarity,0,0.0666667,0.240773,0,0.0666667,0.0360534,0,0.0666667,0.160269,0,0.0666667,0.0880486,0,0.0666667,0.200471,0,0.0666667,0.206579,0,0.0666667,0.133386,0,0.0666667,0.219602,0,0.0666667,0.131193,0.5,0.4,0
-1.25,3.5,3.06432,-2.99573,0.00236407,0.00236407,0.00236407,0.0944251,True,empty floor,sound_similarity,0,0.0666667,0.240773,0,0.0666667,0.0360534,0,0.0666667,0.160269,0,0.0666667,0.0880486,0,0.0666667,0.200471,0,0.0666667,0.206579,0,0.0666667,0.133386,0,0.0666667,0.219602,0,0.0666667,0.131193,0.5,0.4,0
-1.5,3.5,3.2059,-2.99572,0.00236407,0.00236407,0.00236407,0.0944251,True,empty floor,sound_similarity,0,0.0666667,0.240773,0,0.0666667,0.0360534,0,0.0666667,0.160269,0,0.0666667,0.0880486,0,0.0666667,0.200471,0,0.0666667,0.206579,0,0.0666667,0.133386,0,0.0666667,0.219602,0,0.0666667,0.131193,0.5,0.4,0
-1.75,3.5,3.36013,-2.9957,0.00236407,0.00236407,0.00236407,0.0944251,True,empty floor,sound_similarity,0,0.0666667,0.240773,0,0.0666667,0.0360534,0,0.0666667,0.160269,0,0.0666667,0.0880486,0,0.0666667,0.200471,0,0.0666667,0.206579,0,0.0666667,0.133386,0,0.0666667,0.219602,0,0.0666667,0.131193,0.5,0.4,0
-2,3.5,3.52537,-2.99562,0.00236407,0.00236407,0.00236407,0.0944251,True,empty floor,sound_similarity,0,0.0666667,0.240773,0,0.0666667,0.0360534,0,0.0666667,0.160269,0,0.0666667,0.0880486,0,0.0666667,0.200471,0,0.0666667,0.206579,0,0.0666667,0.133386,0,0.0666667,0.219602,0,0.0666667,0.131193,0.5,0.4,0
-2.25,3.5,3.70013,-2.99539,0.00236407,0.00236407,0.00236407,0.0944251,True,empty floor,sound_similarity,0,0.0666667,0.240773,0,0.0666667,0.0360534,0,0.0666667,0.160269,0,0.0666667,0.0880486,0,0.0666667,0.200471,0,0.0666667,0.206579,0,0.0666667,0.133386,0,0.0666667,0.219602,0,0.0666667,0.131193,0.5,0.4,0
2,3.25,3.2524,-2.99573,0.00236407,0.00236407,0.00236407,0.0944251,True,empty floor,sound_similarity,0,0.0666667,0.240773,0,0.0666667,0.0360534,0,0.0666667,0.160269,0,0.0666667,0.0880486,0,0.0666667,0.200471,0,0.0666667,0.206579,0,0.0666667,0.133386,0,0.0666667,0.219602,0,0.0666667,0.131193,0.5,0.4,0
1.75,3.25,3.13701,-2.99573,0.00236407,0.00236407,0.00236407,0.0944251,True,empty floor,sound_similarity,0,0.0666667,0.240773,0,0.0666667,0.0360534,0,0.0666667,0.160269,0,0.0666667,0.0880486,0,0.0666667,0.200471,0,0.0666667,0.206579,0,0.0666667,0.133386,0,0.0666667,0.219602,0,0.0666667,0.131193,0.5,0.4,0
1.5,3.25,3.03786,-2.99573,0.00236407,0.00236407,0.00236407,0.0708188,True,empty floor,sound_similarity,0,0.05,0.240773,0,0.05,0.0360534,0,0.05,0.160269,0,0.05,0.0880486,0,0.05,0.200471,0,0.05,0.206579,0,0.05,0.133386,0,0.05,0.219602,0,0.05,0.131193,1,0.55,0
1.25,3.25,2.95657,-2.99573,0.00236407,0.00236407,0.00236407,0.0944251,True,empty floor,sound_similarity,0,0.0666667,0.240773,0,0.0666667,0.0360534,0,0.0666667,0.160269,0,0.0666667,0.0880486,0,0.0666667,0.200471,0,0.0666667,0.206579,0,0.0666667,0.133386,0,0.0666667,0.219602,0,0.0666667,0.131193,0.5,0.4,0
1,3.25,2.89465,-2.99573,0.00236407,0.00236407,0.00236407,0.0944251,True,empty floor,sound_similarity,0,0.0666667,0.240773,0,0.0666667,0.0360534,0,0.0666667,0.160269,0,0.0666667,0.0880486,0,0.0666667,0.200471,0,0.0666667,0.206579,0,0.0666667,0.133386,0,0.0666667,0.219602,0,0.0666667,0.131193,0.5,0.4,0
0.75,3.25,2.85337,-2.99573,0.00236407,0.00236407,0.00236407,0.0944251,True,empty floor,sound_similarity,0,0.0666667,0.240773,0,0.0666667,0.0360534,0,0.0666667,0.160269,0,0.0666667,0.0880486,0,0.0666667,0.200471,0,0.0666667,0.206579,0,0.0666667,0.133386,0,0.0666667,0.219602,0,0.0666667,0.131193,0.5,0.4,0
0.5,3.25,2.83363,-2.99573,0.00236407,0.00236407,0.00236407,0.0944251,True,empty floor,sound_similarity,0,0.0666667,0.240773,0,0.0666667,0.0360534,0,0.0666667,0.160269,0,0.0666667,0.0880486,0,0.0666667,0.200471,0,0.0666667,0.206579,0,0.0666667,0.133386,0,0.0666667,0.219602,0,0.0666667,0.131193,0.5,0.4,0
0.25,3.25,2.83587,-2.99573,0.00236407,0.00236407,0.00236407,0.0944251,True,empty floor,sound_similarity,0,0.0666667,0.240773,0,0.0666667,0.0360534,0,0.0666667,0.160269,0,0.0666667,0.0880486,0,0.0666667,0.200471,0,0.0666667,0.206579,0,0.0666667,0.133386,0,0.0666667,0.219602,0,0.0666667,0.131193,0.5,0.4,0
1.5,3.5,2.80627,-2.99573,0.00236407,0.00236407,0.00236407,0.0944251,True,empty floor,sound_similarity,0,0.0666667,0.240773,0,0.0666667,0.0360534,0,0.0666667,0.160269,0,0.0666667,0.0880486,0,0.0666667,0.200471,0,0.0666667,0.206579,0,0.0666667,0.133386,0,0.0666667,0.219602,0,0.0666667,0.131193,0.5,0.4,0
1.75,3.5,2.91332,-2.99573,0.00236407,0.00236407,0.00236407,0.0944251,True,empty floor,sound_similarity,0,0.0666667,0.240773,0,0.0666667,0.0360534,0,0.0666667,0.160269,0,0.0666667,0.0880486,0,0.0666667,0.200471,0,0.0666667,0.206579,0,0.0666667,0.133386,0,0.0666667,0.219602,0,0.0666667,0.131193,0.5,0.4,0
-2.25,3.75,3.53022,-2.9947,0.00236407,0.00236407,0.00236407,0.0944251,True,empty floor,sound_similarity,0,0.0666667,0.240773,0,0.0666667,0.0360534,0,0.0666667,0.160269,0,0.0666667,0.0880486,0,0.0666667,0.200471,0,0.0666667,0.206579,0,0.0666667,0.133386,0,0.0666667,0.219602,0,0.0666667,0.131193,0.5,0.4,0
1,3.75,2.40772,-2.99573,0.00236407,0.00236407,0.00236407,0.0944251,True,empty floor,sound_similarity,0,0.0666667,0.240773,0,0.0666667,0.0360534,0,0.0666667,0.160269,0,0.0666667,0.0880486,0,0.0666667,0.200471,0,0.0666667,0.206579,0,0.0666667,0.133386,0,0.0666667,0.219602,0,0.0666667,0.131193,0.5,0.4,0
-0.75,4,2.3786,-2.99573,0.00236407,0.00236407,0.00236407,0.0944251,True,empty floor,sound_similarity,0,0.0666667,0.240773,0,0.0666667,0.0360534,0,0.0666667,0.160269,0,0.0666667,0.0880486,0,0.0666667,0.200471,0,0.0666667,0.206579,0,0.0666667,0.133386,0,0.0666667,0.219602,0,0.0666667,0.131193,0.5,0.4,0
-1,4,2.50907,-2.99573,0.00236407,0.00236407,0.00236407,0.0944251,True,empty floor,sound_similarity,0,0.0666667,0.240773,0,0.0666667,0.0360534,0,0.0666667,0.160269,0,0.0666667,0.0880486,0,0.0666667,0.200471,0,0.0666667,0.206579,0,0.0666667,0.133386,0,0.0666667,0.219602,0,0.0666667,0.131193,0.5,0.4,0
-1.25,4,2.65672,-2.99571,0.00236407,0.00236407,0.00236407,0.0944251,True,empty floor,sound_similarity,0,0.0666667,0.240773,0,0.0666667,0.0360534,0,0.0666667,0.160269,0,0.0666667,0.0880486,0,0.0666667,0.200471,0,0.0666667,0.206579,0,0.0666667,0.133386,0,0.0666667,0.219602,0,0.0666667,0.131193,0.5,0.4,0
-1.5,4,2.81885,-2.99564,0.00236407,0.00236407,0.00236407,0.0944251,True,empty floor,sound_similarity,0,0.0666667,0.240773,0,0.0666667,0.0360534,0,0.0666667,0.160269,0,0.0666667,0.0880486,0,0.0666667,0.200471,0,0.0666667,0.206579,0,0.0666667,0.133386,0,0.0666667,0.219602,0,0.0666667,0.131193,0.5,0.4,0
-1.75,4,2.99309,-2.99536,0.00236407,0.00236407,0.00236407,0.0944251,True,empty floor,sound_similarity,0,0.0666667,0.240773,0,0.0666667,0.0360534,0,0.0666667,0.160269,0,0.0666667,0.0880486,0,0.0666667,0.200471,0,0.0666667,0.206579,0,0.0666667,0.133386,0,0.0666667,0.219602,0,0.0666667,0.131193,0.5,0.4,0
-2,4,3.17747,-2.99454,0.00236407,0.00236407,0.00236407,0.0888455,True,chair,sound_similarity,0,0.05,0.240773,1,0.55,0.0360534,0,0.05,0.160269,0,0.05,0.0880486,0,0.05,0.200471,0,0.05,0.206579,0,0.05,0.133386,0,0.05,0.219602,0,0.05,0.131193,0,0.05,0
-2.25,4,3.37032,-2.99248,0.00236407,0.00236407,0.00236407,0.0944251,True,empty floor,sound_similarity,0,0.0666667,0.240773,0,0.0666667,0.0360534,0,0.0666667,0.160269,0,0.0666667,0.0880486,0,0.0666667,0.200471,0,0.0666667,0.206579,0,0.0666667,0.133386,0,0.0666667,0.219602,0,0.0666667,0.131193,0.5,0.4,0
1.75,3.75,2.69425,-2.99573,0.00236407,0.00236407,0.00236407,0.0944251,True,empty floor,sound_similarity,0,0.0666667,0.240773,0,0.0666667,0.0360534,0,0.0666667,0.160269,0,0.0666667,0.0880486,0,0.0666667,0.200471,0,0.0666667,0.206579,0,0.0666667,0.133386,0,0.0666667,0.219602,0,0.0666667,0.131193,0.5,0.4,0
1.5,3.75,2.57812,-2.99573,0.00236407,0.00236407,0.00236407,0.0944251,True,empty floor,sound_similarity,0,0.0666667,0.240773,0,0.0666667,0.0360534,0,0.0666667,0.160269,0,0.0666667,0.0880486,0,0.0666667,0.200471,0,0.0666667,0.206579,0,0.0666667,0.133386,0,0.0666667,0.219602,0,0.0666667,0.131193,0.5,0.4,0
1.25,3.75,2.48182,-2.99573,0.00236407,0.00236407,0.00236407,0.0708188,True,empty floor,sound_similarity,0,0.05,0.240773,0,0.05,0.0360534,0,0.05,0.160269,0,0.05,0.0880486,0,0.05,0.200471,0,0.05,0.206579,0,0.05,0.133386,0,0.05,0.219602,0,0.05,0.131193,1,0.55,0
0.75,3.75,2.35793,-2.99573,0.00236407,0.00236407,0.00236407,0.0944251,True,empty floor,sound_similarity,0,0.0666667,0.240773,0,0.0666667,0.0360534,0,0.0666667,0.160269,0,0.0666667,0.0880486,0,0.0666667,0.200471,0,0.0666667,0.206579,0,0.0666667,0.133386,0,0.0666667,0.219602,0,0.0666667,0.131193,0.5,0.4,0
-2,3.75,3.34661,-2.99538,0.00236407,0.00236407,0.00236407,0.0944251,True,empty floor,sound_similarity,0,0.0666667,0.240773,0,0.0666667,0.0360534,0,0.0666667,0.160269,0,0.0666667,0.0880486,0,0.0666667,0.200471,0,0.0666667,0.206579,0,0.0666667,0.133386,0,0.0666667,0.219602,0,0.0666667,0.131193,0.5,0.4,0
0.5,3.75,2.334,-2.99573,0.00236407,0.00236407,0.00236407,0.0944251,True,empty floor,sound_similarity,0,0.0666667,0.240773,0,0.0666667,0.0360534,0,0.0666667,0.160269,0,0.0666667,0.0880486,0,0.0666667,0.200471,0,0.0666667,0.206579,0,0.0666667,0.133386,0,0.0666667,0.219602,0,0.0666667,0.131193,0.5,0.4,0
0.25,3.75,2.33673,-2.99573,0.00236407,0.00236407,0.00236407,0.0944251,True,empty floor,sound_similarity,0,0.0666667,0.240773,0,0.0666667,0.0360534,0,0.0666667,0.160269,0,0.0666667,0.0880486,0,0.0666667,0.200471,0,0.0666667,0.206579,0,0.0666667,0.133386,0,0.0666667,0.219602,0,0.0666667,0.131193,0.5,0.4,0
0,3.75,2.36601,-2.99573,0.00236407,0.00236407,0.00236407,0.0944251,True,empty floor,sound_similarity,0,0.0666667,0.240773,0,0.0666667,0.0360534,0,0.0666667,0.160269,0,0.0666667,0.0880486,0,0.0666667,0.200471,0,0.0666667,0.206579,0,0.0666667,0.133386,0,0.0666667,0.219602,0,0.0666667,0.131193,0.5,0.4,0
-0.25,3.75,2.42089,-2.99573,0.00236407,0.00236407,0.00236407,0.0944251,True,empty floor,sound_similarity,0,0.0666667,0.240773,0,0.0666667,0.0360534,0,0.0666667,0.160269,0,0.0666667,0.0880486,0,0.0666667,0.200471,0,0.0666667,0.206579,0,0.0666667,0.133386,0,0.0666667,0.219602,0,0.0666667,0.131193,0.5,0.4,0
-0.5,3.75,2.49969,-2.99573,0.00236407,0.00236407,0.00236407,0.0944251,True,empty floor,sound_similarity,0,0.0666667,0.240773,0,0.0666667,0.0360534,0,0.0666667,0.160269,0,0.0666667,0.0880486,0,0.0666667,0.200471,0,0.0666667,0.206579,0,0.0666667,0.133386,0,0.0666667,0.219602,0,0.0666667,0.131193,0.5,0.4,0
-0.75,3.75,2.60023,-2.99573,0.00236407,0.00236407,0.00236407,0.0944251,True,empty floor,sound_similarity,0,0.0666667,0.240773,0,0.0666667,0.0360534,0,0.0666667,0.160269,0,0.0666667,0.0880486,0,0.0666667,0.200471,0,0.0666667,0.206579,0,0.0666667,0.133386,0,0.0666667,0.219602,0,0.0666667,0.131193,0.5,0.4,0
-1,3.75,2.72009,-2.99573,0.00236407,0.00236407,0.00236407,0.0944251,True,empty floor,sound_similarity,0,0.0666667,0.240773,0,0.0666667,0.0360534,0,0.0666667,0.160269,0,0.0666667,0.0880486,0,0.0666667,0.200471,0,0.0666667,0.206579,0,0.0666667,0.133386,0,0.0666667,0.219602,0,0.0666667,0.131193,0.5,0.4,0
-1.25,3.75,2.85685,-2.99573,0.00236407,0.00236407,0.00236407,0.0944251,True,empty floor,sound_similarity,0,0.0666667,0.240773,0,0.0666667,0.0360534,0,0.0666667,0.160269,0,0.0666667,0.0880486,0,0.0666667,0.200471,0,0.0666667,0.206579,0,0.0666667,0.133386,0,0.0666667,0.219602,0,0.0666667,0.131193,0.5,0.4,0
-1.5,3.75,3.00821,-2.99571,0.00236407,0.00236407,0.00236407,0.0944251,True,empty floor,sound_similarity,0,0.0666667,0.240773,0,0.0666667,0.0360534,0,0.0666667,0.160269,0,0.0666667,0.0880486,0,0.0666667,0.200471,0,0.0666667,0.206579,0,0.0666667,0.133386,0,0.0666667,0.219602,0,0.0666667,0.131193,0.5,0.4,0
-1.75,3.75,3.17207,-2.99563,0.00236407,0.00236407,0.00236407,0.0944251,True,empty floor,sound_similarity,0,0.0666667,0.240773,0,0.0666667,0.0360534,0,0.0666667,0.160269,0,0.0666667,0.0880486,0,0.0666667,0.200471,0,0.0666667,0.206579,0,0.0666667,0.133386,0,0.0666667,0.219602,0,0.0666667,0.131193,0.5,0.4,0
2,7.75,2.31111,-2.99573,0.00236407,0.00236407,0.00236407,0.0944251,True,empty floor,sound_similarity,0,0.0666667,0.240773,0,0.0666667,0.0360534,0,0.0666667,0.160269,0,0.0666667,0.0880486,0,0.0666667,0.200471,0,0.0666667,0.206579,0,0.0666667,0.133386,0,0.0666667,0.219602,0,0.0666667,0.131193,0.5,0.4,0
