x,y,dist_robot,snd_loglik,snd_post,vis_post,fused,vis_like,observed,mle_class,vis_phrase_source,ev_tv,post_tv,sim_tv,ev_chair,post_chair,sim_chair,ev_couch,post_couch,sim_couch,ev_toilet,post_toilet,sim_toilet,ev_microwave,post_microwave,sim_microwave,ev_oven,post_oven,sim_oven,ev_sink,post_sink,sim_sink,ev_refrigerator,post_refrigerator,sim_refrigerator,ev_clock,post_clock,sim_clock,ev_empty_floor,post_empty_floor,sim_empty_floor
-2.25,1.75,5.28162,-2.99572,0.00236407,0.00236407,0.00236407,0.0880577,True,empty floor,sound_similarity,0,0.0666667,0.251411,0,0.0666667,0.0217513,0,0.0666667,0.13223,0,0.0666667,0.10022,0,0.0666667,0.160728,0,0.0666667,0.168142,0,0.0666667,0.132888,0,0.0666667,0.145598,0,0.0666667,0.207897,0.5,0.4,0
1.5,5.5,1.1955,-2.99573,0.00236407,0.00236407,0.00236407,0.132158,True,couch,sound_similarity,0,0.05,0.251411,0,0.05,0.0217513,1,0.55,0.13223,0,0.05,0.10022,0,0.05,0.160728,0,0.05,0.168142,0,0.05,0.132888,0,0.05,0.145598,0,0.05,0.207897,0,0.05,0
-1.5,6,2.06391,-0.351068,0.00236407,0.00236407,0.00236407,0.0880577,True,empty floor,sound_similarity,0,0.0666667,0.251411,0,0.0666667,0.0217513,0,0.0666667,0.13223,0,0.0666667,0.10022,0,0.0666667,0.160728,0,0.0666667,0.168142,0,0.0666667,0.132888,0,0.0666667,0.145598,0,0.0666667,0.207897,0.5,0.4,0
-1.75,6,2.31255,-0.302647,0.00236407,0.00236407,0.00236407,0.0880577,True,empty floor,sound_similarity,0,0.0666667,0.251411,0,0.0666667,0.0217513,0,0.0666667,0.13223,0,0.0666667,0.10022,0,0.0666667,0.160728,0,0.0666667,0.168142,0,0.0666667,0.132888,0,0.0666667,0.145598,0,0.0666667,0.207897,0.5,0.4,0
-2,6,2.56146,-0.266145,0.00236407,0.00236407,0.00236407,0.0880577,True,empty floor,sound_similarity,0,0.0666667,0.251411,0,0.0666667,0.0217513,0,0.0666667,0.13223,0,0.0666667,0.10022,0,0.0666667,0.160728,0,0.0666667,0.168142,0,0.0666667,0.132888,0,0.0666667,0.145598,0,0.0666667,0.207897,0.5,0.4,0
-2.25,6,2.81056,-0.237814,0.00236407,0.00236407,0.00236407,0.0880577,True,empty floor,sound_similarity,0,0.0666667,0.251411,0,0.0666667,0.0217513,0,0.0666667,0.13223,0,0.0666667,0.10022,0,0.0666667,0.160728,0,0.0666667,0.168142,0,0.0666667,0.132888,0,0.0666667,0.145598,0,0.0666667,0.207897,0.5,0.4,0
2,5.75,1.52533,-2.99573,0.00236407,0.00236407,0.00236407,0.0880577,True,empty floor,sound_similarity,0,0.0666667,0.251411,0,0.0666667,0.0217513,0,0.0666667,0.13223,0,0.0666667,0.10022,0,0.0666667,0.160728,0,0.0666667,0.168142,0,0.0666667,0.132888,0,0.0666667,0.145598,0,0.0666667,0.207897,0.5,0.4,0
1.75,5.75,1.29028,-2.99573,0.00236407,0.00236407,0.00236407,0.0880577,True,empty floor,sound_similarity,0,0.0666667,0.251411,0,0.0666667,0.0217513,0,0.0666667,0.13223,0,0.0666667,0.10022,0,0.0666667,0.160728,0,0.0666667,0.168142,0,0.0666667,0.132888,0,0.0666667,0.145598,0,0.0666667,0.207897,0.5,0.4,0
1.5,5.75,1.06206,-2.99573,0.00236407,0.00236407,0.00236407,0.0880577,True,empty floor,sound_similarity,0,0.0666667,0.251411,0,0.0666667,0.0217513,0,0.0666667,0.13223,0,0.0666667,0.10022,0,0.0666667,0.160728,0,0.0666667,0.168142,0,0.0666667,0.132888,0,0.0666667,0.145598,0,0.0666667,0.207897,0.5,0.4,0
1.25,5.75,0.846253,-2.99573,0.00236407,0.00236407,0.00236407,0.0880577,True,empty floor,sound_similarity,0,0.0666667,0.251411,0,0.0666667,0.0217513,0,0.0666667,0.13223,0,0.0666667,0.10022,0,0.0666667,0.160728,0,0.0666667,0.168142,0,0.0666667,0.132888,0,0.0666667,0.145598,0,0.0666667,0.207897,0.5,0.4,0
1,5.75,0.655218,-2.99573,0.00236407,0.00236407,0.00236407,0.0880577,True,empty floor,sound_similarity,0,0.0666667,0.251411,0,0.0666667,0.0217513,0,0.0666667,0.13223,0,0.0666667,0.10022,0,0.0666667,0.160728,0,0.0666667,0.168142,0,0.0666667,0.132888,0,0.0666667,0.145598,0,0.0666667,0.207897,0.5,0.4,0
0.75,5.75,0.517182,-2.99573,0.00236407,0.00236407,0.00236407,0.0660433,True,empty floor,sound_similarity,0,0.05,0.251411,0,0.05,0.0217513,0,0.05,0.13223,0,0.05,0.10022,0,0.05,0.160728,0,0.05,0.168142,0,0.05,0.132888,0,0.05,0.145598,0,0.05,0.207897,1,0.55,0
0.5,5.75,0.480254,-2.99573,0.00236407,0.00236407,0.00236407,0.0880577,True,empty floor,sound_similarity,0,0.0666667,0.251411,0,0.0666667,0.0217513,0,0.0666667,0.13223,0,0.0666667,0.10022,0,0.0666667,0.160728,0,0.0666667,0.168142,0,0.0666667,0.132888,0,0.0666667,0.145598,0,0.0666667,0.207897,0.5,0.4,0
0.25,5.75,0.564633,-2.99572,0.00236407,0.00236407,0.00236407,0.0880577,True,empty floor,sound_similarity,0,0.0666667,0.251411,0,0.0666667,0.0217513,0,0.0666667,0.13223,0,0.0666667,0.10022,0,0.0666667,0.160728,0,0.0666667,0.168142,0,0.0666667,0.132888,0,0.0666667,0.145598,0,0.0666667,0.207897,0.5,0.4,0
0,5.75,0.729368,-2.98764,0.00236407,0.00236407,0.00236407,0.0880577,True,empty floor,sound_similarity,0,0.0666667,0.251411,0,0.0666667,0.0217513,0,0.0666667,0.13223,0,0.0666667,0.10022,0,0.0666667,0.160728,0,0.0666667,0.168142,0,0.0666667,0.132888,0,0.0666667,0.145598,0,0.0666667,0.207897,0.5,0.4,0
-0.25,5.75,0.932815,-2.83582,0.00236407,0.00236407,0.00236407,0.132087,False,tv,sound_similarity,0,0.1,0.251411,0,0.1,0.0217513,0,0.1,0.13223,0,0.1,0.10022,0,0.1,0.160728,0,0.1,0.168142,0,0.1,0.132888,0,0.1,0.145598,0,0.1,0.207897,0,0.1,0
-0.5,5.75,1.15469,-2.39086,0.00236407,0.00236407,0.00236407,0.0880577,True,empty floor,sound_similarity,0,0.0666667,0.251411,0,0.0666667,0.0217513,0,0.0666667,0.13223,0,0.0666667,0.10022,0,0.0666667,0.160728,0,0.0666667,0.168142,0,0.0666667,0.132888,0,0.0666667,0.145598,0,0.0666667,0.207897,0.5,0.4,0
-0.75,5.75,1.38617,-1.89288,0.00236407,0.00236407,0.00236407,0.0880577,True,empty floor,sound_similarity,0,0.0666667,0.251411,0,0.0666667,0.0217513,0,0.0666667,0.13223,0,0.0666667,0.10022,0,0.0666667,0.160728,0,0.0666667,0.168142,0,0.0666667,0.132888,0,0.0666667,0.145598,0,0.0666667,0.207897,0.5,0.4,0
-1,5.75,1.62316,-1.49947,0.00236407,0.00236407,0.00236407,0.0880577,True,empty floor,sound_similarity,0,0.0666667,0.251411,0,0.0666667,0.0217513,0,0.0666667,0.13223,0,0.0666667,0.10022,0,0.0666667,0.160728,0,0.0666667,0.168142,0,0.0666667,0.132888,0,0.0666667,0.145598,0,0.0666667,0.207897,0.5,0.4,0
-1.25,5.75,1.86355,-1.21236,0.00236407,0.00236407,0.00236407,0.0880577,True,empty floor,sound_similarity,0,0.0666667,0.251411,0,0.0666667,0.0217513,0,0.0666667,0.13223,0,0.0666667,0.10022,0,0.0666667,0.160728,0,0.0666667,0.168142,0,0.0666667,0.132888,0,0.0666667,0.145598,0,0.0666667,0.207897,0.5,0.4,0
-1.5,5.75,2.10618,-1.00292,0.00236407,0.00236407,0.00236407,0.0880577,True,empty floor,sound_similarity,0,0.0666667,0.251411,0,0.0666667,0.0217513,0,0.0666667,0.13223,0,0.0666667,0.10022,0,0.0666667,0.160728,0,0.0666667,0.168142,0,0.0666667,0.132888,0,0.0666667,0.145598,0,0.0666667,0.207897,0.5,0.4,0
-1.75,5.75,2.35035,-0.847119,0.00236407,0.00236407,0.00236407,0.0880577,True,empty floor,sound_similarity,0,0.0666667,0.251411,0,0.0666667,0.0217513,0,0.0666667,0.13223,0,0.0666667,0.10022,0,0.0666667,0.160728,0,0.0666667,0.168142,0,0.0666667,0.132888,0,0.0666667,0.145598,0,0.0666667,0.207897,0.5,0.4,0
-2,5.75,2.59563,-0.728515,0.00236407,0.00236407,0.00236407,0.0880577,True,empty floor,sound_similarity,0,0.0666667,0.251411,0,0.0666667,0.0217513,0,0.0666667,0.13223,0,0.0666667,0.10022,0,0.0666667,0.160728,0,0.0666667,0.168142,0,0.0666667,0.132888,0,0.0666667,0.145598,0,0.0666667,0.207897,0.5,0.4,0
-2.25,5.75,2.84174,-0.636204,0.00236407,0.00236407,0.00236407,0.0880577,True,empty floor,sound_similarity,0,0.0666667,0.251411,0,0.0666667,0.0217513,0,0.0666667,0.13223,0,0.0666667,0.10022,0,0.0666667,0.160728,0,0.0666667,0.168142,0,0.0666667,0.132888,0,0.0666667,0.145598,0,0.0666667,0.207897,0.5,0.4,0
2,5.5,1.62108,-2.99573,0.00236407,0.00236407,0.00236407,0.0880577,True,empty floor,sound_similarity,0,0.0666667,0.251411,0,0.0666667,0.0217513,0,0.0666667,0.13223,0,0.0666667,0.10022,0,0.0666667,0.160728,0,0.0666667,0.168142,0,0.0666667,0.132888,0,0.0666667,0.145598,0,0.0666667,0.207897,0.5,0.4,0
-1.25,6,1.81564,-0.417664,0.00236407,0.00236407,0.00236407,0.0880577,True,empty floor,sound_similarity,0,0.0666667,0.251411,0,0.0666667,0.0217513,0,0.0666667,0.13223,0,0.0666667,0.10022,0,0.0666667,0.160728,0,0.0666667,0.168142,0,0.0666667,0.132888,0,0.0666667,0.145598,0,0.0666667,0.207897,0.5,0.4,0
-1,6,1.56793,-0.513529,0.00236407,0.00236407,0.00236407,0.0880577,True,empty floor,sound_similarity,0,0.0666667,0.251411,0,0.0666667,0.0217513,0,0.0666667,0.13223,0,0.0666667,0.10022,0,0.0666667,0.160728,0,0.0666667,0.168142,0,0.0666667,0.132888,0,0.0666667,0.145598,0,0.0666667,0.207897,0.5,0.4,0
-0.75,6,1.32107,-0.659867,0.00236407,0.00236407,0.00236407,0.0880577,True,empty floor,sound_similarity,0,0.0666667,0.251411,0,0.0666667,0.0217513,0,0.0666667,0.13223,0,0.0666667,0.10022,0,0.0666667,0.160728,0,0.0666667,0.168142,0,0.0666667,0.132888,0,0.0666667,0.145598,0,0.0666667,0.207897,0.5,0.4,0
-2,6.25,2.55143,-0.0269062,0.00236407,0.00236407,0.00236407,0.0880577,True,empty floor,sound_similarity,0,0.0666667,0.251411,0,0.0666667,0.0217513,0,0.0666667,0.13223,0,0.0666667,0.10022,0,0.0666667,0.160728,0,0.0666667,0.168142,0,0.0666667,0.132888,0,0.0666667,0.145598,0,0.0666667,0.207897,0.5,0.4,0
0.5,6.25,0.0560464,-1.54576,0.00236407,0.00236407,0.00236407,0.132087,False,tv,sound_similarity,0,0.1,0.251411,0,0.1,0.0217513,0,0.1,0.13223,0,0.1,0.10022,0,0.1,0.160728,0,0.1,0.168142,0,0.1,0.132888,0,0.1,0.145598,0,0.1,0.207897,0,0.1,0
0.25,6.25,0.302172,-0.00547235,0.00236407,0.00236407,0.00236407,0.0880577,True,empty floor,sound_similarity,0,0.0666667,0.251411,0,0.0666667,0.0217513,0,0.0666667,0.13223,0,0.0666667,0.10022,0,0.0666667,0.160728,0,0.0666667,0.168142,0,0.0666667,0.132888,0,0.0666667,0.145598,0,0.0666667,0.207897,0.5,0.4,0
0,6.25,0.551792,-0.00233018,0.00236407,0.00236407,0.00236407,0.0880577,True,empty floor,sound_similarity,0,0.0666667,0.251411,0,0.0666667,0.0217513,0,0.0666667,0.13223,0,0.0666667,0.10022,0,0.0666667,0.160728,0,0.0666667,0.168142,0,0.0666667,0.132888,0,0.0666667,0.145598,0,0.0666667,0.207897,0.5,0.4,0
-0.25,6.25,0.801649,-0.00889916,0.00236407,0.00236407,0.00236407,0.0880577,True,empty floor,sound_similarity,0,0.0666667,0.251411,0,0.0666667,0.0217513,0,0.0666667,0.13223,0,0.0666667,0.10022,0,0.0666667,0.160728,0,0.0666667,0.168142,0,0.0666667,0.132888,0,0.0666667,0.145598,0,0.0666667,0.207897,0.5,0.4,0
-0.5,6.25,1.05157,-0.0140419,0.00236407,0.00236407,0.00236407,0.0880577,True,empty floor,sound_similarity,0,0.0666667,0.251411,0,0.0666667,0.0217513,0,0.0666667,0.13223,0,0.0666667,0.10022,0,0.0666667,0.160728,0,0.0666667,0.168142,0,0.0666667,0.132888,0,0.0666667,0.145598,0,0.0666667,0.207897,0.5,0.4,0
-0.75,6.25,1.30153,-0.0177896,0.00236407,0.00236407,0.00236407,0.0880577,True,empty floor,sound_similarity,0,0.0666667,0.251411,0,0.0666667,0.0217513,0,0.0666667,0.13223,0,0.0666667,0.10022,0,0.0666667,0.160728,0,0.0666667,0.168142,0,0.0666667,0.132888,0,0.0666667,0.145598,0,0.0666667,0.207897,0.5,0.4,0
-1,6.25,1.5515,-0.0205811,0.00236407,0.00236407,0.00236407,0.0880577,True,empty floor,sound_similarity,0,0.0666667,0.251411,0,0.0666667,0.0217513,0,0.0666667,0.13223,0,0.0666667,0.10022,0,0.0666667,0.160728,0,0.0666667,0.168142,0,0.0666667,0.132888,0,0.0666667,0.145598,0,0.0666667,0.207897,0.5,0.4,0
-1.25,6.25,1.80147,-0.0227241,0.00236407,0.00236407,0.00236407,0.0880577,True,empty floor,sound_similarity,0,0.0666667,0.251411,0,0.0666667,0.0217513,0,0.0666667,0.13223,0,0.0666667,0.10022,0,0.0666667,0.160728,0,0.0666667,0.168142,0,0.0666667,0.132888,0,0.0666667,0.145598,0,0.0666667,0.207897,0.5,0.4,0
-1.5,6.25,2.05146,-0.0244151,0.00236407,0.00236407,0.00236407,0.0880577,True,empty floor,sound_similarity,0,0.0666667,0.251411,0,0.0666667,0.0217513,0,0.0666667,0.13223,0,0.0666667,0.10022,0,0.0666667,0.160728,0,0.0666667,0.168142,0,0.0666667,0.132888,0,0.0666667,0.145598,0,0.0666667,0.207897,0.5,0.4,0
-1.75,6.25,2.30144,-0.025781,0.00236407,0.00236407,0.00236407,0.0880577,True,empty floor,sound_similarity,0,0.0666667,0.251411,0,0.0666667,0.0217513,0,0.0666667,0.13223,0,0.0666667,0.10022,0,0.0666667,0.160728,0,0.0666667,0.168142,0,0.0666667,0.132888,0,0.0666667,0.145598,0,0.0666667,0.207897,0.5,0.4,0
-2.25,6.25,2.80142,-0.0278484,0.00236407,0.00236407,0.00236407,0.0880577,True,empty floor,sound_similarity,0,0.0666667,0.251411,0,0.0666667,0.0217513,0,0.0666667,0.13223,0,0.0666667,0.10022,0,0.0666667,0.160728,0,0.0666667,0.168142,0,0.0666667,0.132888,0,0.0666667,0.145598,0,0.0666667,0.207897,0.5,0.4,0
-0.5,6,1.07567,-0.901018,0.00236407,0.00236407,0.00236407,0.0880577,True,empty floor,sound_similarity,0,0.0666667,0.251411,0,0.0666667,0.0217513,0,0.0666667,0.13223,0,0.0666667,0.10022,0,0.0666667,0.160728,0,0.0666667,0.168142,0,0.0666667,0.132888,0,0.0666667,0.145598,0,0.0666667,0.207897,0.5,0.4,0
2,6,1.46642,-2.99573,0.00236407,0.00236407,0.00236407,0.0880577,True,empty floor,sound_similarity,0,0.0666667,0.251411,0,0.0666667,0.0217513,0,0.0666667,0.13223,0,0.0666667,0.10022,0,0.0666667,0.160728,0,0.0666667,0.168142,0,0.0666667,0.132888,0,0.0666667,0.145598,0,0.0666667,0.207897,0.5,0.4,0
1.75,6,1.22007,-2.99573,0.00236407,0.00236407,0.00236407,0.0880577,True,empty floor,sound_similarity,0,0.0666667,0.251411,0,0.0666667,0.0217513,0,0.0666667,0.13223,0,0.0666667,0.10022,0,0.0666667,0.160728,0,0.0666667,0.168142,0,0.0666667,0.132888,0,0.0666667,0.145598,0,0.0666667,0.207897,0.5,0.4,0
1.5,6,0.975565,-2.99573,0.00236407,0.00236407,0.00236407,0.0880577,True,empty floor,sound_similarity,0,0.0666667,0.251411,0,0.0666667,0.0217513,0,0.0666667,0.13223,0,0.0666667,0.10022,0,0.0666667,0.160728,0,0.0666667,0.168142,0,0.0666667,0.132888,0,0.0666667,0.145598,0,0.0666667,0.207897,0.5,0.4,0
1.25,6,0.734774,-2.99573,0.00236407,0.00236407,0.00236407,0.0880577,True,empty floor,sound_similarity,0,0.0666667,0.251411,0,0.0666667,0.0217513,0,0.0666667,0.13223,0,0.0666667,0.10022,0,0.0666667,0.160728,0,0.0666667,0.168142,0,0.0666667,0.132888,0,0.0666667,0.145598,0,0.0666667,0.207897,0.5,0.4,0
1,6,0.50305,-2.99573,0.00236407,0.00236407,0.00236407,0.0880577,True,empty floor,sound_similarity,0,0.0666667,0.251411,0,0.0666667,0.0217513,0,0.0666667,0.13223,0,0.0666667,0.10022,0,0.0666667,0.160728,0,0.0666667,0.168142,0,0.0666667,0.132888,0,0.0666667,0.145598,0,0.0666667,0.207897,0.5,0.4,0
0.75,6,0.302037,-2.99573,0.00236407,0.00236407,0.00236407,0.0880577,True,empty floor,sound_similarity,0,0.0666667,0.251411,0,0.0666667,0.0217513,0,0.0666667,0.13223,0,0.0666667,0.10022,0,0.0666667,0.160728,0,0.0666667,0.168142,0,0.0666667,0.132888,0,0.0666667,0.145598,0,0.0666667,0.207897,0.5,0.4,0
0.5,6,0.233222,-2.99573,0.00236407,0.00236407,0.00236407,0.0880577,True,empty floor,sound_similarity,0,0.0666667,0.251411,0,0.0666667,0.0217513,0,0.0666667,0.13223,0,0.0666667,0.10022,0,0.0666667,0.160728,0,0.0666667,0.168142,0,0.0666667,0.132888,0,0.0666667,0.145598,0,0.0666667,0.207897,0.5,0.4,0
0.25,6,0.37757,-2.96798,0.00236407,0.00236407,0.00236407,0.0880577,True,empty floor,sound_similarity,0,0.0666667,0.251411,0,0.0666667,0.0217513,0,0.0666667,0.13223,0,0.0666667,0.10022,0,0.0666667,0.160728,0,0.0666667,0.168142,0,0.0666667,0.132888,0,0.0666667,0.145598,0,0.0666667,0.207897,0.5,0.4,0
0,6,0.596428,-2.17167,0.00236407,0.00236407,0.00236407,0.132087,False,tv,sound_similarity,0,0.1,0.251411,0,0.1,0.0217513,0,0.1,0.13223,0,0.1,0.10022,0,0.1,0.160728,0,0.1,0.168142,0,0.1,0.132888,0,0.1,0.145598,0,0.1,0.207897,0,0.1,0
-0.25,6,0.833002,-1.33805,0.00236407,0.00236407,0.00236407,0.0880577,True,empty floor,sound_similarity,0,0.0666667,0.251411,0,0.0666667,0.0217513,0,0.0666667,0.13223,0,0.0666667,0.10022,0,0.0666667,0.160728,0,0.0666667,0.168142,0,0.0666667,0.132888,0,0.0666667,0.145598,0,0.0666667,0.207897,0.5,0.4,0
1.75,5.5,1.40216,-2.99573,0.00236407,0.00236407,0.00236407,0.0880577,True,empty floor,sound_similarity,0,0.0666667,0.251411,0,0.0666667,0.0217513,0,0.0666667,0.13223,0,0.0666667,0.10022,0,0.0666667,0.160728,0,0.0666667,0.168142,0,0.0666667,0.132888,0,0.0666667,0.145598,0,0.0666667,0.207897,0.5,0.4,0
1.25,5.5,1.00866,-2.99573,0.00236407,0.00236407,0.00236407,0.0880577,True,empty floor,sound_similarity,0,0.0666667,0.251411,0,0.0666667,0.0217513,0,0.0666667,0.13223,0,0.0666667,0.10022,0,0.0666667,0.160728,0,0.0666667,0.168142,0,0.0666667,0.132888,0,0.0666667,0.145598,0,0.0666667,0.207897,0.5,0.4,0
1,6.25,0.449231,-2.99573,0.00236407,0.00236407,0.00236407,0.132087,False,tv,sound_similarity,0,0.1,0.251411,0,0.1,0.0217513,0,0.1,0.13223,0,0.1,0.10022,0,0.1,0.160728,0,0.1,0.168142,0,0.1,0.132888,0,0.1,0.145598,0,0.1,0.207897,0,0.1,0
1,5.5,0.85473,-2.99573,0.00236407,0.00236407,0.00236407,0.0880577,True,empty floor,sound_similarity,0,0.0666667,0.251411,0,0.0666667,0.0217513,0,0.0666667,0.13223,0,0.0666667,0.10022,0,0.0666667,0.160728,0,0.0666667,0.168142,0,0.0666667,0.132888,0,0.0666667,0.145598,0,0.0666667,0.207897,0.5,0.4,0
-1.5,5.25,2.27233,-2.49219,0.00236407,0.00236407,0.00236407,0.0880577,True,empty floor,sound_similarity,0,0.0666667,0.251411,0,0.0666667,0.0217513,0,0.0666667,0.13223,0,0.0666667,0.10022,0,0.0666667,0.160728,0,0.0666667,0.168142,0,0.0666667,0.132888,0,0.0666667,0.145598,0,0.0666667,0.207897,0.5,0.4,0
-1.75,5.25,2.50033,-2.23942,0.00236407,0.00236407,0.00236407,0.0880577,True,empty floor,sound_similarity,0,0.0666667,0.251411,0,0.0666667,0.0217513,0,0.0666667,0.13223,0,0.0666667,0.10022,0,0.0666667,0.160728,0,0.0666667,0.168142,0,0.0666667,0.132888,0,0.0666667,0.145598,0,0.0666667,0.207897,0.5,0.4,0
-2.25,5.25,2.96698,-1.7756,0.00236407,0.00236407,0.00236407,0.0880577,True,empty floor,sound_similarity,0,0.0666667,0.251411,0,0.0666667,0.0217513,0,0.0666667,0.13223,0,0.0666667,0.10022,0,0.0666667,0.160728,0,0.0666667,0.168142,0,0.0666667,0.132888,0,0.0666667,0.145598,0,0.0666667,0.207897,0.5,0.4,0
2,5,1.89879,-2.99573,0.00236407,0.00236407,0.00236407,0.0880577,True,empty floor,sound_similarity,0,0.0666667,0.251411,0,0.0666667,0.0217513,0,0.0666667,0.13223,0,0.0666667,0.10022,0,0.0666667,0.160728,0,0.0666667,0.168142,0,0.0666667,0.132888,0,0.0666667,0.145598,0,0.0666667,0.207897,0.5,0.4,0
1.75,5,1.71568,-2.99573,0.00236407,0.00236407,0.00236407,0.0880577,True,empty floor,sound_similarity,0,0.0666667,0.251411,0,0.0666667,0.0217513,0,0.0666667,0.13223,0,0.0666667,0.10022,0,0.0666667,0.160728,0,0.0666667,0.168142,0,0.0666667,0.132888,0,0.0666667,0.145598,0,0.0666667,0.207897,0.5,0.4,0
1.5,5,1.55136,-2.99573,0.00236407,0.00236407,0.00236407,0.0880577,True,empty floor,sound_similarity,0,0.0666667,0.251411,0,0.0666667,0.0217513,0,0.0666667,0.13223,0,0.0666667,0.10022,0,0.0666667,0.160728,0,0.0666667,0.168142,0,0.0666667,0.132888,0,0.0666667,0.145598,0,0.0666667,0.207897,0.5,0.4,0
1,5,1.30693,-2.99573,0.00236407,0.00236407,0.00236407,0.0660433,True,empty floor,sound_similarity,0,0.05,0.251411,0,0.05,0.0217513,0,0.05,0.13223,0,0.05,0.10022,0,0.05,0.160728,0,0.05,0.168142,0,0.05,0.132888,0,0.05,0.145598,0,0.05,0.207897,1,0.55,0
0.75,5,1.24348,-2.99573,0.00236407,0.00236407,0.00236407,0.0880577,True,empty floor,sound_similarity,0,0.0666667,0.251411,0,0.0666667,0.0217513,0,0.0666667,0.13223,0,0.0666667,0.10022,0,0.0666667,0.160728,0,0.0666667,0.168142,0,0.0666667,0.132888,0,0.0666667,0.145598,0,0.0666667,0.207897,0.5,0.4,0
0.5,5,1.22858,-2.99573,0.00236407,0.00236407,0.00236407,0.0880577,True,empty floor,sound_similarity,0,0.0666667,0.251411,0,0.0666667,0.0217513,0,0.0666667,0.13223,0,0.0666667,0.10022,0,0.0666667,0.160728,0,0.0666667,0.168142,0,0.0666667,0.132888,0,0.0666667,0.145598,0,0.0666667,0.207897,0.5,0.4,0
0.25,5,1.26395,-2.99573,0.00236407,0.00236407,0.00236407,0.0880577,True,empty floor,sound_similarity,0,0.0666667,0.251411,0,0.0666667,0.0217513,0,0.0666667,0.13223,0,0.0666667,0.10022,0,0.0666667,0.160728,0,0.0666667,0.168142,0,0.0666667,0.132888,0,0.0666667,0.145598,0,0.0666667,0.207897,0.5,0.4,0
0,5,1.34563,-2.99573,0.00236407,0.00236407,0.00236407,0.0880577,True,empty floor,sound_similarity,0,0.0666667,0.251411,0,0.0666667,0.0217513,0,0.0666667,0.13223,0,0.0666667,0.10022,0,0.0666667,0.160728,0,0.0666667,0.168142,0,0.0666667,0.132888,0,0.0666667,0.145598,0,0.0666667,0.207897,0.5,0.4,0
-0.25,5,1.46591,-2.99571,0.00236407,0.00236407,0.00236407,0.0880577,True,empty floor,sound_similarity,0,0.0666667,0.251411,0,0.0666667,0.0217513,0,0.0666667,0.13223,0,0.0666667,0.10022,0,0.0666667,0.160728,0,0.0666667,0.168142,0,0.0666667,0.132888,0,0.0666667,0.145598,0,0.0666667,0.207897,0.5,0.4,0
-0.5,5,1.61619,-2.99535,0.00236407,0.00236407,0.00236407,0.0880577,True,empty floor,sound_similarity,0,0.0666667,0.251411,0,0.0666667,0.0217513,0,0.0666667,0.13223,0,0.0666667,0.10022,0,0.0666667,0.160728,0,0.0666667,0.168142,0,0.0666667,0.132888,0,0.0666667,0.145598,0,0.0666667,0.207897,0.5,0.4,0
-0.75,5,1.78892,-2.99221,0.00236407,0.00236407,0.00236407,0.0880577,True,empty floor,sound_similarity,0,0.0666667,0.251411,0,0.0666667,0.0217513,0,0.0666667,0.13223,0,0.0666667,0.10022,0,0.0666667,0.160728,0,0.0666667,0.168142,0,0.0666667,0.132888,0,0.0666667,0.145598,0,0.0666667,0.207897,0.5,0.4,0
-1,5,1.97823,-2.97723,0.00236407,0.00236407,0.00236407,0.0880577,True,empty floor,sound_similarity,0,0.0666667,0.251411,0,0.0666667,0.0217513,0,0.0666667,0.13223,0,0.0666667,0.10022,0,0.0666667,0.160728,0,0.0666667,0.168142,0,0.0666667,0.132888,0,0.0666667,0.145598,0,0.0666667,0.207897,0.5,0.4,0
-1.25,5,2.17981,-2.9326,0.00236407,0.00236407,0.00236407,0.132087,False,tv,sound_similarity,0,0.1,0.251411,0,0.1,0.0217513,0,0.1,0.13223,0,0.1,0.10022,0,0.1,0.160728,0,0.1,0.168142,0,0.1,0.132888,0,0.1,0.145598,0,0.1,0.207897,0,0.1,0
-1.5,5,2.39055,-2.83999,0.00236407,0.00236407,0.00236407,0.0880577,True,empty floor,sound_similarity,0,0.0666667,0.251411,0,0.0666667,0.0217513,0,0.0666667,0.13223,0,0.0666667,0.10022,0,0.0666667,0.160728,0,0.0666667,0.168142,0,0.0666667,0.132888,0,0.0666667,0.145598,0,0.0666667,0.207897,0.5,0.4,0
-1.75,5,2.60824,-2.69507,0.00236407,0.00236407,0.00236407,0.0880577,True,empty floor,sound_similarity,0,0.0666667,0.251411,0,0.0666667,0.0217513,0,0.0666667,0.13223,0,0.0666667,0.10022,0,0.0666667,0.160728,0,0.0666667,0.168142,0,0.0666667,0.132888,0,0.0666667,0.145598,0,0.0666667,0.207897,0.5,0.4,0
-2.25,5,3.05847,-2.31094,0.00236407,0.00236407,0.00236407,0.0880577,True,empty floor,sound_similarity,0,0.0666667,0.251411,0,0.0666667,0.0217513,0,0.0666667,0.13223,0,0.0666667,0.10022,0,0.0666667,0.160728,0,0.0666667,0.168142,0,0.0666667,0.132888,0,0.0666667,0.145598,0,0.0666667,0.207897,0.5,0.4,0
2,4.75,2.06922,-2.99573,0.00236407,0.00236407,0.00236407,0.0880577,True,empty floor,sound_similarity,0,0.0666667,0.251411,0,0.0666667,0.0217513,0,0.0666667,0.13223,0,0.0666667,0.10022,0,0.0666667,0.160728,0,0.0666667,0.168142,0,0.0666667,0.132888,0,0.0666667,0.145598,0,0.0666667,0.207897,0.5,0.4,0
1.75,4.75,1.90258,-2.99573,0.00236407,0.00236407,0.00236407,0.0880577,True,empty floor,sound_similarity,0,0.0666667,0.251411,0,0.0666667,0.0217513,0,0.0666667,0.13223,0,0.0666667,0.10022,0,0.0666667,0.160728,0,0.0666667,0.168142,0,0.0666667,0.132888,0,0.0666667,0.145598,0,0.0666667,0.207897,0.5,0.4,0
1.25,4.75,1.63437,-2.99573,0.00236407,0.00236407,0.00236407,0.0880577,True,empty floor,sound_similarity,0,0.0666667,0.251411,0,0.0666667,0.0217513,0,0.0666667,0.13223,0,0.0666667,0.10022,0,0.0666667,0.160728,0,0.0666667,0.168142,0,0.0666667,0.132888,0,0.0666667,0.145598,0,0.0666667,0.207897,0.5,0.4,0
1,4.75,1.54412,-2.99573,0.00236407,0.00236407,0.00236407,0.0660433,True,empty floor,sound_similarity,0,0.05,0.251411,0,0.05,0.0217513,0,0.05,0.13223,0,0.05,0.10022,0,0.05,0.160728,0,0.05,0.168142,0,0.05,0.132888,0,0.05,0.145598,0,0.05,0.207897,1,0.55,0
-1.25,5.25,2.04947,-2.72093,0.00236407,0.00236407,0.00236407,0.0880577,True,empty floor,sound_similarity,0,0.0666667,0.251411,0,0.0666667,0.0217513,0,0.0666667,0.13223,0,0.0666667,0.10022,0,0.0666667,0.160728,0,0.0666667,0.168142,0,0.0666667,0.132888,0,0.0666667,0.145598,0,0.0666667,0.207897,0.5,0.4,0
-1,5.25,1.83362,-2.88477,0.00236407,0.00236407,0.00236407,0.132087,False,tv,sound_similarity,0,0.1,0.251411,0,0.1,0.0217513,0,0.1,0.13223,0,0.1,0.10022,0,0.1,0.160728,0,0.1,0.168142,0,0.1,0.132888,0,0.1,0.145598,0,0.1,0.207897,0,0.1,0
-0.75,5.25,1.62757,-2.96676,0.00236407,0.00236407,0.00236407,0.0880577,True,empty floor,sound_similarity,0,0.0666667,0.251411,0,0.0666667,0.0217513,0,0.0666667,0.13223,0,0.0666667,0.10022,0,0.0666667,0.160728,0,0.0666667,0.168142,0,0.0666667,0.132888,0,0.0666667,0.145598,0,0.0666667,0.207897,0.5,0.4,0
-1.75,5.5,2.41359,-1.55577,0.00236407,0.00236407,0.00236407,0.0880577,True,empty floor,sound_similarity,0,0.0666667,0.251411,0,0.0666667,0.0217513,0,0.0666667,0.13223,0,0.0666667,0.10022,0,0.0666667,0.160728,0,0.0666667,0.168142,0,0.0666667,0.132888,0,0.0666667,0.145598,0,0.0666667,0.207897,0.5,0.4,0
0.75,5.5,0.754141,-2.99573,0.00236407,0.00236407,0.00236407,0.0880577,True,empty floor,sound_similarity,0,0.0666667,0.251411,0,0.0666667,0.0217513,0,0.0666667,0.13223,0,0.0666667,0.10022,0,0.0666667,0.160728,0,0.0666667,0.168142,0,0.0666667,0.132888,0,0.0666667,0.145598,0,0.0666667,0.207897,0.5,0.4,0
0.5,5.5,0.729312,-2.99573,0.00236407,0.00236407,0.00236407,0.0880577,True,empty floor,sound_similarity,0,0.0666667,0.251411,0,0.0666667,0.0217513,0,0.0666667,0.13223,0,0.0666667,0.10022,0,0.0666667,0.160728,0,0.0666667,0.168142,0,0.0666667,0.132888,0,0.0666667,0.145598,0,0.0666667,0.207897,0.5,0.4,0
0.25,5.5,0.78744,-2.99573,0.00236407,0.00236407,0.00236407,0.0880577,True,empty floor,sound_similarity,0,0.0666667,0.251411,0,0.0666667,0.0217513,0,0.0666667,0.13223,0,0.0666667,0.10022,0,0.0666667,0.160728,0,0.0666667,0.168142,0,0.0666667,0.132888,0,0.0666667,0.145598,0,0.0666667,0.207897,0.5,0.4,0
0,5.5,0.912814,-2.99563,0.00236407,0.00236407,0.00236407,0.0880577,True,empty floor,sound_similarity,0,0.0666667,0.251411,0,0.0666667,0.0217513,0,0.0666667,0.13223,0,0.0666667,0.10022,0,0.0666667,0.160728,0,0.0666667,0.168142,0,0.0666667,0.132888,0,0.0666667,0.145598,0,0.0666667,0.207897,0.5,0.4,0
-0.25,5.5,1.08231,-2.99059,0.00236407,0.00236407,0.00236407,0.0880577,True,empty floor,sound_similarity,0,0.0666667,0.251411,0,0.0666667,0.0217513,0,0.0666667,0.13223,0,0.0666667,0.10022,0,0.0666667,0.160728,0,0.0666667,0.168142,0,0.0666667,0.132888,0,0.0666667,0.145598,0,0.0666667,0.207897,0.5,0.4,0
-0.5,5.5,1.2785,-2.93958,0.00236407,0.00236407,0.00236407,0.0880577,True,empty floor,sound_similarity,0,0.0666667,0.251411,0,0.0666667,0.0217513,0,0.0666667,0.13223,0,0.0666667,0.10022,0,0.0666667,0.160728,0,0.0666667,0.168142,0,0.0666667,0.132888,0,0.0666667,0.145598,0,0.0666667,0.207897,0.5,0.4,0
-0.75,5.5,1.49088,-2.76213,0.00236407,0.00236407,0.00236407,0.0880577,True,empty floor,sound_similarity,0,0.0666667,0.251411,0,0.0666667,0.0217513,0,0.0666667,0.13223,0,0.0666667,0.10022,0,0.0666667,0.160728,0,0.0666667,0.168142,0,0.0666667,0.132888,0,0.0666667,0.145598,0,0.0666667,0.207897,0.5,0.4,0
-1,5.5,1.71345,-2.45922,0.00236407,0.00236407,0.00236407,0.0880577,True,empty floor,sound_similarity,0,0.0666667,0.251411,0,0.0666667,0.0217513,0,0.0666667,0.13223,0,0.0666667,0.10022,0,0.0666667,0.160728,0,0.0666667,0.168142,0,0.0666667,0.132888,0,0.0666667,0.145598,0,0.0666667,0.207897,0.5,0.4,0
-1.25,5.5,1.94269,-2.12082,0.00236407,0.00236407,0.00236407,0.0880577,True,empty floor,sound_similarity,0,0.0666667,0.251411,0,0.0666667,0.0217513,0,0.0666667,0.13223,0,0.0666667,0.10022,0,0.0666667,0.160728,0,0.0666667,0.168142,0,0.0666667,0.132888,0,0.0666667,0.145598,0,0.0666667,0.207897,0.5,0.4,0
-1.5,5.5,2.17652,-1.81314,0.00236407,0.00236407,0.00236407,0.0880577,True,empty floor,sound_similarity,0,0.0666667,0.251411,0,0.0666667,0.0217513,0,0.0666667,0.13223,0,0.0666667,0.10022,0,0.0666667,0.160728,0,0.0666667,0.168142,0,0.0666667,0.132888,0,0.0666667,0.145598,0,0.0666667,0.207897,0.5,0.4,0
-2.25,5.5,2.89426,-1.17682,0.00236407,0.00236407,0.00236407,0.0880577,True,empty floor,sound_similarity,0,0.0666667,0.251411,0,0.0666667,0.0217513,0,0.0666667,0.13223,0,0.0666667,0.10022,0,0.0666667,0.160728,0,0.0666667,0.168142,0,0.0666667,0.132888,0,0.0666667,0.145598,0,0.0666667,0.207897,0.5,0.4,0
-0.5,5.25,1.43555,-2.99166,0.00236407,0.00236407,0.00236407,0.0880577,True,empty floor,sound_similarity,0,0.0666667,0.251411,0,0.0666667,0.0217513,0,0.0666667,0.13223,0,0.0666667,0.10022,0,0.0666667,0.160728,0,0.0666667,0.168142,0,0.0666667,0.132888,0,0.0666667,0.145598,0,0.0666667,0.207897,0.5,0.4,0
2,5.25,1.74761,-2.99573,0.00236407,0.00236407,0.00236407,0.0880577,True,empty floor,sound_similarity,0,0.0666667,0.251411,0,0.0666667,0.0217513,0,0.0666667,0.13223,0,0.0666667,0.10022,0,0.0666667,0.160728,0,0.0666667,0.168142,0,0.0666667,0.132888,0,0.0666667,0.145598,0,0.0666667,0.207897,0.5,0.4,0
1.75,5.25,1.54671,-2.99573,0.00236407,0.00236407,0.00236407,0.0880577,True,empty floor,sound_similarity,0,0.0666667,0.251411,0,0.0666667,0.0217513,0,0.0666667,0.13223,0,0.0666667,0.10022,0,0.0666667,0.160728,0,0.0666667,0.168142,0,0.0666667,0.132888,0,0.0666667,0.145598,0,0.0666667,0.207897,0.5,0.4,0
1.5,5.25,1.36216,-2.99573,0.00236407,0.00236407,0.00236407,0.0880577,True,empty floor,sound_similarity,0,0.0666667,0.251411,0,0.0666667,0.0217513,0,0.0666667,0.13223,0,0.0666667,0.10022,0,0.0666667,0.160728,0,0.0666667,0.168142,0,0.0666667,0.132888,0,0.0666667,0.145598,0,0.0666667,0.207897,0.5,0.4,0
1.25,5.25,1.20152,-2.99573,0.00236407,0.00236407,0.00236407,0.0880577,True,empty floor,sound_similarity,0,0.0666667,0.251411,0,0.0666667,0.0217513,0,0.0666667,0.13223,0,0.0666667,0.10022,0,0.0666667,0.160728,0,0.0666667,0.168142,0,0.0666667,0.132888,0,0.0666667,0.145598,0,0.0666667,0.207897,0.5,0.4,0
1,5.25,1.07555,-2.99573,0.00236407,0.00236407,0.00236407,0.0880577,True,empty floor,sound_similarity,0,0.0666667,0.251411,0,0.0666667,0.0217513,0,0.0666667,0.13223,0,0.0666667,0.10022,0,0.0666667,0.160728,0,0.0666667,0.168142,0,0.0666667,0.132888,0,0.0666667,0.145598,0,0.0666667,0.207897,0.5,0.4,0
0.75,5.25,0.997487,-2.99573,0.00236407,0.00236407,0.00236407,0.0880577,True,empty floor,sound_similarity,0,0.0666667,0.251411,0,0.0666667,0.0217513,0,0.0666667,0.13223,0,0.0666667,0.10022,0,0.0666667,0.160728,0,0.0666667,0.168142,0,0.0666667,0.132888,0,0.0666667,0.145598,0,0.0666667,0.207897,0.5,0.4,0
0.5,5.25,0.97885,-2.99573,0.00236407,0.00236407,0.00236407,0.0880577,True,empty floor,sound_similarity,0,0.0666667,0.251411,0,0.0666667,0.0217513,0,0.0666667,0.13223,0,0.0666667,0.10022,0,0.0666667,0.160728,0,0.0666667,0.168142,0,0.0666667,0.132888,0,0.0666667,0.145598,0,0.0666667,0.207897,0.5,0.4,0
0.25,5.25,1.02289,-2.99573,0.00236407,0.00236407,0.00236407,0.0880577,True,empty floor,sound_similarity,0,0.0666667,0.251411,0,0.0666667,0.0217513,0,0.0666667,0.13223,0,0.0666667,0.10022,0,0.0666667,0.160728,0,0.0666667,0.168142,0,0.0666667,0.132888,0,0.0666667,0.145598,0,0.0666667,0.207897,0.5,0.4,0
0,5.25,1.12227,-2.99573,0.00236407,0.00236407,0.00236407,0.0880577,True,empty floor,sound_similarity,0,0.0666667,0.251411,0,0.0666667,0.0217513,0,0.0666667,0.13223,0,0.0666667,0.10022,0,0.0666667,0.160728,0,0.0666667,0.168142,0,0.0666667,0.132888,0,0.0666667,0.145598,0,0.0666667,0.207897,0.5,0.4,0
-0.25,5.25,1.26398,-2.9955,0.00236407,0.00236407,0.00236407,0.0880577,True,empty floor,sound_similarity,0,0.0666667,0.251411,0,0.0666667,0.0217513,0,0.0666667,0.13223,0,0.0666667,0.10022,0,0.0666667,0.160728,0,0.0666667,0.168142,0,0.0666667,0.132888,0,0.0666667,0.145598,0,0.0666667,0.207897,0.5,0.4,0
0.75,6.25,0.199937,-2.99573,0.00236407,0.00236407,0.00236407,0.132087,False,tv,sound_similarity,0,0.1,0.251411,0,0.1,0.0217513,0,0.1,0.13223,0,0.1,0.10022,0,0.1,0.160728,0,0.1,0.168142,0,0.1,0.132888,0,0.1,0.145598,0,0.1,0.207897,0,0.1,0
1.25,6.25,0.699029,-2.99573,0.00236407,0.00236407,0.00236407,0.132087,False,tv,sound_similarity,0,0.1,0.251411,0,0.1,0.0217513,0,0.1,0.13223,0,0.1,0.10022,0,0.1,0.160728,0,0.1,0.168142,0,0.1,0.132888,0,0.1,0.145598,0,0.1,0.207897,0,0.1,0
0.5,4.75,1.47839,-2.99573,0.00236407,0.00236407,0.00236407,0.0880577,True,empty floor,sound_similarity,0,0.0666667,0.251411,0,0.0666667,0.0217513,0,0.0666667,0.13223,0,0.0666667,0.10022,0,0.0666667,0.160728,0,0.0666667,0.168142,0,0.0666667,0.132888,0,0.0666667,0.145598,0,0.0666667,0.207897,0.5,0.4,0
1.5,7,1.22341,-2.99573,0.00236407,0.00236407,0.00236407,0.132087,False,tv,sound_similarity,0,0.1,0.251411,0,0.1,0.0217513,0,0.1,0.13223,0,0.1,0.10022,0,0.1,0.160728,0,0.1,0.168142,0,0.1,0.132888,0,0.1,0.145598,0,0.1,0.207897,0,0.1,0
-1.5,7.5,2.41396,-2.50432,0.00236407,0.00236407,0.00236407,0.0880577,True,empty floor,sound_similarity,0,0.0666667,0.251411,0,0.0666667,0.0217513,0,0.0666667,0.13223,0,0.0666667,0.10022,0,0.0666667,0.160728,0,0.0666667,0.168142,0,0.0666667,0.132888,0,0.0666667,0.145598,0,0.0666667,0.207897,0.5,0.4,0
-1.75,7.5,2.62971,-2.20834,0.00236407,0.00236407,0.00236407,0.0880577,True,empty floor,sound_similarity,0,0.0666667,0.251411,0,0.0666667,0.0217513,0,0.0666667,0.13223,0,0.0666667,0.10022,0,0.0666667,0.160728,0,0.0666667,0.168142,0,0.0666667,0.132888,0,0.0666667,0.145598,0,0.0666667,0.207897,0.5,0.4,0
-2,7.5,2.85106,-1.913,0.00236407,0.00236407,0.00236407,0.0880577,True,empty floor,sound_similarity,0,0.0666667,0.251411,0,0.0666667,0.0217513,0,0.0666667,0.13223,0,0.0666667,0.10022,0,0.0666667,0.160728,0,0.0666667,0.168142,0,0.0666667,0.132888,0,0.0666667,0.145598,0,0.0666667,0.207897,0.5,0.4,0
-2.25,7.5,3.0768,-1.64506,0.00236407,0.00236407,0.00236407,0.0880577,True,empty floor,sound_similarity,0,0.0666667,0.251411,0,0.0666667,0.0217513,0,0.0666667,0.13223,0,0.0666667,0.10022,0,0.0666667,0.160728,0,0.0666667,0.168142,0,0.0666667,0.132888,0,0.0666667,0.145598,0,0.0666667,0.207897,0.5,0.4,0
2,7.25,1.77317,-2.99573,0.00236407,0.00236407,0.00236407,0.132087,False,tv,sound_similarity,0,0.1,0.251411,0,0.1,0.0217513,0,0.1,0.13223,0,0.1,0.10022,0,0.1,0.160728,0,0.1,0.168142,0,0.1,0.132888,0,0.1,0.145598,0,0.1,0.207897,0,0.1,0
1.75,7.25,1.57553,-2.99573,0.00236407,0.00236407,0.00236407,0.132087,False,tv,sound_similarity,0,0.1,0.251411,0,0.1,0.0217513,0,0.1,0.13223,0,0.1,0.10022,0,0.1,0.160728,0,0.1,0.168142,0,0.1,0.132888,0,0.1,0.145598,0,0.1,0.207897,0,0.1,0
1.5,7.25,1.3948,-2.99573,0.00236407,0.00236407,0.00236407,0.132087,False,tv,sound_similarity,0,0.1,0.251411,0,0.1,0.0217513,0,0.1,0.13223,0,0.1,0.10022,0,0.1,0.160728,0,0.1,0.168142,0,0.1,0.132888,0,0.1,0.145598,0,0.1,0.207897,0,0.1,0
1.25,7.25,1.2384,-2.99573,0.00236407,0.00236407,0.00236407,0.132087,False,tv,sound_similarity,0,0.1,0.251411,0,0.1,0.0217513,0,0.1,0.13223,0,0.1,0.10022,0,0.1,0.160728,0,0.1,0.168142,0,0.1,0.132888,0,0.1,0.145598,0,0.1,0.207897,0,0.1,0
1,7.25,1.1166,-2.99573,0.00236407,0.00236407,0.00236407,0.132087,False,tv,sound_similarity,0,0.1,0.251411,0,0.1,0.0217513,0,0.1,0.13223,0,0.1,0.10022,0,0.1,0.160728,0,0.1,0.168142,0,0.1,0.132888,0,0.1,0.145598,0,0.1,0.207897,0,0.1,0
0.75,7.25,1.04162,-2.99573,0.00236407,0.00236407,0.00236407,0.132087,False,tv,sound_similarity,0,0.1,0.251411,0,0.1,0.0217513,0,0.1,0.13223,0,0.1,0.10022,0,0.1,0.160728,0,0.1,0.168142,0,0.1,0.132888,0,0.1,0.145598,0,0.1,0.207897,0,0.1,0
0.5,7.25,1.02378,-2.99573,0.00236407,0.00236407,0.00236407,0.132087,False,tv,sound_similarity,0,0.1,0.251411,0,0.1,0.0217513,0,0.1,0.13223,0,0.1,0.10022,0,0.1,0.160728,0,0.1,0.168142,0,0.1,0.132888,0,0.1,0.145598,0,0.1,0.207897,0,0.1,0
0.25,7.25,1.06597,-2.99573,0.00236407,0.00236407,0.00236407,0.132087,False,tv,sound_similarity,0,0.1,0.251411,0,0.1,0.0217513,0,0.1,0.13223,0,0.1,0.10022,0,0.1,0.160728,0,0.1,0.168142,0,0.1,0.132888,0,0.1,0.145598,0,0.1,0.207897,0,0.1,0
0,7.25,1.16167,-2.9957,0.00236407,0.00236407,0.00236407,0.132087,False,tv,sound_similarity,0,0.1,0.251411,0,0.1,0.0217513,0,0.1,0.13223,0,0.1,0.10022,0,0.1,0.160728,0,0.1,0.168142,0,0.1,0.132888,0,0.1,0.145598,0,0.1,0.207897,0,0.1,0
-0.25,7.25,1.29909,-2.99422,0.00236407,0.00236407,0.00236407,0.132087,False,tv,sound_similarity,0,0.1,0.251411,0,0.1,0.0217513,0,0.1,0.13223,0,0.1,0.10022,0,0.1,0.160728,0,0.1,0.168142,0,0.1,0.132888,0,0.1,0.145598,0,0.1,0.207897,0,0.1,0
-0.5,7.25,1.46656,-2.97507,0.00236407,0.00236407,0.00236407,0.0880577,True,empty floor,sound_similarity,0,0.0666667,0.251411,0,0.0666667,0.0217513,0,0.0666667,0.13223,0,0.0666667,0.10022,0,0.0666667,0.160728,0,0.0666667,0.168142,0,0.0666667,0.132888,0,0.0666667,0.145598,0,0.0666667,0.207897,0.5,0.4,0
-0.75,7.25,1.65498,-2.87702,0.00236407,0.00236407,0.00236407,0.0880577,True,empty floor,sound_similarity,0,0.0666667,0.251411,0,0.0666667,0.0217513,0,0.0666667,0.13223,0,0.0666667,0.10022,0,0.0666667,0.160728,0,0.0666667,0.168142,0,0.0666667,0.132888,0,0.0666667,0.145598,0,0.0666667,0.207897,0.5,0.4,0
-1,7.25,1.85799,-2.63364,0.00236407,0.00236407,0.00236407,0.0880577,True,empty floor,sound_similarity,0,0.0666667,0.251411,0,0.0666667,0.0217513,0,0.0666667,0.13223,0,0.0666667,0.10022,0,0.0666667,0.160728,0,0.0666667,0.168142,0,0.0666667,0.132888,0,0.0666667,0.145598,0,0.0666667,0.207897,0.5,0.4,0
-1.25,7.25,2.0713,-2.28031,0.00236407,0.00236407,0.00236407,0.0880577,True,empty floor,sound_similarity,0,0.0666667,0.251411,0,0.0666667,0.0217513,0,0.0666667,0.13223,0,0.0666667,0.10022,0,0.0666667,0.160728,0,0.0666667,0.168142,0,0.0666667,0.132888,0,0.0666667,0.145598,0,0.0666667,0.207897,0.5,0.4,0
-1.5,7.25,2.29204,-1.91124,0.00236407,0.00236407,0.00236407,0.0880577,True,empty floor,sound_similarity,0,0.0666667,0.251411,0,0.0666667,0.0217513,0,0.0666667,0.13223,0,0.0666667,0.10022,0,0.0666667,0.160728,0,0.0666667,0.168142,0,0.0666667,0.132888,0,0.0666667,0.145598,0,0.0666667,0.207897,0.5,0.4,0
-1.75,7.25,2.51826,-1.58345,0.00236407,0.00236407,0.00236407,0.0880577,True,empty floor,sound_similarity,0,0.0666667,0.251411,0,0.0666667,0.0217513,0,0.0666667,0.13223,0,0.0666667,0.10022,0,0.0666667,0.160728,0,0.0666667,0.168142,0,0.0666667,0.132888,0,0.0666667,0.145598,0,0.0666667,0.207897,0.5,0.4,0
-2,7.25,2.7486,-1.31148,0.00236407,0.00236407,0.00236407,0.0880577,True,empty floor,sound_similarity,0,0.0666667,0.251411,0,0.0666667,0.0217513,0,0.0666667,0.13223,0,0.0666667,0.10022,0,0.0666667,0.160728,0,0.0666667,0.168142,0,0.0666667,0.132888,0,0.0666667,0.145598,0,0.0666667,0.207897,0.5,0.4,0
-2.25,7.25,2.98211,-1.09129,0.00236407,0.00236407,0.00236407,0.0880577,True,empty floor,sound_similarity,0,0.0666667,0.251411,0,0.0666667,0.0217513,0,0.0666667,0.13223,0,0.0666667,0.10022,0,0.0666667,0.160728,0,0.0666667,0.168142,0,0.0666667,0.132888,0,0.0666667,0.145598,0,0.0666667,0.207897,0.5,0.4,0
2,7,1.64176,-2.99573,0.00236407,0.00236407,0.00236407,0.132087,False,tv,sound_similarity,0,0.1,0.251411,0,0.1,0.0217513,0,0.1,0.13223,0,0.1,0.10022,0,0.1,0.160728,0,0.1,0.168142,0,0.1,0.132888,0,0.1,0.145598,0,0.1,0.207897,0,0.1,0
-1.25,7.5,2.20546,-2.75293,0.00236407,0.00236407,0.00236407,0.0880577,True,empty floor,sound_similarity,0,0.0666667,0.251411,0,0.0666667,0.0217513,0,0.0666667,0.13223,0,0.0666667,0.10022,0,0.0666667,0.160728,0,0.0666667,0.168142,0,0.0666667,0.132888,0,0.0666667,0.145598,0,0.0666667,0.207897,0.5,0.4,0
-0.75,7.5,1.82009,-2.97606,0.00236407,0.00236407,0.00236407,0.132087,False,tv,sound_similarity,0,0.1,0.251411,0,0.1,0.0217513,0,0.1,0.13223,0,0.1,0.10022,0,0.1,0.160728,0,0.1,0.168142,0,0.1,0.132888,0,0.1,0.145598,0,0.1,0.207897,0,0.1,0
0.25,7.5,1.30769,-2.99573,0.00236407,0.00236407,0.00236407,0.132087,False,tv,sound_similarity,0,0.1,0.251411,0,0.1,0.0217513,0,0.1,0.13223,0,0.1,0.10022,0,0.1,0.160728,0,0.1,0.168142,0,0.1,0.132888,0,0.1,0.145598,0,0.1,0.207897,0,0.1,0
-0.75,7.75,2.00286,-2.99214,0.00236407,0.00236407,0.00236407,0.132087,False,tv,sound_similarity,0,0.1,0.251411,0,0.1,0.0217513,0,0.1,0.13223,0,0.1,0.10022,0,0.1,0.160728,0,0.1,0.168142,0,0.1,0.132888,0,0.1,0.145598,0,0.1,0.207897,0,0.1,0
1.75,7.75,1.93773,-2.99573,0.00236407,0.00236407,0.00236407,0.132087,False,tv,sound_similarity,0,0.1,0.251411,0,0.1,0.0217513,0,0.1,0.13223,0,0.1,0.10022,0,0.1,0.160728,0,0.1,0.168142,0,0.1,0.132888,0,0.1,0.145598,0,0.1,0.207897,0,0.1,0
1.5,7.75,1.79387,-2.99573,0.00236407,0.00236407,0.00236407,0.132087,False,tv,sound_similarity,0,0.1,0.251411,0,0.1,0.0217513,0,0.1,0.13223,0,0.1,0.10022,0,0.1,0.160728,0,0.1,0.168142,0,0.1,0.132888,0,0.1,0.145598,0,0.1,0.207897,0,0.1,0
1.25,7.75,1.67515,-2.99573,0.00236407,0.00236407,0.00236407,0.132087,False,tv,sound_similarity,0,0.1,0.251411,0,0.1,0.0217513,0,0.1,0.13223,0,0.1,0.10022,0,0.1,0.160728,0,0.1,0.168142,0,0.1,0.132888,0,0.1,0.145598,0,0.1,0.207897,0,0.1,0
1,7.75,1.58723,-2.99573,0.00236407,0.00236407,0.00236407,0.132087,False,tv,sound_similarity,0,0.1,0.251411,0,0.1,0.0217513,0,0.1,0.13223,0,0.1,0.10022,0,0.1,0.160728,0,0.1,0.168142,0,0.1,0.132888,0,0.1,0.145598,0,0.1,0.207897,0,0.1,0
0.75,7.75,1.5354,-2.99573,0.00236407,0.00236407,0.00236407,0.132087,False,tv,sound_similarity,0,0.1,0.251411,0,0.1,0.0217513,0,0.1,0.13223,0,0.1,0.10022,0,0.1,0.160728,0,0.1,0.168142,0,0.1,0.132888,0,0.1,0.145598,0,0.1,0.207897,0,0.1,0
0.5,7.75,1.52336,-2.99573,0.00236407,0.00236407,0.00236407,0.132087,False,tv,sound_similarity,0,0.1,0.251411,0,0.1,0.0217513,0,0.1,0.13223,0,0.1,0.10022,0,0.1,0.160728,0,0.1,0.168142,0,0.1,0.132888,0,0.1,0.145598,0,0.1,0.207897,0,0.1,0
0.25,7.75,1.55203,-2.99573,0.00236407,0.00236407,0.00236407,0.132087,False,tv,sound_similarity,0,0.1,0.251411,0,0.1,0.0217513,0,0.1,0.13223,0,0.1,0.10022,0,0.1,0.160728,0,0.1,0.168142,0,0.1,0.132888,0,0.1,0.145598,0,0.1,0.207897,0,0.1,0
0,7.75,1.61925,-2.99573,0.00236407,0.00236407,0.00236407,0.132087,False,tv,sound_similarity,0,0.1,0.251411,0,0.1,0.0217513,0,0.1,0.13223,0,0.1,0.10022,0,0.1,0.160728,0,0.1,0.168142,0,0.1,0.132888,0,0.1,0.145598,0,0.1,0.207897,0,0.1,0
-0.25,7.75,1.7205,-2.99571,0.00236407,0.00236407,0.00236407,0.132087,False,tv,sound_similarity,0,0.1,0.251411,0,0.1,0.0217513,0,0.1,0.13223,0,0.1,0.10022,0,0.1,0.160728,0,0.1,0.168142,0,0.1,0.132888,0,0.1,0.145598,0,0.1,0.207897,0,0.1,0
-0.5,7.75,1.85022,-2.99532,0.00236407,0.00236407,0.00236407,0.132087,False,tv,sound_similarity,0,0.1,0.251411,0,0.1,0.0217513,0,0.1,0.13223,0,0.1,0.10022,0,0.1,0.160728,0,0.1,0.168142,0,0.1,0.132888,0,0.1,0.145598,0,0.1,0.207897,0,0.1,0
-1,7.75,2.17362,-2.97669,0.00236407,0.00236407,0.00236407,0.132087,False,tv,sound_similarity,0,0.1,0.251411,0,0.1,0.0217513,0,0.1,0.13223,0,0.1,0.10022,0,0.1,0.160728,0,0.1,0.168142,0,0.1,0.132888,0,0.1,0.145598,0,0.1,0.207897,0,0.1,0
0.5,7.5,1.27353,-2.99573,0.00236407,0.00236407,0.00236407,0.132087,False,tv,sound_similarity,0,0.1,0.251411,0,0.1,0.0217513,0,0.1,0.13223,0,0.1,0.10022,0,0.1,0.160728,0,0.1,0.168142,0,0.1,0.132888,0,0.1,0.145598,0,0.1,0.207897,0,0.1,0
-1.25,7.75,2.35856,-2.92764,0.00236407,0.00236407,0.00236407,0.132087,False,tv,sound_similarity,0,0.1,0.251411,0,0.1,0.0217513,0,0.1,0.13223,0,0.1,0.10022,0,0.1,0.160728,0,0.1,0.168142,0,0.1,0.132888,0,0.1,0.145598,0,0.1,0.207897,0,0.1,0
-1.5,7.75,2.5546,-2.81895,0.00236407,0.00236407,0.00236407,0.0880577,True,empty floor,sound_similarity,0,0.0666667,0.251411,0,0.0666667,0.0217513,0,0.0666667,0.13223,0,0.0666667,0.10022,0,0.0666667,0.160728,0,0.0666667,0.168142,0,0.0666667,0.132888,0,0.0666667,0.145598,0,0.0666667,0.207897,0.5,0.4,0
-1.75,7.75,2.75937,-2.64085,0.00236407,0.00236407,0.00236407,0.0880577,True,empty floor,sound_similarity,0,0.0666667,0.251411,0,0.0666667,0.0217513,0,0.0666667,0.13223,0,0.0666667,0.10022,0,0.0666667,0.160728,0,0.0666667,0.168142,0,0.0666667,0.132888,0,0.0666667,0.145598,0,0.0666667,0.207897,0.5,0.4,0
-2.25,7.75,3.18833,-2.16005,0.00236407,0.00236407,0.00236407,0.0880577,True,empty floor,sound_similarity,0,0.0666667,0.251411,0,0.0666667,0.0217513,0,0.0666667,0.13223,0,0.0666667,0.10022,0,0.0666667,0.160728,0,0.0666667,0.168142,0,0.0666667,0.132888,0,0.0666667,0.145598,0,0.0666667,0.207897,0.5,0.4,0
2,7.5,1.92818,-2.99573,0.00236407,0.00236407,0.00236407,0.132087,False,tv,sound_similarity,0,0.1,0.251411,0,0.1,0.0217513,0,0.1,0.13223,0,0.1,0.10022,0,0.1,0.160728,0,0.1,0.168142,0,0.1,0.132888,0,0.1,0.145598,0,0.1,0.207897,0,0.1,0
1.75,7.5,1.74816,-2.99573,0.00236407,0.00236407,0.00236407,0.132087,False,tv,sound_similarity,0,0.1,0.251411,0,0.1,0.0217513,0,0.1,0.13223,0,0.1,0.10022,0,0.1,0.160728,0,0.1,0.168142,0,0.1,0.132888,0,0.1,0.145598,0,0.1,0.207897,0,0.1,0
1.5,7.5,1.5872,-2.99573,0.00236407,0.00236407,0.00236407,0.132087,False,tv,sound_similarity,0,0.1,0.251411,0,0.1,0.0217513,0,0.1,0.13223,0,0.1,0.10022,0,0.1,0.160728,0,0.1,0.168142,0,0.1,0.132888,0,0.1,0.145598,0,0.1,0.207897,0,0.1,0
1.25,7.5,1.45168,-2.99573,0.00236407,0.00236407,0.00236407,0.132087,False,tv,sound_similarity,0,0.1,0.251411,0,0.1,0.0217513,0,0.1,0.13223,0,0.1,0.10022,0,0.1,0.160728,0,0.1,0.168142,0,0.1,0.132888,0,0.1,0.145598,0,0.1,0.207897,0,0.1,0
1,7.5,1.34928,-2.99573,0.00236407,0.00236407,0.00236407,0.132087,False,tv,sound_similarity,0,0.1,0.251411,0,0.1,0.0217513,0,0.1,0.13223,0,0.1,0.10022,0,0.1,0.160728,0,0.1,0.168142,0,0.1,0.132888,0,0.1,0.145598,0,0.1,0.207897,0,0.1,0
0.75,7.5,1.28791,-2.99573,0.00236407,0.00236407,0.00236407,0.132087,False,tv,sound_similarity,0,0.1,0.251411,0,0.1,0.0217513,0,0.1,0.13223,0,0.1,0.10022,0,0.1,0.160728,0,0.1,0.168142,0,0.1,0.132888,0,0.1,0.145598,0,0.1,0.207897,0,0.1,0
1.75,7,1.42603,-2.99573,0.00236407,0.00236407,0.00236407,0.132087,False,tv,sound_similarity,0,0.1,0.251411,0,0.1,0.0217513,0,0.1,0.13223,0,0.1,0.10022,0,0.1,0.160728,0,0.1,0.168142,0,0.1,0.132888,0,0.1,0.145598,0,0.1,0.207897,0,0.1,0
1.25,7,1.04158,-2.99573,0.00236407,0.00236407,0.00236407,0.132087,False,tv,sound_similarity,0,0.1,0.251411,0,0.1,0.0217513,0,0.1,0.13223,0,0.1,0.10022,0,0.1,0.160728,0,0.1,0.168142,0,0.1,0.132888,0,0.1,0.145598,0,0.1,0.207897,0,0.1,0
1.5,6.25,0.948934,-2.99573,0.00236407,0.00236407,0.00236407,0.132087,False,tv,sound_similarity,0,0.1,0.251411,0,0.1,0.0217513,0,0.1,0.13223,0,0.1,0.10022,0,0.1,0.160728,0,0.1,0.168142,0,0.1,0.132888,0,0.1,0.145598,0,0.1,0.207897,0,0.1,0
1,7,0.893338,-2.99573,0.00236407,0.00236407,0.00236407,0.132087,False,tv,sound_similarity,0,0.1,0.251411,0,0.1,0.0217513,0,0.1,0.13223,0,0.1,0.10022,0,0.1,0.160728,0,0.1,0.168142,0,0.1,0.132888,0,0.1,0.145598,0,0.1,0.207897,0,0.1,0
-1.5,6.75,2.11683,-0.491574,0.00236407,0.00236407,0.00236407,0.0880577,True,empty floor,sound_similarity,0,0.0666667,0.251411,0,0.0666667,0.0217513,0,0.0666667,0.13223,0,0.0666667,0.10022,0,0.0666667,0.160728,0,0.0666667,0.168142,0,0.0666667,0.132888,0,0.0666667,0.145598,0,0.0666667,0.207897,0.5,0.4,0
-1.75,6.75,2.3599,-0.370653,0.00236407,0.00236407,0.00236407,0.0880577,True,empty floor,sound_similarity,0,0.0666667,0.251411,0,0.0666667,0.0217513,0,0.0666667,0.13223,0,0.0666667,0.10022,0,0.0666667,0.160728,0,0.0666667,0.168142,0,0.0666667,0.132888,0,0.0666667,0.145598,0,0.0666667,0.207897,0.5,0.4,0
-2.25,6.75,2.84964,-0.22121,0.00236407,0.00236407,0.00236407,0.0880577,True,empty floor,sound_similarity,0,0.0666667,0.251411,0,0.0666667,0.0217513,0,0.0666667,0.13223,0,0.0666667,0.10022,0,0.0666667,0.160728,0,0.0666667,0.168142,0,0.0666667,0.132888,0,0.0666667,0.145598,0,0.0666667,0.207897,0.5,0.4,0
2,6.5,1.47407,-2.99573,0.00236407,0.00236407,0.00236407,0.132087,False,tv,sound_similarity,0,0.1,0.251411,0,0.1,0.0217513,0,0.1,0.13223,0,0.1,0.10022,0,0.1,0.160728,0,0.1,0.168142,0,0.1,0.132888,0,0.1,0.145598,0,0.1,0.207897,0,0.1,0
1.75,6.5,1.22925,-2.99573,0.00236407,0.00236407,0.00236407,0.132087,False,tv,sound_similarity,0,0.1,0.251411,0,0.1,0.0217513,0,0.1,0.13223,0,0.1,0.10022,0,0.1,0.160728,0,0.1,0.168142,0,0.1,0.132888,0,0.1,0.145598,0,0.1,0.207897,0,0.1,0
1.5,6.5,0.987028,-2.99573,0.00236407,0.00236407,0.00236407,0.132087,False,tv,sound_similarity,0,0.1,0.251411,0,0.1,0.0217513,0,0.1,0.13223,0,0.1,0.10022,0,0.1,0.160728,0,0.1,0.168142,0,0.1,0.132888,0,0.1,0.145598,0,0.1,0.207897,0,0.1,0
1.25,6.5,0.749927,-2.99573,0.00236407,0.00236407,0.00236407,0.132087,False,tv,sound_similarity,0,0.1,0.251411,0,0.1,0.0217513,0,0.1,0.13223,0,0.1,0.10022,0,0.1,0.160728,0,0.1,0.168142,0,0.1,0.132888,0,0.1,0.145598,0,0.1,0.207897,0,0.1,0
1,6.5,0.524935,-2.99573,0.00236407,0.00236407,0.00236407,0.132087,False,tv,sound_similarity,0,0.1,0.251411,0,0.1,0.0217513,0,0.1,0.13223,0,0.1,0.10022,0,0.1,0.160728,0,0.1,0.168142,0,0.1,0.132888,0,0.1,0.145598,0,0.1,0.207897,0,0.1,0
0.75,6.5,0.337229,-2.99573,0.00236407,0.00236407,0.00236407,0.132087,False,tv,sound_similarity,0,0.1,0.251411,0,0.1,0.0217513,0,0.1,0.13223,0,0.1,0.10022,0,0.1,0.160728,0,0.1,0.168142,0,0.1,0.132888,0,0.1,0.145598,0,0.1,0.207897,0,0.1,0
0.5,6.5,0.27729,-2.99573,0.00236407,0.00236407,0.00236407,0.132087,False,tv,sound_similarity,0,0.1,0.251411,0,0.1,0.0217513,0,0.1,0.13223,0,0.1,0.10022,0,0.1,0.160728,0,0.1,0.168142,0,0.1,0.132888,0,0.1,0.145598,0,0.1,0.207897,0,0.1,0
0.25,6.5,0.406271,-2.95668,0.00236407,0.00236407,0.00236407,0.0880577,True,empty floor,sound_similarity,0,0.0666667,0.251411,0,0.0666667,0.0217513,0,0.0666667,0.13223,0,0.0666667,0.10022,0,0.0666667,0.160728,0,0.0666667,0.168142,0,0.0666667,0.132888,0,0.0666667,0.145598,0,0.0666667,0.207897,0.5,0.4,0
0,6.5,0.614998,-1.88668,0.00236407,0.00236407,0.00236407,0.0880577,True,empty floor,sound_similarity,0,0.0666667,0.251411,0,0.0666667,0.0217513,0,0.0666667,0.13223,0,0.0666667,0.10022,0,0.0666667,0.160728,0,0.0666667,0.168142,0,0.0666667,0.132888,0,0.0666667,0.145598,0,0.0666667,0.207897,0.5,0.4,0
-0.25,6.5,0.846398,-0.942802,0.00236407,0.00236407,0.00236407,0.0880577,True,empty floor,sound_similarity,0,0.0666667,0.251411,0,0.0666667,0.0217513,0,0.0666667,0.13223,0,0.0666667,0.10022,0,0.0666667,0.160728,0,0.0666667,0.168142,0,0.0666667,0.132888,0,0.0666667,0.145598,0,0.0666667,0.207897,0.5,0.4,0
-0.5,6.5,1.08607,-0.512481,0.00236407,0.00236407,0.00236407,0.0880577,True,empty floor,sound_similarity,0,0.0666667,0.251411,0,0.0666667,0.0217513,0,0.0666667,0.13223,0,0.0666667,0.10022,0,0.0666667,0.160728,0,0.0666667,0.168142,0,0.0666667,0.132888,0,0.0666667,0.145598,0,0.0666667,0.207897,0.5,0.4,0
-0.75,6.5,1.32956,-0.301361,0.00236407,0.00236407,0.00236407,0.0880577,True,empty floor,sound_similarity,0,0.0666667,0.251411,0,0.0666667,0.0217513,0,0.0666667,0.13223,0,0.0666667,0.10022,0,0.0666667,0.160728,0,0.0666667,0.168142,0,0.0666667,0.132888,0,0.0666667,0.145598,0,0.0666667,0.207897,0.5,0.4,0
-1,6.5,1.57508,-0.18717,0.00236407,0.00236407,0.00236407,0.0880577,True,empty floor,sound_similarity,0,0.0666667,0.251411,0,0.0666667,0.0217513,0,0.0666667,0.13223,0,0.0666667,0.10022,0,0.0666667,0.160728,0,0.0666667,0.168142,0,0.0666667,0.132888,0,0.0666667,0.145598,0,0.0666667,0.207897,0.5,0.4,0
-1.25,6.5,1.82183,-0.120607,0.00236407,0.00236407,0.00236407,0.0880577,True,empty floor,sound_similarity,0,0.0666667,0.251411,0,0.0666667,0.0217513,0,0.0666667,0.13223,0,0.0666667,0.10022,0,0.0666667,0.160728,0,0.0666667,0.168142,0,0.0666667,0.132888,0,0.0666667,0.145598,0,0.0666667,0.207897,0.5,0.4,0
-1.5,6.5,2.06935,-0.0796005,0.00236407,0.00236407,0.00236407,0.0880577,True,empty floor,sound_similarity,0,0.0666667,0.251411,0,0.0666667,0.0217513,0,0.0666667,0.13223,0,0.0666667,0.10022,0,0.0666667,0.160728,0,0.0666667,0.168142,0,0.0666667,0.132888,0,0.0666667,0.145598,0,0.0666667,0.207897,0.5,0.4,0
-1.75,6.5,2.31741,-0.0532816,0.00236407,0.00236407,0.00236407,0.0880577,True,empty floor,sound_similarity,0,0.0666667,0.251411,0,0.0666667,0.0217513,0,0.0666667,0.13223,0,0.0666667,0.10022,0,0.0666667,0.160728,0,0.0666667,0.168142,0,0.0666667,0.132888,0,0.0666667,0.145598,0,0.0666667,0.207897,0.5,0.4,0
-2,6.5,2.56584,-0.0358734,0.00236407,0.00236407,0.00236407,0.0880577,True,empty floor,sound_similarity,0,0.0666667,0.251411,0,0.0666667,0.0217513,0,0.0666667,0.13223,0,0.0666667,0.10022,0,0.0666667,0.160728,0,0.0666667,0.168142,0,0.0666667,0.132888,0,0.0666667,0.145598,0,0.0666667,0.207897,0.5,0.4,0
-2.25,6.5,2.81456,-0.0241086,0.00236407,0.00236407,0.00236407,0.0880577,True,empty floor,sound_similarity,0,0.0666667,0.251411,0,0.0666667,0.0217513,0,0.0666667,0.13223,0,0.0666667,0.10022,0,0.0666667,0.160728,0,0.0666667,0.168142,0,0.0666667,0.132888,0,0.0666667,0.145598,0,0.0666667,0.207897,0.5,0.4,0
2,6.25,1.44884,-2.99573,0.00236407,0.00236407,0.00236407,0.132087,False,tv,sound_similarity,0,0.1,0.251411,0,0.1,0.0217513,0,0.1,0.13223,0,0.1,0.10022,0,0.1,0.160728,0,0.1,0.168142,0,0.1,0.132888,0,0.1,0.145598,0,0.1,0.207897,0,0.1,0
1.75,6.25,1.19888,-2.99573,0.00236407,0.00236407,0.00236407,0.132087,False,tv,sound_similarity,0,0.1,0.251411,0,0.1,0.0217513,0,0.1,0.13223,0,0.1,0.10022,0,0.1,0.160728,0,0.1,0.168142,0,0.1,0.132888,0,0.1,0.145598,0,0.1,0.207897,0,0.1,0
-1.25,6.75,1.87558,-0.665686,0.00236407,0.00236407,0.00236407,0.0880577,True,empty floor,sound_similarity,0,0.0666667,0.251411,0,0.0666667,0.0217513,0,0.0666667,0.13223,0,0.0666667,0.10022,0,0.0666667,0.160728,0,0.0666667,0.168142,0,0.0666667,0.132888,0,0.0666667,0.145598,0,0.0666667,0.207897,0.5,0.4,0
-1,6.75,1.63696,-0.923887,0.00236407,0.00236407,0.00236407,0.0880577,True,empty floor,sound_similarity,0,0.0666667,0.251411,0,0.0666667,0.0217513,0,0.0666667,0.13223,0,0.0666667,0.10022,0,0.0666667,0.160728,0,0.0666667,0.168142,0,0.0666667,0.132888,0,0.0666667,0.145598,0,0.0666667,0.207897,0.5,0.4,0
-0.75,6.75,1.40231,-1.31609,0.00236407,0.00236407,0.00236407,0.0880577,True,empty floor,sound_similarity,0,0.0666667,0.251411,0,0.0666667,0.0217513,0,0.0666667,0.13223,0,0.0666667,0.10022,0,0.0666667,0.160728,0,0.0666667,0.168142,0,0.0666667,0.132888,0,0.0666667,0.145598,0,0.0666667,0.207897,0.5,0.4,0
-1.75,7,2.42753,-0.917326,0.00236407,0.00236407,0.00236407,0.0880577,True,empty floor,sound_similarity,0,0.0666667,0.251411,0,0.0666667,0.0217513,0,0.0666667,0.13223,0,0.0666667,0.10022,0,0.0666667,0.160728,0,0.0666667,0.168142,0,0.0666667,0.132888,0,0.0666667,0.145598,0,0.0666667,0.207897,0.5,0.4,0
0.75,7,0.797634,-2.99573,0.00236407,0.00236407,0.00236407,0.132087,False,tv,sound_similarity,0,0.1,0.251411,0,0.1,0.0217513,0,0.1,0.13223,0,0.1,0.10022,0,0.1,0.160728,0,0.1,0.168142,0,0.1,0.132888,0,0.1,0.145598,0,0.1,0.207897,0,0.1,0
0.5,7,0.774201,-2.99573,0.00236407,0.00236407,0.00236407,0.132087,False,tv,sound_similarity,0,0.1,0.251411,0,0.1,0.0217513,0,0.1,0.13223,0,0.1,0.10022,0,0.1,0.160728,0,0.1,0.168142,0,0.1,0.132888,0,0.1,0.145598,0,0.1,0.207897,0,0.1,0
0.25,7,0.829188,-2.99573,0.00236407,0.00236407,0.00236407,0.132087,False,tv,sound_similarity,0,0.1,0.251411,0,0.1,0.0217513,0,0.1,0.13223,0,0.1,0.10022,0,0.1,0.160728,0,0.1,0.168142,0,0.1,0.132888,0,0.1,0.145598,0,0.1,0.207897,0,0.1,0
0,7,0.949063,-2.99515,0.00236407,0.00236407,0.00236407,0.132087,False,tv,sound_similarity,0,0.1,0.251411,0,0.1,0.0217513,0,0.1,0.13223,0,0.1,0.10022,0,0.1,0.160728,0,0.1,0.168142,0,0.1,0.132888,0,0.1,0.145598,0,0.1,0.207897,0,0.1,0
-0.25,7,1.11305,-2.97337,0.00236407,0.00236407,0.00236407,0.0880577,True,empty floor,sound_similarity,0,0.0666667,0.251411,0,0.0666667,0.0217513,0,0.0666667,0.13223,0,0.0666667,0.10022,0,0.0666667,0.160728,0,0.0666667,0.168142,0,0.0666667,0.132888,0,0.0666667,0.145598,0,0.0666667,0.207897,0.5,0.4,0
-0.5,7,1.30463,-2.80676,0.00236407,0.00236407,0.00236407,0.0880577,True,empty floor,sound_similarity,0,0.0666667,0.251411,0,0.0666667,0.0217513,0,0.0666667,0.13223,0,0.0666667,0.10022,0,0.0666667,0.160728,0,0.0666667,0.168142,0,0.0666667,0.132888,0,0.0666667,0.145598,0,0.0666667,0.207897,0.5,0.4,0
-0.75,7,1.51335,-2.39766,0.00236407,0.00236407,0.00236407,0.0880577,True,empty floor,sound_similarity,0,0.0666667,0.251411,0,0.0666667,0.0217513,0,0.0666667,0.13223,0,0.0666667,0.10022,0,0.0666667,0.160728,0,0.0666667,0.168142,0,0.0666667,0.132888,0,0.0666667,0.145598,0,0.0666667,0.207897,0.5,0.4,0
-1,7,1.73303,-1.90834,0.00236407,0.00236407,0.00236407,0.0880577,True,empty floor,sound_similarity,0,0.0666667,0.251411,0,0.0666667,0.0217513,0,0.0666667,0.13223,0,0.0666667,0.10022,0,0.0666667,0.160728,0,0.0666667,0.168142,0,0.0666667,0.132888,0,0.0666667,0.145598,0,0.0666667,0.207897,0.5,0.4,0
-1.25,7,1.95999,-1.48702,0.00236407,0.00236407,0.00236407,0.0880577,True,empty floor,sound_similarity,0,0.0666667,0.251411,0,0.0666667,0.0217513,0,0.0666667,0.13223,0,0.0666667,0.10022,0,0.0666667,0.160728,0,0.0666667,0.168142,0,0.0666667,0.132888,0,0.0666667,0.145598,0,0.0666667,0.207897,0.5,0.4,0
-1.5,7,2.19197,-1.16184,0.00236407,0.00236407,0.00236407,0.0880577,True,empty floor,sound_similarity,0,0.0666667,0.251411,0,0.0666667,0.0217513,0,0.0666667,0.13223,0,0.0666667,0.10022,0,0.0666667,0.160728,0,0.0666667,0.168142,0,0.0666667,0.132888,0,0.0666667,0.145598,0,0.0666667,0.207897,0.5,0.4,0
-2,7,2.66572,-0.733109,0.00236407,0.00236407,0.00236407,0.169992,True,clock,sound_similarity,0,0.05,0.251411,0,0.05,0.0217513,0,0.05,0.13223,0,0.05,0.10022,0,0.05,0.160728,0,0.05,0.168142,0,0.05,0.132888,0,0.05,0.145598,1,0.55,0.207897,0,0.05,0
-0.5,6.75,1.17401,-1.90268,0.00236407,0.00236407,0.00236407,0.0880577,True,empty floor,sound_similarity,0,0.0666667,0.251411,0,0.0666667,0.0217513,0,0.0666667,0.13223,0,0.0666667,0.10022,0,0.0666667,0.160728,0,0.0666667,0.168142,0,0.0666667,0.132888,0,0.0666667,0.145598,0,0.0666667,0.207897,0.5,0.4,0
-2.25,7,2.90589,-0.592787,0.00236407,0.00236407,0.00236407,0.0880577,True,empty floor,sound_similarity,0,0.0666667,0.251411,0,0.0666667,0.0217513,0,0.0666667,0.13223,0,0.0666667,0.10022,0,0.0666667,0.160728,0,0.0666667,0.168142,0,0.0666667,0.132888,0,0.0666667,0.145598,0,0.0666667,0.207897,0.5,0.4,0
2,6.75,1.54001,-2.99573,0.00236407,0.00236407,0.00236407,0.132087,False,tv,sound_similarity,0,0.1,0.251411,0,0.1,0.0217513,0,0.1,0.13223,0,0.1,0.10022,0,0.1,0.160728,0,0.1,0.168142,0,0.1,0.132888,0,0.1,0.145598,0,0.1,0.207897,0,0.1,0
1.75,6.75,1.3076,-2.99573,0.00236407,0.00236407,0.00236407,0.132087,False,tv,sound_similarity,0,0.1,0.251411,0,0.1,0.0217513,0,0.1,0.13223,0,0.1,0.10022,0,0.1,0.160728,0,0.1,0.168142,0,0.1,0.132888,0,0.1,0.145598,0,0.1,0.207897,0,0.1,0
1.5,6.75,1.08304,-2.99573,0.00236407,0.00236407,0.00236407,0.132087,False,tv,sound_similarity,0,0.1,0.251411,0,0.1,0.0217513,0,0.1,0.13223,0,0.1,0.10022,0,0.1,0.160728,0,0.1,0.168142,0,0.1,0.132888,0,0.1,0.145598,0,0.1,0.207897,0,0.1,0
1,6.75,0.688698,-2.99573,0.00236407,0.00236407,0.00236407,0.132087,False,tv,sound_similarity,0,0.1,0.251411,0,0.1,0.0217513,0,0.1,0.13223,0,0.1,0.10022,0,0.1,0.160728,0,0.1,0.168142,0,0.1,0.132888,0,0.1,0.145598,0,0.1,0.207897,0,0.1,0
0.75,6.75,0.558992,-2.99573,0.00236407,0.00236407,0.00236407,0.132087,False,tv,sound_similarity,0,0.1,0.251411,0,0.1,0.0217513,0,0.1,0.13223,0,0.1,0.10022,0,0.1,0.160728,0,0.1,0.168142,0,0.1,0.132888,0,0.1,0.145598,0,0.1,0.207897,0,0.1,0
0.5,6.75,0.525013,-2.99573,0.00236407,0.00236407,0.00236407,0.132087,False,tv,sound_similarity,0,0.1,0.251411,0,0.1,0.0217513,0,0.1,0.13223,0,0.1,0.10022,0,0.1,0.160728,0,0.1,0.168142,0,0.1,0.132888,0,0.1,0.145598,0,0.1,0.207897,0,0.1,0
0.25,6.75,0.603162,-2.99567,0.00236407,0.00236407,0.00236407,0.0880577,True,empty floor,sound_similarity,0,0.0666667,0.251411,0,0.0666667,0.0217513,0,0.0666667,0.13223,0,0.0666667,0.10022,0,0.0666667,0.160728,0,0.0666667,0.168142,0,0.0666667,0.132888,0,0.0666667,0.145598,0,0.0666667,0.207897,0.5,0.4,0
0,6.75,0.759586,-2.96971,0.00236407,0.00236407,0.00236407,0.0880577,True,empty floor,sound_similarity,0,0.0666667,0.251411,0,0.0666667,0.0217513,0,0.0666667,0.13223,0,0.0666667,0.10022,0,0.0666667,0.160728,0,0.0666667,0.168142,0,0.0666667,0.132888,0,0.0666667,0.145598,0,0.0666667,0.207897,0.5,0.4,0
-0.25,6.75,0.956628,-2.61227,0.00236407,0.00236407,0.00236407,0.0880577,True,empty floor,sound_similarity,0,0.0666667,0.251411,0,0.0666667,0.0217513,0,0.0666667,0.13223,0,0.0666667,0.10022,0,0.0666667,0.160728,0,0.0666667,0.168142,0,0.0666667,0.132888,0,0.0666667,0.145598,0,0.0666667,0.207897,0.5,0.4,0
0.75,4.75,1.4908,-2.99573,0.00236407,0.00236407,0.00236407,0.0880577,True,empty floor,sound_similarity,0,0.0666667,0.251411,0,0.0666667,0.0217513,0,0.0666667,0.13223,0,0.0666667,0.10022,0,0.0666667,0.160728,0,0.0666667,0.168142,0,0.0666667,0.132888,0,0.0666667,0.145598,0,0.0666667,0.207897,0.5,0.4,0
0.25,4.75,1.50792,-2.99573,0.00236407,0.00236407,0.00236407,0.0880577,True,empty floor,sound_similarity,0,0.0666667,0.251411,0,0.0666667,0.0217513,0,0.0666667,0.13223,0,0.0666667,0.10022,0,0.0666667,0.160728,0,0.0666667,0.168142,0,0.0666667,0.132888,0,0.0666667,0.145598,0,0.0666667,0.207897,0.5,0.4,0
-2,1.75,5.15338,-2.99573,0.00236407,0.00236407,0.00236407,0.0880577,True,empty floor,sound_similarity,0,0.0666667,0.251411,0,0.0666667,0.0217513,0,0.0666667,0.13223,0,0.0666667,0.10022,0,0.0666667,0.160728,0,0.0666667,0.168142,0,0.0666667,0.132888,0,0.0666667,0.145598,0,0.0666667,0.207897,0.5,0.4,0
-1.75,2.5,4.38069,-2.99572,0.00236407,0.00236407,0.00236407,0.0880577,True,empty floor,sound_similarity,0,0.0666667,0.251411,0,0.0666667,0.0217513,0,0.0666667,0.13223,0,0.0666667,0.10022,0,0.0666667,0.160728,0,0.0666667,0.168142,0,0.0666667,0.132888,0,0.0666667,0.145598,0,0.0666667,0.207897,0.5,0.4,0
0.25,2.75,3.49053,-2.99573,0.00236407,0.00236407,0.00236407,0.0880577,True,empty floor,sound_similarity,0,0.0666667,0.251411,0,0.0666667,0.0217513,0,0.0666667,0.13223,0,0.0666667,0.10022,0,0.0666667,0.160728,0,0.0666667,0.168142,0,0.0666667,0.132888,0,0.0666667,0.145598,0,0.0666667,0.207897,0.5,0.4,0
0,2.75,3.52094,-2.99573,0.00236407,0.00236407,0.00236407,0.0880577,True,empty floor,sound_similarity,0,0.0666667,0.251411,0,0.0666667,0.0217513,0,0.0666667,0.13223,0,0.0666667,0.10022,0,0.0666667,0.160728,0,0.0666667,0.168142,0,0.0666667,0.132888,0,0.0666667,0.145598,0,0.0666667,0.207897,0.5,0.4,0
-0.25,2.75,3.56864,-2.99573,0.00236407,0.00236407,0.00236407,0.0880577,True,empty floor,sound_similarity,0,0.0666667,0.251411,0,0.0666667,0.0217513,0,0.0666667,0.13223,0,0.0666667,0.10022,0,0.0666667,0.160728,0,0.0666667,0.168142,0,0.0666667,0.132888,0,0.0666667,0.145598,0,0.0666667,0.207897,0.5,0.4,0
-0.5,2.75,3.63295,-2.99573,0.00236407,0.00236407,0.00236407,0.0880577,True,empty floor,sound_similarity,0,0.0666667,0.251411,0,0.0666667,0.0217513,0,0.0666667,0.13223,0,0.0666667,0.10022,0,0.0666667,0.160728,0,0.0666667,0.168142,0,0.0666667,0.132888,0,0.0666667,0.145598,0,0.0666667,0.207897,0.5,0.4,0
-0.75,2.75,3.71302,-2.99573,0.00236407,0.00236407,0.00236407,0.0880577,True,empty floor,sound_similarity,0,0.0666667,0.251411,0,0.0666667,0.0217513,0,0.0666667,0.13223,0,0.0666667,0.10022,0,0.0666667,0.160728,0,0.0666667,0.168142,0,0.0666667,0.132888,0,0.0666667,0.145598,0,0.0666667,0.207897,0.5,0.4,0
-1,2.75,3.80784,-2.99573,0.00236407,0.00236407,0.00236407,0.0880577,True,empty floor,sound_similarity,0,0.0666667,0.251411,0,0.0666667,0.0217513,0,0.0666667,0.13223,0,0.0666667,0.10022,0,0.0666667,0.160728,0,0.0666667,0.168142,0,0.0666667,0.132888,0,0.0666667,0.145598,0,0.0666667,0.207897,0.5,0.4,0
-1.25,2.75,3.91635,-2.99573,0.00236407,0.00236407,0.00236407,0.0880577,True,empty floor,sound_similarity,0,0.0666667,0.251411,0,0.0666667,0.0217513,0,0.0666667,0.13223,0,0.0666667,0.10022,0,0.0666667,0.160728,0,0.0666667,0.168142,0,0.0666667,0.132888,0,0.0666667,0.145598,0,0.0666667,0.207897,0.5,0.4,0
-1.5,2.75,4.03745,-2.99573,0.00236407,0.00236407,0.00236407,0.0880577,True,empty floor,sound_similarity,0,0.0666667,0.251411,0,0.0666667,0.0217513,0,0.0666667,0.13223,0,0.0666667,0.10022,0,0.0666667,0.160728,0,0.0666667,0.168142,0,0.0666667,0.132888,0,0.0666667,0.145598,0,0.0666667,0.207897,0.5,0.4,0
-2,2.75,4.31304,-2.99566,0.00236407,0.00236407,0.00236407,0.0880577,True,empty floor,sound_similarity,0,0.0666667,0.251411,0,0.0666667,0.0217513,0,0.0666667,0.13223,0,0.0666667,0.10022,0,0.0666667,0.160728,0,0.0666667,0.168142,0,0.0666667,0.132888,0,0.0666667,0.145598,0,0.0666667,0.207897,0.5,0.4,0
-2.25,2.75,4.46548,-2.99554,0.00236407,0.00236407,0.00236407,0.0880577,True,empty floor,sound_similarity,0,0.0666667,0.251411,0,0.0666667,0.0217513,0,0.0666667,0.13223,0,0.0666667,0.10022,0,0.0666667,0.160728,0,0.0666667,0.168142,0,0.0666667,0.132888,0,0.0666667,0.145598,0,0.0666667,0.207897,0.5,0.4,0
2,2.5,3.99911,-2.99573,0.00236407,0.00236407,0.00236407,0.0880577,True,empty floor,sound_similarity,0,0.0666667,0.251411,0,0.0666667,0.0217513,0,0.0666667,0.13223,0,0.0666667,0.10022,0,0.0666667,0.160728,0,0.0666667,0.168142,0,0.0666667,0.132888,0,0.0666667,0.145598,0,0.0666667,0.207897,0.5,0.4,0
1.75,2.5,3.91549,-2.99573,0.00236407,0.00236407,0.00236407,0.0880577,True,empty floor,sound_similarity,0,0.0666667,0.251411,0,0.0666667,0.0217513,0,0.0666667,0.13223,0,0.0666667,0.10022,0,0.0666667,0.160728,0,0.0666667,0.168142,0,0.0666667,0.132888,0,0.0666667,0.145598,0,0.0666667,0.207897,0.5,0.4,0
1.5,2.5,3.84633,-2.99573,0.00236407,0.00236407,0.00236407,0.0880577,True,empty floor,sound_similarity,0,0.0666667,0.251411,0,0.0666667,0.0217513,0,0.0666667,0.13223,0,0.0666667,0.10022,0,0.0666667,0.160728,0,0.0666667,0.168142,0,0.0666667,0.132888,0,0.0666667,0.145598,0,0.0666667,0.207897,0.5,0.4,0
1.25,2.5,3.79242,-2.99573,0.00236407,0.00236407,0.00236407,0.0880577,True,empty floor,sound_similarity,0,0.0666667,0.251411,0,0.0666667,0.0217513,0,0.0666667,0.13223,0,0.0666667,0.10022,0,0.0666667,0.160728,0,0.0666667,0.168142,0,0.0666667,0.132888,0,0.0666667,0.145598,0,0.0666667,0.207897,0.5,0.4,0
1,2.5,3.75441,-2.99573,0.00236407,0.00236407,0.00236407,0.0880577,True,empty floor,sound_similarity,0,0.0666667,0.251411,0,0.0666667,0.0217513,0,0.0666667,0.13223,0,0.0666667,0.10022,0,0.0666667,0.160728,0,0.0666667,0.168142,0,0.0666667,0.132888,0,0.0666667,0.145598,0,0.0666667,0.207897,0.5,0.4,0
0.75,2.5,3.73279,-2.99573,0.00236407,0.00236407,0.00236407,0.0880577,True,empty floor,sound_similarity,0,0.0666667,0.251411,0,0.0666667,0.0217513,0,0.0666667,0.13223,0,0.0666667,0.10022,0,0.0666667,0.160728,0,0.0666667,0.168142,0,0.0666667,0.132888,0,0.0666667,0.145598,0,0.0666667,0.207897,0.5,0.4,0
0.5,2.5,3.72786,-2.99573,0.00236407,0.00236407,0.00236407,0.0880577,True,empty floor,sound_similarity,0,0.0666667,0.251411,0,0.0666667,0.0217513,0,0.0666667,0.13223,0,0.0666667,0.10022,0,0.0666667,0.160728,0,0.0666667,0.168142,0,0.0666667,0.132888,0,0.0666667,0.145598,0,0.0666667,0.207897,0.5,0.4,0
0.25,2.5,3.73966,-2.99573,0.00236407,0.00236407,0.00236407,0.0880577,True,empty floor,sound_similarity,0,0.0666667,0.251411,0,0.0666667,0.0217513,0,0.0666667,0.13223,0,0.0666667,0.10022,0,0.0666667,0.160728,0,0.0666667,0.168142,0,0.0666667,0.132888,0,0.0666667,0.145598,0,0.0666667,0.207897,0.5,0.4,0
0,2.5,3.76806,-2.99573,0.00236407,0.00236407,0.00236407,0.0880577,True,empty floor,sound_similarity,0,0.0666667,0.251411,0,0.0666667,0.0217513,0,0.0666667,0.13223,0,0.0666667,0.10022,0,0.0666667,0.160728,0,0.0666667,0.168142,0,0.0666667,0.132888,0,0.0666667,0.145598,0,0.0666667,0.207897,0.5,0.4,0
-0.25,2.5,3.81266,-2.99573,0.00236407,0.00236407,0.00236407,0.0880577,True,empty floor,sound_similarity,0,0.0666667,0.251411,0,0.0666667,0.0217513,0,0.0666667,0.13223,0,0.0666667,0.10022,0,0.0666667,0.160728,0,0.0666667,0.168142,0,0.0666667,0.132888,0,0.0666667,0.145598,0,0.0666667,0.207897,0.5,0.4,0
-0.5,2.5,3.87293,-2.99573,0.00236407,0.00236407,0.00236407,0.0880577,True,empty floor,sound_similarity,0,0.0666667,0.251411,0,0.0666667,0.0217513,0,0.0666667,0.13223,0,0.0666667,0.10022,0,0.0666667,0.160728,0,0.0666667,0.168142,0,0.0666667,0.132888,0,0.0666667,0.145598,0,0.0666667,0.207897,0.5,0.4,0
-0.75,2.5,3.94813,-2.99573,0.00236407,0.00236407,0.00236407,0.0880577,True,empty floor,sound_similarity,0,0.0666667,0.251411,0,0.0666667,0.0217513,0,0.0666667,0.13223,0,0.0666667,0.10022,0,0.0666667,0.160728,0,0.0666667,0.168142,0,0.0666667,0.132888,0,0.0666667,0.145598,0,0.0666667,0.207897,0.5,0.4,0
-1,2.5,4.03744,-2.99573,0.00236407,0.00236407,0.00236407,0.0880577,True,empty floor,sound_similarity,0,0.0666667,0.251411,0,0.0666667,0.0217513,0,0.0666667,0.13223,0,0.0666667,0.10022,0,0.0666667,0.160728,0,0.0666667,0.168142,0,0.0666667,0.132888,0,0.0666667,0.145598,0,0.0666667,0.207897,0.5,0.4,0
0.5,2.75,3.47788,-2.99573,0.00236407,0.00236407,0.00236407,0.0880577,True,empty floor,sound_similarity,0,0.0666667,0.251411,0,0.0666667,0.0217513,0,0.0666667,0.13223,0,0.0666667,0.10022,0,0.0666667,0.160728,0,0.0666667,0.168142,0,0.0666667,0.132888,0,0.0666667,0.145598,0,0.0666667,0.207897,0.5,0.4,0
1.5,2.75,3.60458,-2.99573,0.00236407,0.00236407,0.00236407,0.0880577,True,empty floor,sound_similarity,0,0.0666667,0.251411,0,0.0666667,0.0217513,0,0.0666667,0.13223,0,0.0666667,0.10022,0,0.0666667,0.160728,0,0.0666667,0.168142,0,0.0666667,0.132888,0,0.0666667,0.145598,0,0.0666667,0.207897,0.5,0.4,0
1.75,2.75,3.67829,-2.99573,0.00236407,0.00236407,0.00236407,0.0880577,True,empty floor,sound_similarity,0,0.0666667,0.251411,0,0.0666667,0.0217513,0,0.0666667,0.13223,0,0.0666667,0.10022,0,0.0666667,0.160728,0,0.0666667,0.168142,0,0.0666667,0.132888,0,0.0666667,0.145598,0,0.0666667,0.207897,0.5,0.4,0
0.75,3,3.23361,-2.99573,0.00236407,0.00236407,0.00236407,0.0880577,True,empty floor,sound_similarity,0,0.0666667,0.251411,0,0.0666667,0.0217513,0,0.0666667,0.13223,0,0.0666667,0.10022,0,0.0666667,0.160728,0,0.0666667,0.168142,0,0.0666667,0.132888,0,0.0666667,0.145598,0,0.0666667,0.207897,0.5,0.4,0
-1,3.25,3.3574,-2.99573,0.00236407,0.00236407,0.00236407,0.0880577,True,empty floor,sound_similarity,0,0.0666667,0.251411,0,0.0666667,0.0217513,0,0.0666667,0.13223,0,0.0666667,0.10022,0,0.0666667,0.160728,0,0.0666667,0.168142,0,0.0666667,0.132888,0,0.0666667,0.145598,0,0.0666667,0.207897,0.5,0.4,0
-1.25,3.25,3.47999,-2.99572,0.00236407,0.00236407,0.00236407,0.0880577,True,empty floor,sound_similarity,0,0.0666667,0.251411,0,0.0666667,0.0217513,0,0.0666667,0.13223,0,0.0666667,0.10022,0,0.0666667,0.160728,0,0.0666667,0.168142,0,0.0666667,0.132888,0,0.0666667,0.145598,0,0.0666667,0.207897,0.5,0.4,0
-1.5,3.25,3.61573,-2.9957,0.00236407,0.00236407,0.00236407,0.0880577,True,empty floor,sound_similarity,0,0.0666667,0.251411,0,0.0666667,0.0217513,0,0.0666667,0.13223,0,0.0666667,0.10022,0,0.0666667,0.160728,0,0.0666667,0.168142,0,0.0666667,0.132888,0,0.0666667,0.145598,0,0.0666667,0.207897,0.5,0.4,0
-2,3.25,3.92107,-2.99535,0.00236407,0.00236407,0.00236407,0.0880577,True,empty floor,sound_similarity,0,0.0666667,0.251411,0,0.0666667,0.0217513,0,0.0666667,0.13223,0,0.0666667,0.10022,0,0.0666667,0.160728,0,0.0666667,0.168142,0,0.0666667,0.132888,0,0.0666667,0.145598,0,0.0666667,0.207897,0.5,0.4,0
-2.25,3.25,4.08815,-2.9947,0.00236407,0.00236407,0.00236407,0.0880577,True,empty floor,sound_similarity,0,0.0666667,0.251411,0,0.0666667,0.0217513,0,0.0666667,0.13223,0,0.0666667,0.10022,0,0.0666667,0.160728,0,0.0666667,0.168142,0,0.0666667,0.132888,0,0.0666667,0.145598,0,0.0666667,0.207897,0.5,0.4,0
2,3,3.53771,-2.99573,0.00236407,0.00236407,0.00236407,0.0880577,True,empty floor,sound_similarity,0,0.0666667,0.251411,0,0.0666667,0.0217513,0,0.0666667,0.13223,0,0.0666667,0.10022,0,0.0666667,0.160728,0,0.0666667,0.168142,0,0.0666667,0.132888,0,0.0666667,0.145598,0,0.0666667,0.207897,0.5,0.4,0
1.75,3,3.4429,-2.99573,0.00236407,0.00236407,0.00236407,0.0880577,True,empty floor,sound_similarity,0,0.0666667,0.251411,0,0.0666667,0.0217513,0,0.0666667,0.13223,0,0.0666667,0.10022,0,0.0666667,0.160728,0,0.0666667,0.168142,0,0.0666667,0.132888,0,0.0666667,0.145598,0,0.0666667,0.207897,0.5,0.4,0
1.5,3,3.36404,-2.99573,0.00236407,0.00236407,0.00236407,0.0660433,True,empty floor,sound_similarity,0,0.05,0.251411,0,0.05,0.0217513,0,0.05,0.13223,0,0.05,0.10022,0,0.05,0.160728,0,0.05,0.168142,0,0.05,0.132888,0,0.05,0.145598,0,0.05,0.207897,1,0.55,0
1.25,3,3.30226,-2.99573,0.00236407,0.00236407,0.00236407,0.0880577,True,empty floor,sound_similarity,0,0.0666667,0.251411,0,0.0666667,0.0217513,0,0.0666667,0.13223,0,0.0666667,0.10022,0,0.0666667,0.160728,0,0.0666667,0.168142,0,0.0666667,0.132888,0,0.0666667,0.145598,0,0.0666667,0.207897,0.5,0.4,0
1,3,3.25854,-2.99573,0.00236407,0.00236407,0.00236407,0.0880577,True,empty floor,sound_similarity,0,0.0666667,0.251411,0,0.0666667,0.0217513,0,0.0666667,0.13223,0,0.0666667,0.10022,0,0.0666667,0.160728,0,0.0666667,0.168142,0,0.0666667,0.132888,0,0.0666667,0.145598,0,0.0666667,0.207897,0.5,0.4,0
0.5,3,3.22791,-2.99573,0.00236407,0.00236407,0.00236407,0.0880577,True,empty floor,sound_similarity,0,0.0666667,0.251411,0,0.0666667,0.0217513,0,0.0666667,0.13223,0,0.0666667,0.10022,0,0.0666667,0.160728,0,0.0666667,0.168142,0,0.0666667,0.132888,0,0.0666667,0.145598,0,0.0666667,0.207897,0.5,0.4,0
2,2.75,3.76718,-2.99573,0.00236407,0.00236407,0.00236407,0.0880577,True,empty floor,sound_similarity,0,0.0666667,0.251411,0,0.0666667,0.0217513,0,0.0666667,0.13223,0,0.0666667,0.10022,0,0.0666667,0.160728,0,0.0666667,0.168142,0,0.0666667,0.132888,0,0.0666667,0.145598,0,0.0666667,0.207897,0.5,0.4,0
0.25,3,3.24154,-2.99573,0.00236407,0.00236407,0.00236407,0.0880577,True,empty floor,sound_similarity,0,0.0666667,0.251411,0,0.0666667,0.0217513,0,0.0666667,0.13223,0,0.0666667,0.10022,0,0.0666667,0.160728,0,0.0666667,0.168142,0,0.0666667,0.132888,0,0.0666667,0.145598,0,0.0666667,0.207897,0.5,0.4,0
0,3,3.27425,-2.99573,0.00236407,0.00236407,0.00236407,0.0880577,True,empty floor,sound_similarity,0,0.0666667,0.251411,0,0.0666667,0.0217513,0,0.0666667,0.13223,0,0.0666667,0.10022,0,0.0666667,0.160728,0,0.0666667,0.168142,0,0.0666667,0.132888,0,0.0666667,0.145598,0,0.0666667,0.207897,0.5,0.4,0
-0.25,3,3.32549,-2.99573,0.00236407,0.00236407,0.00236407,0.0880577,True,empty floor,sound_similarity,0,0.0666667,0.251411,0,0.0666667,0.0217513,0,0.0666667,0.13223,0,0.0666667,0.10022,0,0.0666667,0.160728,0,0.0666667,0.168142,0,0.0666667,0.132888,0,0.0666667,0.145598,0,0.0666667,0.207897,0.5,0.4,0
-0.5,3,3.39442,-2.99573,0.00236407,0.00236407,0.00236407,0.0880577,True,empty floor,sound_similarity,0,0.0666667,0.251411,0,0.0666667,0.0217513,0,0.0666667,0.13223,0,0.0666667,0.10022,0,0.0666667,0.160728,0,0.0666667,0.168142,0,0.0666667,0.132888,0,0.0666667,0.145598,0,0.0666667,0.207897,0.5,0.4,0
-0.75,3,3.47998,-2.99573,0.00236407,0.00236407,0.00236407,0.0880577,True,empty floor,sound_similarity,0,0.0666667,0.251411,0,0.0666667,0.0217513,0,0.0666667,0.13223,0,0.0666667,0.10022,0,0.0666667,0.160728,0,0.0666667,0.168142,0,0.0666667,0.132888,0,0.0666667,0.145598,0,0.0666667,0.207897,0.5,0.4,0
-1,3,3.58098,-2.99573,0.00236407,0.00236407,0.00236407,0.0880577,True,empty floor,sound_similarity,0,0.0666667,0.251411,0,0.0666667,0.0217513,0,0.0666667,0.13223,0,0.0666667,0.10022,0,0.0666667,0.160728,0,0.0666667,0.168142,0,0.0666667,0.132888,0,0.0666667,0.145598,0,0.0666667,0.207897,0.5,0.4,0
-1.25,3,3.69616,-2.99573,0.00236407,0.00236407,0.00236407,0.0880577,True,empty floor,sound_similarity,0,0.0666667,0.251411,0,0.0666667,0.0217513,0,0.0666667,0.13223,0,0.0666667,0.10022,0,0.0666667,0.160728,0,0.0666667,0.168142,0,0.0666667,0.132888,0,0.0666667,0.145598,0,0.0666667,0.207897,0.5,0.4,0
-1.5,3,3.82423,-2.99572,0.00236407,0.00236407,0.00236407,0.0880577,True,empty floor,sound_similarity,0,0.0666667,0.251411,0,0.0666667,0.0217513,0,0.0666667,0.13223,0,0.0666667,0.10022,0,0.0666667,0.160728,0,0.0666667,0.168142,0,0.0666667,0.132888,0,0.0666667,0.145598,0,0.0666667,0.207897,0.5,0.4,0
-2,3,4.11413,-2.99557,0.00236407,0.00236407,0.00236407,0.0880577,True,empty floor,sound_similarity,0,0.0666667,0.251411,0,0.0666667,0.0217513,0,0.0666667,0.13223,0,0.0666667,0.10022,0,0.0666667,0.160728,0,0.0666667,0.168142,0,0.0666667,0.132888,0,0.0666667,0.145598,0,0.0666667,0.207897,0.5,0.4,0
-2.25,3,4.27367,-2.9953,0.00236407,0.00236407,0.00236407,0.0880577,True,empty floor,sound_similarity,0,0.0666667,0.251411,0,0.0666667,0.0217513,0,0.0666667,0.13223,0,0.0666667,0.10022,0,0.0666667,0.160728,0,0.0666667,0.168142,0,0.0666667,0.132888,0,0.0666667,0.145598,0,0.0666667,0.207897,0.5,0.4,0
-1.5,2.5,4.25467,-2.99573,0.00236407,0.00236407,0.00236407,0.0880577,True,empty floor,sound_similarity,0,0.0666667,0.251411,0,0.0666667,0.0217513,0,0.0666667,0.13223,0,0.0666667,0.10022,0,0.0666667,0.160728,0,0.0666667,0.168142,0,0.0666667,0.132888,0,0.0666667,0.145598,0,0.0666667,0.207897,0.5,0.4,0
-2,2.5,4.51703,-2.9957,0.00236407,0.00236407,0.00236407,0.0880577,True,empty floor,sound_similarity,0,0.0666667,0.251411,0,0.0666667,0.0217513,0,0.0666667,0.13223,0,0.0666667,0.10022,0,0.0666667,0.160728,0,0.0666667,0.168142,0,0.0666667,0.132888,0,0.0666667,0.145598,0,0.0666667,0.207897,0.5,0.4,0
-0.5,3.25,3.15766,-2.99573,0.00236407,0.00236407,0.00236407,0.0880577,True,empty floor,sound_similarity,0,0.0666667,0.251411,0,0.0666667,0.0217513,0,0.0666667,0.13223,0,0.0666667,0.10022,0,0.0666667,0.160728,0,0.0666667,0.168142,0,0.0666667,0.132888,0,0.0666667,0.145598,0,0.0666667,0.207897,0.5,0.4,0
-2.25,2.5,4.6628,-2.99564,0.00236407,0.00236407,0.00236407,0.0880577,True,empty floor,sound_similarity,0,0.0666667,0.251411,0,0.0666667,0.0217513,0,0.0666667,0.13223,0,0.0666667,0.10022,0,0.0666667,0.160728,0,0.0666667,0.168142,0,0.0666667,0.132888,0,0.0666667,0.145598,0,0.0666667,0.207897,0.5,0.4,0
-0.75,2,4.42326,-2.99573,0.00236407,0.00236407,0.00236407,0.0880577,True,empty floor,sound_similarity,0,0.0666667,0.251411,0,0.0666667,0.0217513,0,0.0666667,0.13223,0,0.0666667,0.10022,0,0.0666667,0.160728,0,0.0666667,0.168142,0,0.0666667,0.132888,0,0.0666667,0.145598,0,0.0666667,0.207897,0.5,0.4,0
-1,2,4.50316,-2.99573,0.00236407,0.00236407,0.00236407,0.0880577,True,empty floor,sound_similarity,0,0.0666667,0.251411,0,0.0666667,0.0217513,0,0.0666667,0.13223,0,0.0666667,0.10022,0,0.0666667,0.160728,0,0.0666667,0.168142,0,0.0666667,0.132888,0,0.0666667,0.145598,0,0.0666667,0.207897,0.5,0.4,0
-1.25,2,4.59528,-2.99573,0.00236407,0.00236407,0.00236407,0.0880577,True,empty floor,sound_similarity,0,0.0666667,0.251411,0,0.0666667,0.0217513,0,0.0666667,0.13223,0,0.0666667,0.10022,0,0.0666667,0.160728,0,0.0666667,0.168142,0,0.0666667,0.132888,0,0.0666667,0.145598,0,0.0666667,0.207897,0.5,0.4,0
-1.5,2,4.69891,-2.99573,0.00236407,0.00236407,0.00236407,0.0880577,True,empty floor,sound_similarity,0,0.0666667,0.251411,0,0.0666667,0.0217513,0,0.0666667,0.13223,0,0.0666667,0.10022,0,0.0666667,0.160728,0,0.0666667,0.168142,0,0.0666667,0.132888,0,0.0666667,0.145598,0,0.0666667,0.207897,0.5,0.4,0
-1.75,2,4.81331,-2.99573,0.00236407,0.00236407,0.00236407,0.0880577,True,empty floor,sound_similarity,0,0.0666667,0.251411,0,0.0666667,0.0217513,0,0.0666667,0.13223,0,0.0666667,0.10022,0,0.0666667,0.160728,0,0.0666667,0.168142,0,0.0666667,0.132888,0,0.0666667,0.145598,0,0.0666667,0.207897,0.5,0.4,0
-2,2,4.93772,-2.99572,0.00236407,0.00236407,0.00236407,0.0880577,True,empty floor,sound_similarity,0,0.0666667,0.251411,0,0.0666667,0.0217513,0,0.0666667,0.13223,0,0.0666667,0.10022,0,0.0666667,0.160728,0,0.0666667,0.168142,0,0.0666667,0.132888,0,0.0666667,0.145598,0,0.0666667,0.207897,0.5,0.4,0
-2.25,2,5.07141,-2.99571,0.00236407,0.00236407,0.00236407,0.0880577,True,empty floor,sound_similarity,0,0.0666667,0.251411,0,0.0666667,0.0217513,0,0.0666667,0.13223,0,0.0666667,0.10022,0,0.0666667,0.160728,0,0.0666667,0.168142,0,0.0666667,0.132888,0,0.0666667,0.145598,0,0.0666667,0.207897,0.5,0.4,0
2,1.75,4.70602,-2.99573,0.00236407,0.00236407,0.00236407,0.0880577,True,empty floor,sound_similarity,0,0.0666667,0.251411,0,0.0666667,0.0217513,0,0.0666667,0.13223,0,0.0666667,0.10022,0,0.0666667,0.160728,0,0.0666667,0.168142,0,0.0666667,0.132888,0,0.0666667,0.145598,0,0.0666667,0.207897,0.5,0.4,0
1.75,1.75,4.63517,-2.99573,0.00236407,0.00236407,0.00236407,0.0880577,True,empty floor,sound_similarity,0,0.0666667,0.251411,0,0.0666667,0.0217513,0,0.0666667,0.13223,0,0.0666667,0.10022,0,0.0666667,0.160728,0,0.0666667,0.168142,0,0.0666667,0.132888,0,0.0666667,0.145598,0,0.0666667,0.207897,0.5,0.4,0
1.5,1.75,4.5769,-2.99573,0.00236407,0.00236407,0.00236407,0.0880577,True,empty floor,sound_similarity,0,0.0666667,0.251411,0,0.0666667,0.0217513,0,0.0666667,0.13223,0,0.0666667,0.10022,0,0.0666667,0.160728,0,0.0666667,0.168142,0,0.0666667,0.132888,0,0.0666667,0.145598,0,0.0666667,0.207897,0.5,0.4,0
1.25,1.75,4.53169,-2.99573,0.00236407,0.00236407,0.00236407,0.0880577,True,empty floor,sound_similarity,0,0.0666667,0.251411,0,0.0666667,0.0217513,0,0.0666667,0.13223,0,0.0666667,0.10022,0,0.0666667,0.160728,0,0.0666667,0.168142,0,0.0666667,0.132888,0,0.0666667,0.145598,0,0.0666667,0.207897,0.5,0.4,0
1,1.75,4.49993,-2.99573,0.00236407,0.00236407,0.00236407,0.0880577,True,empty floor,sound_similarity,0,0.0666667,0.251411,0,0.0666667,0.0217513,0,0.0666667,0.13223,0,0.0666667,0.10022,0,0.0666667,0.160728,0,0.0666667,0.168142,0,0.0666667,0.132888,0,0.0666667,0.145598,0,0.0666667,0.207897,0.5,0.4,0
0.75,1.75,4.48191,-2.99573,0.00236407,0.00236407,0.00236407,0.0880577,True,empty floor,sound_similarity,0,0.0666667,0.251411,0,0.0666667,0.0217513,0,0.0666667,0.13223,0,0.0666667,0.10022,0,0.0666667,0.160728,0,0.0666667,0.168142,0,0.0666667,0.132888,0,0.0666667,0.145598,0,0.0666667,0.207897,0.5,0.4,0
0.5,1.75,4.4778,-2.99573,0.00236407,0.00236407,0.00236407,0.0880577,True,empty floor,sound_similarity,0,0.0666667,0.251411,0,0.0666667,0.0217513,0,0.0666667,0.13223,0,0.0666667,0.10022,0,0.0666667,0.160728,0,0.0666667,0.168142,0,0.0666667,0.132888,0,0.0666667,0.145598,0,0.0666667,0.207897,0.5,0.4,0
0.25,1.75,4.48763,-2.99573,0.00236407,0.00236407,0.00236407,0.0880577,True,empty floor,sound_similarity,0,0.0666667,0.251411,0,0.0666667,0.0217513,0,0.0666667,0.13223,0,0.0666667,0.10022,0,0.0666667,0.160728,0,0.0666667,0.168142,0,0.0666667,0.132888,0,0.0666667,0.145598,0,0.0666667,0.207897,0.5,0.4,0
0,1.75,4.51132,-2.99573,0.00236407,0.00236407,0.00236407,0.0880577,True,empty floor,sound_similarity,0,0.0666667,0.251411,0,0.0666667,0.0217513,0,0.0666667,0.13223,0,0.0666667,0.10022,0,0.0666667,0.160728,0,0.0666667,0.168142,0,0.0666667,0.132888,0,0.0666667,0.145598,0,0.0666667,0.207897,0.5,0.4,0
-0.25,1.75,4.54864,-2.99573,0.00236407,0.00236407,0.00236407,0.0880577,True,empty floor,sound_similarity,0,0.0666667,0.251411,0,0.0666667,0.0217513,0,0.0666667,0.13223,0,0.0666667,0.10022,0,0.0666667,0.160728,0,0.0666667,0.168142,0,0.0666667,0.132888,0,0.0666667,0.145598,0,0.0666667,0.207897,0.5,0.4,0
-0.5,1.75,4.59928,-2.99573,0.00236407,0.00236407,0.00236407,0.0880577,True,empty floor,sound_similarity,0,0.0666667,0.251411,0,0.0666667,0.0217513,0,0.0666667,0.13223,0,0.0666667,0.10022,0,0.0666667,0.160728,0,0.0666667,0.168142,0,0.0666667,0.132888,0,0.0666667,0.145598,0,0.0666667,0.207897,0.5,0.4,0
-0.75,1.75,4.66278,-2.99573,0.00236407,0.00236407,0.00236407,0.0880577,True,empty floor,sound_similarity,0,0.0666667,0.251411,0,0.0666667,0.0217513,0,0.0666667,0.13223,0,0.0666667,0.10022,0,0.0666667,0.160728,0,0.0666667,0.168142,0,0.0666667,0.132888,0,0.0666667,0.145598,0,0.0666667,0.207897,0.5,0.4,0
-1,1.75,4.73864,-2.99573,0.00236407,0.00236407,0.00236407,0.0880577,True,empty floor,sound_similarity,0,0.0666667,0.251411,0,0.0666667,0.0217513,0,0.0666667,0.13223,0,0.0666667,0.10022,0,0.0666667,0.160728,0,0.0666667,0.168142,0,0.0666667,0.132888,0,0.0666667,0.145598,0,0.0666667,0.207897,0.5,0.4,0
-1.25,1.75,4.82627,-2.99573,0.00236407,0.00236407,0.00236407,0.0880577,True,empty floor,sound_similarity,0,0.0666667,0.251411,0,0.0666667,0.0217513,0,0.0666667,0.13223,0,0.0666667,0.10022,0,0.0666667,0.160728,0,0.0666667,0.168142,0,0.0666667,0.132888,0,0.0666667,0.145598,0,0.0666667,0.207897,0.5,0.4,0
-1.5,1.75,4.92504,-2.99573,0.00236407,0.00236407,0.00236407,0.0880577,True,empty floor,sound_similarity,0,0.0666667,0.251411,0,0.0666667,0.0217513,0,0.0666667,0.13223,0,0.0666667,0.10022,0,0.0666667,0.160728,0,0.0666667,0.168142,0,0.0666667,0.132888,0,0.0666667,0.145598,0,0.0666667,0.207897,0.5,0.4,0
-1.75,1.75,5.0343,-2.99573,0.00236407,0.00236407,0.00236407,0.0880577,True,empty floor,sound_similarity,0,0.0666667,0.251411,0,0.0666667,0.0217513,0,0.0666667,0.13223,0,0.0666667,0.10022,0,0.0666667,0.160728,0,0.0666667,0.168142,0,0.0666667,0.132888,0,0.0666667,0.145598,0,0.0666667,0.207897,0.5,0.4,0
-0.5,2,4.35627,-2.99573,0.00236407,0.00236407,0.00236407,0.0880577,True,empty floor,sound_similarity,0,0.0666667,0.251411,0,0.0666667,0.0217513,0,0.0666667,0.13223,0,0.0666667,0.10022,0,0.0666667,0.160728,0,0.0666667,0.168142,0,0.0666667,0.132888,0,0.0666667,0.145598,0,0.0666667,0.207897,0.5,0.4,0
-0.25,2,4.30278,-2.99573,0.00236407,0.00236407,0.00236407,0.146407,True,microwave,sound_similarity,0,0.05,0.251411,0,0.05,0.0217513,0,0.05,0.13223,0,0.05,0.10022,1,0.55,0.160728,0,0.05,0.168142,0,0.05,0.132888,0,0.05,0.145598,0,0.05,0.207897,0,0.05,0
0.75,2,4.23217,-2.99573,0.00236407,0.00236407,0.00236407,0.0880577,True,empty floor,sound_similarity,0,0.0666667,0.251411,0,0.0666667,0.0217513,0,0.0666667,0.13223,0,0.0666667,0.10022,0,0.0666667,0.160728,0,0.0666667,0.168142,0,0.0666667,0.132888,0,0.0666667,0.145598,0,0.0666667,0.207897,0.5,0.4,0
-0.5,2.25,4.1141,-2.99573,0.00236407,0.00236407,0.00236407,0.0880577,True,empty floor,sound_similarity,0,0.0666667,0.251411,0,0.0666667,0.0217513,0,0.0666667,0.13223,0,0.0666667,0.10022,0,0.0666667,0.160728,0,0.0666667,0.168142,0,0.0666667,0.132888,0,0.0666667,0.145598,0,0.0666667,0.207897,0.5,0.4,0
2,2.25,4.2331,-2.99573,0.00236407,0.00236407,0.00236407,0.0880577,True,empty floor,sound_similarity,0,0.0666667,0.251411,0,0.0666667,0.0217513,0,0.0666667,0.13223,0,0.0666667,0.10022,0,0.0666667,0.160728,0,0.0666667,0.168142,0,0.0666667,0.132888,0,0.0666667,0.145598,0,0.0666667,0.207897,0.5,0.4,0
1.75,2.25,4.15419,-2.99573,0.00236407,0.00236407,0.00236407,0.0660433,True,empty floor,sound_similarity,0,0.05,0.251411,0,0.05,0.0217513,0,0.05,0.13223,0,0.05,0.10022,0,0.05,0.160728,0,0.05,0.168142,0,0.05,0.132888,0,0.05,0.145598,0,0.05,0.207897,1,0.55,0
1.5,2.25,4.08907,-2.99573,0.00236407,0.00236407,0.00236407,0.0880577,True,empty floor,sound_similarity,0,0.0666667,0.251411,0,0.0666667,0.0217513,0,0.0666667,0.13223,0,0.0666667,0.10022,0,0.0666667,0.160728,0,0.0666667,0.168142,0,0.0666667,0.132888,0,0.0666667,0.145598,0,0.0666667,0.207897,0.5,0.4,0
1.25,2.25,4.0384,-2.99573,0.00236407,0.00236407,0.00236407,0.0880577,True,empty floor,sound_similarity,0,0.0666667,0.251411,0,0.0666667,0.0217513,0,0.0666667,0.13223,0,0.0666667,0.10022,0,0.0666667,0.160728,0,0.0666667,0.168142,0,0.0666667,0.132888,0,0.0666667,0.145598,0,0.0666667,0.207897,0.5,0.4,0
1,2.25,4.00273,-2.99573,0.00236407,0.00236407,0.00236407,0.0880577,True,empty floor,sound_similarity,0,0.0666667,0.251411,0,0.0666667,0.0217513,0,0.0666667,0.13223,0,0.0666667,0.10022,0,0.0666667,0.160728,0,0.0666667,0.168142,0,0.0666667,0.132888,0,0.0666667,0.145598,0,0.0666667,0.207897,0.5,0.4,0
0.75,2.25,3.98246,-2.99573,0.00236407,0.00236407,0.00236407,0.0880577,True,empty floor,sound_similarity,0,0.0666667,0.251411,0,0.0666667,0.0217513,0,0.0666667,0.13223,0,0.0666667,0.10022,0,0.0666667,0.160728,0,0.0666667,0.168142,0,0.0666667,0.132888,0,0.0666667,0.145598,0,0.0666667,0.207897,0.5,0.4,0
0.5,2.25,3.97783,-2.99573,0.00236407,0.00236407,0.00236407,0.0880577,True,empty floor,sound_similarity,0,0.0666667,0.251411,0,0.0666667,0.0217513,0,0.0666667,0.13223,0,0.0666667,0.10022,0,0.0666667,0.160728,0,0.0666667,0.168142,0,0.0666667,0.132888,0,0.0666667,0.145598,0,0.0666667,0.207897,0.5,0.4,0
0.25,2.25,3.9889,-2.99573,0.00236407,0.00236407,0.00236407,0.0880577,True,empty floor,sound_similarity,0,0.0666667,0.251411,0,0.0666667,0.0217513,0,0.0666667,0.13223,0,0.0666667,0.10022,0,0.0666667,0.160728,0,0.0666667,0.168142,0,0.0666667,0.132888,0,0.0666667,0.145598,0,0.0666667,0.207897,0.5,0.4,0
0,2.25,4.01553,-2.99573,0.00236407,0.00236407,0.00236407,0.0880577,True,empty floor,sound_similarity,0,0.0666667,0.251411,0,0.0666667,0.0217513,0,0.0666667,0.13223,0,0.0666667,0.10022,0,0.0666667,0.160728,0,0.0666667,0.168142,0,0.0666667,0.132888,0,0.0666667,0.145598,0,0.0666667,0.207897,0.5,0.4,0
-0.25,2.25,4.05742,-2.99573,0.00236407,0.00236407,0.00236407,0.0880577,True,empty floor,sound_similarity,0,0.0666667,0.251411,0,0.0666667,0.0217513,0,0.0666667,0.13223,0,0.0666667,0.10022,0,0.0666667,0.160728,0,0.0666667,0.168142,0,0.0666667,0.132888,0,0.0666667,0.145598,0,0.0666667,0.207897,0.5,0.4,0
-0.75,2.25,4.18497,-2.99573,0.00236407,0.00236407,0.00236407,0.0880577,True,empty floor,sound_similarity,0,0.0666667,0.251411,0,0.0666667,0.0217513,0,0.0666667,0.13223,0,0.0666667,0.10022,0,0.0666667,0.160728,0,0.0666667,0.168142,0,0.0666667,0.132888,0,0.0666667,0.145598,0,0.0666667,0.207897,0.5,0.4,0
1,2,4.25125,-2.99573,0.00236407,0.00236407,0.00236407,0.0880577,True,empty floor,sound_similarity,0,0.0666667,0.251411,0,0.0666667,0.0217513,0,0.0666667,0.13223,0,0.0666667,0.10022,0,0.0666667,0.160728,0,0.0666667,0.168142,0,0.0666667,0.132888,0,0.0666667,0.145598,0,0.0666667,0.207897,0.5,0.4,0
-1,2.25,4.26933,-2.99573,0.00236407,0.00236407,0.00236407,0.0880577,True,empty floor,sound_similarity,0,0.0666667,0.251411,0,0.0666667,0.0217513,0,0.0666667,0.13223,0,0.0666667,0.10022,0,0.0666667,0.160728,0,0.0666667,0.168142,0,0.0666667,0.132888,0,0.0666667,0.145598,0,0.0666667,0.207897,0.5,0.4,0
-1.25,2.25,4.36639,-2.99573,0.00236407,0.00236407,0.00236407,0.0880577,True,empty floor,sound_similarity,0,0.0666667,0.251411,0,0.0666667,0.0217513,0,0.0666667,0.13223,0,0.0666667,0.10022,0,0.0666667,0.160728,0,0.0666667,0.168142,0,0.0666667,0.132888,0,0.0666667,0.145598,0,0.0666667,0.207897,0.5,0.4,0
-1.5,2.25,4.47532,-2.99573,0.00236407,0.00236407,0.00236407,0.0880577,True,empty floor,sound_similarity,0,0.0666667,0.251411,0,0.0666667,0.0217513,0,0.0666667,0.13223,0,0.0666667,0.10022,0,0.0666667,0.160728,0,0.0666667,0.168142,0,0.0666667,0.132888,0,0.0666667,0.145598,0,0.0666667,0.207897,0.5,0.4,0
-1.75,2.25,4.59529,-2.99573,0.00236407,0.00236407,0.00236407,0.0880577,True,empty floor,sound_similarity,0,0.0666667,0.251411,0,0.0666667,0.0217513,0,0.0666667,0.13223,0,0.0666667,0.10022,0,0.0666667,0.160728,0,0.0666667,0.168142,0,0.0666667,0.132888,0,0.0666667,0.145598,0,0.0666667,0.207897,0.5,0.4,0
-2,2.25,4.72545,-2.99572,0.00236407,0.00236407,0.00236407,0.0880577,True,empty floor,sound_similarity,0,0.0666667,0.251411,0,0.0666667,0.0217513,0,0.0666667,0.13223,0,0.0666667,0.10022,0,0.0666667,0.160728,0,0.0666667,0.168142,0,0.0666667,0.132888,0,0.0666667,0.145598,0,0.0666667,0.207897,0.5,0.4,0
-2.25,2.25,4.86498,-2.99569,0.00236407,0.00236407,0.00236407,0.0880577,True,empty floor,sound_similarity,0,0.0666667,0.251411,0,0.0666667,0.0217513,0,0.0666667,0.13223,0,0.0666667,0.10022,0,0.0666667,0.160728,0,0.0666667,0.168142,0,0.0666667,0.132888,0,0.0666667,0.145598,0,0.0666667,0.207897,0.5,0.4,0
2,2,4.46883,-2.99573,0.00236407,0.00236407,0.00236407,0.0880577,True,empty floor,sound_similarity,0,0.0666667,0.251411,0,0.0666667,0.0217513,0,0.0666667,0.13223,0,0.0666667,0.10022,0,0.0666667,0.160728,0,0.0666667,0.168142,0,0.0666667,0.132888,0,0.0666667,0.145598,0,0.0666667,0.207897,0.5,0.4,0
1.75,2,4.39415,-2.99573,0.00236407,0.00236407,0.00236407,0.0660433,True,empty floor,sound_similarity,0,0.05,0.251411,0,0.05,0.0217513,0,0.05,0.13223,0,0.05,0.10022,0,0.05,0.160728,0,0.05,0.168142,0,0.05,0.132888,0,0.05,0.145598,0,0.05,0.207897,1,0.55,0
1.5,2,4.33264,-2.99573,0.00236407,0.00236407,0.00236407,0.0880577,True,empty floor,sound_similarity,0,0.0666667,0.251411,0,0.0666667,0.0217513,0,0.0666667,0.13223,0,0.0666667,0.10022,0,0.0666667,0.160728,0,0.0666667,0.168142,0,0.0666667,0.132888,0,0.0666667,0.145598,0,0.0666667,0.207897,0.5,0.4,0
1.25,2,4.28485,-2.99573,0.00236407,0.00236407,0.00236407,0.0880577,True,empty floor,sound_similarity,0,0.0666667,0.251411,0,0.0666667,0.0217513,0,0.0666667,0.13223,0,0.0666667,0.10022,0,0.0666667,0.160728,0,0.0666667,0.168142,0,0.0666667,0.132888,0,0.0666667,0.145598,0,0.0666667,0.207897,0.5,0.4,0
-0.75,3.25,3.24946,-2.99573,0.00236407,0.00236407,0.00236407,0.0880577,True,empty floor,sound_similarity,0,0.0666667,0.251411,0,0.0666667,0.0217513,0,0.0666667,0.13223,0,0.0666667,0.10022,0,0.0666667,0.160728,0,0.0666667,0.168142,0,0.0666667,0.132888,0,0.0666667,0.145598,0,0.0666667,0.207897,0.5,0.4,0
-0.25,3.25,3.08345,-2.99573,0.00236407,0.00236407,0.00236407,0.0880577,True,empty floor,sound_similarity,0,0.0666667,0.251411,0,0.0666667,0.0217513,0,0.0666667,0.13223,0,0.0666667,0.10022,0,0.0666667,0.160728,0,0.0666667,0.168142,0,0.0666667,0.132888,0,0.0666667,0.145598,0,0.0666667,0.207897,0.5,0.4,0
0,4.75,1.57702,-2.99573,0.00236407,0.00236407,0.00236407,0.0880577,True,empty floor,sound_similarity,0,0.0666667,0.251411,0,0.0666667,0.0217513,0,0.0666667,0.13223,0,0.0666667,0.10022,0,0.0666667,0.160728,0,0.0666667,0.168142,0,0.0666667,0.132888,0,0.0666667,0.145598,0,0.0666667,0.207897,0.5,0.4,0
0,4,2.29472,-2.99573,0.00236407,0.00236407,0.00236407,0.0880577,True,empty floor,sound_similarity,0,0.0666667,0.251411,0,0.0666667,0.0217513,0,0.0666667,0.13223,0,0.0666667,0.10022,0,0.0666667,0.160728,0,0.0666667,0.168142,0,0.0666667,0.132888,0,0.0666667,0.145598,0,0.0666667,0.207897,0.5,0.4,0
1.5,4.25,2.19328,-2.99573,0.00236407,0.00236407,0.00236407,0.0880577,True,empty floor,sound_similarity,0,0.0666667,0.251411,0,0.0666667,0.0217513,0,0.0666667,0.13223,0,0.0666667,0.10022,0,0.0666667,0.160728,0,0.0666667,0.168142,0,0.0666667,0.132888,0,0.0666667,0.145598,0,0.0666667,0.207897,0.5,0.4,0
1.25,4.25,2.0973,-2.99573,0.00236407,0.00236407,0.00236407,0.0880577,True,empty floor,sound_similarity,0,0.0666667,0.251411,0,0.0666667,0.0217513,0,0.0666667,0.13223,0,0.0666667,0.10022,0,0.0666667,0.160728,0,0.0666667,0.168142,0,0.0666667,0.132888,0,0.0666667,0.145598,0,0.0666667,0.207897,0.5,0.4,0
1,4.25,2.02776,-2.99573,0.00236407,0.00236407,0.00236407,0.0880577,True,empty floor,sound_similarity,0,0.0666667,0.251411,0,0.0666667,0.0217513,0,0.0666667,0.13223,0,0.0666667,0.10022,0,0.0666667,0.160728,0,0.0666667,0.168142,0,0.0666667,0.132888,0,0.0666667,0.145598,0,0.0666667,0.207897,0.5,0.4,0
0.75,4.25,1.98746,-2.99573,0.00236407,0.00236407,0.00236407,0.0880577,True,empty floor,sound_similarity,0,0.0666667,0.251411,0,0.0666667,0.0217513,0,0.0666667,0.13223,0,0.0666667,0.10022,0,0.0666667,0.160728,0,0.0666667,0.168142,0,0.0666667,0.132888,0,0.0666667,0.145598,0,0.0666667,0.207897,0.5,0.4,0
0.5,4.25,1.97817,-2.99573,0.00236407,0.00236407,0.00236407,0.0880577,True,empty floor,sound_similarity,0,0.0666667,0.251411,0,0.0666667,0.0217513,0,0.0666667,0.13223,0,0.0666667,0.10022,0,0.0666667,0.160728,0,0.0666667,0.168142,0,0.0666667,0.132888,0,0.0666667,0.145598,0,0.0666667,0.207897,0.5,0.4,0
0.25,4.25,2.00033,-2.99573,0.00236407,0.00236407,0.00236407,0.0880577,True,empty floor,sound_similarity,0,0.0666667,0.251411,0,0.0666667,0.0217513,0,0.0666667,0.13223,0,0.0666667,0.10022,0,0.0666667,0.160728,0,0.0666667,0.168142,0,0.0666667,0.132888,0,0.0666667,0.145598,0,0.0666667,0.207897,0.5,0.4,0
0,4.25,2.05292,-2.99573,0.00236407,0.00236407,0.00236407,0.0880577,True,empty floor,sound_similarity,0,0.0666667,0.251411,0,0.0666667,0.0217513,0,0.0666667,0.13223,0,0.0666667,0.10022,0,0.0666667,0.160728,0,0.0666667,0.168142,0,0.0666667,0.132888,0,0.0666667,0.145598,0,0.0666667,0.207897,0.5,0.4,0
-0.25,4.25,2.13369,-2.99573,0.00236407,0.00236407,0.00236407,0.0880577,True,empty floor,sound_similarity,0,0.0666667,0.251411,0,0.0666667,0.0217513,0,0.0666667,0.13223,0,0.0666667,0.10022,0,0.0666667,0.160728,0,0.0666667,0.168142,0,0.0666667,0.132888,0,0.0666667,0.145598,0,0.0666667,0.207897,0.5,0.4,0
-0.5,4.25,2.2396,-2.99573,0.00236407,0.00236407,0.00236407,0.0880577,True,empty floor,sound_similarity,0,0.0666667,0.251411,0,0.0666667,0.0217513,0,0.0666667,0.13223,0,0.0666667,0.10022,0,0.0666667,0.160728,0,0.0666667,0.168142,0,0.0666667,0.132888,0,0.0666667,0.145598,0,0.0666667,0.207897,0.5,0.4,0
-0.75,4.25,2.36727,-2.99571,0.00236407,0.00236407,0.00236407,0.0880577,True,empty floor,sound_similarity,0,0.0666667,0.251411,0,0.0666667,0.0217513,0,0.0666667,0.13223,0,0.0666667,0.10022,0,0.0666667,0.160728,0,0.0666667,0.168142,0,0.0666667,0.132888,0,0.0666667,0.145598,0,0.0666667,0.207897,0.5,0.4,0
-1,4.25,2.51339,-2.99559,0.00236407,0.00236407,0.00236407,0.0880577,True,empty floor,sound_similarity,0,0.0666667,0.251411,0,0.0666667,0.0217513,0,0.0666667,0.13223,0,0.0666667,0.10022,0,0.0666667,0.160728,0,0.0666667,0.168142,0,0.0666667,0.132888,0,0.0666667,0.145598,0,0.0666667,0.207897,0.5,0.4,0
-1.25,4.25,2.67494,-2.995,0.00236407,0.00236407,0.00236407,0.0880577,True,empty floor,sound_similarity,0,0.0666667,0.251411,0,0.0666667,0.0217513,0,0.0666667,0.13223,0,0.0666667,0.10022,0,0.0666667,0.160728,0,0.0666667,0.168142,0,0.0666667,0.132888,0,0.0666667,0.145598,0,0.0666667,0.207897,0.5,0.4,0
-1.5,4.25,2.8493,-2.9929,0.00236407,0.00236407,0.00236407,0.0880577,True,empty floor,sound_similarity,0,0.0666667,0.251411,0,0.0666667,0.0217513,0,0.0666667,0.13223,0,0.0666667,0.10022,0,0.0666667,0.160728,0,0.0666667,0.168142,0,0.0666667,0.132888,0,0.0666667,0.145598,0,0.0666667,0.207897,0.5,0.4,0
-1.75,4.25,3.03425,-2.98701,0.00236407,0.00236407,0.00236407,0.0880577,True,empty floor,sound_similarity,0,0.0666667,0.251411,0,0.0666667,0.0217513,0,0.0666667,0.13223,0,0.0666667,0.10022,0,0.0666667,0.160728,0,0.0666667,0.168142,0,0.0666667,0.132888,0,0.0666667,0.145598,0,0.0666667,0.207897,0.5,0.4,0
-2,4.25,3.22797,-2.97357,0.00236407,0.00236407,0.00236407,0.0880577,True,empty floor,sound_similarity,0,0.0666667,0.251411,0,0.0666667,0.0217513,0,0.0666667,0.13223,0,0.0666667,0.10022,0,0.0666667,0.160728,0,0.0666667,0.168142,0,0.0666667,0.132888,0,0.0666667,0.145598,0,0.0666667,0.207897,0.5,0.4,0
-2.25,4.25,3.42899,-2.94766,0.00236407,0.00236407,0.00236407,0.132087,False,tv,sound_similarity,0,0.1,0.251411,0,0.1,0.0217513,0,0.1,0.13223,0,0.1,0.10022,0,0.1,0.160728,0,0.1,0.168142,0,0.1,0.132888,0,0.1,0.145598,0,0.1,0.207897,0,0.1,0
2,4,2.65714,-2.99573,0.00236407,0.00236407,0.00236407,0.0880577,True,empty floor,sound_similarity,0,0.0666667,0.251411,0,0.0666667,0.0217513,0,0.0666667,0.13223,0,0.0666667,0.10022,0,0.0666667,0.160728,0,0.0666667,0.168142,0,0.0666667,0.132888,0,0.0666667,0.145598,0,0.0666667,0.207897,0.5,0.4,0
1.75,4,2.52954,-2.99573,0.00236407,0.00236407,0.00236407,0.0880577,True,empty floor,sound_similarity,0,0.0666667,0.251411,0,0.0666667,0.0217513,0,0.0666667,0.13223,0,0.0666667,0.10022,0,0.0666667,0.160728,0,0.0666667,0.168142,0,0.0666667,0.132888,0,0.0666667,0.145598,0,0.0666667,0.207897,0.5,0.4,0
1.5,4,2.4211,-2.99573,0.00236407,0.00236407,0.00236407,0.0880577,True,empty floor,sound_similarity,0,0.0666667,0.251411,0,0.0666667,0.0217513,0,0.0666667,0.13223,0,0.0666667,0.10022,0,0.0666667,0.160728,0,0.0666667,0.168142,0,0.0666667,0.132888,0,0.0666667,0.145598,0,0.0666667,0.207897,0.5,0.4,0
1.25,4,2.3345,-2.99573,0.00236407,0.00236407,0.00236407,0.0660433,True,empty floor,sound_similarity,0,0.05,0.251411,0,0.05,0.0217513,0,0.05,0.13223,0,0.05,0.10022,0,0.05,0.160728,0,0.05,0.168142,0,0.05,0.132888,0,0.05,0.145598,0,0.05,0.207897,1,0.55,0
1,4,2.27224,-2.99573,0.00236407,0.00236407,0.00236407,0.0880577,True,empty floor,sound_similarity,0,0.0666667,0.251411,0,0.0666667,0.0217513,0,0.0666667,0.13223,0,0.0666667,0.10022,0,0.0666667,0.160728,0,0.0666667,0.168142,0,0.0666667,0.132888,0,0.0666667,0.145598,0,0.0666667,0.207897,0.5,0.4,0
0.75,4,2.23634,-2.99573,0.00236407,0.00236407,0.00236407,0.0880577,True,empty floor,sound_similarity,0,0.0666667,0.251411,0,0.0666667,0.0217513,0,0.0666667,0.13223,0,0.0666667,0.10022,0,0.0666667,0.160728,0,0.0666667,0.168142,0,0.0666667,0.132888,0,0.0666667,0.145598,0,0.0666667,0.207897,0.5,0.4,0
0.5,4,2.22809,-2.99573,0.00236407,0.00236407,0.00236407,0.0880577,True,empty floor,sound_similarity,0,0.0666667,0.251411,0,0.0666667,0.0217513,0,0.0666667,0.13223,0,0.0666667,0.10022,0,0.0666667,0.160728,0,0.0666667,0.168142,0,0.0666667,0.132888,0,0.0666667,0.145598,0,0.0666667,0.207897,0.5,0.4,0
2,4.25,2.45136,-2.99573,0.00236407,0.00236407,0.00236407,0.0880577,True,empty floor,sound_similarity,0,0.0666667,0.251411,0,0.0666667,0.0217513,0,0.0666667,0.13223,0,0.0666667,0.10022,0,0.0666667,0.160728,0,0.0666667,0.168142,0,0.0666667,0.132888,0,0.0666667,0.145598,0,0.0666667,0.207897,0.5,0.4,0
-2.25,4.5,3.29116,-2.86749,0.00236407,0.00236407,0.00236407,0.0880577,True,empty floor,sound_similarity,0,0.0666667,0.251411,0,0.0666667,0.0217513,0,0.0666667,0.13223,0,0.0666667,0.10022,0,0.0666667,0.160728,0,0.0666667,0.168142,0,0.0666667,0.132888,0,0.0666667,0.145598,0,0.0666667,0.207897,0.5,0.4,0
-2,4.5,3.08116,-2.92948,0.00236407,0.00236407,0.00236407,0.132087,False,tv,sound_similarity,0,0.1,0.251411,0,0.1,0.0217513,0,0.1,0.13223,0,0.1,0.10022,0,0.1,0.160728,0,0.1,0.168142,0,0.1,0.132888,0,0.1,0.145598,0,0.1,0.207897,0,0.1,0
1.5,4.5,1.97085,-2.99573,0.00236407,0.00236407,0.00236407,0.0880577,True,empty floor,sound_similarity,0,0.0666667,0.251411,0,0.0666667,0.0217513,0,0.0666667,0.13223,0,0.0666667,0.10022,0,0.0666667,0.160728,0,0.0666667,0.168142,0,0.0666667,0.132888,0,0.0666667,0.145598,0,0.0666667,0.207897,0.5,0.4,0
-0.25,4.75,1.68082,-2.99573,0.00236407,0.00236407,0.00236407,0.0880577,True,empty floor,sound_similarity,0,0.0666667,0.251411,0,0.0666667,0.0217513,0,0.0666667,0.13223,0,0.0666667,0.10022,0,0.0666667,0.160728,0,0.0666667,0.168142,0,0.0666667,0.132888,0,0.0666667,0.145598,0,0.0666667,0.207897,0.5,0.4,0
-0.5,4.75,1.81337,-2.99568,0.00236407,0.00236407,0.00236407,0.0880577,True,empty floor,sound_similarity,0,0.0666667,0.251411,0,0.0666667,0.0217513,0,0.0666667,0.13223,0,0.0666667,0.10022,0,0.0666667,0.160728,0,0.0666667,0.168142,0,0.0666667,0.132888,0,0.0666667,0.145598,0,0.0666667,0.207897,0.5,0.4,0
-0.75,4.75,1.96888,-2.99522,0.00236407,0.00236407,0.00236407,0.0880577,True,empty floor,sound_similarity,0,0.0666667,0.251411,0,0.0666667,0.0217513,0,0.0666667,0.13223,0,0.0666667,0.10022,0,0.0666667,0.160728,0,0.0666667,0.168142,0,0.0666667,0.132888,0,0.0666667,0.145598,0,0.0666667,0.207897,0.5,0.4,0
-1,4.75,2.14235,-2.99253,0.00236407,0.00236407,0.00236407,0.0880577,True,empty floor,sound_similarity,0,0.0666667,0.251411,0,0.0666667,0.0217513,0,0.0666667,0.13223,0,0.0666667,0.10022,0,0.0666667,0.160728,0,0.0666667,0.168142,0,0.0666667,0.132888,0,0.0666667,0.145598,0,0.0666667,0.207897,0.5,0.4,0
-1.25,4.75,2.32977,-2.98232,0.00236407,0.00236407,0.00236407,0.0880577,True,empty floor,sound_similarity,0,0.0666667,0.251411,0,0.0666667,0.0217513,0,0.0666667,0.13223,0,0.0666667,0.10022,0,0.0666667,0.160728,0,0.0666667,0.168142,0,0.0666667,0.132888,0,0.0666667,0.145598,0,0.0666667,0.207897,0.5,0.4,0
-1.5,4.75,2.52804,-2.95479,0.00236407,0.00236407,0.00236407,0.0880577,True,empty floor,sound_similarity,0,0.0666667,0.251411,0,0.0666667,0.0217513,0,0.0666667,0.13223,0,0.0666667,0.10022,0,0.0666667,0.160728,0,0.0666667,0.168142,0,0.0666667,0.132888,0,0.0666667,0.145598,0,0.0666667,0.207897,0.5,0.4,0
-1.75,4.75,2.7348,-2.89825,0.00236407,0.00236407,0.00236407,0.0880577,True,empty floor,sound_similarity,0,0.0666667,0.251411,0,0.0666667,0.0217513,0,0.0666667,0.13223,0,0.0666667,0.10022,0,0.0666667,0.160728,0,0.0666667,0.168142,0,0.0666667,0.132888,0,0.0666667,0.145598,0,0.0666667,0.207897,0.5,0.4,0
-2,4.75,2.94827,-2.80529,0.00236407,0.00236407,0.00236407,0.0880577,True,empty floor,sound_similarity,0,0.0666667,0.251411,0,0.0666667,0.0217513,0,0.0666667,0.13223,0,0.0666667,0.10022,0,0.0666667,0.160728,0,0.0666667,0.168142,0,0.0666667,0.132888,0,0.0666667,0.145598,0,0.0666667,0.207897,0.5,0.4,0
-2.25,4.75,3.16709,-2.67743,0.00236407,0.00236407,0.00236407,0.0880577,True,empty floor,sound_similarity,0,0.0666667,0.251411,0,0.0666667,0.0217513,0,0.0666667,0.13223,0,0.0666667,0.10022,0,0.0666667,0.160728,0,0.0666667,0.168142,0,0.0666667,0.132888,0,0.0666667,0.145598,0,0.0666667,0.207897,0.5,0.4,0
2,4.5,2.25453,-2.99573,0.00236407,0.00236407,0.00236407,0.0880577,True,empty floor,sound_similarity,0,0.0666667,0.251411,0,0.0666667,0.0217513,0,0.0666667,0.13223,0,0.0666667,0.10022,0,0.0666667,0.160728,0,0.0666667,0.168142,0,0.0666667,0.132888,0,0.0666667,0.145598,0,0.0666667,0.207897,0.5,0.4,0
1.25,4.5,1.86344,-2.99573,0.00236407,0.00236407,0.00236407,0.0880577,True,empty floor,sound_similarity,0,0.0666667,0.251411,0,0.0666667,0.0217513,0,0.0666667,0.13223,0,0.0666667,0.10022,0,0.0666667,0.160728,0,0.0666667,0.168142,0,0.0666667,0.132888,0,0.0666667,0.145598,0,0.0666667,0.207897,0.5,0.4,0
-1.75,4.5,2.87757,-2.9666,0.00236407,0.00236407,0.00236407,0.0880577,True,empty floor,sound_similarity,0,0.0666667,0.251411,0,0.0666667,0.0217513,0,0.0666667,0.13223,0,0.0666667,0.10022,0,0.0666667,0.160728,0,0.0666667,0.168142,0,0.0666667,0.132888,0,0.0666667,0.145598,0,0.0666667,0.207897,0.5,0.4,0
1,4.5,1.78482,-2.99573,0.00236407,0.00236407,0.00236407,0.0880577,True,empty floor,sound_similarity,0,0.0666667,0.251411,0,0.0666667,0.0217513,0,0.0666667,0.13223,0,0.0666667,0.10022,0,0.0666667,0.160728,0,0.0666667,0.168142,0,0.0666667,0.132888,0,0.0666667,0.145598,0,0.0666667,0.207897,0.5,0.4,0
0.5,4.5,1.72827,-2.99573,0.00236407,0.00236407,0.00236407,0.0880577,True,empty floor,sound_similarity,0,0.0666667,0.251411,0,0.0666667,0.0217513,0,0.0666667,0.13223,0,0.0666667,0.10022,0,0.0666667,0.160728,0,0.0666667,0.168142,0,0.0666667,0.132888,0,0.0666667,0.145598,0,0.0666667,0.207897,0.5,0.4,0
0.25,4.5,1.75359,-2.99573,0.00236407,0.00236407,0.00236407,0.0880577,True,empty floor,sound_similarity,0,0.0666667,0.251411,0,0.0666667,0.0217513,0,0.0666667,0.13223,0,0.0666667,0.10022,0,0.0666667,0.160728,0,0.0666667,0.168142,0,0.0666667,0.132888,0,0.0666667,0.145598,0,0.0666667,0.207897,0.5,0.4,0
0,4.5,1.81335,-2.99573,0.00236407,0.00236407,0.00236407,0.0880577,True,empty floor,sound_similarity,0,0.0666667,0.251411,0,0.0666667,0.0217513,0,0.0666667,0.13223,0,0.0666667,0.10022,0,0.0666667,0.160728,0,0.0666667,0.168142,0,0.0666667,0.132888,0,0.0666667,0.145598,0,0.0666667,0.207897,0.5,0.4,0
-0.25,4.5,1.90431,-2.99573,0.00236407,0.00236407,0.00236407,0.0880577,True,empty floor,sound_similarity,0,0.0666667,0.251411,0,0.0666667,0.0217513,0,0.0666667,0.13223,0,0.0666667,0.10022,0,0.0666667,0.160728,0,0.0666667,0.168142,0,0.0666667,0.132888,0,0.0666667,0.145598,0,0.0666667,0.207897,0.5,0.4,0
-0.5,4.5,2.02227,-2.99572,0.00236407,0.00236407,0.00236407,0.0880577,True,empty floor,sound_similarity,0,0.0666667,0.251411,0,0.0666667,0.0217513,0,0.0666667,0.13223,0,0.0666667,0.10022,0,0.0666667,0.160728,0,0.0666667,0.168142,0,0.0666667,0.132888,0,0.0666667,0.145598,0,0.0666667,0.207897,0.5,0.4,0
-0.75,4.5,2.16281,-2.99564,0.00236407,0.00236407,0.00236407,0.0880577,True,empty floor,sound_similarity,0,0.0666667,0.251411,0,0.0666667,0.0217513,0,0.0666667,0.13223,0,0.0666667,0.10022,0,0.0666667,0.160728,0,0.0666667,0.168142,0,0.0666667,0.132888,0,0.0666667,0.145598,0,0.0666667,0.207897,0.5,0.4,0
-1,4.5,2.32183,-2.9951,0.00236407,0.00236407,0.00236407,0.0880577,True,empty floor,sound_similarity,0,0.0666667,0.251411,0,0.0666667,0.0217513,0,0.0666667,0.13223,0,0.0666667,0.10022,0,0.0666667,0.160728,0,0.0666667,0.168142,0,0.0666667,0.132888,0,0.0666667,0.145598,0,0.0666667,0.207897,0.5,0.4,0
-1.25,4.5,2.49581,-2.99274,0.00236407,0.00236407,0.00236407,0.0880577,True,empty floor,sound_similarity,0,0.0666667,0.251411,0,0.0666667,0.0217513,0,0.0666667,0.13223,0,0.0666667,0.10022,0,0.0666667,0.160728,0,0.0666667,0.168142,0,0.0666667,0.132888,0,0.0666667,0.145598,0,0.0666667,0.207897,0.5,0.4,0
-1.5,4.5,2.68183,-2.98521,0.00236407,0.00236407,0.00236407,0.0880577,True,empty floor,sound_similarity,0,0.0666667,0.251411,0,0.0666667,0.0217513,0,0.0666667,0.13223,0,0.0666667,0.10022,0,0.0666667,0.160728,0,0.0666667,0.168142,0,0.0666667,0.132888,0,0.0666667,0.145598,0,0.0666667,0.207897,0.5,0.4,0
0.25,4,2.24779,-2.99573,0.00236407,0.00236407,0.00236407,0.0880577,True,empty floor,sound_similarity,0,0.0666667,0.251411,0,0.0666667,0.0217513,0,0.0666667,0.13223,0,0.0666667,0.10022,0,0.0666667,0.160728,0,0.0666667,0.168142,0,0.0666667,0.132888,0,0.0666667,0.145598,0,0.0666667,0.207897,0.5,0.4,0
-0.25,4,2.36726,-2.99573,0.00236407,0.00236407,0.00236407,0.0880577,True,empty floor,sound_similarity,0,0.0666667,0.251411,0,0.0666667,0.0217513,0,0.0666667,0.13223,0,0.0666667,0.10022,0,0.0666667,0.160728,0,0.0666667,0.168142,0,0.0666667,0.132888,0,0.0666667,0.145598,0,0.0666667,0.207897,0.5,0.4,0
0,3.25,3.02812,-2.99573,0.00236407,0.00236407,0.00236407,0.0880577,True,empty floor,sound_similarity,0,0.0666667,0.251411,0,0.0666667,0.0217513,0,0.0666667,0.13223,0,0.0666667,0.10022,0,0.0666667,0.160728,0,0.0666667,0.168142,0,0.0666667,0.132888,0,0.0666667,0.145598,0,0.0666667,0.207897,0.5,0.4,0
-0.5,4,2.46314,-2.99573,0.00236407,0.00236407,0.00236407,0.0880577,True,empty floor,sound_similarity,0,0.0666667,0.251411,0,0.0666667,0.0217513,0,0.0666667,0.13223,0,0.0666667,0.10022,0,0.0666667,0.160728,0,0.0666667,0.168142,0,0.0666667,0.132888,0,0.0666667,0.145598,0,0.0666667,0.207897,0.5,0.4,0
1.25,3.5,2.81557,-2.99573,0.00236407,0.00236407,0.00236407,0.0880577,True,empty floor,sound_similarity,0,0.0666667,0.251411,0,0.0666667,0.0217513,0,0.0666667,0.13223,0,0.0666667,0.10022,0,0.0666667,0.160728,0,0.0666667,0.168142,0,0.0666667,0.132888,0,0.0666667,0.145598,0,0.0666667,0.207897,0.5,0.4,0
1,3.5,2.76416,-2.99573,0.00236407,0.00236407,0.00236407,0.0880577,True,empty floor,sound_similarity,0,0.0666667,0.251411,0,0.0666667,0.0217513,0,0.0666667,0.13223,0,0.0666667,0.10022,0,0.0666667,0.160728,0,0.0666667,0.168142,0,0.0666667,0.132888,0,0.0666667,0.145598,0,0.0666667,0.207897,0.5,0.4,0
0.75,3.5,2.73473,-2.99573,0.00236407,0.00236407,0.00236407,0.0880577,True,empty floor,sound_similarity,0,0.0666667,0.251411,0,0.0666667,0.0217513,0,0.0666667,0.13223,0,0.0666667,0.10022,0,0.0666667,0.160728,0,0.0666667,0.168142,0,0.0666667,0.132888,0,0.0666667,0.145598,0,0.0666667,0.207897,0.5,0.4,0
0.5,3.5,2.72799,-2.99573,0.00236407,0.00236407,0.00236407,0.0880577,True,empty floor,sound_similarity,0,0.0666667,0.251411,0,0.0666667,0.0217513,0,0.0666667,0.13223,0,0.0666667,0.10022,0,0.0666667,0.160728,0,0.0666667,0.168142,0,0.0666667,0.132888,0,0.0666667,0.145598,0,0.0666667,0.207897,0.5,0.4,0
0.25,3.5,2.7441,-2.99573,0.00236407,0.00236407,0.00236407,0.0880577,True,empty floor,sound_similarity,0,0.0666667,0.251411,0,0.0666667,0.0217513,0,0.0666667,0.13223,0,0.0666667,0.10022,0,0.0666667,0.160728,0,0.0666667,0.168142,0,0.0666667,0.132888,0,0.0666667,0.145598,0,0.0666667,0.207897,0.5,0.4,0
0,3.5,2.78267,-2.99573,0.00236407,0.00236407,0.00236407,0.0880577,True,empty floor,sound_similarity,0,0.0666667,0.251411,0,0.0666667,0.0217513,0,0.0666667,0.13223,0,0.0666667,0.10022,0,0.0666667,0.160728,0,0.0666667,0.168142,0,0.0666667,0.132888,0,0.0666667,0.145598,0,0.0666667,0.207897,0.5,0.4,0
-0.25,3.5,2.84278,-2.99573,0.00236407,0.00236407,0.00236407,0.0880577,True,empty floor,sound_similarity,0,0.0666667,0.251411,0,0.0666667,0.0217513,0,0.0666667,0.13223,0,0.0666667,0.10022,0,0.0666667,0.160728,0,0.0666667,0.168142,0,0.0666667,0.132888,0,0.0666667,0.145598,0,0.0666667,0.207897,0.5,0.4,0
-0.5,3.5,2.92311,-2.99573,0.00236407,0.00236407,0.00236407,0.0880577,True,empty floor,sound_similarity,0,0.0666667,0.251411,0,0.0666667,0.0217513,0,0.0666667,0.13223,0,0.0666667,0.10022,0,0.0666667,0.160728,0,0.0666667,0.168142,0,0.0666667,0.132888,0,0.0666667,0.145598,0,0.0666667,0.207897,0.5,0.4,0
-0.75,3.5,3.02204,-2.99573,0.00236407,0.00236407,0.00236407,0.0880577,True,empty floor,sound_similarity,0,0.0666667,0.251411,0,0.0666667,0.0217513,0,0.0666667,0.13223,0,0.0666667,0.10022,0,0.0666667,0.160728,0,0.0666667,0.168142,0,0.0666667,0.132888,0,0.0666667,0.145598,0,0.0666667,0.207897,0.5,0.4,0
-1,3.5,3.13782,-2.99573,0.00236407,0.00236407,0.00236407,0.0880577,True,empty floor,sound_similarity,0,0.0666667,0.251411,0,0.0666667,0.0217513,0,0.0666667,0.13223,0,0.0666667,0.10022,0,0.0666667,0.160728,0,0.0666667,0.168142,0,0.0666667,0.132888,0,0.0666667,0.145598,0,0.0666667,0.207897,0.5,0.4,0
-1.25,3.5,3.26865,-2.99571,0.00236407,0.00236407,0.00236407,0.0880577,True,empty floor,sound_similarity,0,0.0666667,0.251411,0,0.0666667,0.0217513,0,0.0666667,0.13223,0,0.0666667,0.10022,0,0.0666667,0.160728,0,0.0666667,0.168142,0,0.0666667,0.132888,0,0.0666667,0.145598,0,0.0666667,0.207897,0.5,0.4,0
-1.5,3.5,3.41281,-2.99564,0.00236407,0.00236407,0.00236407,0.0880577,True,empty floor,sound_similarity,0,0.0666667,0.251411,0,0.0666667,0.0217513,0,0.0666667,0.13223,0,0.0666667,0.10022,0,0.0666667,0.160728,0,0.0666667,0.168142,0,0.0666667,0.132888,0,0.0666667,0.145598,0,0.0666667,0.207897,0.5,0.4,0
-1.75,3.5,3.56867,-2.99541,0.00236407,0.00236407,0.00236407,0.0880577,True,empty floor,sound_similarity,0,0.0666667,0.251411,0,0.0666667,0.0217513,0,0.0666667,0.13223,0,0.0666667,0.10022,0,0.0666667,0.160728,0,0.0666667,0.168142,0,0.0666667,0.132888,0,0.0666667,0.145598,0,0.0666667,0.207897,0.5,0.4,0
-2,3.5,3.73478,-2.99476,0.00236407,0.00236407,0.00236407,0.0880577,True,empty floor,sound_similarity,0,0.0666667,0.251411,0,0.0666667,0.0217513,0,0.0666667,0.13223,0,0.0666667,0.10022,0,0.0666667,0.160728,0,0.0666667,0.168142,0,0.0666667,0.132888,0,0.0666667,0.145598,0,0.0666667,0.207897,0.5,0.4,0
-2.25,3.5,3.90983,-2.99317,0.00236407,0.00236407,0.00236407,0.0880577,True,empty floor,sound_similarity,0,0.0666667,0.251411,0,0.0666667,0.0217513,0,0.0666667,0.13223,0,0.0666667,0.10022,0,0.0666667,0.160728,0,0.0666667,0.168142,0,0.0666667,0.132888,0,0.0666667,0.145598,0,0.0666667,0.207897,0.5,0.4,0
2,3.25,3.31122,-2.99573,0.00236407,0.00236407,0.00236407,0.0880577,True,empty floor,sound_similarity,0,0.0666667,0.251411,0,0.0666667,0.0217513,0,0.0666667,0.13223,0,0.0666667,0.10022,0,0.0666667,0.160728,0,0.0666667,0.168142,0,0.0666667,0.132888,0,0.0666667,0.145598,0,0.0666667,0.207897,0.5,0.4,0
1.75,3.25,3.20972,-2.99573,0.00236407,0.00236407,0.00236407,0.0880577,True,empty floor,sound_similarity,0,0.0666667,0.251411,0,0.0666667,0.0217513,0,0.0666667,0.13223,0,0.0666667,0.10022,0,0.0666667,0.160728,0,0.0666667,0.168142,0,0.0666667,0.132888,0,0.0666667,0.145598,0,0.0666667,0.207897,0.5,0.4,0
1.5,3.25,3.12498,-2.99573,0.00236407,0.00236407,0.00236407,0.0660433,True,empty floor,sound_similarity,0,0.05,0.251411,0,0.05,0.0217513,0,0.05,0.13223,0,0.05,0.10022,0,0.05,0.160728,0,0.05,0.168142,0,0.05,0.132888,0,0.05,0.145598,0,0.05,0.207897,1,0.55,0
1.25,3.25,3.05838,-2.99573,0.00236407,0.00236407,0.00236407,0.0880577,True,empty floor,sound_similarity,0,0.0666667,0.251411,0,0.0666667,0.0217513,0,0.0666667,0.13223,0,0.0666667,0.10022,0,0.0666667,0.160728,0,0.0666667,0.168142,0,0.0666667,0.132888,0,0.0666667,0.145598,0,0.0666667,0.207897,0.5,0.4,0
1,3.25,3.01112,-2.99573,0.00236407,0.00236407,0.00236407,0.0880577,True,empty floor,sound_similarity,0,0.0666667,0.251411,0,0.0666667,0.0217513,0,0.0666667,0.13223,0,0.0666667,0.10022,0,0.0666667,0.160728,0,0.0666667,0.168142,0,0.0666667,0.132888,0,0.0666667,0.145598,0,0.0666667,0.207897,0.5,0.4,0
0.75,3.25,2.98412,-2.99573,0.00236407,0.00236407,0.00236407,0.0880577,True,empty floor,sound_similarity,0,0.0666667,0.251411,0,0.0666667,0.0217513,0,0.0666667,0.13223,0,0.0666667,0.10022,0,0.0666667,0.160728,0,0.0666667,0.168142,0,0.0666667,0.132888,0,0.0666667,0.145598,0,0.0666667,0.207897,0.5,0.4,0
0.5,3.25,2.97795,-2.99573,0.00236407,0.00236407,0.00236407,0.0880577,True,empty floor,sound_similarity,0,0.0666667,0.251411,0,0.0666667,0.0217513,0,0.0666667,0.13223,0,0.0666667,0.10022,0,0.0666667,0.160728,0,0.0666667,0.168142,0,0.0666667,0.132888,0,0.0666667,0.145598,0,0.0666667,0.207897,0.5,0.4,0
0.25,3.25,2.99271,-2.99573,0.00236407,0.00236407,0.00236407,0.0880577,True,empty floor,sound_similarity,0,0.0666667,0.251411,0,0.0666667,0.0217513,0,0.0666667,0.13223,0,0.0666667,0.10022,0,0.0666667,0.160728,0,0.0666667,0.168142,0,0.0666667,0.132888,0,0.0666667,0.145598,0,0.0666667,0.207897,0.5,0.4,0
1.5,3.5,2.88777,-2.99573,0.00236407,0.00236407,0.00236407,0.0880577,True,empty floor,sound_similarity,0,0.0666667,0.251411,0,0.0666667,0.0217513,0,0.0666667,0.13223,0,0.0666667,0.10022,0,0.0666667,0.160728,0,0.0666667,0.168142,0,0.0666667,0.132888,0,0.0666667,0.145598,0,0.0666667,0.207897,0.5,0.4,0
1.75,3.5,2.97927,-2.99573,0.00236407,0.00236407,0.00236407,0.0880577,True,empty floor,sound_similarity,0,0.0666667,0.251411,0,0.0666667,0.0217513,0,0.0666667,0.13223,0,0.0666667,0.10022,0,0.0666667,0.160728,0,0.0666667,0.168142,0,0.0666667,0.132888,0,0.0666667,0.145598,0,0.0666667,0.207897,0.5,0.4,0
-2.25,3.75,3.73972,-2.9891,0.00236407,0.00236407,0.00236407,0.0880577,True,empty floor,sound_similarity,0,0.0666667,0.251411,0,0.0666667,0.0217513,0,0.0666667,0.13223,0,0.0666667,0.10022,0,0.0666667,0.160728,0,0.0666667,0.168142,0,0.0666667,0.132888,0,0.0666667,0.145598,0,0.0666667,0.207897,0.5,0.4,0
1,3.75,2.5178,-2.99573,0.00236407,0.00236407,0.00236407,0.0880577,True,empty floor,sound_similarity,0,0.0666667,0.251411,0,0.0666667,0.0217513,0,0.0666667,0.13223,0,0.0666667,0.10022,0,0.0666667,0.160728,0,0.0666667,0.168142,0,0.0666667,0.132888,0,0.0666667,0.145598,0,0.0666667,0.207897,0.5,0.4,0
-0.75,4,2.57977,-2.99573,0.00236407,0.00236407,0.00236407,0.0880577,True,empty floor,sound_similarity,0,0.0666667,0.251411,0,0.0666667,0.0217513,0,0.0666667,0.13223,0,0.0666667,0.10022,0,0.0666667,0.160728,0,0.0666667,0.168142,0,0.0666667,0.132888,0,0.0666667,0.145598,0,0.0666667,0.207897,0.5,0.4,0
-1,4,2.71448,-2.99569,0.00236407,0.00236407,0.00236407,0.0880577,True,empty floor,sound_similarity,0,0.0666667,0.251411,0,0.0666667,0.0217513,0,0.0666667,0.13223,0,0.0666667,0.10022,0,0.0666667,0.160728,0,0.0666667,0.168142,0,0.0666667,0.132888,0,0.0666667,0.145598,0,0.0666667,0.207897,0.5,0.4,0
-1.25,4,2.86471,-2.99553,0.00236407,0.00236407,0.00236407,0.0880577,True,empty floor,sound_similarity,0,0.0666667,0.251411,0,0.0666667,0.0217513,0,0.0666667,0.13223,0,0.0666667,0.10022,0,0.0666667,0.160728,0,0.0666667,0.168142,0,0.0666667,0.132888,0,0.0666667,0.145598,0,0.0666667,0.207897,0.5,0.4,0
-1.5,4,3.02816,-2.99491,0.00236407,0.00236407,0.00236407,0.0880577,True,empty floor,sound_similarity,0,0.0666667,0.251411,0,0.0666667,0.0217513,0,0.0666667,0.13223,0,0.0666667,0.10022,0,0.0666667,0.160728,0,0.0666667,0.168142,0,0.0666667,0.132888,0,0.0666667,0.145598,0,0.0666667,0.207897,0.5,0.4,0
-1.75,4,3.2028,-2.99301,0.00236407,0.00236407,0.00236407,0.0880577,True,empty floor,sound_similarity,0,0.0666667,0.251411,0,0.0666667,0.0217513,0,0.0666667,0.13223,0,0.0666667,0.10022,0,0.0666667,0.160728,0,0.0666667,0.168142,0,0.0666667,0.132888,0,0.0666667,0.145598,0,0.0666667,0.207897,0.5,0.4,0
-2,4,3.3869,-2.98823,0.00236407,0.00236407,0.00236407,0.0769189,True,chair,sound_similarity,0,0.05,0.251411,1,0.55,0.0217513,0,0.05,0.13223,0,0.05,0.10022,0,0.05,0.160728,0,0.05,0.168142,0,0.05,0.132888,0,0.05,0.145598,0,0.05,0.207897,0,0.05,0
-2.25,4,3.579,-2.97802,0.00236407,0.00236407,0.00236407,0.0880577,True,empty floor,sound_similarity,0,0.0666667,0.251411,0,0.0666667,0.0217513,0,0.0666667,0.13223,0,0.0666667,0.10022,0,0.0666667,0.160728,0,0.0666667,0.168142,0,0.0666667,0.132888,0,0.0666667,0.145598,0,0.0666667,0.207897,0.5,0.4,0
1.75,3.75,2.75224,-2.99573,0.00236407,0.00236407,0.00236407,0.0880577,True,empty floor,sound_similarity,0,0.0666667,0.251411,0,0.0666667,0.0217513,0,0.0666667,0.13223,0,0.0666667,0.10022,0,0.0666667,0.160728,0,0.0666667,0.168142,0,0.0666667,0.132888,0,0.0666667,0.145598,0,0.0666667,0.207897,0.5,0.4,0
1.5,3.75,2.65292,-2.99573,0.00236407,0.00236407,0.00236407,0.0880577,True,empty floor,sound_similarity,0,0.0666667,0.251411,0,0.0666667,0.0217513,0,0.0666667,0.13223,0,0.0666667,0.10022,0,0.0666667,0.160728,0,0.0666667,0.168142,0,0.0666667,0.132888,0,0.0666667,0.145598,0,0.0666667,0.207897,0.5,0.4,0
1.25,3.75,2.57413,-2.99573,0.00236407,0.00236407,0.00236407,0.0660433,True,empty floor,sound_similarity,0,0.05,0.251411,0,0.05,0.0217513,0,0.05,0.13223,0,0.05,0.10022,0,0.05,0.160728,0,0.05,0.168142,0,0.05,0.132888,0,0.05,0.145598,0,0.05,0.207897,1,0.55,0
0.75,3.75,2.48546,-2.99573,0.00236407,0.00236407,0.00236407,0.0880577,True,empty floor,sound_similarity,0,0.0666667,0.251411,0,0.0666667,0.0217513,0,0.0666667,0.13223,0,0.0666667,0.10022,0,0.0666667,0.160728,0,0.0666667,0.168142,0,0.0666667,0.132888,0,0.0666667,0.145598,0,0.0666667,0.207897,0.5,0.4,0
-2,3.75,3.55631,-2.9931,0.00236407,0.00236407,0.00236407,0.0880577,True,empty floor,sound_similarity,0,0.0666667,0.251411,0,0.0666667,0.0217513,0,0.0666667,0.13223,0,0.0666667,0.10022,0,0.0666667,0.160728,0,0.0666667,0.168142,0,0.0666667,0.132888,0,0.0666667,0.145598,0,0.0666667,0.207897,0.5,0.4,0
0.5,3.75,2.47803,-2.99573,0.00236407,0.00236407,0.00236407,0.0880577,True,empty floor,sound_similarity,0,0.0666667,0.251411,0,0.0666667,0.0217513,0,0.0666667,0.13223,0,0.0666667,0.10022,0,0.0666667,0.160728,0,0.0666667,0.168142,0,0.0666667,0.132888,0,0.0666667,0.145598,0,0.0666667,0.207897,0.5,0.4,0
0.25,3.75,2.49576,-2.99573,0.00236407,0.00236407,0.00236407,0.0880577,True,empty floor,sound_similarity,0,0.0666667,0.251411,0,0.0666667,0.0217513,0,0.0666667,0.13223,0,0.0666667,0.10022,0,0.0666667,0.160728,0,0.0666667,0.168142,0,0.0666667,0.132888,0,0.0666667,0.145598,0,0.0666667,0.207897,0.5,0.4,0
0,3.75,2.53811,-2.99573,0.00236407,0.00236407,0.00236407,0.0880577,True,empty floor,sound_similarity,0,0.0666667,0.251411,0,0.0666667,0.0217513,0,0.0666667,0.13223,0,0.0666667,0.10022,0,0.0666667,0.160728,0,0.0666667,0.168142,0,0.0666667,0.132888,0,0.0666667,0.145598,0,0.0666667,0.207897,0.5,0.4,0
-0.25,3.75,2.60387,-2.99573,0.00236407,0.00236407,0.00236407,0.0880577,True,empty floor,sound_similarity,0,0.0666667,0.251411,0,0.0666667,0.0217513,0,0.0666667,0.13223,0,0.0666667,0.10022,0,0.0666667,0.160728,0,0.0666667,0.168142,0,0.0666667,0.132888,0,0.0666667,0.145598,0,0.0666667,0.207897,0.5,0.4,0
-0.5,3.75,2.69134,-2.99573,0.00236407,0.00236407,0.00236407,0.0880577,True,empty floor,sound_similarity,0,0.0666667,0.251411,0,0.0666667,0.0217513,0,0.0666667,0.13223,0,0.0666667,0.10022,0,0.0666667,0.160728,0,0.0666667,0.168142,0,0.0666667,0.132888,0,0.0666667,0.145598,0,0.0666667,0.207897,0.5,0.4,0
-0.75,3.75,2.79848,-2.99573,0.00236407,0.00236407,0.00236407,0.0880577,True,empty floor,sound_similarity,0,0.0666667,0.251411,0,0.0666667,0.0217513,0,0.0666667,0.13223,0,0.0666667,0.10022,0,0.0666667,0.160728,0,0.0666667,0.168142,0,0.0666667,0.132888,0,0.0666667,0.145598,0,0.0666667,0.207897,0.5,0.4,0
-1,3.75,2.92312,-2.99572,0.00236407,0.00236407,0.00236407,0.0880577,True,empty floor,sound_similarity,0,0.0666667,0.251411,0,0.0666667,0.0217513,0,0.0666667,0.13223,0,0.0666667,0.10022,0,0.0666667,0.160728,0,0.0666667,0.168142,0,0.0666667,0.132888,0,0.0666667,0.145598,0,0.0666667,0.207897,0.5,0.4,0
-1.25,3.75,3.06314,-2.99567,0.00236407,0.00236407,0.00236407,0.0880577,True,empty floor,sound_similarity,0,0.0666667,0.251411,0,0.0666667,0.0217513,0,0.0666667,0.13223,0,0.0666667,0.10022,0,0.0666667,0.160728,0,0.0666667,0.168142,0,0.0666667,0.132888,0,0.0666667,0.145598,0,0.0666667,0.207897,0.5,0.4,0
-1.5,3.75,3.21652,-2.99547,0.00236407,0.00236407,0.00236407,0.0880577,True,empty floor,sound_similarity,0,0.0666667,0.251411,0,0.0666667,0.0217513,0,0.0666667,0.13223,0,0.0666667,0.10022,0,0.0666667,0.160728,0,0.0666667,0.168142,0,0.0666667,0.132888,0,0.0666667,0.145598,0,0.0666667,0.207897,0.5,0.4,0
-1.75,3.75,3.38144,-2.99483,0.00236407,0.00236407,0.00236407,0.0880577,True,empty floor,sound_similarity,0,0.0666667,0.251411,0,0.0666667,0.0217513,0,0.0666667,0.13223,0,0.0666667,0.10022,0,0.0666667,0.160728,0,0.0666667,0.168142,0,0.0666667,0.132888,0,0.0666667,0.145598,0,0.0666667,0.207897,0.5,0.4,0
2,7.75,2.10158,-2.99573,0.00236407,0.00236407,0.00236407,0.132087,False,tv,sound_similarity,0,0.1,0.251411,0,0.1,0.0217513,0,0.1,0.13223,0,0.1,0.10022,0,0.1,0.160728,0,0.1,0.168142,0,0.1,0.132888,0,0.1,0.145598,0,0.1,0.207897,0,0.1,0
