x,y,dist_robot,snd_loglik,snd_post,vis_post,fused,vis_like,observed,mle_class,vis_phrase_source,ev_tv,post_tv,sim_tv,ev_chair,post_chair,sim_chair,ev_couch,post_couch,sim_couch,ev_toilet,post_toilet,sim_toilet,ev_microwave,post_microwave,sim_microwave,ev_oven,post_oven,sim_oven,ev_sink,post_sink,sim_sink,ev_refrigerator,post_refrigerator,sim_refrigerator,ev_clock,post_clock,sim_clock,ev_empty_floor,post_empty_floor,sim_empty_floor
-2.25,1.75,5.5976,-2.99573,0.00236407,0.00236407,0.00236407,0.128216,False,tv,sound_similarity,0,0.1,0.233436,0,0.1,0,0,0.1,0.101654,0,0.1,0.146081,0,0.1,0.230823,0,0.1,0.153118,0,0.1,0.166779,0,0.1,0.172401,0,0.1,0.077866,0,0.1,0
1.5,5.5,1.32104,-0.000856248,0.00236407,0.00236407,0.00236407,0.128216,False,tv,sound_similarity,0,0.1,0.233436,0,0.1,0,0,0.1,0.101654,0,0.1,0.146081,0,0.1,0.230823,0,0.1,0.153118,0,0.1,0.166779,0,0.1,0.172401,0,0.1,0.077866,0,0.1,0
-1.5,6,2.23153,-2.99573,0.00236407,0.00236407,0.00236407,0.0854772,True,empty floor,sound_similarity,0,0.0666667,0.233436,0,0.0666667,0,0,0.0666667,0.101654,0,0.0666667,0.146081,0,0.0666667,0.230823,0,0.0666667,0.153118,0,0.0666667,0.166779,0,0.0666667,0.172401,0,0.0666667,0.077866,0.5,0.4,0
-1.75,6,2.47518,-2.99573,0.00236407,0.00236407,0.00236407,0.0854772,True,empty floor,sound_similarity,0,0.0666667,0.233436,0,0.0666667,0,0,0.0666667,0.101654,0,0.0666667,0.146081,0,0.0666667,0.230823,0,0.0666667,0.153118,0,0.0666667,0.166779,0,0.0666667,0.172401,0,0.0666667,0.077866,0.5,0.4,0
-2,6,2.71998,-2.99573,0.00236407,0.00236407,0.00236407,0.0854772,True,empty floor,sound_similarity,0,0.0666667,0.233436,0,0.0666667,0,0,0.0666667,0.101654,0,0.0666667,0.146081,0,0.0666667,0.230823,0,0.0666667,0.153118,0,0.0666667,0.166779,0,0.0666667,0.172401,0,0.0666667,0.077866,0.5,0.4,0
-2.25,6,2.96564,-2.99573,0.00236407,0.00236407,0.00236407,0.0854772,True,empty floor,sound_similarity,0,0.0666667,0.233436,0,0.0666667,0,0,0.0666667,0.101654,0,0.0666667,0.146081,0,0.0666667,0.230823,0,0.0666667,0.153118,0,0.0666667,0.166779,0,0.0666667,0.172401,0,0.0666667,0.077866,0.5,0.4,0
2,5.75,1.54138,-1.50862,0.00236407,0.00236407,0.00236407,0.128216,False,tv,sound_similarity,0,0.1,0.233436,0,0.1,0,0,0.1,0.101654,0,0.1,0.146081,0,0.1,0.230823,0,0.1,0.153118,0,0.1,0.166779,0,0.1,0.172401,0,0.1,0.077866,0,0.1,0
1.75,5.75,1.33139,-0.850278,0.00236407,0.00236407,0.00236407,0.128216,False,tv,sound_similarity,0,0.1,0.233436,0,0.1,0,0,0.1,0.101654,0,0.1,0.146081,0,0.1,0.230823,0,0.1,0.153118,0,0.1,0.166779,0,0.1,0.172401,0,0.1,0.077866,0,0.1,0
1.5,5.75,1.1377,-0.222499,0.00236407,0.00236407,0.00236407,0.128216,False,tv,sound_similarity,0,0.1,0.233436,0,0.1,0,0,0.1,0.101654,0,0.1,0.146081,0,0.1,0.230823,0,0.1,0.153118,0,0.1,0.166779,0,0.1,0.172401,0,0.1,0.077866,0,0.1,0
1.25,5.75,0.970118,-0.0279256,0.00236407,0.00236407,0.00236407,0.128216,False,tv,sound_similarity,0,0.1,0.233436,0,0.1,0,0,0.1,0.101654,0,0.1,0.146081,0,0.1,0.230823,0,0.1,0.153118,0,0.1,0.166779,0,0.1,0.172401,0,0.1,0.077866,0,0.1,0
1,5.75,0.844329,-1.02041,0.00236407,0.00236407,0.00236407,0.128216,False,tv,sound_similarity,0,0.1,0.233436,0,0.1,0,0,0.1,0.101654,0,0.1,0.146081,0,0.1,0.230823,0,0.1,0.153118,0,0.1,0.166779,0,0.1,0.172401,0,0.1,0.077866,0,0.1,0
0.75,5.75,0.780804,-2.81882,0.00236407,0.00236407,0.00236407,0.128216,False,tv,sound_similarity,0,0.1,0.233436,0,0.1,0,0,0.1,0.101654,0,0.1,0.146081,0,0.1,0.230823,0,0.1,0.153118,0,0.1,0.166779,0,0.1,0.172401,0,0.1,0.077866,0,0.1,0
0.5,5.75,0.794618,-2.99522,0.00236407,0.00236407,0.00236407,0.128216,False,tv,sound_similarity,0,0.1,0.233436,0,0.1,0,0,0.1,0.101654,0,0.1,0.146081,0,0.1,0.230823,0,0.1,0.153118,0,0.1,0.166779,0,0.1,0.172401,0,0.1,0.077866,0,0.1,0
0.25,5.75,0.882145,-2.99573,0.00236407,0.00236407,0.00236407,0.128216,False,tv,sound_similarity,0,0.1,0.233436,0,0.1,0,0,0.1,0.101654,0,0.1,0.146081,0,0.1,0.230823,0,0.1,0.153118,0,0.1,0.166779,0,0.1,0.172401,0,0.1,0.077866,0,0.1,0
0,5.75,1.02467,-2.99573,0.00236407,0.00236407,0.00236407,0.128216,False,tv,sound_similarity,0,0.1,0.233436,0,0.1,0,0,0.1,0.101654,0,0.1,0.146081,0,0.1,0.230823,0,0.1,0.153118,0,0.1,0.166779,0,0.1,0.172401,0,0.1,0.077866,0,0.1,0
-0.25,5.75,1.20279,-2.99573,0.00236407,0.00236407,0.00236407,0.128216,False,tv,sound_similarity,0,0.1,0.233436,0,0.1,0,0,0.1,0.101654,0,0.1,0.146081,0,0.1,0.230823,0,0.1,0.153118,0,0.1,0.166779,0,0.1,0.172401,0,0.1,0.077866,0,0.1,0
-0.5,5.75,1.40302,-2.99573,0.00236407,0.00236407,0.00236407,0.0854772,True,empty floor,sound_similarity,0,0.0666667,0.233436,0,0.0666667,0,0,0.0666667,0.101654,0,0.0666667,0.146081,0,0.0666667,0.230823,0,0.0666667,0.153118,0,0.0666667,0.166779,0,0.0666667,0.172401,0,0.0666667,0.077866,0.5,0.4,0
-0.75,5.75,1.61717,-2.99573,0.00236407,0.00236407,0.00236407,0.0854772,True,empty floor,sound_similarity,0,0.0666667,0.233436,0,0.0666667,0,0,0.0666667,0.101654,0,0.0666667,0.146081,0,0.0666667,0.230823,0,0.0666667,0.153118,0,0.0666667,0.166779,0,0.0666667,0.172401,0,0.0666667,0.077866,0.5,0.4,0
-1,5.75,1.84038,-2.99573,0.00236407,0.00236407,0.00236407,0.0854772,True,empty floor,sound_similarity,0,0.0666667,0.233436,0,0.0666667,0,0,0.0666667,0.101654,0,0.0666667,0.146081,0,0.0666667,0.230823,0,0.0666667,0.153118,0,0.0666667,0.166779,0,0.0666667,0.172401,0,0.0666667,0.077866,0.5,0.4,0
-1.25,5.75,2.06972,-2.99573,0.00236407,0.00236407,0.00236407,0.0854772,True,empty floor,sound_similarity,0,0.0666667,0.233436,0,0.0666667,0,0,0.0666667,0.101654,0,0.0666667,0.146081,0,0.0666667,0.230823,0,0.0666667,0.153118,0,0.0666667,0.166779,0,0.0666667,0.172401,0,0.0666667,0.077866,0.5,0.4,0
-1.5,5.75,2.30337,-2.99573,0.00236407,0.00236407,0.00236407,0.0854772,True,empty floor,sound_similarity,0,0.0666667,0.233436,0,0.0666667,0,0,0.0666667,0.101654,0,0.0666667,0.146081,0,0.0666667,0.230823,0,0.0666667,0.153118,0,0.0666667,0.166779,0,0.0666667,0.172401,0,0.0666667,0.077866,0.5,0.4,0
-1.75,5.75,2.54013,-2.99573,0.00236407,0.00236407,0.00236407,0.0854772,True,empty floor,sound_similarity,0,0.0666667,0.233436,0,0.0666667,0,0,0.0666667,0.101654,0,0.0666667,0.146081,0,0.0666667,0.230823,0,0.0666667,0.153118,0,0.0666667,0.166779,0,0.0666667,0.172401,0,0.0666667,0.077866,0.5,0.4,0
-2,5.75,2.77922,-2.99573,0.00236407,0.00236407,0.00236407,0.0854772,True,empty floor,sound_similarity,0,0.0666667,0.233436,0,0.0666667,0,0,0.0666667,0.101654,0,0.0666667,0.146081,0,0.0666667,0.230823,0,0.0666667,0.153118,0,0.0666667,0.166779,0,0.0666667,0.172401,0,0.0666667,0.077866,0.5,0.4,0
-2.25,5.75,3.02007,-2.99573,0.00236407,0.00236407,0.00236407,0.0854772,True,empty floor,sound_similarity,0,0.0666667,0.233436,0,0.0666667,0,0,0.0666667,0.101654,0,0.0666667,0.146081,0,0.0666667,0.230823,0,0.0666667,0.153118,0,0.0666667,0.166779,0,0.0666667,0.172401,0,0.0666667,0.077866,0.5,0.4,0
2,5.5,1.68125,-0.648407,0.00236407,0.00236407,0.00236407,0.128216,False,tv,sound_similarity,0,0.1,0.233436,0,0.1,0,0,0.1,0.101654,0,0.1,0.146081,0,0.1,0.230823,0,0.1,0.153118,0,0.1,0.166779,0,0.1,0.172401,0,0.1,0.077866,0,0.1,0
-1.25,6,1.98947,-2.99573,0.00236407,0.00236407,0.00236407,0.0854772,True,empty floor,sound_similarity,0,0.0666667,0.233436,0,0.0666667,0,0,0.0666667,0.101654,0,0.0666667,0.146081,0,0.0666667,0.230823,0,0.0666667,0.153118,0,0.0666667,0.166779,0,0.0666667,0.172401,0,0.0666667,0.077866,0.5,0.4,0
-1,6,1.74963,-2.99573,0.00236407,0.00236407,0.00236407,0.0854772,True,empty floor,sound_similarity,0,0.0666667,0.233436,0,0.0666667,0,0,0.0666667,0.101654,0,0.0666667,0.146081,0,0.0666667,0.230823,0,0.0666667,0.153118,0,0.0666667,0.166779,0,0.0666667,0.172401,0,0.0666667,0.077866,0.5,0.4,0
-0.75,6,1.5131,-2.99573,0.00236407,0.00236407,0.00236407,0.0854772,True,empty floor,sound_similarity,0,0.0666667,0.233436,0,0.0666667,0,0,0.0666667,0.101654,0,0.0666667,0.146081,0,0.0666667,0.230823,0,0.0666667,0.153118,0,0.0666667,0.166779,0,0.0666667,0.172401,0,0.0666667,0.077866,0.5,0.4,0
-2,6.25,2.68282,-2.99573,0.00236407,0.00236407,0.00236407,0.0854772,True,empty floor,sound_similarity,0,0.0666667,0.233436,0,0.0666667,0,0,0.0666667,0.101654,0,0.0666667,0.146081,0,0.0666667,0.230823,0,0.0666667,0.153118,0,0.0666667,0.166779,0,0.0666667,0.172401,0,0.0666667,0.077866,0.5,0.4,0
0.5,6.25,0.323845,-2.99573,0.00236407,0.00236407,0.00236407,0.128216,False,tv,sound_similarity,0,0.1,0.233436,0,0.1,0,0,0.1,0.101654,0,0.1,0.146081,0,0.1,0.230823,0,0.1,0.153118,0,0.1,0.166779,0,0.1,0.172401,0,0.1,0.077866,0,0.1,0
0.25,6.25,0.501636,-2.99573,0.00236407,0.00236407,0.00236407,0.0854772,True,empty floor,sound_similarity,0,0.0666667,0.233436,0,0.0666667,0,0,0.0666667,0.101654,0,0.0666667,0.146081,0,0.0666667,0.230823,0,0.0666667,0.153118,0,0.0666667,0.166779,0,0.0666667,0.172401,0,0.0666667,0.077866,0.5,0.4,0
0,6.25,0.723465,-2.99573,0.00236407,0.00236407,0.00236407,0.0854772,True,empty floor,sound_similarity,0,0.0666667,0.233436,0,0.0666667,0,0,0.0666667,0.101654,0,0.0666667,0.146081,0,0.0666667,0.230823,0,0.0666667,0.153118,0,0.0666667,0.166779,0,0.0666667,0.172401,0,0.0666667,0.077866,0.5,0.4,0
-0.25,6.25,0.959252,-2.99573,0.00236407,0.00236407,0.00236407,0.0854772,True,empty floor,sound_similarity,0,0.0666667,0.233436,0,0.0666667,0,0,0.0666667,0.101654,0,0.0666667,0.146081,0,0.0666667,0.230823,0,0.0666667,0.153118,0,0.0666667,0.166779,0,0.0666667,0.172401,0,0.0666667,0.077866,0.5,0.4,0
-0.5,6.25,1.2008,-2.99573,0.00236407,0.00236407,0.00236407,0.0854772,True,empty floor,sound_similarity,0,0.0666667,0.233436,0,0.0666667,0,0,0.0666667,0.101654,0,0.0666667,0.146081,0,0.0666667,0.230823,0,0.0666667,0.153118,0,0.0666667,0.166779,0,0.0666667,0.172401,0,0.0666667,0.077866,0.5,0.4,0
-0.75,6.25,1.44523,-2.99573,0.00236407,0.00236407,0.00236407,0.0854772,True,empty floor,sound_similarity,0,0.0666667,0.233436,0,0.0666667,0,0,0.0666667,0.101654,0,0.0666667,0.146081,0,0.0666667,0.230823,0,0.0666667,0.153118,0,0.0666667,0.166779,0,0.0666667,0.172401,0,0.0666667,0.077866,0.5,0.4,0
-1,6.25,1.69129,-2.99573,0.00236407,0.00236407,0.00236407,0.0854772,True,empty floor,sound_similarity,0,0.0666667,0.233436,0,0.0666667,0,0,0.0666667,0.101654,0,0.0666667,0.146081,0,0.0666667,0.230823,0,0.0666667,0.153118,0,0.0666667,0.166779,0,0.0666667,0.172401,0,0.0666667,0.077866,0.5,0.4,0
-1.25,6.25,1.93835,-2.99573,0.00236407,0.00236407,0.00236407,0.0854772,True,empty floor,sound_similarity,0,0.0666667,0.233436,0,0.0666667,0,0,0.0666667,0.101654,0,0.0666667,0.146081,0,0.0666667,0.230823,0,0.0666667,0.153118,0,0.0666667,0.166779,0,0.0666667,0.172401,0,0.0666667,0.077866,0.5,0.4,0
-1.5,6.25,2.18609,-2.99573,0.00236407,0.00236407,0.00236407,0.0854772,True,empty floor,sound_similarity,0,0.0666667,0.233436,0,0.0666667,0,0,0.0666667,0.101654,0,0.0666667,0.146081,0,0.0666667,0.230823,0,0.0666667,0.153118,0,0.0666667,0.166779,0,0.0666667,0.172401,0,0.0666667,0.077866,0.5,0.4,0
-1.75,6.25,2.43428,-2.99573,0.00236407,0.00236407,0.00236407,0.0854772,True,empty floor,sound_similarity,0,0.0666667,0.233436,0,0.0666667,0,0,0.0666667,0.101654,0,0.0666667,0.146081,0,0.0666667,0.230823,0,0.0666667,0.153118,0,0.0666667,0.166779,0,0.0666667,0.172401,0,0.0666667,0.077866,0.5,0.4,0
-2.25,6.25,2.9316,-2.99573,0.00236407,0.00236407,0.00236407,0.0854772,True,empty floor,sound_similarity,0,0.0666667,0.233436,0,0.0666667,0,0,0.0666667,0.101654,0,0.0666667,0.146081,0,0.0666667,0.230823,0,0.0666667,0.153118,0,0.0666667,0.166779,0,0.0666667,0.172401,0,0.0666667,0.077866,0.5,0.4,0
-0.5,6,1.28168,-2.99573,0.00236407,0.00236407,0.00236407,0.0854772,True,empty floor,sound_similarity,0,0.0666667,0.233436,0,0.0666667,0,0,0.0666667,0.101654,0,0.0666667,0.146081,0,0.0666667,0.230823,0,0.0666667,0.153118,0,0.0666667,0.166779,0,0.0666667,0.172401,0,0.0666667,0.077866,0.5,0.4,0
2,6,1.43181,-2.52576,0.00236407,0.00236407,0.00236407,0.128216,False,tv,sound_similarity,0,0.1,0.233436,0,0.1,0,0,0.1,0.101654,0,0.1,0.146081,0,0.1,0.230823,0,0.1,0.153118,0,0.1,0.166779,0,0.1,0.172401,0,0.1,0.077866,0,0.1,0
1.75,6,1.20284,-2.05783,0.00236407,0.00236407,0.00236407,0.128216,False,tv,sound_similarity,0,0.1,0.233436,0,0.1,0,0,0.1,0.101654,0,0.1,0.146081,0,0.1,0.230823,0,0.1,0.153118,0,0.1,0.166779,0,0.1,0.172401,0,0.1,0.077866,0,0.1,0
1.5,6,0.984173,-1.24209,0.00236407,0.00236407,0.00236407,0.128216,False,tv,sound_similarity,0,0.1,0.233436,0,0.1,0,0,0.1,0.101654,0,0.1,0.146081,0,0.1,0.230823,0,0.1,0.153118,0,0.1,0.166779,0,0.1,0.172401,0,0.1,0.077866,0,0.1,0
1.25,6,0.784448,-0.277409,0.00236407,0.00236407,0.00236407,0.128216,False,tv,sound_similarity,0,0.1,0.233436,0,0.1,0,0,0.1,0.101654,0,0.1,0.146081,0,0.1,0.230823,0,0.1,0.153118,0,0.1,0.166779,0,0.1,0.172401,0,0.1,0.077866,0,0.1,0
1,6,0.622191,-0.210309,0.00236407,0.00236407,0.00236407,0.128216,False,tv,sound_similarity,0,0.1,0.233436,0,0.1,0,0,0.1,0.101654,0,0.1,0.146081,0,0.1,0.230823,0,0.1,0.153118,0,0.1,0.166779,0,0.1,0.172401,0,0.1,0.077866,0,0.1,0
0.75,6,0.532807,-2.66127,0.00236407,0.00236407,0.00236407,0.128216,False,tv,sound_similarity,0,0.1,0.233436,0,0.1,0,0,0.1,0.101654,0,0.1,0.146081,0,0.1,0.230823,0,0.1,0.153118,0,0.1,0.166779,0,0.1,0.172401,0,0.1,0.077866,0,0.1,0
0.5,6,0.552853,-2.99567,0.00236407,0.00236407,0.00236407,0.128216,False,tv,sound_similarity,0,0.1,0.233436,0,0.1,0,0,0.1,0.101654,0,0.1,0.146081,0,0.1,0.230823,0,0.1,0.153118,0,0.1,0.166779,0,0.1,0.172401,0,0.1,0.077866,0,0.1,0
0.25,6,0.672614,-2.99573,0.00236407,0.00236407,0.00236407,0.128216,False,tv,sound_similarity,0,0.1,0.233436,0,0.1,0,0,0.1,0.101654,0,0.1,0.146081,0,0.1,0.230823,0,0.1,0.153118,0,0.1,0.166779,0,0.1,0.172401,0,0.1,0.077866,0,0.1,0
0,6,0.850983,-2.99573,0.00236407,0.00236407,0.00236407,0.128216,False,tv,sound_similarity,0,0.1,0.233436,0,0.1,0,0,0.1,0.101654,0,0.1,0.146081,0,0.1,0.230823,0,0.1,0.153118,0,0.1,0.166779,0,0.1,0.172401,0,0.1,0.077866,0,0.1,0
-0.25,6,1.05874,-2.99573,0.00236407,0.00236407,0.00236407,0.0854772,True,empty floor,sound_similarity,0,0.0666667,0.233436,0,0.0666667,0,0,0.0666667,0.101654,0,0.0666667,0.146081,0,0.0666667,0.230823,0,0.0666667,0.153118,0,0.0666667,0.166779,0,0.0666667,0.172401,0,0.0666667,0.077866,0.5,0.4,0
1.75,5.5,1.4911,-0.195977,0.00236407,0.00236407,0.00236407,0.128216,False,tv,sound_similarity,0,0.1,0.233436,0,0.1,0,0,0.1,0.101654,0,0.1,0.146081,0,0.1,0.230823,0,0.1,0.153118,0,0.1,0.166779,0,0.1,0.172401,0,0.1,0.077866,0,0.1,0
1.25,5.5,1.17979,-0.38961,0.00236407,0.00236407,0.00236407,0.128216,False,tv,sound_similarity,0,0.1,0.233436,0,0.1,0,0,0.1,0.101654,0,0.1,0.146081,0,0.1,0.230823,0,0.1,0.153118,0,0.1,0.166779,0,0.1,0.172401,0,0.1,0.077866,0,0.1,0
1,6.25,0.431683,-0.449715,0.00236407,0.00236407,0.00236407,0.128216,False,tv,sound_similarity,0,0.1,0.233436,0,0.1,0,0,0.1,0.101654,0,0.1,0.146081,0,0.1,0.230823,0,0.1,0.153118,0,0.1,0.166779,0,0.1,0.172401,0,0.1,0.077866,0,0.1,0
1,5.5,1.07873,-1.67678,0.00236407,0.00236407,0.00236407,0.128216,False,tv,sound_similarity,0,0.1,0.233436,0,0.1,0,0,0.1,0.101654,0,0.1,0.146081,0,0.1,0.230823,0,0.1,0.153118,0,0.1,0.166779,0,0.1,0.172401,0,0.1,0.077866,0,0.1,0
-1.5,5.25,2.51636,-2.99573,0.00236407,0.00236407,0.00236407,0.0854772,True,empty floor,sound_similarity,0,0.0666667,0.233436,0,0.0666667,0,0,0.0666667,0.101654,0,0.0666667,0.146081,0,0.0666667,0.230823,0,0.0666667,0.153118,0,0.0666667,0.166779,0,0.0666667,0.172401,0,0.0666667,0.077866,0.5,0.4,0
-1.75,5.25,2.73474,-2.99573,0.00236407,0.00236407,0.00236407,0.0854772,True,empty floor,sound_similarity,0,0.0666667,0.233436,0,0.0666667,0,0,0.0666667,0.101654,0,0.0666667,0.146081,0,0.0666667,0.230823,0,0.0666667,0.153118,0,0.0666667,0.166779,0,0.0666667,0.172401,0,0.0666667,0.077866,0.5,0.4,0
-2.25,5.25,3.18549,-2.99573,0.00236407,0.00236407,0.00236407,0.0854772,True,empty floor,sound_similarity,0,0.0666667,0.233436,0,0.0666667,0,0,0.0666667,0.101654,0,0.0666667,0.146081,0,0.0666667,0.230823,0,0.0666667,0.153118,0,0.0666667,0.166779,0,0.0666667,0.172401,0,0.0666667,0.077866,0.5,0.4,0
2,5,2.02562,-0.0105735,0.00236407,0.00236407,0.00236407,0.128216,False,tv,sound_similarity,0,0.1,0.233436,0,0.1,0,0,0.1,0.101654,0,0.1,0.146081,0,0.1,0.230823,0,0.1,0.153118,0,0.1,0.166779,0,0.1,0.172401,0,0.1,0.077866,0,0.1,0
1.75,5,1.87081,-0.068857,0.00236407,0.00236407,0.00236407,0.128216,False,tv,sound_similarity,0,0.1,0.233436,0,0.1,0,0,0.1,0.101654,0,0.1,0.146081,0,0.1,0.230823,0,0.1,0.153118,0,0.1,0.166779,0,0.1,0.172401,0,0.1,0.077866,0,0.1,0
1.5,5,1.7383,-0.46635,0.00236407,0.00236407,0.00236407,0.128216,False,tv,sound_similarity,0,0.1,0.233436,0,0.1,0,0,0.1,0.101654,0,0.1,0.146081,0,0.1,0.230823,0,0.1,0.153118,0,0.1,0.166779,0,0.1,0.172401,0,0.1,0.077866,0,0.1,0
1,5,1.56212,-2.35921,0.00236407,0.00236407,0.00236407,0.128216,False,tv,sound_similarity,0,0.1,0.233436,0,0.1,0,0,0.1,0.101654,0,0.1,0.146081,0,0.1,0.230823,0,0.1,0.153118,0,0.1,0.166779,0,0.1,0.172401,0,0.1,0.077866,0,0.1,0
0.75,5,1.52871,-2.91322,0.00236407,0.00236407,0.00236407,0.128216,False,tv,sound_similarity,0,0.1,0.233436,0,0.1,0,0,0.1,0.101654,0,0.1,0.146081,0,0.1,0.230823,0,0.1,0.153118,0,0.1,0.166779,0,0.1,0.172401,0,0.1,0.077866,0,0.1,0
0.5,5,1.53582,-2.9913,0.00236407,0.00236407,0.00236407,0.128216,False,tv,sound_similarity,0,0.1,0.233436,0,0.1,0,0,0.1,0.101654,0,0.1,0.146081,0,0.1,0.230823,0,0.1,0.153118,0,0.1,0.166779,0,0.1,0.172401,0,0.1,0.077866,0,0.1,0
0.25,5,1.58287,-2.99558,0.00236407,0.00236407,0.00236407,0.128216,False,tv,sound_similarity,0,0.1,0.233436,0,0.1,0,0,0.1,0.101654,0,0.1,0.146081,0,0.1,0.230823,0,0.1,0.153118,0,0.1,0.166779,0,0.1,0.172401,0,0.1,0.077866,0,0.1,0
0,5,1.66651,-2.99573,0.00236407,0.00236407,0.00236407,0.128216,False,tv,sound_similarity,0,0.1,0.233436,0,0.1,0,0,0.1,0.101654,0,0.1,0.146081,0,0.1,0.230823,0,0.1,0.153118,0,0.1,0.166779,0,0.1,0.172401,0,0.1,0.077866,0,0.1,0
-0.25,5,1.78158,-2.99573,0.00236407,0.00236407,0.00236407,0.128216,False,tv,sound_similarity,0,0.1,0.233436,0,0.1,0,0,0.1,0.101654,0,0.1,0.146081,0,0.1,0.230823,0,0.1,0.153118,0,0.1,0.166779,0,0.1,0.172401,0,0.1,0.077866,0,0.1,0
-0.5,5,1.92244,-2.99573,0.00236407,0.00236407,0.00236407,0.128216,False,tv,sound_similarity,0,0.1,0.233436,0,0.1,0,0,0.1,0.101654,0,0.1,0.146081,0,0.1,0.230823,0,0.1,0.153118,0,0.1,0.166779,0,0.1,0.172401,0,0.1,0.077866,0,0.1,0
-0.75,5,2.08388,-2.99573,0.00236407,0.00236407,0.00236407,0.128216,False,tv,sound_similarity,0,0.1,0.233436,0,0.1,0,0,0.1,0.101654,0,0.1,0.146081,0,0.1,0.230823,0,0.1,0.153118,0,0.1,0.166779,0,0.1,0.172401,0,0.1,0.077866,0,0.1,0
-1,5,2.26148,-2.99573,0.00236407,0.00236407,0.00236407,0.128216,False,tv,sound_similarity,0,0.1,0.233436,0,0.1,0,0,0.1,0.101654,0,0.1,0.146081,0,0.1,0.230823,0,0.1,0.153118,0,0.1,0.166779,0,0.1,0.172401,0,0.1,0.077866,0,0.1,0
-1.25,5,2.45175,-2.99573,0.00236407,0.00236407,0.00236407,0.128216,False,tv,sound_similarity,0,0.1,0.233436,0,0.1,0,0,0.1,0.101654,0,0.1,0.146081,0,0.1,0.230823,0,0.1,0.153118,0,0.1,0.166779,0,0.1,0.172401,0,0.1,0.077866,0,0.1,0
-1.5,5,2.65195,-2.99573,0.00236407,0.00236407,0.00236407,0.0854772,True,empty floor,sound_similarity,0,0.0666667,0.233436,0,0.0666667,0,0,0.0666667,0.101654,0,0.0666667,0.146081,0,0.0666667,0.230823,0,0.0666667,0.153118,0,0.0666667,0.166779,0,0.0666667,0.172401,0,0.0666667,0.077866,0.5,0.4,0
-1.75,5,2.86,-2.99573,0.00236407,0.00236407,0.00236407,0.0854772,True,empty floor,sound_similarity,0,0.0666667,0.233436,0,0.0666667,0,0,0.0666667,0.101654,0,0.0666667,0.146081,0,0.0666667,0.230823,0,0.0666667,0.153118,0,0.0666667,0.166779,0,0.0666667,0.172401,0,0.0666667,0.077866,0.5,0.4,0
-2.25,5,3.29365,-2.99573,0.00236407,0.00236407,0.00236407,0.0854772,True,empty floor,sound_similarity,0,0.0666667,0.233436,0,0.0666667,0,0,0.0666667,0.101654,0,0.0666667,0.146081,0,0.0666667,0.230823,0,0.0666667,0.153118,0,0.0666667,0.166779,0,0.0666667,0.172401,0,0.0666667,0.077866,0.5,0.4,0
2,4.75,2.22012,-0.0274052,0.00236407,0.00236407,0.00236407,0.128216,False,tv,sound_similarity,0,0.1,0.233436,0,0.1,0,0,0.1,0.101654,0,0.1,0.146081,0,0.1,0.230823,0,0.1,0.153118,0,0.1,0.166779,0,0.1,0.172401,0,0.1,0.077866,0,0.1,0
1.75,4.75,2.07983,-0.262477,0.00236407,0.00236407,0.00236407,0.128216,False,tv,sound_similarity,0,0.1,0.233436,0,0.1,0,0,0.1,0.101654,0,0.1,0.146081,0,0.1,0.230823,0,0.1,0.153118,0,0.1,0.166779,0,0.1,0.172401,0,0.1,0.077866,0,0.1,0
1.25,4.75,1.86928,-1.64712,0.00236407,0.00236407,0.00236407,0.128216,False,tv,sound_similarity,0,0.1,0.233436,0,0.1,0,0,0.1,0.101654,0,0.1,0.146081,0,0.1,0.230823,0,0.1,0.153118,0,0.1,0.166779,0,0.1,0.172401,0,0.1,0.077866,0,0.1,0
1,4.75,1.8072,-2.52105,0.00236407,0.00236407,0.00236407,0.128216,False,tv,sound_similarity,0,0.1,0.233436,0,0.1,0,0,0.1,0.101654,0,0.1,0.146081,0,0.1,0.230823,0,0.1,0.153118,0,0.1,0.166779,0,0.1,0.172401,0,0.1,0.077866,0,0.1,0
-1.25,5.25,2.30441,-2.99573,0.00236407,0.00236407,0.00236407,0.0854772,True,empty floor,sound_similarity,0,0.0666667,0.233436,0,0.0666667,0,0,0.0666667,0.101654,0,0.0666667,0.146081,0,0.0666667,0.230823,0,0.0666667,0.153118,0,0.0666667,0.166779,0,0.0666667,0.172401,0,0.0666667,0.077866,0.5,0.4,0
-1,5.25,2.10084,-2.99573,0.00236407,0.00236407,0.00236407,0.128216,False,tv,sound_similarity,0,0.1,0.233436,0,0.1,0,0,0.1,0.101654,0,0.1,0.146081,0,0.1,0.230823,0,0.1,0.153118,0,0.1,0.166779,0,0.1,0.172401,0,0.1,0.077866,0,0.1,0
-0.75,5.25,1.90834,-2.99573,0.00236407,0.00236407,0.00236407,0.128216,False,tv,sound_similarity,0,0.1,0.233436,0,0.1,0,0,0.1,0.101654,0,0.1,0.146081,0,0.1,0.230823,0,0.1,0.153118,0,0.1,0.166779,0,0.1,0.172401,0,0.1,0.077866,0,0.1,0
-1.75,5.5,2.62737,-2.99573,0.00236407,0.00236407,0.00236407,0.0854772,True,empty floor,sound_similarity,0,0.0666667,0.233436,0,0.0666667,0,0,0.0666667,0.101654,0,0.0666667,0.146081,0,0.0666667,0.230823,0,0.0666667,0.153118,0,0.0666667,0.166779,0,0.0666667,0.172401,0,0.0666667,0.077866,0.5,0.4,0
0.75,5.5,1.02977,-2.87304,0.00236407,0.00236407,0.00236407,0.128216,False,tv,sound_similarity,0,0.1,0.233436,0,0.1,0,0,0.1,0.101654,0,0.1,0.146081,0,0.1,0.230823,0,0.1,0.153118,0,0.1,0.166779,0,0.1,0.172401,0,0.1,0.077866,0,0.1,0
0.5,5.5,1.04028,-2.99421,0.00236407,0.00236407,0.00236407,0.128216,False,tv,sound_similarity,0,0.1,0.233436,0,0.1,0,0,0.1,0.101654,0,0.1,0.146081,0,0.1,0.230823,0,0.1,0.153118,0,0.1,0.166779,0,0.1,0.172401,0,0.1,0.077866,0,0.1,0
0.25,5.5,1.10858,-2.99572,0.00236407,0.00236407,0.00236407,0.128216,False,tv,sound_similarity,0,0.1,0.233436,0,0.1,0,0,0.1,0.101654,0,0.1,0.146081,0,0.1,0.230823,0,0.1,0.153118,0,0.1,0.166779,0,0.1,0.172401,0,0.1,0.077866,0,0.1,0
0,5.5,1.22504,-2.99573,0.00236407,0.00236407,0.00236407,0.128216,False,tv,sound_similarity,0,0.1,0.233436,0,0.1,0,0,0.1,0.101654,0,0.1,0.146081,0,0.1,0.230823,0,0.1,0.153118,0,0.1,0.166779,0,0.1,0.172401,0,0.1,0.077866,0,0.1,0
-0.25,5.5,1.37749,-2.99573,0.00236407,0.00236407,0.00236407,0.128216,False,tv,sound_similarity,0,0.1,0.233436,0,0.1,0,0,0.1,0.101654,0,0.1,0.146081,0,0.1,0.230823,0,0.1,0.153118,0,0.1,0.166779,0,0.1,0.172401,0,0.1,0.077866,0,0.1,0
-0.5,5.5,1.55539,-2.99573,0.00236407,0.00236407,0.00236407,0.128216,False,tv,sound_similarity,0,0.1,0.233436,0,0.1,0,0,0.1,0.101654,0,0.1,0.146081,0,0.1,0.230823,0,0.1,0.153118,0,0.1,0.166779,0,0.1,0.172401,0,0.1,0.077866,0,0.1,0
-0.75,5.5,1.751,-2.99573,0.00236407,0.00236407,0.00236407,0.0854772,True,empty floor,sound_similarity,0,0.0666667,0.233436,0,0.0666667,0,0,0.0666667,0.101654,0,0.0666667,0.146081,0,0.0666667,0.230823,0,0.0666667,0.153118,0,0.0666667,0.166779,0,0.0666667,0.172401,0,0.0666667,0.077866,0.5,0.4,0
-1,5.5,1.95902,-2.99573,0.00236407,0.00236407,0.00236407,0.0854772,True,empty floor,sound_similarity,0,0.0666667,0.233436,0,0.0666667,0,0,0.0666667,0.101654,0,0.0666667,0.146081,0,0.0666667,0.230823,0,0.0666667,0.153118,0,0.0666667,0.166779,0,0.0666667,0.172401,0,0.0666667,0.077866,0.5,0.4,0
-1.25,5.5,2.1759,-2.99573,0.00236407,0.00236407,0.00236407,0.0854772,True,empty floor,sound_similarity,0,0.0666667,0.233436,0,0.0666667,0,0,0.0666667,0.101654,0,0.0666667,0.146081,0,0.0666667,0.230823,0,0.0666667,0.153118,0,0.0666667,0.166779,0,0.0666667,0.172401,0,0.0666667,0.077866,0.5,0.4,0
-1.5,5.5,2.39923,-2.99573,0.00236407,0.00236407,0.00236407,0.0854772,True,empty floor,sound_similarity,0,0.0666667,0.233436,0,0.0666667,0,0,0.0666667,0.101654,0,0.0666667,0.146081,0,0.0666667,0.230823,0,0.0666667,0.153118,0,0.0666667,0.166779,0,0.0666667,0.172401,0,0.0666667,0.077866,0.5,0.4,0
-2.25,5.5,3.0938,-2.99573,0.00236407,0.00236407,0.00236407,0.0854772,True,empty floor,sound_similarity,0,0.0666667,0.233436,0,0.0666667,0,0,0.0666667,0.101654,0,0.0666667,0.146081,0,0.0666667,0.230823,0,0.0666667,0.153118,0,0.0666667,0.166779,0,0.0666667,0.172401,0,0.0666667,0.077866,0.5,0.4,0
-0.5,5.25,1.73061,-2.99573,0.00236407,0.00236407,0.00236407,0.128216,False,tv,sound_similarity,0,0.1,0.233436,0,0.1,0,0,0.1,0.101654,0,0.1,0.146081,0,0.1,0.230823,0,0.1,0.153118,0,0.1,0.166779,0,0.1,0.172401,0,0.1,0.077866,0,0.1,0
2,5.25,1.84455,-0.180439,0.00236407,0.00236407,0.00236407,0.128216,False,tv,sound_similarity,0,0.1,0.233436,0,0.1,0,0,0.1,0.101654,0,0.1,0.146081,0,0.1,0.230823,0,0.1,0.153118,0,0.1,0.166779,0,0.1,0.172401,0,0.1,0.077866,0,0.1,0
1.75,5.25,1.67306,-0.00257025,0.00236407,0.00236407,0.00236407,0.128216,False,tv,sound_similarity,0,0.1,0.233436,0,0.1,0,0,0.1,0.101654,0,0.1,0.146081,0,0.1,0.230823,0,0.1,0.153118,0,0.1,0.166779,0,0.1,0.172401,0,0.1,0.077866,0,0.1,0
1.5,5.25,1.52345,-0.16248,0.00236407,0.00236407,0.00236407,0.128216,False,tv,sound_similarity,0,0.1,0.233436,0,0.1,0,0,0.1,0.101654,0,0.1,0.146081,0,0.1,0.230823,0,0.1,0.153118,0,0.1,0.166779,0,0.1,0.172401,0,0.1,0.077866,0,0.1,0
1.25,5.25,1.40274,-0.864397,0.00236407,0.00236407,0.00236407,0.128216,False,tv,sound_similarity,0,0.1,0.233436,0,0.1,0,0,0.1,0.101654,0,0.1,0.146081,0,0.1,0.230823,0,0.1,0.153118,0,0.1,0.166779,0,0.1,0.172401,0,0.1,0.077866,0,0.1,0
1,5.25,1.31888,-2.09936,0.00236407,0.00236407,0.00236407,0.128216,False,tv,sound_similarity,0,0.1,0.233436,0,0.1,0,0,0.1,0.101654,0,0.1,0.146081,0,0.1,0.230823,0,0.1,0.153118,0,0.1,0.166779,0,0.1,0.172401,0,0.1,0.077866,0,0.1,0
0.75,5.25,1.27914,-2.89868,0.00236407,0.00236407,0.00236407,0.128216,False,tv,sound_similarity,0,0.1,0.233436,0,0.1,0,0,0.1,0.101654,0,0.1,0.146081,0,0.1,0.230823,0,0.1,0.153118,0,0.1,0.166779,0,0.1,0.172401,0,0.1,0.077866,0,0.1,0
0.5,5.25,1.28762,-2.99284,0.00236407,0.00236407,0.00236407,0.128216,False,tv,sound_similarity,0,0.1,0.233436,0,0.1,0,0,0.1,0.101654,0,0.1,0.146081,0,0.1,0.230823,0,0.1,0.153118,0,0.1,0.166779,0,0.1,0.172401,0,0.1,0.077866,0,0.1,0
0.25,5.25,1.3434,-2.99568,0.00236407,0.00236407,0.00236407,0.128216,False,tv,sound_similarity,0,0.1,0.233436,0,0.1,0,0,0.1,0.101654,0,0.1,0.146081,0,0.1,0.230823,0,0.1,0.153118,0,0.1,0.166779,0,0.1,0.172401,0,0.1,0.077866,0,0.1,0
0,5.25,1.441,-2.99573,0.00236407,0.00236407,0.00236407,0.128216,False,tv,sound_similarity,0,0.1,0.233436,0,0.1,0,0,0.1,0.101654,0,0.1,0.146081,0,0.1,0.230823,0,0.1,0.153118,0,0.1,0.166779,0,0.1,0.172401,0,0.1,0.077866,0,0.1,0
-0.25,5.25,1.57266,-2.99573,0.00236407,0.00236407,0.00236407,0.128216,False,tv,sound_similarity,0,0.1,0.233436,0,0.1,0,0,0.1,0.101654,0,0.1,0.146081,0,0.1,0.230823,0,0.1,0.153118,0,0.1,0.166779,0,0.1,0.172401,0,0.1,0.077866,0,0.1,0
0.75,6.25,0.288294,-1.86783,0.00236407,0.00236407,0.00236407,0.128216,False,tv,sound_similarity,0,0.1,0.233436,0,0.1,0,0,0.1,0.101654,0,0.1,0.146081,0,0.1,0.230823,0,0.1,0.153118,0,0.1,0.166779,0,0.1,0.172401,0,0.1,0.077866,0,0.1,0
1.25,6.25,0.643885,-2.12122,0.00236407,0.00236407,0.00236407,0.128216,False,tv,sound_similarity,0,0.1,0.233436,0,0.1,0,0,0.1,0.101654,0,0.1,0.146081,0,0.1,0.230823,0,0.1,0.153118,0,0.1,0.166779,0,0.1,0.172401,0,0.1,0.077866,0,0.1,0
0.5,4.75,1.78452,-2.98974,0.00236407,0.00236407,0.00236407,0.128216,False,tv,sound_similarity,0,0.1,0.233436,0,0.1,0,0,0.1,0.101654,0,0.1,0.146081,0,0.1,0.230823,0,0.1,0.153118,0,0.1,0.166779,0,0.1,0.172401,0,0.1,0.077866,0,0.1,0
1.5,7,0.956825,-2.99573,0.00236407,0.00236407,0.00236407,0.128216,False,tv,sound_similarity,0,0.1,0.233436,0,0.1,0,0,0.1,0.101654,0,0.1,0.146081,0,0.1,0.230823,0,0.1,0.153118,0,0.1,0.166779,0,0.1,0.172401,0,0.1,0.077866,0,0.1,0
-1.5,7.5,2.377,-2.99573,0.00236407,0.00236407,0.00236407,0.0854772,True,empty floor,sound_similarity,0,0.0666667,0.233436,0,0.0666667,0,0,0.0666667,0.101654,0,0.0666667,0.146081,0,0.0666667,0.230823,0,0.0666667,0.153118,0,0.0666667,0.166779,0,0.0666667,0.172401,0,0.0666667,0.077866,0.5,0.4,0
-1.75,7.5,2.60708,-2.99573,0.00236407,0.00236407,0.00236407,0.0854772,True,empty floor,sound_similarity,0,0.0666667,0.233436,0,0.0666667,0,0,0.0666667,0.101654,0,0.0666667,0.146081,0,0.0666667,0.230823,0,0.0666667,0.153118,0,0.0666667,0.166779,0,0.0666667,0.172401,0,0.0666667,0.077866,0.5,0.4,0
-2,7.5,2.84054,-2.99573,0.00236407,0.00236407,0.00236407,0.0854772,True,empty floor,sound_similarity,0,0.0666667,0.233436,0,0.0666667,0,0,0.0666667,0.101654,0,0.0666667,0.146081,0,0.0666667,0.230823,0,0.0666667,0.153118,0,0.0666667,0.166779,0,0.0666667,0.172401,0,0.0666667,0.077866,0.5,0.4,0
-2.25,7.5,3.07659,-2.99573,0.00236407,0.00236407,0.00236407,0.0854772,True,empty floor,sound_similarity,0,0.0666667,0.233436,0,0.0666667,0,0,0.0666667,0.101654,0,0.0666667,0.146081,0,0.0666667,0.230823,0,0.0666667,0.153118,0,0.0666667,0.166779,0,0.0666667,0.172401,0,0.0666667,0.077866,0.5,0.4,0
2,7.25,1.51533,-2.99573,0.00236407,0.00236407,0.00236407,0.128216,False,tv,sound_similarity,0,0.1,0.233436,0,0.1,0,0,0.1,0.101654,0,0.1,0.146081,0,0.1,0.230823,0,0.1,0.153118,0,0.1,0.166779,0,0.1,0.172401,0,0.1,0.077866,0,0.1,0
1.75,7.25,1.30115,-2.99573,0.00236407,0.00236407,0.00236407,0.128216,False,tv,sound_similarity,0,0.1,0.233436,0,0.1,0,0,0.1,0.101654,0,0.1,0.146081,0,0.1,0.230823,0,0.1,0.153118,0,0.1,0.166779,0,0.1,0.172401,0,0.1,0.077866,0,0.1,0
1.5,7.25,1.10215,-2.99573,0.00236407,0.00236407,0.00236407,0.128216,False,tv,sound_similarity,0,0.1,0.233436,0,0.1,0,0,0.1,0.101654,0,0.1,0.146081,0,0.1,0.230823,0,0.1,0.153118,0,0.1,0.166779,0,0.1,0.172401,0,0.1,0.077866,0,0.1,0
1.25,7.25,0.928173,-2.99573,0.00236407,0.00236407,0.00236407,0.128216,False,tv,sound_similarity,0,0.1,0.233436,0,0.1,0,0,0.1,0.101654,0,0.1,0.146081,0,0.1,0.230823,0,0.1,0.153118,0,0.1,0.166779,0,0.1,0.172401,0,0.1,0.077866,0,0.1,0
1,7.25,0.795781,-2.99573,0.00236407,0.00236407,0.00236407,0.128216,False,tv,sound_similarity,0,0.1,0.233436,0,0.1,0,0,0.1,0.101654,0,0.1,0.146081,0,0.1,0.230823,0,0.1,0.153118,0,0.1,0.166779,0,0.1,0.172401,0,0.1,0.077866,0,0.1,0
0.75,7.25,0.728032,-2.99573,0.00236407,0.00236407,0.00236407,0.128216,False,tv,sound_similarity,0,0.1,0.233436,0,0.1,0,0,0.1,0.101654,0,0.1,0.146081,0,0.1,0.230823,0,0.1,0.153118,0,0.1,0.166779,0,0.1,0.172401,0,0.1,0.077866,0,0.1,0
0.5,7.25,0.742828,-2.99573,0.00236407,0.00236407,0.00236407,0.128216,False,tv,sound_similarity,0,0.1,0.233436,0,0.1,0,0,0.1,0.101654,0,0.1,0.146081,0,0.1,0.230823,0,0.1,0.153118,0,0.1,0.166779,0,0.1,0.172401,0,0.1,0.077866,0,0.1,0
0.25,7.25,0.835797,-2.99573,0.00236407,0.00236407,0.00236407,0.128216,False,tv,sound_similarity,0,0.1,0.233436,0,0.1,0,0,0.1,0.101654,0,0.1,0.146081,0,0.1,0.230823,0,0.1,0.153118,0,0.1,0.166779,0,0.1,0.172401,0,0.1,0.077866,0,0.1,0
0,7.25,0.985047,-2.99573,0.00236407,0.00236407,0.00236407,0.128216,False,tv,sound_similarity,0,0.1,0.233436,0,0.1,0,0,0.1,0.101654,0,0.1,0.146081,0,0.1,0.230823,0,0.1,0.153118,0,0.1,0.166779,0,0.1,0.172401,0,0.1,0.077866,0,0.1,0
-0.25,7.25,1.16922,-2.99573,0.00236407,0.00236407,0.00236407,0.128216,False,tv,sound_similarity,0,0.1,0.233436,0,0.1,0,0,0.1,0.101654,0,0.1,0.146081,0,0.1,0.230823,0,0.1,0.153118,0,0.1,0.166779,0,0.1,0.172401,0,0.1,0.077866,0,0.1,0
-0.5,7.25,1.37435,-2.99573,0.00236407,0.00236407,0.00236407,0.0854772,True,empty floor,sound_similarity,0,0.0666667,0.233436,0,0.0666667,0,0,0.0666667,0.101654,0,0.0666667,0.146081,0,0.0666667,0.230823,0,0.0666667,0.153118,0,0.0666667,0.166779,0,0.0666667,0.172401,0,0.0666667,0.077866,0.5,0.4,0
-0.75,7.25,1.59236,-2.99573,0.00236407,0.00236407,0.00236407,0.0854772,True,empty floor,sound_similarity,0,0.0666667,0.233436,0,0.0666667,0,0,0.0666667,0.101654,0,0.0666667,0.146081,0,0.0666667,0.230823,0,0.0666667,0.153118,0,0.0666667,0.166779,0,0.0666667,0.172401,0,0.0666667,0.077866,0.5,0.4,0
-1,7.25,1.81862,-2.99573,0.00236407,0.00236407,0.00236407,0.0854772,True,empty floor,sound_similarity,0,0.0666667,0.233436,0,0.0666667,0,0,0.0666667,0.101654,0,0.0666667,0.146081,0,0.0666667,0.230823,0,0.0666667,0.153118,0,0.0666667,0.166779,0,0.0666667,0.172401,0,0.0666667,0.077866,0.5,0.4,0
-1.25,7.25,2.0504,-2.99573,0.00236407,0.00236407,0.00236407,0.0854772,True,empty floor,sound_similarity,0,0.0666667,0.233436,0,0.0666667,0,0,0.0666667,0.101654,0,0.0666667,0.146081,0,0.0666667,0.230823,0,0.0666667,0.153118,0,0.0666667,0.166779,0,0.0666667,0.172401,0,0.0666667,0.077866,0.5,0.4,0
-1.5,7.25,2.28602,-2.99573,0.00236407,0.00236407,0.00236407,0.0854772,True,empty floor,sound_similarity,0,0.0666667,0.233436,0,0.0666667,0,0,0.0666667,0.101654,0,0.0666667,0.146081,0,0.0666667,0.230823,0,0.0666667,0.153118,0,0.0666667,0.166779,0,0.0666667,0.172401,0,0.0666667,0.077866,0.5,0.4,0
-1.75,7.25,2.52441,-2.99573,0.00236407,0.00236407,0.00236407,0.0854772,True,empty floor,sound_similarity,0,0.0666667,0.233436,0,0.0666667,0,0,0.0666667,0.101654,0,0.0666667,0.146081,0,0.0666667,0.230823,0,0.0666667,0.153118,0,0.0666667,0.166779,0,0.0666667,0.172401,0,0.0666667,0.077866,0.5,0.4,0
-2,7.25,2.76485,-2.99573,0.00236407,0.00236407,0.00236407,0.0854772,True,empty floor,sound_similarity,0,0.0666667,0.233436,0,0.0666667,0,0,0.0666667,0.101654,0,0.0666667,0.146081,0,0.0666667,0.230823,0,0.0666667,0.153118,0,0.0666667,0.166779,0,0.0666667,0.172401,0,0.0666667,0.077866,0.5,0.4,0
-2.25,7.25,3.00686,-2.99573,0.00236407,0.00236407,0.00236407,0.0854772,True,empty floor,sound_similarity,0,0.0666667,0.233436,0,0.0666667,0,0,0.0666667,0.101654,0,0.0666667,0.146081,0,0.0666667,0.230823,0,0.0666667,0.153118,0,0.0666667,0.166779,0,0.0666667,0.172401,0,0.0666667,0.077866,0.5,0.4,0
2,7,1.41315,-2.99573,0.00236407,0.00236407,0.00236407,0.128216,False,tv,sound_similarity,0,0.1,0.233436,0,0.1,0,0,0.1,0.101654,0,0.1,0.146081,0,0.1,0.230823,0,0.1,0.153118,0,0.1,0.166779,0,0.1,0.172401,0,0.1,0.077866,0,0.1,0
-1.25,7.5,2.15136,-2.99573,0.00236407,0.00236407,0.00236407,0.0854772,True,empty floor,sound_similarity,0,0.0666667,0.233436,0,0.0666667,0,0,0.0666667,0.101654,0,0.0666667,0.146081,0,0.0666667,0.230823,0,0.0666667,0.153118,0,0.0666667,0.166779,0,0.0666667,0.172401,0,0.0666667,0.077866,0.5,0.4,0
-0.75,7.5,1.72042,-2.99573,0.00236407,0.00236407,0.00236407,0.128216,False,tv,sound_similarity,0,0.1,0.233436,0,0.1,0,0,0.1,0.101654,0,0.1,0.146081,0,0.1,0.230823,0,0.1,0.153118,0,0.1,0.166779,0,0.1,0.172401,0,0.1,0.077866,0,0.1,0
0.25,7.5,1.05962,-2.99573,0.00236407,0.00236407,0.00236407,0.128216,False,tv,sound_similarity,0,0.1,0.233436,0,0.1,0,0,0.1,0.101654,0,0.1,0.146081,0,0.1,0.230823,0,0.1,0.153118,0,0.1,0.166779,0,0.1,0.172401,0,0.1,0.077866,0,0.1,0
-0.75,7.75,1.87325,-2.99573,0.00236407,0.00236407,0.00236407,0.128216,False,tv,sound_similarity,0,0.1,0.233436,0,0.1,0,0,0.1,0.101654,0,0.1,0.146081,0,0.1,0.230823,0,0.1,0.153118,0,0.1,0.166779,0,0.1,0.172401,0,0.1,0.077866,0,0.1,0
1.75,7.75,1.63292,-2.99573,0.00236407,0.00236407,0.00236407,0.128216,False,tv,sound_similarity,0,0.1,0.233436,0,0.1,0,0,0.1,0.101654,0,0.1,0.146081,0,0.1,0.230823,0,0.1,0.153118,0,0.1,0.166779,0,0.1,0.172401,0,0.1,0.077866,0,0.1,0
1.5,7.75,1.47926,-2.99573,0.00236407,0.00236407,0.00236407,0.128216,False,tv,sound_similarity,0,0.1,0.233436,0,0.1,0,0,0.1,0.101654,0,0.1,0.146081,0,0.1,0.230823,0,0.1,0.153118,0,0.1,0.166779,0,0.1,0.172401,0,0.1,0.077866,0,0.1,0
1.25,7.75,1.35461,-2.99573,0.00236407,0.00236407,0.00236407,0.128216,False,tv,sound_similarity,0,0.1,0.233436,0,0.1,0,0,0.1,0.101654,0,0.1,0.146081,0,0.1,0.230823,0,0.1,0.153118,0,0.1,0.166779,0,0.1,0.172401,0,0.1,0.077866,0,0.1,0
1,7.75,1.26757,-2.99573,0.00236407,0.00236407,0.00236407,0.128216,False,tv,sound_similarity,0,0.1,0.233436,0,0.1,0,0,0.1,0.101654,0,0.1,0.146081,0,0.1,0.230823,0,0.1,0.153118,0,0.1,0.166779,0,0.1,0.172401,0,0.1,0.077866,0,0.1,0
0.75,7.75,1.22617,-2.99573,0.00236407,0.00236407,0.00236407,0.128216,False,tv,sound_similarity,0,0.1,0.233436,0,0.1,0,0,0.1,0.101654,0,0.1,0.146081,0,0.1,0.230823,0,0.1,0.153118,0,0.1,0.166779,0,0.1,0.172401,0,0.1,0.077866,0,0.1,0
0.5,7.75,1.23501,-2.99573,0.00236407,0.00236407,0.00236407,0.128216,False,tv,sound_similarity,0,0.1,0.233436,0,0.1,0,0,0.1,0.101654,0,0.1,0.146081,0,0.1,0.230823,0,0.1,0.153118,0,0.1,0.166779,0,0.1,0.172401,0,0.1,0.077866,0,0.1,0
0.25,7.75,1.29306,-2.99573,0.00236407,0.00236407,0.00236407,0.128216,False,tv,sound_similarity,0,0.1,0.233436,0,0.1,0,0,0.1,0.101654,0,0.1,0.146081,0,0.1,0.230823,0,0.1,0.153118,0,0.1,0.166779,0,0.1,0.172401,0,0.1,0.077866,0,0.1,0
0,7.75,1.39419,-2.99573,0.00236407,0.00236407,0.00236407,0.128216,False,tv,sound_similarity,0,0.1,0.233436,0,0.1,0,0,0.1,0.101654,0,0.1,0.146081,0,0.1,0.230823,0,0.1,0.153118,0,0.1,0.166779,0,0.1,0.172401,0,0.1,0.077866,0,0.1,0
-0.25,7.75,1.52988,-2.99573,0.00236407,0.00236407,0.00236407,0.128216,False,tv,sound_similarity,0,0.1,0.233436,0,0.1,0,0,0.1,0.101654,0,0.1,0.146081,0,0.1,0.230823,0,0.1,0.153118,0,0.1,0.166779,0,0.1,0.172401,0,0.1,0.077866,0,0.1,0
-0.5,7.75,1.69183,-2.99573,0.00236407,0.00236407,0.00236407,0.128216,False,tv,sound_similarity,0,0.1,0.233436,0,0.1,0,0,0.1,0.101654,0,0.1,0.146081,0,0.1,0.230823,0,0.1,0.153118,0,0.1,0.166779,0,0.1,0.172401,0,0.1,0.077866,0,0.1,0
-1,7.75,2.06902,-2.99573,0.00236407,0.00236407,0.00236407,0.128216,False,tv,sound_similarity,0,0.1,0.233436,0,0.1,0,0,0.1,0.101654,0,0.1,0.146081,0,0.1,0.230823,0,0.1,0.153118,0,0.1,0.166779,0,0.1,0.172401,0,0.1,0.077866,0,0.1,0
0.5,7.5,0.987939,-2.99573,0.00236407,0.00236407,0.00236407,0.128216,False,tv,sound_similarity,0,0.1,0.233436,0,0.1,0,0,0.1,0.101654,0,0.1,0.146081,0,0.1,0.230823,0,0.1,0.153118,0,0.1,0.166779,0,0.1,0.172401,0,0.1,0.077866,0,0.1,0
-1.25,7.75,2.27543,-2.99573,0.00236407,0.00236407,0.00236407,0.128216,False,tv,sound_similarity,0,0.1,0.233436,0,0.1,0,0,0.1,0.101654,0,0.1,0.146081,0,0.1,0.230823,0,0.1,0.153118,0,0.1,0.166779,0,0.1,0.172401,0,0.1,0.077866,0,0.1,0
-1.5,7.75,2.48985,-2.99573,0.00236407,0.00236407,0.00236407,0.0854772,True,empty floor,sound_similarity,0,0.0666667,0.233436,0,0.0666667,0,0,0.0666667,0.101654,0,0.0666667,0.146081,0,0.0666667,0.230823,0,0.0666667,0.153118,0,0.0666667,0.166779,0,0.0666667,0.172401,0,0.0666667,0.077866,0.5,0.4,0
-1.75,7.75,2.71037,-2.99573,0.00236407,0.00236407,0.00236407,0.0854772,True,empty floor,sound_similarity,0,0.0666667,0.233436,0,0.0666667,0,0,0.0666667,0.101654,0,0.0666667,0.146081,0,0.0666667,0.230823,0,0.0666667,0.153118,0,0.0666667,0.166779,0,0.0666667,0.172401,0,0.0666667,0.077866,0.5,0.4,0
-2.25,7.75,3.16459,-2.99573,0.00236407,0.00236407,0.00236407,0.0854772,True,empty floor,sound_similarity,0,0.0666667,0.233436,0,0.0666667,0,0,0.0666667,0.101654,0,0.0666667,0.146081,0,0.0666667,0.230823,0,0.0666667,0.153118,0,0.0666667,0.166779,0,0.0666667,0.172401,0,0.0666667,0.077866,0.5,0.4,0
2,7.5,1.64938,-2.99573,0.00236407,0.00236407,0.00236407,0.128216,False,tv,sound_similarity,0,0.1,0.233436,0,0.1,0,0,0.1,0.101654,0,0.1,0.146081,0,0.1,0.230823,0,0.1,0.153118,0,0.1,0.166779,0,0.1,0.172401,0,0.1,0.077866,0,0.1,0
1.75,7.5,1.45506,-2.99573,0.00236407,0.00236407,0.00236407,0.128216,False,tv,sound_similarity,0,0.1,0.233436,0,0.1,0,0,0.1,0.101654,0,0.1,0.146081,0,0.1,0.230823,0,0.1,0.153118,0,0.1,0.166779,0,0.1,0.172401,0,0.1,0.077866,0,0.1,0
1.5,7.5,1.28022,-2.99573,0.00236407,0.00236407,0.00236407,0.128216,False,tv,sound_similarity,0,0.1,0.233436,0,0.1,0,0,0.1,0.101654,0,0.1,0.146081,0,0.1,0.230823,0,0.1,0.153118,0,0.1,0.166779,0,0.1,0.172401,0,0.1,0.077866,0,0.1,0
1.25,7.5,1.1339,-2.99573,0.00236407,0.00236407,0.00236407,0.128216,False,tv,sound_similarity,0,0.1,0.233436,0,0.1,0,0,0.1,0.101654,0,0.1,0.146081,0,0.1,0.230823,0,0.1,0.153118,0,0.1,0.166779,0,0.1,0.172401,0,0.1,0.077866,0,0.1,0
1,7.5,1.02835,-2.99573,0.00236407,0.00236407,0.00236407,0.128216,False,tv,sound_similarity,0,0.1,0.233436,0,0.1,0,0,0.1,0.101654,0,0.1,0.146081,0,0.1,0.230823,0,0.1,0.153118,0,0.1,0.166779,0,0.1,0.172401,0,0.1,0.077866,0,0.1,0
0.75,7.5,0.976862,-2.99573,0.00236407,0.00236407,0.00236407,0.128216,False,tv,sound_similarity,0,0.1,0.233436,0,0.1,0,0,0.1,0.101654,0,0.1,0.146081,0,0.1,0.230823,0,0.1,0.153118,0,0.1,0.166779,0,0.1,0.172401,0,0.1,0.077866,0,0.1,0
1.75,7,1.18057,-2.99573,0.00236407,0.00236407,0.00236407,0.128216,False,tv,sound_similarity,0,0.1,0.233436,0,0.1,0,0,0.1,0.101654,0,0.1,0.146081,0,0.1,0.230823,0,0.1,0.153118,0,0.1,0.166779,0,0.1,0.172401,0,0.1,0.077866,0,0.1,0
1.25,7,0.749851,-2.99573,0.00236407,0.00236407,0.00236407,0.128216,False,tv,sound_similarity,0,0.1,0.233436,0,0.1,0,0,0.1,0.101654,0,0.1,0.146081,0,0.1,0.230823,0,0.1,0.153118,0,0.1,0.166779,0,0.1,0.172401,0,0.1,0.077866,0,0.1,0
1.5,6.25,0.876256,-2.75269,0.00236407,0.00236407,0.00236407,0.128216,False,tv,sound_similarity,0,0.1,0.233436,0,0.1,0,0,0.1,0.101654,0,0.1,0.146081,0,0.1,0.230823,0,0.1,0.153118,0,0.1,0.166779,0,0.1,0.172401,0,0.1,0.077866,0,0.1,0
1,7,0.577961,-2.99573,0.00236407,0.00236407,0.00236407,0.128216,False,tv,sound_similarity,0,0.1,0.233436,0,0.1,0,0,0.1,0.101654,0,0.1,0.146081,0,0.1,0.230823,0,0.1,0.153118,0,0.1,0.166779,0,0.1,0.172401,0,0.1,0.077866,0,0.1,0
-1.5,6.75,2.18001,-2.99573,0.00236407,0.00236407,0.00236407,0.0854772,True,empty floor,sound_similarity,0,0.0666667,0.233436,0,0.0666667,0,0,0.0666667,0.101654,0,0.0666667,0.146081,0,0.0666667,0.230823,0,0.0666667,0.153118,0,0.0666667,0.166779,0,0.0666667,0.172401,0,0.0666667,0.077866,0.5,0.4,0
-1.75,6.75,2.42883,-2.99573,0.00236407,0.00236407,0.00236407,0.0854772,True,empty floor,sound_similarity,0,0.0666667,0.233436,0,0.0666667,0,0,0.0666667,0.101654,0,0.0666667,0.146081,0,0.0666667,0.230823,0,0.0666667,0.153118,0,0.0666667,0.166779,0,0.0666667,0.172401,0,0.0666667,0.077866,0.5,0.4,0
-2.25,6.75,2.92707,-2.99573,0.00236407,0.00236407,0.00236407,0.0854772,True,empty floor,sound_similarity,0,0.0666667,0.233436,0,0.0666667,0,0,0.0666667,0.101654,0,0.0666667,0.146081,0,0.0666667,0.230823,0,0.0666667,0.153118,0,0.0666667,0.166779,0,0.0666667,0.172401,0,0.0666667,0.077866,0.5,0.4,0
2,6.5,1.33174,-2.99451,0.00236407,0.00236407,0.00236407,0.128216,False,tv,sound_similarity,0,0.1,0.233436,0,0.1,0,0,0.1,0.101654,0,0.1,0.146081,0,0.1,0.230823,0,0.1,0.153118,0,0.1,0.166779,0,0.1,0.172401,0,0.1,0.077866,0,0.1,0
1.75,6.5,1.0818,-2.99439,0.00236407,0.00236407,0.00236407,0.128216,False,tv,sound_similarity,0,0.1,0.233436,0,0.1,0,0,0.1,0.101654,0,0.1,0.146081,0,0.1,0.230823,0,0.1,0.153118,0,0.1,0.166779,0,0.1,0.172401,0,0.1,0.077866,0,0.1,0
1.5,6.5,0.831898,-2.99416,0.00236407,0.00236407,0.00236407,0.128216,False,tv,sound_similarity,0,0.1,0.233436,0,0.1,0,0,0.1,0.101654,0,0.1,0.146081,0,0.1,0.230823,0,0.1,0.153118,0,0.1,0.166779,0,0.1,0.172401,0,0.1,0.077866,0,0.1,0
1.25,6.5,0.58208,-2.99365,0.00236407,0.00236407,0.00236407,0.128216,False,tv,sound_similarity,0,0.1,0.233436,0,0.1,0,0,0.1,0.101654,0,0.1,0.146081,0,0.1,0.230823,0,0.1,0.153118,0,0.1,0.166779,0,0.1,0.172401,0,0.1,0.077866,0,0.1,0
1,6.5,0.332536,-2.99157,0.00236407,0.00236407,0.00236407,0.128216,False,tv,sound_similarity,0,0.1,0.233436,0,0.1,0,0,0.1,0.101654,0,0.1,0.146081,0,0.1,0.230823,0,0.1,0.153118,0,0.1,0.166779,0,0.1,0.172401,0,0.1,0.077866,0,0.1,0
0.75,6.5,0.0856889,-2.77165,0.00236407,0.00236407,0.00236407,0.128216,False,tv,sound_similarity,0,0.1,0.233436,0,0.1,0,0,0.1,0.101654,0,0.1,0.146081,0,0.1,0.230823,0,0.1,0.153118,0,0.1,0.166779,0,0.1,0.172401,0,0.1,0.077866,0,0.1,0
0.5,6.5,0.170602,-2.99573,0.00236407,0.00236407,0.00236407,0.128216,False,tv,sound_similarity,0,0.1,0.233436,0,0.1,0,0,0.1,0.101654,0,0.1,0.146081,0,0.1,0.230823,0,0.1,0.153118,0,0.1,0.166779,0,0.1,0.172401,0,0.1,0.077866,0,0.1,0
0.25,6.5,0.419366,-2.99573,0.00236407,0.00236407,0.00236407,0.0854772,True,empty floor,sound_similarity,0,0.0666667,0.233436,0,0.0666667,0,0,0.0666667,0.101654,0,0.0666667,0.146081,0,0.0666667,0.230823,0,0.0666667,0.153118,0,0.0666667,0.166779,0,0.0666667,0.172401,0,0.0666667,0.077866,0.5,0.4,0
0,6.5,0.669052,-2.99573,0.00236407,0.00236407,0.00236407,0.0854772,True,empty floor,sound_similarity,0,0.0666667,0.233436,0,0.0666667,0,0,0.0666667,0.101654,0,0.0666667,0.146081,0,0.0666667,0.230823,0,0.0666667,0.153118,0,0.0666667,0.166779,0,0.0666667,0.172401,0,0.0666667,0.077866,0.5,0.4,0
-0.25,6.5,0.918909,-2.99573,0.00236407,0.00236407,0.00236407,0.0854772,True,empty floor,sound_similarity,0,0.0666667,0.233436,0,0.0666667,0,0,0.0666667,0.101654,0,0.0666667,0.146081,0,0.0666667,0.230823,0,0.0666667,0.153118,0,0.0666667,0.166779,0,0.0666667,0.172401,0,0.0666667,0.077866,0.5,0.4,0
-0.5,6.5,1.16883,-2.99573,0.00236407,0.00236407,0.00236407,0.0854772,True,empty floor,sound_similarity,0,0.0666667,0.233436,0,0.0666667,0,0,0.0666667,0.101654,0,0.0666667,0.146081,0,0.0666667,0.230823,0,0.0666667,0.153118,0,0.0666667,0.166779,0,0.0666667,0.172401,0,0.0666667,0.077866,0.5,0.4,0
-0.75,6.5,1.41877,-2.99573,0.00236407,0.00236407,0.00236407,0.0854772,True,empty floor,sound_similarity,0,0.0666667,0.233436,0,0.0666667,0,0,0.0666667,0.101654,0,0.0666667,0.146081,0,0.0666667,0.230823,0,0.0666667,0.153118,0,0.0666667,0.166779,0,0.0666667,0.172401,0,0.0666667,0.077866,0.5,0.4,0
-1,6.5,1.66874,-2.99573,0.00236407,0.00236407,0.00236407,0.0854772,True,empty floor,sound_similarity,0,0.0666667,0.233436,0,0.0666667,0,0,0.0666667,0.101654,0,0.0666667,0.146081,0,0.0666667,0.230823,0,0.0666667,0.153118,0,0.0666667,0.166779,0,0.0666667,0.172401,0,0.0666667,0.077866,0.5,0.4,0
-1.25,6.5,1.91871,-2.99573,0.00236407,0.00236407,0.00236407,0.0854772,True,empty floor,sound_similarity,0,0.0666667,0.233436,0,0.0666667,0,0,0.0666667,0.101654,0,0.0666667,0.146081,0,0.0666667,0.230823,0,0.0666667,0.153118,0,0.0666667,0.166779,0,0.0666667,0.172401,0,0.0666667,0.077866,0.5,0.4,0
-1.5,6.5,2.16869,-2.99573,0.00236407,0.00236407,0.00236407,0.0854772,True,empty floor,sound_similarity,0,0.0666667,0.233436,0,0.0666667,0,0,0.0666667,0.101654,0,0.0666667,0.146081,0,0.0666667,0.230823,0,0.0666667,0.153118,0,0.0666667,0.166779,0,0.0666667,0.172401,0,0.0666667,0.077866,0.5,0.4,0
-1.75,6.5,2.41867,-2.99573,0.00236407,0.00236407,0.00236407,0.0854772,True,empty floor,sound_similarity,0,0.0666667,0.233436,0,0.0666667,0,0,0.0666667,0.101654,0,0.0666667,0.146081,0,0.0666667,0.230823,0,0.0666667,0.153118,0,0.0666667,0.166779,0,0.0666667,0.172401,0,0.0666667,0.077866,0.5,0.4,0
-2,6.5,2.66866,-2.99573,0.00236407,0.00236407,0.00236407,0.0854772,True,empty floor,sound_similarity,0,0.0666667,0.233436,0,0.0666667,0,0,0.0666667,0.101654,0,0.0666667,0.146081,0,0.0666667,0.230823,0,0.0666667,0.153118,0,0.0666667,0.166779,0,0.0666667,0.172401,0,0.0666667,0.077866,0.5,0.4,0
-2.25,6.5,2.91865,-2.99573,0.00236407,0.00236407,0.00236407,0.0854772,True,empty floor,sound_similarity,0,0.0666667,0.233436,0,0.0666667,0,0,0.0666667,0.101654,0,0.0666667,0.146081,0,0.0666667,0.230823,0,0.0666667,0.153118,0,0.0666667,0.166779,0,0.0666667,0.172401,0,0.0666667,0.077866,0.5,0.4,0
2,6.25,1.35989,-2.95397,0.00236407,0.00236407,0.00236407,0.128216,False,tv,sound_similarity,0,0.1,0.233436,0,0.1,0,0,0.1,0.101654,0,0.1,0.146081,0,0.1,0.230823,0,0.1,0.153118,0,0.1,0.166779,0,0.1,0.172401,0,0.1,0.077866,0,0.1,0
1.75,6.25,1.11627,-2.90793,0.00236407,0.00236407,0.00236407,0.128216,False,tv,sound_similarity,0,0.1,0.233436,0,0.1,0,0,0.1,0.101654,0,0.1,0.146081,0,0.1,0.230823,0,0.1,0.153118,0,0.1,0.166779,0,0.1,0.172401,0,0.1,0.077866,0,0.1,0
-1.25,6.75,1.93149,-2.99573,0.00236407,0.00236407,0.00236407,0.0854772,True,empty floor,sound_similarity,0,0.0666667,0.233436,0,0.0666667,0,0,0.0666667,0.101654,0,0.0666667,0.146081,0,0.0666667,0.230823,0,0.0666667,0.153118,0,0.0666667,0.166779,0,0.0666667,0.172401,0,0.0666667,0.077866,0.5,0.4,0
-1,6.75,1.68342,-2.99573,0.00236407,0.00236407,0.00236407,0.0854772,True,empty floor,sound_similarity,0,0.0666667,0.233436,0,0.0666667,0,0,0.0666667,0.101654,0,0.0666667,0.146081,0,0.0666667,0.230823,0,0.0666667,0.153118,0,0.0666667,0.166779,0,0.0666667,0.172401,0,0.0666667,0.077866,0.5,0.4,0
-0.75,6.75,1.43602,-2.99573,0.00236407,0.00236407,0.00236407,0.0854772,True,empty floor,sound_similarity,0,0.0666667,0.233436,0,0.0666667,0,0,0.0666667,0.101654,0,0.0666667,0.146081,0,0.0666667,0.230823,0,0.0666667,0.153118,0,0.0666667,0.166779,0,0.0666667,0.172401,0,0.0666667,0.077866,0.5,0.4,0
-1.75,7,2.46443,-2.99573,0.00236407,0.00236407,0.00236407,0.0854772,True,empty floor,sound_similarity,0,0.0666667,0.233436,0,0.0666667,0,0,0.0666667,0.101654,0,0.0666667,0.146081,0,0.0666667,0.230823,0,0.0666667,0.153118,0,0.0666667,0.166779,0,0.0666667,0.172401,0,0.0666667,0.077866,0.5,0.4,0
0.75,7,0.480418,-2.99573,0.00236407,0.00236407,0.00236407,0.128216,False,tv,sound_similarity,0,0.1,0.233436,0,0.1,0,0,0.1,0.101654,0,0.1,0.146081,0,0.1,0.230823,0,0.1,0.153118,0,0.1,0.166779,0,0.1,0.172401,0,0.1,0.077866,0,0.1,0
0.5,7,0.502557,-2.99573,0.00236407,0.00236407,0.00236407,0.128216,False,tv,sound_similarity,0,0.1,0.233436,0,0.1,0,0,0.1,0.101654,0,0.1,0.146081,0,0.1,0.230823,0,0.1,0.153118,0,0.1,0.166779,0,0.1,0.172401,0,0.1,0.077866,0,0.1,0
0.25,7,0.631923,-2.99573,0.00236407,0.00236407,0.00236407,0.128216,False,tv,sound_similarity,0,0.1,0.233436,0,0.1,0,0,0.1,0.101654,0,0.1,0.146081,0,0.1,0.230823,0,0.1,0.153118,0,0.1,0.166779,0,0.1,0.172401,0,0.1,0.077866,0,0.1,0
0,7,0.8192,-2.99573,0.00236407,0.00236407,0.00236407,0.128216,False,tv,sound_similarity,0,0.1,0.233436,0,0.1,0,0,0.1,0.101654,0,0.1,0.146081,0,0.1,0.230823,0,0.1,0.153118,0,0.1,0.166779,0,0.1,0.172401,0,0.1,0.077866,0,0.1,0
-0.25,7,1.03337,-2.99573,0.00236407,0.00236407,0.00236407,0.0854772,True,empty floor,sound_similarity,0,0.0666667,0.233436,0,0.0666667,0,0,0.0666667,0.101654,0,0.0666667,0.146081,0,0.0666667,0.230823,0,0.0666667,0.153118,0,0.0666667,0.166779,0,0.0666667,0.172401,0,0.0666667,0.077866,0.5,0.4,0
-0.5,7,1.2608,-2.99573,0.00236407,0.00236407,0.00236407,0.0854772,True,empty floor,sound_similarity,0,0.0666667,0.233436,0,0.0666667,0,0,0.0666667,0.101654,0,0.0666667,0.146081,0,0.0666667,0.230823,0,0.0666667,0.153118,0,0.0666667,0.166779,0,0.0666667,0.172401,0,0.0666667,0.077866,0.5,0.4,0
-0.75,7,1.49545,-2.99573,0.00236407,0.00236407,0.00236407,0.0854772,True,empty floor,sound_similarity,0,0.0666667,0.233436,0,0.0666667,0,0,0.0666667,0.101654,0,0.0666667,0.146081,0,0.0666667,0.230823,0,0.0666667,0.153118,0,0.0666667,0.166779,0,0.0666667,0.172401,0,0.0666667,0.077866,0.5,0.4,0
-1,7,1.7344,-2.99573,0.00236407,0.00236407,0.00236407,0.0854772,True,empty floor,sound_similarity,0,0.0666667,0.233436,0,0.0666667,0,0,0.0666667,0.101654,0,0.0666667,0.146081,0,0.0666667,0.230823,0,0.0666667,0.153118,0,0.0666667,0.166779,0,0.0666667,0.172401,0,0.0666667,0.077866,0.5,0.4,0
-1.25,7,1.97608,-2.99573,0.00236407,0.00236407,0.00236407,0.0854772,True,empty floor,sound_similarity,0,0.0666667,0.233436,0,0.0666667,0,0,0.0666667,0.101654,0,0.0666667,0.146081,0,0.0666667,0.230823,0,0.0666667,0.153118,0,0.0666667,0.166779,0,0.0666667,0.172401,0,0.0666667,0.077866,0.5,0.4,0
-1.5,7,2.21961,-2.99573,0.00236407,0.00236407,0.00236407,0.0854772,True,empty floor,sound_similarity,0,0.0666667,0.233436,0,0.0666667,0,0,0.0666667,0.101654,0,0.0666667,0.146081,0,0.0666667,0.230823,0,0.0666667,0.153118,0,0.0666667,0.166779,0,0.0666667,0.172401,0,0.0666667,0.077866,0.5,0.4,0
-2,7,2.7102,-2.99573,0.00236407,0.00236407,0.00236407,0.103041,True,clock,sound_similarity,0,0.05,0.233436,0,0.05,0,0,0.05,0.101654,0,0.05,0.146081,0,0.05,0.230823,0,0.05,0.153118,0,0.05,0.166779,0,0.05,0.172401,1,0.55,0.077866,0,0.05,0
-0.5,6.75,1.1897,-2.99573,0.00236407,0.00236407,0.00236407,0.0854772,True,empty floor,sound_similarity,0,0.0666667,0.233436,0,0.0666667,0,0,0.0666667,0.101654,0,0.0666667,0.146081,0,0.0666667,0.230823,0,0.0666667,0.153118,0,0.0666667,0.166779,0,0.0666667,0.172401,0,0.0666667,0.077866,0.5,0.4,0
-2.25,7,2.95668,-2.99573,0.00236407,0.00236407,0.00236407,0.0854772,True,empty floor,sound_similarity,0,0.0666667,0.233436,0,0.0666667,0,0,0.0666667,0.101654,0,0.0666667,0.146081,0,0.0666667,0.230823,0,0.0666667,0.153118,0,0.0666667,0.166779,0,0.0666667,0.172401,0,0.0666667,0.077866,0.5,0.4,0
2,6.75,1.3501,-2.99571,0.00236407,0.00236407,0.00236407,0.128216,False,tv,sound_similarity,0,0.1,0.233436,0,0.1,0,0,0.1,0.101654,0,0.1,0.146081,0,0.1,0.230823,0,0.1,0.153118,0,0.1,0.166779,0,0.1,0.172401,0,0.1,0.077866,0,0.1,0
1.75,6.75,1.10432,-2.99572,0.00236407,0.00236407,0.00236407,0.128216,False,tv,sound_similarity,0,0.1,0.233436,0,0.1,0,0,0.1,0.101654,0,0.1,0.146081,0,0.1,0.230823,0,0.1,0.153118,0,0.1,0.166779,0,0.1,0.172401,0,0.1,0.077866,0,0.1,0
1.5,6.75,0.860979,-2.99573,0.00236407,0.00236407,0.00236407,0.128216,False,tv,sound_similarity,0,0.1,0.233436,0,0.1,0,0,0.1,0.101654,0,0.1,0.146081,0,0.1,0.230823,0,0.1,0.153118,0,0.1,0.166779,0,0.1,0.172401,0,0.1,0.077866,0,0.1,0
1,6.75,0.399762,-2.99573,0.00236407,0.00236407,0.00236407,0.128216,False,tv,sound_similarity,0,0.1,0.233436,0,0.1,0,0,0.1,0.101654,0,0.1,0.146081,0,0.1,0.230823,0,0.1,0.153118,0,0.1,0.166779,0,0.1,0.172401,0,0.1,0.077866,0,0.1,0
0.75,6.75,0.237849,-2.99573,0.00236407,0.00236407,0.00236407,0.128216,False,tv,sound_similarity,0,0.1,0.233436,0,0.1,0,0,0.1,0.101654,0,0.1,0.146081,0,0.1,0.230823,0,0.1,0.153118,0,0.1,0.166779,0,0.1,0.172401,0,0.1,0.077866,0,0.1,0
0.5,6.75,0.279883,-2.99573,0.00236407,0.00236407,0.00236407,0.128216,False,tv,sound_similarity,0,0.1,0.233436,0,0.1,0,0,0.1,0.101654,0,0.1,0.146081,0,0.1,0.230823,0,0.1,0.153118,0,0.1,0.166779,0,0.1,0.172401,0,0.1,0.077866,0,0.1,0
0.25,6.75,0.474444,-2.99573,0.00236407,0.00236407,0.00236407,0.0854772,True,empty floor,sound_similarity,0,0.0666667,0.233436,0,0.0666667,0,0,0.0666667,0.101654,0,0.0666667,0.146081,0,0.0666667,0.230823,0,0.0666667,0.153118,0,0.0666667,0.166779,0,0.0666667,0.172401,0,0.0666667,0.077866,0.5,0.4,0
0,6.75,0.704883,-2.99573,0.00236407,0.00236407,0.00236407,0.0854772,True,empty floor,sound_similarity,0,0.0666667,0.233436,0,0.0666667,0,0,0.0666667,0.101654,0,0.0666667,0.146081,0,0.0666667,0.230823,0,0.0666667,0.153118,0,0.0666667,0.166779,0,0.0666667,0.172401,0,0.0666667,0.077866,0.5,0.4,0
-0.25,6.75,0.945316,-2.99573,0.00236407,0.00236407,0.00236407,0.0854772,True,empty floor,sound_similarity,0,0.0666667,0.233436,0,0.0666667,0,0,0.0666667,0.101654,0,0.0666667,0.146081,0,0.0666667,0.230823,0,0.0666667,0.153118,0,0.0666667,0.166779,0,0.0666667,0.172401,0,0.0666667,0.077866,0.5,0.4,0
0.75,4.75,1.77841,-2.92247,0.00236407,0.00236407,0.00236407,0.128216,False,tv,sound_similarity,0,0.1,0.233436,0,0.1,0,0,0.1,0.101654,0,0.1,0.146081,0,0.1,0.230823,0,0.1,0.153118,0,0.1,0.166779,0,0.1,0.172401,0,0.1,0.077866,0,0.1,0
0.25,4.75,1.82517,-2.99538,0.00236407,0.00236407,0.00236407,0.128216,False,tv,sound_similarity,0,0.1,0.233436,0,0.1,0,0,0.1,0.101654,0,0.1,0.146081,0,0.1,0.230823,0,0.1,0.153118,0,0.1,0.166779,0,0.1,0.172401,0,0.1,0.077866,0,0.1,0
-2,1.75,5.47141,-2.99573,0.00236407,0.00236407,0.00236407,0.128216,False,tv,sound_similarity,0,0.1,0.233436,0,0.1,0,0,0.1,0.101654,0,0.1,0.146081,0,0.1,0.230823,0,0.1,0.153118,0,0.1,0.166779,0,0.1,0.172401,0,0.1,0.077866,0,0.1,0
-1.75,2.5,4.69705,-2.99573,0.00236407,0.00236407,0.00236407,0.128216,False,tv,sound_similarity,0,0.1,0.233436,0,0.1,0,0,0.1,0.101654,0,0.1,0.146081,0,0.1,0.230823,0,0.1,0.153118,0,0.1,0.166779,0,0.1,0.172401,0,0.1,0.077866,0,0.1,0
0.25,2.75,3.79966,-2.99134,0.00236407,0.00236407,0.00236407,0.128216,False,tv,sound_similarity,0,0.1,0.233436,0,0.1,0,0,0.1,0.101654,0,0.1,0.146081,0,0.1,0.230823,0,0.1,0.153118,0,0.1,0.166779,0,0.1,0.172401,0,0.1,0.077866,0,0.1,0
0,2.75,3.83526,-2.99456,0.00236407,0.00236407,0.00236407,0.128216,False,tv,sound_similarity,0,0.1,0.233436,0,0.1,0,0,0.1,0.101654,0,0.1,0.146081,0,0.1,0.230823,0,0.1,0.153118,0,0.1,0.166779,0,0.1,0.172401,0,0.1,0.077866,0,0.1,0
-0.25,2.75,3.88664,-2.99543,0.00236407,0.00236407,0.00236407,0.128216,False,tv,sound_similarity,0,0.1,0.233436,0,0.1,0,0,0.1,0.101654,0,0.1,0.146081,0,0.1,0.230823,0,0.1,0.153118,0,0.1,0.166779,0,0.1,0.172401,0,0.1,0.077866,0,0.1,0
-0.5,2.75,3.95319,-2.99566,0.00236407,0.00236407,0.00236407,0.128216,False,tv,sound_similarity,0,0.1,0.233436,0,0.1,0,0,0.1,0.101654,0,0.1,0.146081,0,0.1,0.230823,0,0.1,0.153118,0,0.1,0.166779,0,0.1,0.172401,0,0.1,0.077866,0,0.1,0
-0.75,2.75,4.03416,-2.99571,0.00236407,0.00236407,0.00236407,0.128216,False,tv,sound_similarity,0,0.1,0.233436,0,0.1,0,0,0.1,0.101654,0,0.1,0.146081,0,0.1,0.230823,0,0.1,0.153118,0,0.1,0.166779,0,0.1,0.172401,0,0.1,0.077866,0,0.1,0
-1,2.75,4.12871,-2.99573,0.00236407,0.00236407,0.00236407,0.128216,False,tv,sound_similarity,0,0.1,0.233436,0,0.1,0,0,0.1,0.101654,0,0.1,0.146081,0,0.1,0.230823,0,0.1,0.153118,0,0.1,0.166779,0,0.1,0.172401,0,0.1,0.077866,0,0.1,0
-1.25,2.75,4.23592,-2.99573,0.00236407,0.00236407,0.00236407,0.128216,False,tv,sound_similarity,0,0.1,0.233436,0,0.1,0,0,0.1,0.101654,0,0.1,0.146081,0,0.1,0.230823,0,0.1,0.153118,0,0.1,0.166779,0,0.1,0.172401,0,0.1,0.077866,0,0.1,0
-1.5,2.75,4.35486,-2.99573,0.00236407,0.00236407,0.00236407,0.128216,False,tv,sound_similarity,0,0.1,0.233436,0,0.1,0,0,0.1,0.101654,0,0.1,0.146081,0,0.1,0.230823,0,0.1,0.153118,0,0.1,0.166779,0,0.1,0.172401,0,0.1,0.077866,0,0.1,0
-2,2.75,4.62421,-2.99573,0.00236407,0.00236407,0.00236407,0.128216,False,tv,sound_similarity,0,0.1,0.233436,0,0.1,0,0,0.1,0.101654,0,0.1,0.146081,0,0.1,0.230823,0,0.1,0.153118,0,0.1,0.166779,0,0.1,0.172401,0,0.1,0.077866,0,0.1,0
-2.25,2.75,4.77285,-2.99573,0.00236407,0.00236407,0.00236407,0.128216,False,tv,sound_similarity,0,0.1,0.233436,0,0.1,0,0,0.1,0.101654,0,0.1,0.146081,0,0.1,0.230823,0,0.1,0.153118,0,0.1,0.166779,0,0.1,0.172401,0,0.1,0.077866,0,0.1,0
2,2.5,4.24097,-1.62448,0.00236407,0.00236407,0.00236407,0.128216,False,tv,sound_similarity,0,0.1,0.233436,0,0.1,0,0,0.1,0.101654,0,0.1,0.146081,0,0.1,0.230823,0,0.1,0.153118,0,0.1,0.166779,0,0.1,0.172401,0,0.1,0.077866,0,0.1,0
1.75,2.5,4.16925,-2.04128,0.00236407,0.00236407,0.00236407,0.128216,False,tv,sound_similarity,0,0.1,0.233436,0,0.1,0,0,0.1,0.101654,0,0.1,0.146081,0,0.1,0.230823,0,0.1,0.153118,0,0.1,0.166779,0,0.1,0.172401,0,0.1,0.077866,0,0.1,0
1.5,2.5,4.11149,-2.41835,0.00236407,0.00236407,0.00236407,0.128216,False,tv,sound_similarity,0,0.1,0.233436,0,0.1,0,0,0.1,0.101654,0,0.1,0.146081,0,0.1,0.230823,0,0.1,0.153118,0,0.1,0.166779,0,0.1,0.172401,0,0.1,0.077866,0,0.1,0
1.25,2.5,4.06831,-2.70005,0.00236407,0.00236407,0.00236407,0.128216,False,tv,sound_similarity,0,0.1,0.233436,0,0.1,0,0,0.1,0.101654,0,0.1,0.146081,0,0.1,0.230823,0,0.1,0.153118,0,0.1,0.166779,0,0.1,0.172401,0,0.1,0.077866,0,0.1,0
1,2.5,4.04016,-2.86757,0.00236407,0.00236407,0.00236407,0.128216,False,tv,sound_similarity,0,0.1,0.233436,0,0.1,0,0,0.1,0.101654,0,0.1,0.146081,0,0.1,0.230823,0,0.1,0.153118,0,0.1,0.166779,0,0.1,0.172401,0,0.1,0.077866,0,0.1,0
0.75,2.5,4.02737,-2.94754,0.00236407,0.00236407,0.00236407,0.128216,False,tv,sound_similarity,0,0.1,0.233436,0,0.1,0,0,0.1,0.101654,0,0.1,0.146081,0,0.1,0.230823,0,0.1,0.153118,0,0.1,0.166779,0,0.1,0.172401,0,0.1,0.077866,0,0.1,0
0.5,2.5,4.03007,-2.97951,0.00236407,0.00236407,0.00236407,0.128216,False,tv,sound_similarity,0,0.1,0.233436,0,0.1,0,0,0.1,0.101654,0,0.1,0.146081,0,0.1,0.230823,0,0.1,0.153118,0,0.1,0.166779,0,0.1,0.172401,0,0.1,0.077866,0,0.1,0
0.25,2.5,4.04823,-2.99071,0.00236407,0.00236407,0.00236407,0.128216,False,tv,sound_similarity,0,0.1,0.233436,0,0.1,0,0,0.1,0.101654,0,0.1,0.146081,0,0.1,0.230823,0,0.1,0.153118,0,0.1,0.166779,0,0.1,0.172401,0,0.1,0.077866,0,0.1,0
0,2.5,4.08166,-2.99427,0.00236407,0.00236407,0.00236407,0.128216,False,tv,sound_similarity,0,0.1,0.233436,0,0.1,0,0,0.1,0.101654,0,0.1,0.146081,0,0.1,0.230823,0,0.1,0.153118,0,0.1,0.166779,0,0.1,0.172401,0,0.1,0.077866,0,0.1,0
-0.25,2.5,4.12998,-2.99532,0.00236407,0.00236407,0.00236407,0.128216,False,tv,sound_similarity,0,0.1,0.233436,0,0.1,0,0,0.1,0.101654,0,0.1,0.146081,0,0.1,0.230823,0,0.1,0.153118,0,0.1,0.166779,0,0.1,0.172401,0,0.1,0.077866,0,0.1,0
-0.5,2.5,4.19267,-2.99562,0.00236407,0.00236407,0.00236407,0.128216,False,tv,sound_similarity,0,0.1,0.233436,0,0.1,0,0,0.1,0.101654,0,0.1,0.146081,0,0.1,0.230823,0,0.1,0.153118,0,0.1,0.166779,0,0.1,0.172401,0,0.1,0.077866,0,0.1,0
-0.75,2.5,4.2691,-2.9957,0.00236407,0.00236407,0.00236407,0.128216,False,tv,sound_similarity,0,0.1,0.233436,0,0.1,0,0,0.1,0.101654,0,0.1,0.146081,0,0.1,0.230823,0,0.1,0.153118,0,0.1,0.166779,0,0.1,0.172401,0,0.1,0.077866,0,0.1,0
-1,2.5,4.35856,-2.99572,0.00236407,0.00236407,0.00236407,0.128216,False,tv,sound_similarity,0,0.1,0.233436,0,0.1,0,0,0.1,0.101654,0,0.1,0.146081,0,0.1,0.230823,0,0.1,0.153118,0,0.1,0.166779,0,0.1,0.172401,0,0.1,0.077866,0,0.1,0
0.5,2.75,3.7803,-2.98031,0.00236407,0.00236407,0.00236407,0.128216,False,tv,sound_similarity,0,0.1,0.233436,0,0.1,0,0,0.1,0.101654,0,0.1,0.146081,0,0.1,0.230823,0,0.1,0.153118,0,0.1,0.166779,0,0.1,0.172401,0,0.1,0.077866,0,0.1,0
1.5,2.75,3.86699,-2.34189,0.00236407,0.00236407,0.00236407,0.128216,False,tv,sound_similarity,0,0.1,0.233436,0,0.1,0,0,0.1,0.101654,0,0.1,0.146081,0,0.1,0.230823,0,0.1,0.153118,0,0.1,0.166779,0,0.1,0.172401,0,0.1,0.077866,0,0.1,0
1.75,2.75,3.92834,-1.92329,0.00236407,0.00236407,0.00236407,0.128216,False,tv,sound_similarity,0,0.1,0.233436,0,0.1,0,0,0.1,0.101654,0,0.1,0.146081,0,0.1,0.230823,0,0.1,0.153118,0,0.1,0.166779,0,0.1,0.172401,0,0.1,0.077866,0,0.1,0
0.75,3,3.52748,-2.94518,0.00236407,0.00236407,0.00236407,0.128216,False,tv,sound_similarity,0,0.1,0.233436,0,0.1,0,0,0.1,0.101654,0,0.1,0.146081,0,0.1,0.230823,0,0.1,0.153118,0,0.1,0.166779,0,0.1,0.172401,0,0.1,0.077866,0,0.1,0
-1,3.25,3.67691,-2.99573,0.00236407,0.00236407,0.00236407,0.128216,False,tv,sound_similarity,0,0.1,0.233436,0,0.1,0,0,0.1,0.101654,0,0.1,0.146081,0,0.1,0.230823,0,0.1,0.153118,0,0.1,0.166779,0,0.1,0.172401,0,0.1,0.077866,0,0.1,0
-1.25,3.25,3.7969,-2.99573,0.00236407,0.00236407,0.00236407,0.128216,False,tv,sound_similarity,0,0.1,0.233436,0,0.1,0,0,0.1,0.101654,0,0.1,0.146081,0,0.1,0.230823,0,0.1,0.153118,0,0.1,0.166779,0,0.1,0.172401,0,0.1,0.077866,0,0.1,0
-1.5,3.25,3.92915,-2.99573,0.00236407,0.00236407,0.00236407,0.128216,False,tv,sound_similarity,0,0.1,0.233436,0,0.1,0,0,0.1,0.101654,0,0.1,0.146081,0,0.1,0.230823,0,0.1,0.153118,0,0.1,0.166779,0,0.1,0.172401,0,0.1,0.077866,0,0.1,0
-2,3.25,4.22572,-2.99573,0.00236407,0.00236407,0.00236407,0.128216,False,tv,sound_similarity,0,0.1,0.233436,0,0.1,0,0,0.1,0.101654,0,0.1,0.146081,0,0.1,0.230823,0,0.1,0.153118,0,0.1,0.166779,0,0.1,0.172401,0,0.1,0.077866,0,0.1,0
-2.25,3.25,4.38788,-2.99573,0.00236407,0.00236407,0.00236407,0.128216,False,tv,sound_similarity,0,0.1,0.233436,0,0.1,0,0,0.1,0.101654,0,0.1,0.146081,0,0.1,0.230823,0,0.1,0.153118,0,0.1,0.166779,0,0.1,0.172401,0,0.1,0.077866,0,0.1,0
2,3,3.76952,-1.31722,0.00236407,0.00236407,0.00236407,0.128216,False,tv,sound_similarity,0,0.1,0.233436,0,0.1,0,0,0.1,0.101654,0,0.1,0.146081,0,0.1,0.230823,0,0.1,0.153118,0,0.1,0.166779,0,0.1,0.172401,0,0.1,0.077866,0,0.1,0
1.75,3,3.68864,-1.7865,0.00236407,0.00236407,0.00236407,0.128216,False,tv,sound_similarity,0,0.1,0.233436,0,0.1,0,0,0.1,0.101654,0,0.1,0.146081,0,0.1,0.230823,0,0.1,0.153118,0,0.1,0.166779,0,0.1,0.172401,0,0.1,0.077866,0,0.1,0
1.5,3,3.62324,-2.24944,0.00236407,0.00236407,0.00236407,0.128216,False,tv,sound_similarity,0,0.1,0.233436,0,0.1,0,0,0.1,0.101654,0,0.1,0.146081,0,0.1,0.230823,0,0.1,0.153118,0,0.1,0.166779,0,0.1,0.172401,0,0.1,0.077866,0,0.1,0
1.25,3,3.57416,-2.61994,0.00236407,0.00236407,0.00236407,0.128216,False,tv,sound_similarity,0,0.1,0.233436,0,0.1,0,0,0.1,0.101654,0,0.1,0.146081,0,0.1,0.230823,0,0.1,0.153118,0,0.1,0.166779,0,0.1,0.172401,0,0.1,0.077866,0,0.1,0
1,3,3.54209,-2.84398,0.00236407,0.00236407,0.00236407,0.128216,False,tv,sound_similarity,0,0.1,0.233436,0,0.1,0,0,0.1,0.101654,0,0.1,0.146081,0,0.1,0.230823,0,0.1,0.153118,0,0.1,0.166779,0,0.1,0.172401,0,0.1,0.077866,0,0.1,0
0.5,3,3.53057,-2.98118,0.00236407,0.00236407,0.00236407,0.128216,False,tv,sound_similarity,0,0.1,0.233436,0,0.1,0,0,0.1,0.101654,0,0.1,0.146081,0,0.1,0.230823,0,0.1,0.153118,0,0.1,0.166779,0,0.1,0.172401,0,0.1,0.077866,0,0.1,0
2,2.75,4.00438,-1.47881,0.00236407,0.00236407,0.00236407,0.128216,False,tv,sound_similarity,0,0.1,0.233436,0,0.1,0,0,0.1,0.101654,0,0.1,0.146081,0,0.1,0.230823,0,0.1,0.153118,0,0.1,0.166779,0,0.1,0.172401,0,0.1,0.077866,0,0.1,0
0.25,3,3.55129,-2.99196,0.00236407,0.00236407,0.00236407,0.128216,False,tv,sound_similarity,0,0.1,0.233436,0,0.1,0,0,0.1,0.101654,0,0.1,0.146081,0,0.1,0.230823,0,0.1,0.153118,0,0.1,0.166779,0,0.1,0.172401,0,0.1,0.077866,0,0.1,0
0,3,3.58935,-2.99483,0.00236407,0.00236407,0.00236407,0.128216,False,tv,sound_similarity,0,0.1,0.233436,0,0.1,0,0,0.1,0.101654,0,0.1,0.146081,0,0.1,0.230823,0,0.1,0.153118,0,0.1,0.166779,0,0.1,0.172401,0,0.1,0.077866,0,0.1,0
-0.25,3,3.6442,-2.99552,0.00236407,0.00236407,0.00236407,0.128216,False,tv,sound_similarity,0,0.1,0.233436,0,0.1,0,0,0.1,0.101654,0,0.1,0.146081,0,0.1,0.230823,0,0.1,0.153118,0,0.1,0.166779,0,0.1,0.172401,0,0.1,0.077866,0,0.1,0
-0.5,3,3.7151,-2.99569,0.00236407,0.00236407,0.00236407,0.128216,False,tv,sound_similarity,0,0.1,0.233436,0,0.1,0,0,0.1,0.101654,0,0.1,0.146081,0,0.1,0.230823,0,0.1,0.153118,0,0.1,0.166779,0,0.1,0.172401,0,0.1,0.077866,0,0.1,0
-0.75,3,3.80115,-2.99572,0.00236407,0.00236407,0.00236407,0.128216,False,tv,sound_similarity,0,0.1,0.233436,0,0.1,0,0,0.1,0.101654,0,0.1,0.146081,0,0.1,0.230823,0,0.1,0.153118,0,0.1,0.166779,0,0.1,0.172401,0,0.1,0.077866,0,0.1,0
-1,3,3.90134,-2.99573,0.00236407,0.00236407,0.00236407,0.128216,False,tv,sound_similarity,0,0.1,0.233436,0,0.1,0,0,0.1,0.101654,0,0.1,0.146081,0,0.1,0.230823,0,0.1,0.153118,0,0.1,0.166779,0,0.1,0.172401,0,0.1,0.077866,0,0.1,0
-1.25,3,4.01463,-2.99573,0.00236407,0.00236407,0.00236407,0.128216,False,tv,sound_similarity,0,0.1,0.233436,0,0.1,0,0,0.1,0.101654,0,0.1,0.146081,0,0.1,0.230823,0,0.1,0.153118,0,0.1,0.166779,0,0.1,0.172401,0,0.1,0.077866,0,0.1,0
-1.5,3,4.13993,-2.99573,0.00236407,0.00236407,0.00236407,0.128216,False,tv,sound_similarity,0,0.1,0.233436,0,0.1,0,0,0.1,0.101654,0,0.1,0.146081,0,0.1,0.230823,0,0.1,0.153118,0,0.1,0.166779,0,0.1,0.172401,0,0.1,0.077866,0,0.1,0
-2,3,4.42239,-2.99573,0.00236407,0.00236407,0.00236407,0.128216,False,tv,sound_similarity,0,0.1,0.233436,0,0.1,0,0,0.1,0.101654,0,0.1,0.146081,0,0.1,0.230823,0,0.1,0.153118,0,0.1,0.166779,0,0.1,0.172401,0,0.1,0.077866,0,0.1,0
-2.25,3,4.57758,-2.99573,0.00236407,0.00236407,0.00236407,0.128216,False,tv,sound_similarity,0,0.1,0.233436,0,0.1,0,0,0.1,0.101654,0,0.1,0.146081,0,0.1,0.230823,0,0.1,0.153118,0,0.1,0.166779,0,0.1,0.172401,0,0.1,0.077866,0,0.1,0
-1.5,2.5,4.57335,-2.99573,0.00236407,0.00236407,0.00236407,0.128216,False,tv,sound_similarity,0,0.1,0.233436,0,0.1,0,0,0.1,0.101654,0,0.1,0.146081,0,0.1,0.230823,0,0.1,0.153118,0,0.1,0.166779,0,0.1,0.172401,0,0.1,0.077866,0,0.1,0
-2,2.5,4.83053,-2.99573,0.00236407,0.00236407,0.00236407,0.128216,False,tv,sound_similarity,0,0.1,0.233436,0,0.1,0,0,0.1,0.101654,0,0.1,0.146081,0,0.1,0.230823,0,0.1,0.153118,0,0.1,0.166779,0,0.1,0.172401,0,0.1,0.077866,0,0.1,0
-0.5,3.25,3.47867,-2.9957,0.00236407,0.00236407,0.00236407,0.128216,False,tv,sound_similarity,0,0.1,0.233436,0,0.1,0,0,0.1,0.101654,0,0.1,0.146081,0,0.1,0.230823,0,0.1,0.153118,0,0.1,0.166779,0,0.1,0.172401,0,0.1,0.077866,0,0.1,0
-2.25,2.5,4.97301,-2.99573,0.00236407,0.00236407,0.00236407,0.128216,False,tv,sound_similarity,0,0.1,0.233436,0,0.1,0,0,0.1,0.101654,0,0.1,0.146081,0,0.1,0.230823,0,0.1,0.153118,0,0.1,0.166779,0,0.1,0.172401,0,0.1,0.077866,0,0.1,0
-0.75,2,4.74361,-2.99566,0.00236407,0.00236407,0.00236407,0.128216,False,tv,sound_similarity,0,0.1,0.233436,0,0.1,0,0,0.1,0.101654,0,0.1,0.146081,0,0.1,0.230823,0,0.1,0.153118,0,0.1,0.166779,0,0.1,0.172401,0,0.1,0.077866,0,0.1,0
-1,2,4.82427,-2.99571,0.00236407,0.00236407,0.00236407,0.128216,False,tv,sound_similarity,0,0.1,0.233436,0,0.1,0,0,0.1,0.101654,0,0.1,0.146081,0,0.1,0.230823,0,0.1,0.153118,0,0.1,0.166779,0,0.1,0.172401,0,0.1,0.077866,0,0.1,0
-1.25,2,4.91633,-2.99573,0.00236407,0.00236407,0.00236407,0.128216,False,tv,sound_similarity,0,0.1,0.233436,0,0.1,0,0,0.1,0.101654,0,0.1,0.146081,0,0.1,0.230823,0,0.1,0.153118,0,0.1,0.166779,0,0.1,0.172401,0,0.1,0.077866,0,0.1,0
-1.5,2,5.01917,-2.99573,0.00236407,0.00236407,0.00236407,0.128216,False,tv,sound_similarity,0,0.1,0.233436,0,0.1,0,0,0.1,0.101654,0,0.1,0.146081,0,0.1,0.230823,0,0.1,0.153118,0,0.1,0.166779,0,0.1,0.172401,0,0.1,0.077866,0,0.1,0
-1.75,2,5.13214,-2.99573,0.00236407,0.00236407,0.00236407,0.128216,False,tv,sound_similarity,0,0.1,0.233436,0,0.1,0,0,0.1,0.101654,0,0.1,0.146081,0,0.1,0.230823,0,0.1,0.153118,0,0.1,0.166779,0,0.1,0.172401,0,0.1,0.077866,0,0.1,0
-2,2,5.25458,-2.99573,0.00236407,0.00236407,0.00236407,0.128216,False,tv,sound_similarity,0,0.1,0.233436,0,0.1,0,0,0.1,0.101654,0,0.1,0.146081,0,0.1,0.230823,0,0.1,0.153118,0,0.1,0.166779,0,0.1,0.172401,0,0.1,0.077866,0,0.1,0
-2.25,2,5.38585,-2.99573,0.00236407,0.00236407,0.00236407,0.128216,False,tv,sound_similarity,0,0.1,0.233436,0,0.1,0,0,0.1,0.101654,0,0.1,0.146081,0,0.1,0.230823,0,0.1,0.153118,0,0.1,0.166779,0,0.1,0.172401,0,0.1,0.077866,0,0.1,0
2,1.75,4.95865,-1.97412,0.00236407,0.00236407,0.00236407,0.128216,False,tv,sound_similarity,0,0.1,0.233436,0,0.1,0,0,0.1,0.101654,0,0.1,0.146081,0,0.1,0.230823,0,0.1,0.153118,0,0.1,0.166779,0,0.1,0.172401,0,0.1,0.077866,0,0.1,0
1.75,1.75,4.89744,-2.30551,0.00236407,0.00236407,0.00236407,0.128216,False,tv,sound_similarity,0,0.1,0.233436,0,0.1,0,0,0.1,0.101654,0,0.1,0.146081,0,0.1,0.230823,0,0.1,0.153118,0,0.1,0.166779,0,0.1,0.172401,0,0.1,0.077866,0,0.1,0
1.5,1.75,4.84837,-2.57979,0.00236407,0.00236407,0.00236407,0.128216,False,tv,sound_similarity,0,0.1,0.233436,0,0.1,0,0,0.1,0.101654,0,0.1,0.146081,0,0.1,0.230823,0,0.1,0.153118,0,0.1,0.166779,0,0.1,0.172401,0,0.1,0.077866,0,0.1,0
1.25,1.75,4.8118,-2.7738,0.00236407,0.00236407,0.00236407,0.128216,False,tv,sound_similarity,0,0.1,0.233436,0,0.1,0,0,0.1,0.101654,0,0.1,0.146081,0,0.1,0.230823,0,0.1,0.153118,0,0.1,0.166779,0,0.1,0.172401,0,0.1,0.077866,0,0.1,0
1,1.75,4.78803,-2.89007,0.00236407,0.00236407,0.00236407,0.128216,False,tv,sound_similarity,0,0.1,0.233436,0,0.1,0,0,0.1,0.101654,0,0.1,0.146081,0,0.1,0.230823,0,0.1,0.153118,0,0.1,0.166779,0,0.1,0.172401,0,0.1,0.077866,0,0.1,0
0.75,1.75,4.77724,-2.95004,0.00236407,0.00236407,0.00236407,0.128216,False,tv,sound_similarity,0,0.1,0.233436,0,0.1,0,0,0.1,0.101654,0,0.1,0.146081,0,0.1,0.230823,0,0.1,0.153118,0,0.1,0.166779,0,0.1,0.172401,0,0.1,0.077866,0,0.1,0
0.5,1.75,4.77951,-2.97745,0.00236407,0.00236407,0.00236407,0.128216,False,tv,sound_similarity,0,0.1,0.233436,0,0.1,0,0,0.1,0.101654,0,0.1,0.146081,0,0.1,0.230823,0,0.1,0.153118,0,0.1,0.166779,0,0.1,0.172401,0,0.1,0.077866,0,0.1,0
0.25,1.75,4.79484,-2.98885,0.00236407,0.00236407,0.00236407,0.128216,False,tv,sound_similarity,0,0.1,0.233436,0,0.1,0,0,0.1,0.101654,0,0.1,0.146081,0,0.1,0.230823,0,0.1,0.153118,0,0.1,0.166779,0,0.1,0.172401,0,0.1,0.077866,0,0.1,0
0,1.75,4.8231,-2.99326,0.00236407,0.00236407,0.00236407,0.128216,False,tv,sound_similarity,0,0.1,0.233436,0,0.1,0,0,0.1,0.101654,0,0.1,0.146081,0,0.1,0.230823,0,0.1,0.153118,0,0.1,0.166779,0,0.1,0.172401,0,0.1,0.077866,0,0.1,0
-0.25,1.75,4.86406,-2.99488,0.00236407,0.00236407,0.00236407,0.128216,False,tv,sound_similarity,0,0.1,0.233436,0,0.1,0,0,0.1,0.101654,0,0.1,0.146081,0,0.1,0.230823,0,0.1,0.153118,0,0.1,0.166779,0,0.1,0.172401,0,0.1,0.077866,0,0.1,0
-0.5,1.75,4.9174,-2.99544,0.00236407,0.00236407,0.00236407,0.128216,False,tv,sound_similarity,0,0.1,0.233436,0,0.1,0,0,0.1,0.101654,0,0.1,0.146081,0,0.1,0.230823,0,0.1,0.153118,0,0.1,0.166779,0,0.1,0.172401,0,0.1,0.077866,0,0.1,0
-0.75,1.75,4.98273,-2.99564,0.00236407,0.00236407,0.00236407,0.128216,False,tv,sound_similarity,0,0.1,0.233436,0,0.1,0,0,0.1,0.101654,0,0.1,0.146081,0,0.1,0.230823,0,0.1,0.153118,0,0.1,0.166779,0,0.1,0.172401,0,0.1,0.077866,0,0.1,0
-1,1.75,5.05958,-2.9957,0.00236407,0.00236407,0.00236407,0.128216,False,tv,sound_similarity,0,0.1,0.233436,0,0.1,0,0,0.1,0.101654,0,0.1,0.146081,0,0.1,0.230823,0,0.1,0.153118,0,0.1,0.166779,0,0.1,0.172401,0,0.1,0.077866,0,0.1,0
-1.25,1.75,5.14743,-2.99572,0.00236407,0.00236407,0.00236407,0.128216,False,tv,sound_similarity,0,0.1,0.233436,0,0.1,0,0,0.1,0.101654,0,0.1,0.146081,0,0.1,0.230823,0,0.1,0.153118,0,0.1,0.166779,0,0.1,0.172401,0,0.1,0.077866,0,0.1,0
-1.5,1.75,5.24575,-2.99573,0.00236407,0.00236407,0.00236407,0.128216,False,tv,sound_similarity,0,0.1,0.233436,0,0.1,0,0,0.1,0.101654,0,0.1,0.146081,0,0.1,0.230823,0,0.1,0.153118,0,0.1,0.166779,0,0.1,0.172401,0,0.1,0.077866,0,0.1,0
-1.75,1.75,5.35393,-2.99573,0.00236407,0.00236407,0.00236407,0.128216,False,tv,sound_similarity,0,0.1,0.233436,0,0.1,0,0,0.1,0.101654,0,0.1,0.146081,0,0.1,0.230823,0,0.1,0.153118,0,0.1,0.166779,0,0.1,0.172401,0,0.1,0.077866,0,0.1,0
-0.5,2,4.67494,-2.99551,0.00236407,0.00236407,0.00236407,0.128216,False,tv,sound_similarity,0,0.1,0.233436,0,0.1,0,0,0.1,0.101654,0,0.1,0.146081,0,0.1,0.230823,0,0.1,0.153118,0,0.1,0.166779,0,0.1,0.172401,0,0.1,0.077866,0,0.1,0
-0.25,2,4.61879,-2.99504,0.00236407,0.00236407,0.00236407,0.128216,False,tv,sound_similarity,0,0.1,0.233436,0,0.1,0,0,0.1,0.101654,0,0.1,0.146081,0,0.1,0.230823,0,0.1,0.153118,0,0.1,0.166779,0,0.1,0.172401,0,0.1,0.077866,0,0.1,0
0.75,2,4.52727,-2.94931,0.00236407,0.00236407,0.00236407,0.128216,False,tv,sound_similarity,0,0.1,0.233436,0,0.1,0,0,0.1,0.101654,0,0.1,0.146081,0,0.1,0.230823,0,0.1,0.153118,0,0.1,0.166779,0,0.1,0.172401,0,0.1,0.077866,0,0.1,0
-0.5,2.25,4.43331,-2.99557,0.00236407,0.00236407,0.00236407,0.128216,False,tv,sound_similarity,0,0.1,0.233436,0,0.1,0,0,0.1,0.101654,0,0.1,0.146081,0,0.1,0.230823,0,0.1,0.153118,0,0.1,0.166779,0,0.1,0.172401,0,0.1,0.077866,0,0.1,0
2,2.25,4.47902,-1.75488,0.00236407,0.00236407,0.00236407,0.128216,False,tv,sound_similarity,0,0.1,0.233436,0,0.1,0,0,0.1,0.101654,0,0.1,0.146081,0,0.1,0.230823,0,0.1,0.153118,0,0.1,0.166779,0,0.1,0.172401,0,0.1,0.077866,0,0.1,0
1.75,2.25,4.41117,-2.14284,0.00236407,0.00236407,0.00236407,0.128216,False,tv,sound_similarity,0,0.1,0.233436,0,0.1,0,0,0.1,0.101654,0,0.1,0.146081,0,0.1,0.230823,0,0.1,0.153118,0,0.1,0.166779,0,0.1,0.172401,0,0.1,0.077866,0,0.1,0
1.5,2.25,4.35662,-2.48191,0.00236407,0.00236407,0.00236407,0.128216,False,tv,sound_similarity,0,0.1,0.233436,0,0.1,0,0,0.1,0.101654,0,0.1,0.146081,0,0.1,0.230823,0,0.1,0.153118,0,0.1,0.166779,0,0.1,0.172401,0,0.1,0.077866,0,0.1,0
1.25,2.25,4.31589,-2.72932,0.00236407,0.00236407,0.00236407,0.128216,False,tv,sound_similarity,0,0.1,0.233436,0,0.1,0,0,0.1,0.101654,0,0.1,0.146081,0,0.1,0.230823,0,0.1,0.153118,0,0.1,0.166779,0,0.1,0.172401,0,0.1,0.077866,0,0.1,0
1,2.25,4.28937,-2.87637,0.00236407,0.00236407,0.00236407,0.128216,False,tv,sound_similarity,0,0.1,0.233436,0,0.1,0,0,0.1,0.101654,0,0.1,0.146081,0,0.1,0.230823,0,0.1,0.153118,0,0.1,0.166779,0,0.1,0.172401,0,0.1,0.077866,0,0.1,0
0.75,2.25,4.27732,-2.94849,0.00236407,0.00236407,0.00236407,0.128216,False,tv,sound_similarity,0,0.1,0.233436,0,0.1,0,0,0.1,0.101654,0,0.1,0.146081,0,0.1,0.230823,0,0.1,0.153118,0,0.1,0.166779,0,0.1,0.172401,0,0.1,0.077866,0,0.1,0
0.5,2.25,4.27986,-2.97877,0.00236407,0.00236407,0.00236407,0.128216,False,tv,sound_similarity,0,0.1,0.233436,0,0.1,0,0,0.1,0.101654,0,0.1,0.146081,0,0.1,0.230823,0,0.1,0.153118,0,0.1,0.166779,0,0.1,0.172401,0,0.1,0.077866,0,0.1,0
0.25,2.25,4.29697,-2.99008,0.00236407,0.00236407,0.00236407,0.128216,False,tv,sound_similarity,0,0.1,0.233436,0,0.1,0,0,0.1,0.101654,0,0.1,0.146081,0,0.1,0.230823,0,0.1,0.153118,0,0.1,0.166779,0,0.1,0.172401,0,0.1,0.077866,0,0.1,0
0,2.25,4.32848,-2.99395,0.00236407,0.00236407,0.00236407,0.128216,False,tv,sound_similarity,0,0.1,0.233436,0,0.1,0,0,0.1,0.101654,0,0.1,0.146081,0,0.1,0.230823,0,0.1,0.153118,0,0.1,0.166779,0,0.1,0.172401,0,0.1,0.077866,0,0.1,0
-0.25,2.25,4.37407,-2.99519,0.00236407,0.00236407,0.00236407,0.128216,False,tv,sound_similarity,0,0.1,0.233436,0,0.1,0,0,0.1,0.101654,0,0.1,0.146081,0,0.1,0.230823,0,0.1,0.153118,0,0.1,0.166779,0,0.1,0.172401,0,0.1,0.077866,0,0.1,0
-0.75,2.25,4.50567,-2.99569,0.00236407,0.00236407,0.00236407,0.128216,False,tv,sound_similarity,0,0.1,0.233436,0,0.1,0,0,0.1,0.101654,0,0.1,0.146081,0,0.1,0.230823,0,0.1,0.153118,0,0.1,0.166779,0,0.1,0.172401,0,0.1,0.077866,0,0.1,0
1,2,4.53866,-2.88377,0.00236407,0.00236407,0.00236407,0.128216,False,tv,sound_similarity,0,0.1,0.233436,0,0.1,0,0,0.1,0.101654,0,0.1,0.146081,0,0.1,0.230823,0,0.1,0.153118,0,0.1,0.166779,0,0.1,0.172401,0,0.1,0.077866,0,0.1,0
-1,2.25,4.59051,-2.99572,0.00236407,0.00236407,0.00236407,0.128216,False,tv,sound_similarity,0,0.1,0.233436,0,0.1,0,0,0.1,0.101654,0,0.1,0.146081,0,0.1,0.230823,0,0.1,0.153118,0,0.1,0.166779,0,0.1,0.172401,0,0.1,0.077866,0,0.1,0
-1.25,2.25,4.68717,-2.99573,0.00236407,0.00236407,0.00236407,0.128216,False,tv,sound_similarity,0,0.1,0.233436,0,0.1,0,0,0.1,0.101654,0,0.1,0.146081,0,0.1,0.230823,0,0.1,0.153118,0,0.1,0.166779,0,0.1,0.172401,0,0.1,0.077866,0,0.1,0
-1.5,2.25,4.79493,-2.99573,0.00236407,0.00236407,0.00236407,0.128216,False,tv,sound_similarity,0,0.1,0.233436,0,0.1,0,0,0.1,0.101654,0,0.1,0.146081,0,0.1,0.230823,0,0.1,0.153118,0,0.1,0.166779,0,0.1,0.172401,0,0.1,0.077866,0,0.1,0
-1.75,2.25,4.91305,-2.99573,0.00236407,0.00236407,0.00236407,0.128216,False,tv,sound_similarity,0,0.1,0.233436,0,0.1,0,0,0.1,0.101654,0,0.1,0.146081,0,0.1,0.230823,0,0.1,0.153118,0,0.1,0.166779,0,0.1,0.172401,0,0.1,0.077866,0,0.1,0
-2,2.25,5.04082,-2.99573,0.00236407,0.00236407,0.00236407,0.128216,False,tv,sound_similarity,0,0.1,0.233436,0,0.1,0,0,0.1,0.101654,0,0.1,0.146081,0,0.1,0.230823,0,0.1,0.153118,0,0.1,0.166779,0,0.1,0.172401,0,0.1,0.077866,0,0.1,0
-2.25,2.25,5.17751,-2.99573,0.00236407,0.00236407,0.00236407,0.128216,False,tv,sound_similarity,0,0.1,0.233436,0,0.1,0,0,0.1,0.101654,0,0.1,0.146081,0,0.1,0.230823,0,0.1,0.153118,0,0.1,0.166779,0,0.1,0.172401,0,0.1,0.077866,0,0.1,0
2,2,4.7183,-1.87101,0.00236407,0.00236407,0.00236407,0.128216,False,tv,sound_similarity,0,0.1,0.233436,0,0.1,0,0,0.1,0.101654,0,0.1,0.146081,0,0.1,0.230823,0,0.1,0.153118,0,0.1,0.166779,0,0.1,0.172401,0,0.1,0.077866,0,0.1,0
1.75,2,4.65394,-2.23024,0.00236407,0.00236407,0.00236407,0.128216,False,tv,sound_similarity,0,0.1,0.233436,0,0.1,0,0,0.1,0.101654,0,0.1,0.146081,0,0.1,0.230823,0,0.1,0.153118,0,0.1,0.166779,0,0.1,0.172401,0,0.1,0.077866,0,0.1,0
1.5,2,4.60227,-2.53506,0.00236407,0.00236407,0.00236407,0.128216,False,tv,sound_similarity,0,0.1,0.233436,0,0.1,0,0,0.1,0.101654,0,0.1,0.146081,0,0.1,0.230823,0,0.1,0.153118,0,0.1,0.166779,0,0.1,0.172401,0,0.1,0.077866,0,0.1,0
1.25,2,4.56374,-2.75354,0.00236407,0.00236407,0.00236407,0.128216,False,tv,sound_similarity,0,0.1,0.233436,0,0.1,0,0,0.1,0.101654,0,0.1,0.146081,0,0.1,0.230823,0,0.1,0.153118,0,0.1,0.166779,0,0.1,0.172401,0,0.1,0.077866,0,0.1,0
-0.75,3.25,3.57043,-2.99573,0.00236407,0.00236407,0.00236407,0.128216,False,tv,sound_similarity,0,0.1,0.233436,0,0.1,0,0,0.1,0.101654,0,0.1,0.146081,0,0.1,0.230823,0,0.1,0.153118,0,0.1,0.166779,0,0.1,0.172401,0,0.1,0.077866,0,0.1,0
-0.25,3.25,3.40285,-2.9956,0.00236407,0.00236407,0.00236407,0.128216,False,tv,sound_similarity,0,0.1,0.233436,0,0.1,0,0,0.1,0.101654,0,0.1,0.146081,0,0.1,0.230823,0,0.1,0.153118,0,0.1,0.166779,0,0.1,0.172401,0,0.1,0.077866,0,0.1,0
0,4.75,1.89816,-2.99571,0.00236407,0.00236407,0.00236407,0.128216,False,tv,sound_similarity,0,0.1,0.233436,0,0.1,0,0,0.1,0.101654,0,0.1,0.146081,0,0.1,0.230823,0,0.1,0.153118,0,0.1,0.166779,0,0.1,0.172401,0,0.1,0.077866,0,0.1,0
0,4,2.61349,-2.99554,0.00236407,0.00236407,0.00236407,0.128216,False,tv,sound_similarity,0,0.1,0.233436,0,0.1,0,0,0.1,0.101654,0,0.1,0.146081,0,0.1,0.230823,0,0.1,0.153118,0,0.1,0.166779,0,0.1,0.172401,0,0.1,0.077866,0,0.1,0
1.5,4.25,2.42363,-1.39612,0.00236407,0.00236407,0.00236407,0.128216,False,tv,sound_similarity,0,0.1,0.233436,0,0.1,0,0,0.1,0.101654,0,0.1,0.146081,0,0.1,0.230823,0,0.1,0.153118,0,0.1,0.166779,0,0.1,0.172401,0,0.1,0.077866,0,0.1,0
1.25,4.25,2.34963,-2.12666,0.00236407,0.00236407,0.00236407,0.128216,False,tv,sound_similarity,0,0.1,0.233436,0,0.1,0,0,0.1,0.101654,0,0.1,0.146081,0,0.1,0.230823,0,0.1,0.153118,0,0.1,0.166779,0,0.1,0.172401,0,0.1,0.077866,0,0.1,0
1,4.25,2.30055,-2.69573,0.00236407,0.00236407,0.00236407,0.128216,False,tv,sound_similarity,0,0.1,0.233436,0,0.1,0,0,0.1,0.101654,0,0.1,0.146081,0,0.1,0.230823,0,0.1,0.153118,0,0.1,0.166779,0,0.1,0.172401,0,0.1,0.077866,0,0.1,0
0.75,4.25,2.278,-2.93344,0.00236407,0.00236407,0.00236407,0.128216,False,tv,sound_similarity,0,0.1,0.233436,0,0.1,0,0,0.1,0.101654,0,0.1,0.146081,0,0.1,0.230823,0,0.1,0.153118,0,0.1,0.166779,0,0.1,0.172401,0,0.1,0.077866,0,0.1,0
0.5,4.25,2.28277,-2.98681,0.00236407,0.00236407,0.00236407,0.128216,False,tv,sound_similarity,0,0.1,0.233436,0,0.1,0,0,0.1,0.101654,0,0.1,0.146081,0,0.1,0.230823,0,0.1,0.153118,0,0.1,0.166779,0,0.1,0.172401,0,0.1,0.077866,0,0.1,0
0.25,4.25,2.31469,-2.99471,0.00236407,0.00236407,0.00236407,0.128216,False,tv,sound_similarity,0,0.1,0.233436,0,0.1,0,0,0.1,0.101654,0,0.1,0.146081,0,0.1,0.230823,0,0.1,0.153118,0,0.1,0.166779,0,0.1,0.172401,0,0.1,0.077866,0,0.1,0
0,4.25,2.37267,-2.99563,0.00236407,0.00236407,0.00236407,0.128216,False,tv,sound_similarity,0,0.1,0.233436,0,0.1,0,0,0.1,0.101654,0,0.1,0.146081,0,0.1,0.230823,0,0.1,0.153118,0,0.1,0.166779,0,0.1,0.172401,0,0.1,0.077866,0,0.1,0
-0.25,4.25,2.45486,-2.99572,0.00236407,0.00236407,0.00236407,0.128216,False,tv,sound_similarity,0,0.1,0.233436,0,0.1,0,0,0.1,0.101654,0,0.1,0.146081,0,0.1,0.230823,0,0.1,0.153118,0,0.1,0.166779,0,0.1,0.172401,0,0.1,0.077866,0,0.1,0
-0.5,4.25,2.55892,-2.99573,0.00236407,0.00236407,0.00236407,0.128216,False,tv,sound_similarity,0,0.1,0.233436,0,0.1,0,0,0.1,0.101654,0,0.1,0.146081,0,0.1,0.230823,0,0.1,0.153118,0,0.1,0.166779,0,0.1,0.172401,0,0.1,0.077866,0,0.1,0
-0.75,4.25,2.68232,-2.99573,0.00236407,0.00236407,0.00236407,0.128216,False,tv,sound_similarity,0,0.1,0.233436,0,0.1,0,0,0.1,0.101654,0,0.1,0.146081,0,0.1,0.230823,0,0.1,0.153118,0,0.1,0.166779,0,0.1,0.172401,0,0.1,0.077866,0,0.1,0
-1,4.25,2.82252,-2.99573,0.00236407,0.00236407,0.00236407,0.128216,False,tv,sound_similarity,0,0.1,0.233436,0,0.1,0,0,0.1,0.101654,0,0.1,0.146081,0,0.1,0.230823,0,0.1,0.153118,0,0.1,0.166779,0,0.1,0.172401,0,0.1,0.077866,0,0.1,0
-1.25,4.25,2.97714,-2.99573,0.00236407,0.00236407,0.00236407,0.128216,False,tv,sound_similarity,0,0.1,0.233436,0,0.1,0,0,0.1,0.101654,0,0.1,0.146081,0,0.1,0.230823,0,0.1,0.153118,0,0.1,0.166779,0,0.1,0.172401,0,0.1,0.077866,0,0.1,0
-1.5,4.25,3.14406,-2.99573,0.00236407,0.00236407,0.00236407,0.128216,False,tv,sound_similarity,0,0.1,0.233436,0,0.1,0,0,0.1,0.101654,0,0.1,0.146081,0,0.1,0.230823,0,0.1,0.153118,0,0.1,0.166779,0,0.1,0.172401,0,0.1,0.077866,0,0.1,0
-1.75,4.25,3.32143,-2.99573,0.00236407,0.00236407,0.00236407,0.128216,False,tv,sound_similarity,0,0.1,0.233436,0,0.1,0,0,0.1,0.101654,0,0.1,0.146081,0,0.1,0.230823,0,0.1,0.153118,0,0.1,0.166779,0,0.1,0.172401,0,0.1,0.077866,0,0.1,0
-2,4.25,3.50766,-2.99573,0.00236407,0.00236407,0.00236407,0.128216,False,tv,sound_similarity,0,0.1,0.233436,0,0.1,0,0,0.1,0.101654,0,0.1,0.146081,0,0.1,0.230823,0,0.1,0.153118,0,0.1,0.166779,0,0.1,0.172401,0,0.1,0.077866,0,0.1,0
-2.25,4.25,3.70141,-2.99573,0.00236407,0.00236407,0.00236407,0.128216,False,tv,sound_similarity,0,0.1,0.233436,0,0.1,0,0,0.1,0.101654,0,0.1,0.146081,0,0.1,0.230823,0,0.1,0.153118,0,0.1,0.166779,0,0.1,0.172401,0,0.1,0.077866,0,0.1,0
2,4,2.85591,-0.534554,0.00236407,0.00236407,0.00236407,0.128216,False,tv,sound_similarity,0,0.1,0.233436,0,0.1,0,0,0.1,0.101654,0,0.1,0.146081,0,0.1,0.230823,0,0.1,0.153118,0,0.1,0.166779,0,0.1,0.172401,0,0.1,0.077866,0,0.1,0
1.75,4,2.74827,-1.0137,0.00236407,0.00236407,0.00236407,0.128216,False,tv,sound_similarity,0,0.1,0.233436,0,0.1,0,0,0.1,0.101654,0,0.1,0.146081,0,0.1,0.230823,0,0.1,0.153118,0,0.1,0.166779,0,0.1,0.172401,0,0.1,0.077866,0,0.1,0
1.5,4,2.65984,-1.63509,0.00236407,0.00236407,0.00236407,0.128216,False,tv,sound_similarity,0,0.1,0.233436,0,0.1,0,0,0.1,0.101654,0,0.1,0.146081,0,0.1,0.230823,0,0.1,0.153118,0,0.1,0.166779,0,0.1,0.172401,0,0.1,0.077866,0,0.1,0
1.25,4,2.59259,-2.28336,0.00236407,0.00236407,0.00236407,0.128216,False,tv,sound_similarity,0,0.1,0.233436,0,0.1,0,0,0.1,0.101654,0,0.1,0.146081,0,0.1,0.230823,0,0.1,0.153118,0,0.1,0.166779,0,0.1,0.172401,0,0.1,0.077866,0,0.1,0
1,4,2.54819,-2.7449,0.00236407,0.00236407,0.00236407,0.128216,False,tv,sound_similarity,0,0.1,0.233436,0,0.1,0,0,0.1,0.101654,0,0.1,0.146081,0,0.1,0.230823,0,0.1,0.153118,0,0.1,0.166779,0,0.1,0.172401,0,0.1,0.077866,0,0.1,0
0.75,4,2.52785,-2.93694,0.00236407,0.00236407,0.00236407,0.128216,False,tv,sound_similarity,0,0.1,0.233436,0,0.1,0,0,0.1,0.101654,0,0.1,0.146081,0,0.1,0.230823,0,0.1,0.153118,0,0.1,0.166779,0,0.1,0.172401,0,0.1,0.077866,0,0.1,0
0.5,4,2.53216,-2.98549,0.00236407,0.00236407,0.00236407,0.128216,False,tv,sound_similarity,0,0.1,0.233436,0,0.1,0,0,0.1,0.101654,0,0.1,0.146081,0,0.1,0.230823,0,0.1,0.153118,0,0.1,0.166779,0,0.1,0.172401,0,0.1,0.077866,0,0.1,0
2,4.25,2.63732,-0.33072,0.00236407,0.00236407,0.00236407,0.128216,False,tv,sound_similarity,0,0.1,0.233436,0,0.1,0,0,0.1,0.101654,0,0.1,0.146081,0,0.1,0.230823,0,0.1,0.153118,0,0.1,0.166779,0,0.1,0.172401,0,0.1,0.077866,0,0.1,0
-2.25,4.5,3.55312,-2.99573,0.00236407,0.00236407,0.00236407,0.0854772,True,empty floor,sound_similarity,0,0.0666667,0.233436,0,0.0666667,0,0,0.0666667,0.101654,0,0.0666667,0.146081,0,0.0666667,0.230823,0,0.0666667,0.153118,0,0.0666667,0.166779,0,0.0666667,0.172401,0,0.0666667,0.077866,0.5,0.4,0
-2,4.5,3.35081,-2.99573,0.00236407,0.00236407,0.00236407,0.128216,False,tv,sound_similarity,0,0.1,0.233436,0,0.1,0,0,0.1,0.101654,0,0.1,0.146081,0,0.1,0.230823,0,0.1,0.153118,0,0.1,0.166779,0,0.1,0.172401,0,0.1,0.077866,0,0.1,0
1.5,4.5,2.19048,-1.11641,0.00236407,0.00236407,0.00236407,0.128216,False,tv,sound_similarity,0,0.1,0.233436,0,0.1,0,0,0.1,0.101654,0,0.1,0.146081,0,0.1,0.230823,0,0.1,0.153118,0,0.1,0.166779,0,0.1,0.172401,0,0.1,0.077866,0,0.1,0
-0.25,4.75,1.99995,-2.99573,0.00236407,0.00236407,0.00236407,0.128216,False,tv,sound_similarity,0,0.1,0.233436,0,0.1,0,0,0.1,0.101654,0,0.1,0.146081,0,0.1,0.230823,0,0.1,0.153118,0,0.1,0.166779,0,0.1,0.172401,0,0.1,0.077866,0,0.1,0
-0.5,4.75,2.12639,-2.99573,0.00236407,0.00236407,0.00236407,0.128216,False,tv,sound_similarity,0,0.1,0.233436,0,0.1,0,0,0.1,0.101654,0,0.1,0.146081,0,0.1,0.230823,0,0.1,0.153118,0,0.1,0.166779,0,0.1,0.172401,0,0.1,0.077866,0,0.1,0
-0.75,4.75,2.27339,-2.99573,0.00236407,0.00236407,0.00236407,0.128216,False,tv,sound_similarity,0,0.1,0.233436,0,0.1,0,0,0.1,0.101654,0,0.1,0.146081,0,0.1,0.230823,0,0.1,0.153118,0,0.1,0.166779,0,0.1,0.172401,0,0.1,0.077866,0,0.1,0
-1,4.75,2.43723,-2.99573,0.00236407,0.00236407,0.00236407,0.128216,False,tv,sound_similarity,0,0.1,0.233436,0,0.1,0,0,0.1,0.101654,0,0.1,0.146081,0,0.1,0.230823,0,0.1,0.153118,0,0.1,0.166779,0,0.1,0.172401,0,0.1,0.077866,0,0.1,0
-1.25,4.75,2.61473,-2.99573,0.00236407,0.00236407,0.00236407,0.128216,False,tv,sound_similarity,0,0.1,0.233436,0,0.1,0,0,0.1,0.101654,0,0.1,0.146081,0,0.1,0.230823,0,0.1,0.153118,0,0.1,0.166779,0,0.1,0.172401,0,0.1,0.077866,0,0.1,0
-1.5,4.75,2.80332,-2.99573,0.00236407,0.00236407,0.00236407,0.128216,False,tv,sound_similarity,0,0.1,0.233436,0,0.1,0,0,0.1,0.101654,0,0.1,0.146081,0,0.1,0.230823,0,0.1,0.153118,0,0.1,0.166779,0,0.1,0.172401,0,0.1,0.077866,0,0.1,0
-1.75,4.75,3.00089,-2.99573,0.00236407,0.00236407,0.00236407,0.0854772,True,empty floor,sound_similarity,0,0.0666667,0.233436,0,0.0666667,0,0,0.0666667,0.101654,0,0.0666667,0.146081,0,0.0666667,0.230823,0,0.0666667,0.153118,0,0.0666667,0.166779,0,0.0666667,0.172401,0,0.0666667,0.077866,0.5,0.4,0
-2,4.75,3.2058,-2.99573,0.00236407,0.00236407,0.00236407,0.0854772,True,empty floor,sound_similarity,0,0.0666667,0.233436,0,0.0666667,0,0,0.0666667,0.101654,0,0.0666667,0.146081,0,0.0666667,0.230823,0,0.0666667,0.153118,0,0.0666667,0.166779,0,0.0666667,0.172401,0,0.0666667,0.077866,0.5,0.4,0
-2.25,4.75,3.41671,-2.99573,0.00236407,0.00236407,0.00236407,0.0854772,True,empty floor,sound_similarity,0,0.0666667,0.233436,0,0.0666667,0,0,0.0666667,0.101654,0,0.0666667,0.146081,0,0.0666667,0.230823,0,0.0666667,0.153118,0,0.0666667,0.166779,0,0.0666667,0.172401,0,0.0666667,0.077866,0.5,0.4,0
2,4.5,2.42481,-0.151182,0.00236407,0.00236407,0.00236407,0.128216,False,tv,sound_similarity,0,0.1,0.233436,0,0.1,0,0,0.1,0.101654,0,0.1,0.146081,0,0.1,0.230823,0,0.1,0.153118,0,0.1,0.166779,0,0.1,0.172401,0,0.1,0.077866,0,0.1,0
1.25,4.5,2.10831,-1.91952,0.00236407,0.00236407,0.00236407,0.128216,False,tv,sound_similarity,0,0.1,0.233436,0,0.1,0,0,0.1,0.101654,0,0.1,0.146081,0,0.1,0.230823,0,0.1,0.153118,0,0.1,0.166779,0,0.1,0.172401,0,0.1,0.077866,0,0.1,0
-1.75,4.5,3.15533,-2.99573,0.00236407,0.00236407,0.00236407,0.128216,False,tv,sound_similarity,0,0.1,0.233436,0,0.1,0,0,0.1,0.101654,0,0.1,0.146081,0,0.1,0.230823,0,0.1,0.153118,0,0.1,0.166779,0,0.1,0.172401,0,0.1,0.077866,0,0.1,0
1,4.5,2.05347,-2.62549,0.00236407,0.00236407,0.00236407,0.128216,False,tv,sound_similarity,0,0.1,0.233436,0,0.1,0,0,0.1,0.101654,0,0.1,0.146081,0,0.1,0.230823,0,0.1,0.153118,0,0.1,0.166779,0,0.1,0.172401,0,0.1,0.077866,0,0.1,0
0.5,4.5,2.03354,-2.98823,0.00236407,0.00236407,0.00236407,0.128216,False,tv,sound_similarity,0,0.1,0.233436,0,0.1,0,0,0.1,0.101654,0,0.1,0.146081,0,0.1,0.230823,0,0.1,0.153118,0,0.1,0.166779,0,0.1,0.172401,0,0.1,0.077866,0,0.1,0
0.25,4.5,2.06931,-2.99509,0.00236407,0.00236407,0.00236407,0.128216,False,tv,sound_similarity,0,0.1,0.233436,0,0.1,0,0,0.1,0.101654,0,0.1,0.146081,0,0.1,0.230823,0,0.1,0.153118,0,0.1,0.166779,0,0.1,0.172401,0,0.1,0.077866,0,0.1,0
0,4.5,2.13396,-2.99568,0.00236407,0.00236407,0.00236407,0.128216,False,tv,sound_similarity,0,0.1,0.233436,0,0.1,0,0,0.1,0.101654,0,0.1,0.146081,0,0.1,0.230823,0,0.1,0.153118,0,0.1,0.166779,0,0.1,0.172401,0,0.1,0.077866,0,0.1,0
-0.25,4.5,2.22498,-2.99573,0.00236407,0.00236407,0.00236407,0.128216,False,tv,sound_similarity,0,0.1,0.233436,0,0.1,0,0,0.1,0.101654,0,0.1,0.146081,0,0.1,0.230823,0,0.1,0.153118,0,0.1,0.166779,0,0.1,0.172401,0,0.1,0.077866,0,0.1,0
-0.5,4.5,2.3393,-2.99573,0.00236407,0.00236407,0.00236407,0.128216,False,tv,sound_similarity,0,0.1,0.233436,0,0.1,0,0,0.1,0.101654,0,0.1,0.146081,0,0.1,0.230823,0,0.1,0.153118,0,0.1,0.166779,0,0.1,0.172401,0,0.1,0.077866,0,0.1,0
-0.75,4.5,2.47368,-2.99573,0.00236407,0.00236407,0.00236407,0.128216,False,tv,sound_similarity,0,0.1,0.233436,0,0.1,0,0,0.1,0.101654,0,0.1,0.146081,0,0.1,0.230823,0,0.1,0.153118,0,0.1,0.166779,0,0.1,0.172401,0,0.1,0.077866,0,0.1,0
-1,4.5,2.62504,-2.99573,0.00236407,0.00236407,0.00236407,0.128216,False,tv,sound_similarity,0,0.1,0.233436,0,0.1,0,0,0.1,0.101654,0,0.1,0.146081,0,0.1,0.230823,0,0.1,0.153118,0,0.1,0.166779,0,0.1,0.172401,0,0.1,0.077866,0,0.1,0
-1.25,4.5,2.79063,-2.99573,0.00236407,0.00236407,0.00236407,0.128216,False,tv,sound_similarity,0,0.1,0.233436,0,0.1,0,0,0.1,0.101654,0,0.1,0.146081,0,0.1,0.230823,0,0.1,0.153118,0,0.1,0.166779,0,0.1,0.172401,0,0.1,0.077866,0,0.1,0
-1.5,4.5,2.96806,-2.99573,0.00236407,0.00236407,0.00236407,0.128216,False,tv,sound_similarity,0,0.1,0.233436,0,0.1,0,0,0.1,0.101654,0,0.1,0.146081,0,0.1,0.230823,0,0.1,0.153118,0,0.1,0.166779,0,0.1,0.172401,0,0.1,0.077866,0,0.1,0
0.25,4,2.56097,-2.99426,0.00236407,0.00236407,0.00236407,0.128216,False,tv,sound_similarity,0,0.1,0.233436,0,0.1,0,0,0.1,0.101654,0,0.1,0.146081,0,0.1,0.230823,0,0.1,0.153118,0,0.1,0.166779,0,0.1,0.172401,0,0.1,0.077866,0,0.1,0
-0.25,4,2.68833,-2.99571,0.00236407,0.00236407,0.00236407,0.128216,False,tv,sound_similarity,0,0.1,0.233436,0,0.1,0,0,0.1,0.101654,0,0.1,0.146081,0,0.1,0.230823,0,0.1,0.153118,0,0.1,0.166779,0,0.1,0.172401,0,0.1,0.077866,0,0.1,0
0,3.25,3.34405,-2.99506,0.00236407,0.00236407,0.00236407,0.128216,False,tv,sound_similarity,0,0.1,0.233436,0,0.1,0,0,0.1,0.101654,0,0.1,0.146081,0,0.1,0.230823,0,0.1,0.153118,0,0.1,0.166779,0,0.1,0.172401,0,0.1,0.077866,0,0.1,0
-0.5,4,2.78368,-2.99573,0.00236407,0.00236407,0.00236407,0.128216,False,tv,sound_similarity,0,0.1,0.233436,0,0.1,0,0,0.1,0.101654,0,0.1,0.146081,0,0.1,0.230823,0,0.1,0.153118,0,0.1,0.166779,0,0.1,0.172401,0,0.1,0.077866,0,0.1,0
1.25,3.5,3.08189,-2.49357,0.00236407,0.00236407,0.00236407,0.128216,False,tv,sound_similarity,0,0.1,0.233436,0,0.1,0,0,0.1,0.101654,0,0.1,0.146081,0,0.1,0.230823,0,0.1,0.153118,0,0.1,0.166779,0,0.1,0.172401,0,0.1,0.077866,0,0.1,0
1,3.5,3.04464,-2.80728,0.00236407,0.00236407,0.00236407,0.128216,False,tv,sound_similarity,0,0.1,0.233436,0,0.1,0,0,0.1,0.101654,0,0.1,0.146081,0,0.1,0.230823,0,0.1,0.153118,0,0.1,0.166779,0,0.1,0.172401,0,0.1,0.077866,0,0.1,0
0.75,3.5,3.02764,-2.94187,0.00236407,0.00236407,0.00236407,0.128216,False,tv,sound_similarity,0,0.1,0.233436,0,0.1,0,0,0.1,0.101654,0,0.1,0.146081,0,0.1,0.230823,0,0.1,0.153118,0,0.1,0.166779,0,0.1,0.172401,0,0.1,0.077866,0,0.1,0
0.5,3.5,3.03123,-2.98315,0.00236407,0.00236407,0.00236407,0.128216,False,tv,sound_similarity,0,0.1,0.233436,0,0.1,0,0,0.1,0.101654,0,0.1,0.146081,0,0.1,0.230823,0,0.1,0.153118,0,0.1,0.166779,0,0.1,0.172401,0,0.1,0.077866,0,0.1,0
0.25,3.5,3.05534,-2.99318,0.00236407,0.00236407,0.00236407,0.128216,False,tv,sound_similarity,0,0.1,0.233436,0,0.1,0,0,0.1,0.101654,0,0.1,0.146081,0,0.1,0.230823,0,0.1,0.153118,0,0.1,0.166779,0,0.1,0.172401,0,0.1,0.077866,0,0.1,0
0,3.5,3.0995,-2.99526,0.00236407,0.00236407,0.00236407,0.128216,False,tv,sound_similarity,0,0.1,0.233436,0,0.1,0,0,0.1,0.101654,0,0.1,0.146081,0,0.1,0.230823,0,0.1,0.153118,0,0.1,0.166779,0,0.1,0.172401,0,0.1,0.077866,0,0.1,0
-0.25,3.5,3.16285,-2.99565,0.00236407,0.00236407,0.00236407,0.128216,False,tv,sound_similarity,0,0.1,0.233436,0,0.1,0,0,0.1,0.101654,0,0.1,0.146081,0,0.1,0.230823,0,0.1,0.153118,0,0.1,0.166779,0,0.1,0.172401,0,0.1,0.077866,0,0.1,0
-0.5,3.5,3.24429,-2.99572,0.00236407,0.00236407,0.00236407,0.128216,False,tv,sound_similarity,0,0.1,0.233436,0,0.1,0,0,0.1,0.101654,0,0.1,0.146081,0,0.1,0.230823,0,0.1,0.153118,0,0.1,0.166779,0,0.1,0.172401,0,0.1,0.077866,0,0.1,0
-0.75,3.5,3.34248,-2.99573,0.00236407,0.00236407,0.00236407,0.128216,False,tv,sound_similarity,0,0.1,0.233436,0,0.1,0,0,0.1,0.101654,0,0.1,0.146081,0,0.1,0.230823,0,0.1,0.153118,0,0.1,0.166779,0,0.1,0.172401,0,0.1,0.077866,0,0.1,0
-1,3.5,3.456,-2.99573,0.00236407,0.00236407,0.00236407,0.128216,False,tv,sound_similarity,0,0.1,0.233436,0,0.1,0,0,0.1,0.101654,0,0.1,0.146081,0,0.1,0.230823,0,0.1,0.153118,0,0.1,0.166779,0,0.1,0.172401,0,0.1,0.077866,0,0.1,0
-1.25,3.5,3.58339,-2.99573,0.00236407,0.00236407,0.00236407,0.128216,False,tv,sound_similarity,0,0.1,0.233436,0,0.1,0,0,0.1,0.101654,0,0.1,0.146081,0,0.1,0.230823,0,0.1,0.153118,0,0.1,0.166779,0,0.1,0.172401,0,0.1,0.077866,0,0.1,0
-1.5,3.5,3.72323,-2.99573,0.00236407,0.00236407,0.00236407,0.128216,False,tv,sound_similarity,0,0.1,0.233436,0,0.1,0,0,0.1,0.101654,0,0.1,0.146081,0,0.1,0.230823,0,0.1,0.153118,0,0.1,0.166779,0,0.1,0.172401,0,0.1,0.077866,0,0.1,0
-1.75,3.5,3.87417,-2.99573,0.00236407,0.00236407,0.00236407,0.128216,False,tv,sound_similarity,0,0.1,0.233436,0,0.1,0,0,0.1,0.101654,0,0.1,0.146081,0,0.1,0.230823,0,0.1,0.153118,0,0.1,0.166779,0,0.1,0.172401,0,0.1,0.077866,0,0.1,0
-2,3.5,4.03497,-2.99573,0.00236407,0.00236407,0.00236407,0.128216,False,tv,sound_similarity,0,0.1,0.233436,0,0.1,0,0,0.1,0.101654,0,0.1,0.146081,0,0.1,0.230823,0,0.1,0.153118,0,0.1,0.166779,0,0.1,0.172401,0,0.1,0.077866,0,0.1,0
-2.25,3.5,4.20449,-2.99573,0.00236407,0.00236407,0.00236407,0.128216,False,tv,sound_similarity,0,0.1,0.233436,0,0.1,0,0,0.1,0.101654,0,0.1,0.146081,0,0.1,0.230823,0,0.1,0.153118,0,0.1,0.166779,0,0.1,0.172401,0,0.1,0.077866,0,0.1,0
2,3.25,3.53674,-1.13975,0.00236407,0.00236407,0.00236407,0.128216,False,tv,sound_similarity,0,0.1,0.233436,0,0.1,0,0,0.1,0.101654,0,0.1,0.146081,0,0.1,0.230823,0,0.1,0.153118,0,0.1,0.166779,0,0.1,0.172401,0,0.1,0.077866,0,0.1,0
1.75,3.25,3.45041,-1.62857,0.00236407,0.00236407,0.00236407,0.128216,False,tv,sound_similarity,0,0.1,0.233436,0,0.1,0,0,0.1,0.101654,0,0.1,0.146081,0,0.1,0.230823,0,0.1,0.153118,0,0.1,0.166779,0,0.1,0.172401,0,0.1,0.077866,0,0.1,0
1.5,3.25,3.3804,-2.13723,0.00236407,0.00236407,0.00236407,0.128216,False,tv,sound_similarity,0,0.1,0.233436,0,0.1,0,0,0.1,0.101654,0,0.1,0.146081,0,0.1,0.230823,0,0.1,0.153118,0,0.1,0.166779,0,0.1,0.172401,0,0.1,0.077866,0,0.1,0
1.25,3.25,3.32774,-2.56432,0.00236407,0.00236407,0.00236407,0.128216,False,tv,sound_similarity,0,0.1,0.233436,0,0.1,0,0,0.1,0.101654,0,0.1,0.146081,0,0.1,0.230823,0,0.1,0.153118,0,0.1,0.166779,0,0.1,0.172401,0,0.1,0.077866,0,0.1,0
1,3.25,3.29327,-2.82782,0.00236407,0.00236407,0.00236407,0.128216,False,tv,sound_similarity,0,0.1,0.233436,0,0.1,0,0,0.1,0.101654,0,0.1,0.146081,0,0.1,0.230823,0,0.1,0.153118,0,0.1,0.166779,0,0.1,0.172401,0,0.1,0.077866,0,0.1,0
0.75,3.25,3.27755,-2.94368,0.00236407,0.00236407,0.00236407,0.128216,False,tv,sound_similarity,0,0.1,0.233436,0,0.1,0,0,0.1,0.101654,0,0.1,0.146081,0,0.1,0.230823,0,0.1,0.153118,0,0.1,0.166779,0,0.1,0.172401,0,0.1,0.077866,0,0.1,0
0.5,3.25,3.28087,-2.98212,0.00236407,0.00236407,0.00236407,0.128216,False,tv,sound_similarity,0,0.1,0.233436,0,0.1,0,0,0.1,0.101654,0,0.1,0.146081,0,0.1,0.230823,0,0.1,0.153118,0,0.1,0.166779,0,0.1,0.172401,0,0.1,0.077866,0,0.1,0
0.25,3.25,3.30316,-2.99258,0.00236407,0.00236407,0.00236407,0.128216,False,tv,sound_similarity,0,0.1,0.233436,0,0.1,0,0,0.1,0.101654,0,0.1,0.146081,0,0.1,0.230823,0,0.1,0.153118,0,0.1,0.166779,0,0.1,0.172401,0,0.1,0.077866,0,0.1,0
1.5,3.5,3.13868,-2.00082,0.00236407,0.00236407,0.00236407,0.128216,False,tv,sound_similarity,0,0.1,0.233436,0,0.1,0,0,0.1,0.101654,0,0.1,0.146081,0,0.1,0.230823,0,0.1,0.153118,0,0.1,0.166779,0,0.1,0.172401,0,0.1,0.077866,0,0.1,0
1.75,3.5,3.21396,-1.44755,0.00236407,0.00236407,0.00236407,0.128216,False,tv,sound_similarity,0,0.1,0.233436,0,0.1,0,0,0.1,0.101654,0,0.1,0.146081,0,0.1,0.230823,0,0.1,0.153118,0,0.1,0.166779,0,0.1,0.172401,0,0.1,0.077866,0,0.1,0
-2.25,3.75,4.02827,-2.99573,0.00236407,0.00236407,0.00236407,0.128216,False,tv,sound_similarity,0,0.1,0.233436,0,0.1,0,0,0.1,0.101654,0,0.1,0.146081,0,0.1,0.230823,0,0.1,0.153118,0,0.1,0.166779,0,0.1,0.172401,0,0.1,0.077866,0,0.1,0
1,3.75,2.79626,-2.78058,0.00236407,0.00236407,0.00236407,0.128216,False,tv,sound_similarity,0,0.1,0.233436,0,0.1,0,0,0.1,0.101654,0,0.1,0.146081,0,0.1,0.230823,0,0.1,0.153118,0,0.1,0.166779,0,0.1,0.172401,0,0.1,0.077866,0,0.1,0
-0.75,4,2.89752,-2.99573,0.00236407,0.00236407,0.00236407,0.128216,False,tv,sound_similarity,0,0.1,0.233436,0,0.1,0,0,0.1,0.101654,0,0.1,0.146081,0,0.1,0.230823,0,0.1,0.153118,0,0.1,0.166779,0,0.1,0.172401,0,0.1,0.077866,0,0.1,0
-1,4,3.02777,-2.99573,0.00236407,0.00236407,0.00236407,0.128216,False,tv,sound_similarity,0,0.1,0.233436,0,0.1,0,0,0.1,0.101654,0,0.1,0.146081,0,0.1,0.230823,0,0.1,0.153118,0,0.1,0.166779,0,0.1,0.172401,0,0.1,0.077866,0,0.1,0
-1.25,4,3.1724,-2.99573,0.00236407,0.00236407,0.00236407,0.128216,False,tv,sound_similarity,0,0.1,0.233436,0,0.1,0,0,0.1,0.101654,0,0.1,0.146081,0,0.1,0.230823,0,0.1,0.153118,0,0.1,0.166779,0,0.1,0.172401,0,0.1,0.077866,0,0.1,0
-1.5,4,3.32955,-2.99573,0.00236407,0.00236407,0.00236407,0.128216,False,tv,sound_similarity,0,0.1,0.233436,0,0.1,0,0,0.1,0.101654,0,0.1,0.146081,0,0.1,0.230823,0,0.1,0.153118,0,0.1,0.166779,0,0.1,0.172401,0,0.1,0.077866,0,0.1,0
-1.75,4,3.49752,-2.99573,0.00236407,0.00236407,0.00236407,0.128216,False,tv,sound_similarity,0,0.1,0.233436,0,0.1,0,0,0.1,0.101654,0,0.1,0.146081,0,0.1,0.230823,0,0.1,0.153118,0,0.1,0.166779,0,0.1,0.172401,0,0.1,0.077866,0,0.1,0
-2,4,3.67484,-2.99573,0.00236407,0.00236407,0.00236407,0.128216,False,tv,sound_similarity,0,0.1,0.233436,0,0.1,0,0,0.1,0.101654,0,0.1,0.146081,0,0.1,0.230823,0,0.1,0.153118,0,0.1,0.166779,0,0.1,0.172401,0,0.1,0.077866,0,0.1,0
-2.25,4,3.86021,-2.99573,0.00236407,0.00236407,0.00236407,0.128216,False,tv,sound_similarity,0,0.1,0.233436,0,0.1,0,0,0.1,0.101654,0,0.1,0.146081,0,0.1,0.230823,0,0.1,0.153118,0,0.1,0.166779,0,0.1,0.172401,0,0.1,0.077866,0,0.1,0
1.75,3.75,2.97973,-1.24235,0.00236407,0.00236407,0.00236407,0.128216,False,tv,sound_similarity,0,0.1,0.233436,0,0.1,0,0,0.1,0.101654,0,0.1,0.146081,0,0.1,0.230823,0,0.1,0.153118,0,0.1,0.166779,0,0.1,0.172401,0,0.1,0.077866,0,0.1,0
1.5,3.75,2.89837,-1.83517,0.00236407,0.00236407,0.00236407,0.128216,False,tv,sound_similarity,0,0.1,0.233436,0,0.1,0,0,0.1,0.101654,0,0.1,0.146081,0,0.1,0.230823,0,0.1,0.153118,0,0.1,0.166779,0,0.1,0.172401,0,0.1,0.077866,0,0.1,0
1.25,3.75,2.83678,-2.40237,0.00236407,0.00236407,0.00236407,0.128216,False,tv,sound_similarity,0,0.1,0.233436,0,0.1,0,0,0.1,0.101654,0,0.1,0.146081,0,0.1,0.230823,0,0.1,0.153118,0,0.1,0.166779,0,0.1,0.172401,0,0.1,0.077866,0,0.1,0
0.75,3.75,2.77774,-2.93968,0.00236407,0.00236407,0.00236407,0.128216,False,tv,sound_similarity,0,0.1,0.233436,0,0.1,0,0,0.1,0.101654,0,0.1,0.146081,0,0.1,0.230823,0,0.1,0.153118,0,0.1,0.166779,0,0.1,0.172401,0,0.1,0.077866,0,0.1,0
-2,3.75,3.851,-2.99573,0.00236407,0.00236407,0.00236407,0.128216,False,tv,sound_similarity,0,0.1,0.233436,0,0.1,0,0,0.1,0.101654,0,0.1,0.146081,0,0.1,0.230823,0,0.1,0.153118,0,0.1,0.166779,0,0.1,0.172401,0,0.1,0.077866,0,0.1,0
0.5,3.75,2.78165,-2.98427,0.00236407,0.00236407,0.00236407,0.128216,False,tv,sound_similarity,0,0.1,0.233436,0,0.1,0,0,0.1,0.101654,0,0.1,0.146081,0,0.1,0.230823,0,0.1,0.153118,0,0.1,0.166779,0,0.1,0.172401,0,0.1,0.077866,0,0.1,0
0.25,3.75,2.80791,-2.99374,0.00236407,0.00236407,0.00236407,0.128216,False,tv,sound_similarity,0,0.1,0.233436,0,0.1,0,0,0.1,0.101654,0,0.1,0.146081,0,0.1,0.230823,0,0.1,0.153118,0,0.1,0.166779,0,0.1,0.172401,0,0.1,0.077866,0,0.1,0
0,3.75,2.85589,-2.99542,0.00236407,0.00236407,0.00236407,0.128216,False,tv,sound_similarity,0,0.1,0.233436,0,0.1,0,0,0.1,0.101654,0,0.1,0.146081,0,0.1,0.230823,0,0.1,0.153118,0,0.1,0.166779,0,0.1,0.172401,0,0.1,0.077866,0,0.1,0
-0.25,3.75,2.92453,-2.99568,0.00236407,0.00236407,0.00236407,0.128216,False,tv,sound_similarity,0,0.1,0.233436,0,0.1,0,0,0.1,0.101654,0,0.1,0.146081,0,0.1,0.230823,0,0.1,0.153118,0,0.1,0.166779,0,0.1,0.172401,0,0.1,0.077866,0,0.1,0
-0.5,3.75,3.01241,-2.99573,0.00236407,0.00236407,0.00236407,0.128216,False,tv,sound_similarity,0,0.1,0.233436,0,0.1,0,0,0.1,0.101654,0,0.1,0.146081,0,0.1,0.230823,0,0.1,0.153118,0,0.1,0.166779,0,0.1,0.172401,0,0.1,0.077866,0,0.1,0
-0.75,3.75,3.11792,-2.99573,0.00236407,0.00236407,0.00236407,0.128216,False,tv,sound_similarity,0,0.1,0.233436,0,0.1,0,0,0.1,0.101654,0,0.1,0.146081,0,0.1,0.230823,0,0.1,0.153118,0,0.1,0.166779,0,0.1,0.172401,0,0.1,0.077866,0,0.1,0
-1,3.75,3.23931,-2.99573,0.00236407,0.00236407,0.00236407,0.128216,False,tv,sound_similarity,0,0.1,0.233436,0,0.1,0,0,0.1,0.101654,0,0.1,0.146081,0,0.1,0.230823,0,0.1,0.153118,0,0.1,0.166779,0,0.1,0.172401,0,0.1,0.077866,0,0.1,0
-1.25,3.75,3.3749,-2.99573,0.00236407,0.00236407,0.00236407,0.128216,False,tv,sound_similarity,0,0.1,0.233436,0,0.1,0,0,0.1,0.101654,0,0.1,0.146081,0,0.1,0.230823,0,0.1,0.153118,0,0.1,0.166779,0,0.1,0.172401,0,0.1,0.077866,0,0.1,0
-1.5,3.75,3.52302,-2.99573,0.00236407,0.00236407,0.00236407,0.128216,False,tv,sound_similarity,0,0.1,0.233436,0,0.1,0,0,0.1,0.101654,0,0.1,0.146081,0,0.1,0.230823,0,0.1,0.153118,0,0.1,0.166779,0,0.1,0.172401,0,0.1,0.077866,0,0.1,0
-1.75,3.75,3.68218,-2.99573,0.00236407,0.00236407,0.00236407,0.128216,False,tv,sound_similarity,0,0.1,0.233436,0,0.1,0,0,0.1,0.101654,0,0.1,0.146081,0,0.1,0.230823,0,0.1,0.153118,0,0.1,0.166779,0,0.1,0.172401,0,0.1,0.077866,0,0.1,0
2,7.75,1.80822,-2.99573,0.00236407,0.00236407,0.00236407,0.128216,False,tv,sound_similarity,0,0.1,0.233436,0,0.1,0,0,0.1,0.101654,0,0.1,0.146081,0,0.1,0.230823,0,0.1,0.153118,0,0.1,0.166779,0,0.1,0.172401,0,0.1,0.077866,0,0.1,0
