x,y,dist_robot,snd_loglik,snd_post,vis_post,fused,vis_like,observed,mle_class,vis_phrase_source,ev_tv,post_tv,sim_tv,ev_chair,post_chair,sim_chair,ev_couch,post_couch,sim_couch,ev_toilet,post_toilet,sim_toilet,ev_microwave,post_microwave,sim_microwave,ev_oven,post_oven,sim_oven,ev_sink,post_sink,sim_sink,ev_refrigerator,post_refrigerator,sim_refrigerator,ev_clock,post_clock,sim_clock,ev_empty_floor,post_empty_floor,sim_empty_floor
-2.25,1.75,5.16124,-0.376781,0.00236407,0.00236407,0.00236407,0.100116,True,empty floor,sound_similarity,0,0.0666667,0.301765,0,0.0666667,0.026054,0,0.0666667,0.0565887,0,0.0666667,0.124016,0,0.0666667,0.229857,0,0.0666667,0.225025,0,0.0666667,0.110743,0,0.0666667,0.159985,0,0.0666667,0.267705,0.5,0.4,0
1.5,5.5,1.24137,-2.99573,0.00236407,0.00236407,0.00236407,0.103381,True,couch,sound_similarity,0,0.05,0.301765,0,0.05,0.026054,1,0.55,0.0565887,0,0.05,0.124016,0,0.05,0.229857,0,0.05,0.225025,0,0.05,0.110743,0,0.05,0.159985,0,0.05,0.267705,0,0.05,0
-1.5,6,1.94987,-2.99573,0.00236407,0.00236407,0.00236407,0.100116,True,empty floor,sound_similarity,0,0.0666667,0.301765,0,0.0666667,0.026054,0,0.0666667,0.0565887,0,0.0666667,0.124016,0,0.0666667,0.229857,0,0.0666667,0.225025,0,0.0666667,0.110743,0,0.0666667,0.159985,0,0.0666667,0.267705,0.5,0.4,0
-1.75,6,2.19919,-2.99573,0.00236407,0.00236407,0.00236407,0.100116,True,empty floor,sound_similarity,0,0.0666667,0.301765,0,0.0666667,0.026054,0,0.0666667,0.0565887,0,0.0666667,0.124016,0,0.0666667,0.229857,0,0.0666667,0.225025,0,0.0666667,0.110743,0,0.0666667,0.159985,0,0.0666667,0.267705,0.5,0.4,0
-2,6,2.44865,-2.99573,0.00236407,0.00236407,0.00236407,0.100116,True,empty floor,sound_similarity,0,0.0666667,0.301765,0,0.0666667,0.026054,0,0.0666667,0.0565887,0,0.0666667,0.124016,0,0.0666667,0.229857,0,0.0666667,0.225025,0,0.0666667,0.110743,0,0.0666667,0.159985,0,0.0666667,0.267705,0.5,0.4,0
-2.25,6,2.69821,-2.99573,0.00236407,0.00236407,0.00236407,0.100116,True,empty floor,sound_similarity,0,0.0666667,0.301765,0,0.0666667,0.026054,0,0.0666667,0.0565887,0,0.0666667,0.124016,0,0.0666667,0.229857,0,0.0666667,0.225025,0,0.0666667,0.110743,0,0.0666667,0.159985,0,0.0666667,0.267705,0.5,0.4,0
2,5.75,1.60729,-2.99573,0.00236407,0.00236407,0.00236407,0.100116,True,empty floor,sound_similarity,0,0.0666667,0.301765,0,0.0666667,0.026054,0,0.0666667,0.0565887,0,0.0666667,0.124016,0,0.0666667,0.229857,0,0.0666667,0.225025,0,0.0666667,0.110743,0,0.0666667,0.159985,0,0.0666667,0.267705,0.5,0.4,0
1.75,5.75,1.36669,-2.99573,0.00236407,0.00236407,0.00236407,0.100116,True,empty floor,sound_similarity,0,0.0666667,0.301765,0,0.0666667,0.026054,0,0.0666667,0.0565887,0,0.0666667,0.124016,0,0.0666667,0.229857,0,0.0666667,0.225025,0,0.0666667,0.110743,0,0.0666667,0.159985,0,0.0666667,0.267705,0.5,0.4,0
1.5,5.75,1.13017,-2.99573,0.00236407,0.00236407,0.00236407,0.100116,True,empty floor,sound_similarity,0,0.0666667,0.301765,0,0.0666667,0.026054,0,0.0666667,0.0565887,0,0.0666667,0.124016,0,0.0666667,0.229857,0,0.0666667,0.225025,0,0.0666667,0.110743,0,0.0666667,0.159985,0,0.0666667,0.267705,0.5,0.4,0
1.25,5.75,0.900968,-2.99573,0.00236407,0.00236407,0.00236407,0.100116,True,empty floor,sound_similarity,0,0.0666667,0.301765,0,0.0666667,0.026054,0,0.0666667,0.0565887,0,0.0666667,0.124016,0,0.0666667,0.229857,0,0.0666667,0.225025,0,0.0666667,0.110743,0,0.0666667,0.159985,0,0.0666667,0.267705,0.5,0.4,0
1,5.75,0.686435,-2.99573,0.00236407,0.00236407,0.00236407,0.100116,True,empty floor,sound_similarity,0,0.0666667,0.301765,0,0.0666667,0.026054,0,0.0666667,0.0565887,0,0.0666667,0.124016,0,0.0666667,0.229857,0,0.0666667,0.225025,0,0.0666667,0.110743,0,0.0666667,0.159985,0,0.0666667,0.267705,0.5,0.4,0
0.75,5.75,0.505611,-2.9957,0.00236407,0.00236407,0.00236407,0.0750869,True,empty floor,sound_similarity,0,0.05,0.301765,0,0.05,0.026054,0,0.05,0.0565887,0,0.05,0.124016,0,0.05,0.229857,0,0.05,0.225025,0,0.05,0.110743,0,0.05,0.159985,0,0.05,0.267705,1,0.55,0
0.5,5.75,0.406316,-2.58237,0.00236407,0.00236407,0.00236407,0.100116,True,empty floor,sound_similarity,0,0.0666667,0.301765,0,0.0666667,0.026054,0,0.0666667,0.0565887,0,0.0666667,0.124016,0,0.0666667,0.229857,0,0.0666667,0.225025,0,0.0666667,0.110743,0,0.0666667,0.159985,0,0.0666667,0.267705,0.5,0.4,0
0.25,5.75,0.446702,-0.0650121,0.00236407,0.00236407,0.00236407,0.100116,True,empty floor,sound_similarity,0,0.0666667,0.301765,0,0.0666667,0.026054,0,0.0666667,0.0565887,0,0.0666667,0.124016,0,0.0666667,0.229857,0,0.0666667,0.225025,0,0.0666667,0.110743,0,0.0666667,0.159985,0,0.0666667,0.267705,0.5,0.4,0
0,5.75,0.59916,-2.23963,0.00236407,0.00236407,0.00236407,0.100116,True,empty floor,sound_similarity,0,0.0666667,0.301765,0,0.0666667,0.026054,0,0.0666667,0.0565887,0,0.0666667,0.124016,0,0.0666667,0.229857,0,0.0666667,0.225025,0,0.0666667,0.110743,0,0.0666667,0.159985,0,0.0666667,0.267705,0.5,0.4,0
-0.25,5.75,0.802149,-2.94594,0.00236407,0.00236407,0.00236407,0.150174,False,tv,sound_similarity,0,0.1,0.301765,0,0.1,0.026054,0,0.1,0.0565887,0,0.1,0.124016,0,0.1,0.229857,0,0.1,0.225025,0,0.1,0.110743,0,0.1,0.159985,0,0.1,0.267705,0,0.1,0
-0.5,5.75,1.02611,-2.99038,0.00236407,0.00236407,0.00236407,0.100116,True,empty floor,sound_similarity,0,0.0666667,0.301765,0,0.0666667,0.026054,0,0.0666667,0.0565887,0,0.0666667,0.124016,0,0.0666667,0.229857,0,0.0666667,0.225025,0,0.0666667,0.110743,0,0.0666667,0.159985,0,0.0666667,0.267705,0.5,0.4,0
-0.75,5.75,1.2599,-2.99463,0.00236407,0.00236407,0.00236407,0.100116,True,empty floor,sound_similarity,0,0.0666667,0.301765,0,0.0666667,0.026054,0,0.0666667,0.0565887,0,0.0666667,0.124016,0,0.0666667,0.229857,0,0.0666667,0.225025,0,0.0666667,0.110743,0,0.0666667,0.159985,0,0.0666667,0.267705,0.5,0.4,0
-1,5.75,1.49893,-2.99538,0.00236407,0.00236407,0.00236407,0.100116,True,empty floor,sound_similarity,0,0.0666667,0.301765,0,0.0666667,0.026054,0,0.0666667,0.0565887,0,0.0666667,0.124016,0,0.0666667,0.229857,0,0.0666667,0.225025,0,0.0666667,0.110743,0,0.0666667,0.159985,0,0.0666667,0.267705,0.5,0.4,0
-1.25,5.75,1.74105,-2.99558,0.00236407,0.00236407,0.00236407,0.100116,True,empty floor,sound_similarity,0,0.0666667,0.301765,0,0.0666667,0.026054,0,0.0666667,0.0565887,0,0.0666667,0.124016,0,0.0666667,0.229857,0,0.0666667,0.225025,0,0.0666667,0.110743,0,0.0666667,0.159985,0,0.0666667,0.267705,0.5,0.4,0
-1.5,5.75,1.98512,-2.99566,0.00236407,0.00236407,0.00236407,0.100116,True,empty floor,sound_similarity,0,0.0666667,0.301765,0,0.0666667,0.026054,0,0.0666667,0.0565887,0,0.0666667,0.124016,0,0.0666667,0.229857,0,0.0666667,0.225025,0,0.0666667,0.110743,0,0.0666667,0.159985,0,0.0666667,0.267705,0.5,0.4,0
-1.75,5.75,2.2305,-2.99569,0.00236407,0.00236407,0.00236407,0.100116,True,empty floor,sound_similarity,0,0.0666667,0.301765,0,0.0666667,0.026054,0,0.0666667,0.0565887,0,0.0666667,0.124016,0,0.0666667,0.229857,0,0.0666667,0.225025,0,0.0666667,0.110743,0,0.0666667,0.159985,0,0.0666667,0.267705,0.5,0.4,0
-2,5.75,2.47681,-2.9957,0.00236407,0.00236407,0.00236407,0.100116,True,empty floor,sound_similarity,0,0.0666667,0.301765,0,0.0666667,0.026054,0,0.0666667,0.0565887,0,0.0666667,0.124016,0,0.0666667,0.229857,0,0.0666667,0.225025,0,0.0666667,0.110743,0,0.0666667,0.159985,0,0.0666667,0.267705,0.5,0.4,0
-2.25,5.75,2.72379,-2.99571,0.00236407,0.00236407,0.00236407,0.100116,True,empty floor,sound_similarity,0,0.0666667,0.301765,0,0.0666667,0.026054,0,0.0666667,0.0565887,0,0.0666667,0.124016,0,0.0666667,0.229857,0,0.0666667,0.225025,0,0.0666667,0.110743,0,0.0666667,0.159985,0,0.0666667,0.267705,0.5,0.4,0
2,5.5,1.68734,-2.99573,0.00236407,0.00236407,0.00236407,0.100116,True,empty floor,sound_similarity,0,0.0666667,0.301765,0,0.0666667,0.026054,0,0.0666667,0.0565887,0,0.0666667,0.124016,0,0.0666667,0.229857,0,0.0666667,0.225025,0,0.0666667,0.110743,0,0.0666667,0.159985,0,0.0666667,0.267705,0.5,0.4,0
-1.25,6,1.70074,-2.99573,0.00236407,0.00236407,0.00236407,0.100116,True,empty floor,sound_similarity,0,0.0666667,0.301765,0,0.0666667,0.026054,0,0.0666667,0.0565887,0,0.0666667,0.124016,0,0.0666667,0.229857,0,0.0666667,0.225025,0,0.0666667,0.110743,0,0.0666667,0.159985,0,0.0666667,0.267705,0.5,0.4,0
-1,6,1.45192,-2.99573,0.00236407,0.00236407,0.00236407,0.100116,True,empty floor,sound_similarity,0,0.0666667,0.301765,0,0.0666667,0.026054,0,0.0666667,0.0565887,0,0.0666667,0.124016,0,0.0666667,0.229857,0,0.0666667,0.225025,0,0.0666667,0.110743,0,0.0666667,0.159985,0,0.0666667,0.267705,0.5,0.4,0
-0.75,6,1.20359,-2.99572,0.00236407,0.00236407,0.00236407,0.100116,True,empty floor,sound_similarity,0,0.0666667,0.301765,0,0.0666667,0.026054,0,0.0666667,0.0565887,0,0.0666667,0.124016,0,0.0666667,0.229857,0,0.0666667,0.225025,0,0.0666667,0.110743,0,0.0666667,0.159985,0,0.0666667,0.267705,0.5,0.4,0
-2,6.25,2.44585,-2.99573,0.00236407,0.00236407,0.00236407,0.100116,True,empty floor,sound_similarity,0,0.0666667,0.301765,0,0.0666667,0.026054,0,0.0666667,0.0565887,0,0.0666667,0.124016,0,0.0666667,0.229857,0,0.0666667,0.225025,0,0.0666667,0.110743,0,0.0666667,0.159985,0,0.0666667,0.267705,0.5,0.4,0
0.5,6.25,0.112553,-2.99573,0.00236407,0.00236407,0.00236407,0.150174,False,tv,sound_similarity,0,0.1,0.301765,0,0.1,0.026054,0,0.1,0.0565887,0,0.1,0.124016,0,0.1,0.229857,0,0.1,0.225025,0,0.1,0.110743,0,0.1,0.159985,0,0.1,0.267705,0,0.1,0
0.25,6.25,0.217067,-2.99573,0.00236407,0.00236407,0.00236407,0.100116,True,empty floor,sound_similarity,0,0.0666667,0.301765,0,0.0666667,0.026054,0,0.0666667,0.0565887,0,0.0666667,0.124016,0,0.0666667,0.229857,0,0.0666667,0.225025,0,0.0666667,0.110743,0,0.0666667,0.159985,0,0.0666667,0.267705,0.5,0.4,0
0,6.25,0.454498,-2.99573,0.00236407,0.00236407,0.00236407,0.100116,True,empty floor,sound_similarity,0,0.0666667,0.301765,0,0.0666667,0.026054,0,0.0666667,0.0565887,0,0.0666667,0.124016,0,0.0666667,0.229857,0,0.0666667,0.225025,0,0.0666667,0.110743,0,0.0666667,0.159985,0,0.0666667,0.267705,0.5,0.4,0
-0.25,6.25,0.700727,-2.99573,0.00236407,0.00236407,0.00236407,0.100116,True,empty floor,sound_similarity,0,0.0666667,0.301765,0,0.0666667,0.026054,0,0.0666667,0.0565887,0,0.0666667,0.124016,0,0.0666667,0.229857,0,0.0666667,0.225025,0,0.0666667,0.110743,0,0.0666667,0.159985,0,0.0666667,0.267705,0.5,0.4,0
-0.5,6.25,0.94893,-2.99573,0.00236407,0.00236407,0.00236407,0.100116,True,empty floor,sound_similarity,0,0.0666667,0.301765,0,0.0666667,0.026054,0,0.0666667,0.0565887,0,0.0666667,0.124016,0,0.0666667,0.229857,0,0.0666667,0.225025,0,0.0666667,0.110743,0,0.0666667,0.159985,0,0.0666667,0.267705,0.5,0.4,0
-0.75,6.25,1.19788,-2.99573,0.00236407,0.00236407,0.00236407,0.100116,True,empty floor,sound_similarity,0,0.0666667,0.301765,0,0.0666667,0.026054,0,0.0666667,0.0565887,0,0.0666667,0.124016,0,0.0666667,0.229857,0,0.0666667,0.225025,0,0.0666667,0.110743,0,0.0666667,0.159985,0,0.0666667,0.267705,0.5,0.4,0
-1,6.25,1.44719,-2.99573,0.00236407,0.00236407,0.00236407,0.100116,True,empty floor,sound_similarity,0,0.0666667,0.301765,0,0.0666667,0.026054,0,0.0666667,0.0565887,0,0.0666667,0.124016,0,0.0666667,0.229857,0,0.0666667,0.225025,0,0.0666667,0.110743,0,0.0666667,0.159985,0,0.0666667,0.267705,0.5,0.4,0
-1.25,6.25,1.69671,-2.99573,0.00236407,0.00236407,0.00236407,0.100116,True,empty floor,sound_similarity,0,0.0666667,0.301765,0,0.0666667,0.026054,0,0.0666667,0.0565887,0,0.0666667,0.124016,0,0.0666667,0.229857,0,0.0666667,0.225025,0,0.0666667,0.110743,0,0.0666667,0.159985,0,0.0666667,0.267705,0.5,0.4,0
-1.5,6.25,1.94635,-2.99573,0.00236407,0.00236407,0.00236407,0.100116,True,empty floor,sound_similarity,0,0.0666667,0.301765,0,0.0666667,0.026054,0,0.0666667,0.0565887,0,0.0666667,0.124016,0,0.0666667,0.229857,0,0.0666667,0.225025,0,0.0666667,0.110743,0,0.0666667,0.159985,0,0.0666667,0.267705,0.5,0.4,0
-1.75,6.25,2.19607,-2.99573,0.00236407,0.00236407,0.00236407,0.100116,True,empty floor,sound_similarity,0,0.0666667,0.301765,0,0.0666667,0.026054,0,0.0666667,0.0565887,0,0.0666667,0.124016,0,0.0666667,0.229857,0,0.0666667,0.225025,0,0.0666667,0.110743,0,0.0666667,0.159985,0,0.0666667,0.267705,0.5,0.4,0
-2.25,6.25,2.69567,-2.99573,0.00236407,0.00236407,0.00236407,0.100116,True,empty floor,sound_similarity,0,0.0666667,0.301765,0,0.0666667,0.026054,0,0.0666667,0.0565887,0,0.0666667,0.124016,0,0.0666667,0.229857,0,0.0666667,0.225025,0,0.0666667,0.110743,0,0.0666667,0.159985,0,0.0666667,0.267705,0.5,0.4,0
-0.5,6,0.956128,-2.99571,0.00236407,0.00236407,0.00236407,0.100116,True,empty floor,sound_similarity,0,0.0666667,0.301765,0,0.0666667,0.026054,0,0.0666667,0.0565887,0,0.0666667,0.124016,0,0.0666667,0.229857,0,0.0666667,0.225025,0,0.0666667,0.110743,0,0.0666667,0.159985,0,0.0666667,0.267705,0.5,0.4,0
2,6,1.56355,-2.99573,0.00236407,0.00236407,0.00236407,0.100116,True,empty floor,sound_similarity,0,0.0666667,0.301765,0,0.0666667,0.026054,0,0.0666667,0.0565887,0,0.0666667,0.124016,0,0.0666667,0.229857,0,0.0666667,0.225025,0,0.0666667,0.110743,0,0.0666667,0.159985,0,0.0666667,0.267705,0.5,0.4,0
1.75,6,1.31496,-2.99573,0.00236407,0.00236407,0.00236407,0.100116,True,empty floor,sound_similarity,0,0.0666667,0.301765,0,0.0666667,0.026054,0,0.0666667,0.0565887,0,0.0666667,0.124016,0,0.0666667,0.229857,0,0.0666667,0.225025,0,0.0666667,0.110743,0,0.0666667,0.159985,0,0.0666667,0.267705,0.5,0.4,0
1.5,6,1.06704,-2.99573,0.00236407,0.00236407,0.00236407,0.100116,True,empty floor,sound_similarity,0,0.0666667,0.301765,0,0.0666667,0.026054,0,0.0666667,0.0565887,0,0.0666667,0.124016,0,0.0666667,0.229857,0,0.0666667,0.225025,0,0.0666667,0.110743,0,0.0666667,0.159985,0,0.0666667,0.267705,0.5,0.4,0
1.25,6,0.820384,-2.99573,0.00236407,0.00236407,0.00236407,0.100116,True,empty floor,sound_similarity,0,0.0666667,0.301765,0,0.0666667,0.026054,0,0.0666667,0.0565887,0,0.0666667,0.124016,0,0.0666667,0.229857,0,0.0666667,0.225025,0,0.0666667,0.110743,0,0.0666667,0.159985,0,0.0666667,0.267705,0.5,0.4,0
1,6,0.576611,-2.99573,0.00236407,0.00236407,0.00236407,0.100116,True,empty floor,sound_similarity,0,0.0666667,0.301765,0,0.0666667,0.026054,0,0.0666667,0.0565887,0,0.0666667,0.124016,0,0.0666667,0.229857,0,0.0666667,0.225025,0,0.0666667,0.110743,0,0.0666667,0.159985,0,0.0666667,0.267705,0.5,0.4,0
0.75,6,0.341951,-2.99573,0.00236407,0.00236407,0.00236407,0.100116,True,empty floor,sound_similarity,0,0.0666667,0.301765,0,0.0666667,0.026054,0,0.0666667,0.0565887,0,0.0666667,0.124016,0,0.0666667,0.229857,0,0.0666667,0.225025,0,0.0666667,0.110743,0,0.0666667,0.159985,0,0.0666667,0.267705,0.5,0.4,0
0.5,6,0.162421,-2.97966,0.00236407,0.00236407,0.00236407,0.100116,True,empty floor,sound_similarity,0,0.0666667,0.301765,0,0.0666667,0.026054,0,0.0666667,0.0565887,0,0.0666667,0.124016,0,0.0666667,0.229857,0,0.0666667,0.225025,0,0.0666667,0.110743,0,0.0666667,0.159985,0,0.0666667,0.267705,0.5,0.4,0
0.25,6,0.246638,-2.6224,0.00236407,0.00236407,0.00236407,0.100116,True,empty floor,sound_similarity,0,0.0666667,0.301765,0,0.0666667,0.026054,0,0.0666667,0.0565887,0,0.0666667,0.124016,0,0.0666667,0.229857,0,0.0666667,0.225025,0,0.0666667,0.110743,0,0.0666667,0.159985,0,0.0666667,0.267705,0.5,0.4,0
0,6,0.46934,-2.9945,0.00236407,0.00236407,0.00236407,0.150174,False,tv,sound_similarity,0,0.1,0.301765,0,0.1,0.026054,0,0.1,0.0565887,0,0.1,0.124016,0,0.1,0.229857,0,0.1,0.225025,0,0.1,0.110743,0,0.1,0.159985,0,0.1,0.267705,0,0.1,0
-0.25,6,0.710444,-2.99563,0.00236407,0.00236407,0.00236407,0.100116,True,empty floor,sound_similarity,0,0.0666667,0.301765,0,0.0666667,0.026054,0,0.0666667,0.0565887,0,0.0666667,0.124016,0,0.0666667,0.229857,0,0.0666667,0.225025,0,0.0666667,0.110743,0,0.0666667,0.159985,0,0.0666667,0.267705,0.5,0.4,0
1.75,5.5,1.45998,-2.99573,0.00236407,0.00236407,0.00236407,0.100116,True,empty floor,sound_similarity,0,0.0666667,0.301765,0,0.0666667,0.026054,0,0.0666667,0.0565887,0,0.0666667,0.124016,0,0.0666667,0.229857,0,0.0666667,0.225025,0,0.0666667,0.110743,0,0.0666667,0.159985,0,0.0666667,0.267705,0.5,0.4,0
1.25,5.5,1.03704,-2.99573,0.00236407,0.00236407,0.00236407,0.100116,True,empty floor,sound_similarity,0,0.0666667,0.301765,0,0.0666667,0.026054,0,0.0666667,0.0565887,0,0.0666667,0.124016,0,0.0666667,0.229857,0,0.0666667,0.225025,0,0.0666667,0.110743,0,0.0666667,0.159985,0,0.0666667,0.267705,0.5,0.4,0
1,6.25,0.564596,-2.99573,0.00236407,0.00236407,0.00236407,0.100116,True,empty floor,sound_similarity,0,0.0666667,0.301765,0,0.0666667,0.026054,0,0.0666667,0.0565887,0,0.0666667,0.124016,0,0.0666667,0.229857,0,0.0666667,0.225025,0,0.0666667,0.110743,0,0.0666667,0.159985,0,0.0666667,0.267705,0.5,0.4,0
1,5.5,0.857266,-2.99572,0.00236407,0.00236407,0.00236407,0.100116,True,empty floor,sound_similarity,0,0.0666667,0.301765,0,0.0666667,0.026054,0,0.0666667,0.0565887,0,0.0666667,0.124016,0,0.0666667,0.229857,0,0.0666667,0.225025,0,0.0666667,0.110743,0,0.0666667,0.159985,0,0.0666667,0.267705,0.5,0.4,0
-1.5,5.25,2.14316,-2.9859,0.00236407,0.00236407,0.00236407,0.100116,True,empty floor,sound_similarity,0,0.0666667,0.301765,0,0.0666667,0.026054,0,0.0666667,0.0565887,0,0.0666667,0.124016,0,0.0666667,0.229857,0,0.0666667,0.225025,0,0.0666667,0.110743,0,0.0666667,0.159985,0,0.0666667,0.267705,0.5,0.4,0
-1.75,5.25,2.37225,-2.99157,0.00236407,0.00236407,0.00236407,0.100116,True,empty floor,sound_similarity,0,0.0666667,0.301765,0,0.0666667,0.026054,0,0.0666667,0.0565887,0,0.0666667,0.124016,0,0.0666667,0.229857,0,0.0666667,0.225025,0,0.0666667,0.110743,0,0.0666667,0.159985,0,0.0666667,0.267705,0.5,0.4,0
-2.25,5.25,2.84103,-2.99468,0.00236407,0.00236407,0.00236407,0.100116,True,empty floor,sound_similarity,0,0.0666667,0.301765,0,0.0666667,0.026054,0,0.0666667,0.0565887,0,0.0666667,0.124016,0,0.0666667,0.229857,0,0.0666667,0.225025,0,0.0666667,0.110743,0,0.0666667,0.159985,0,0.0666667,0.267705,0.5,0.4,0
2,5,1.93637,-2.99573,0.00236407,0.00236407,0.00236407,0.100116,True,empty floor,sound_similarity,0,0.0666667,0.301765,0,0.0666667,0.026054,0,0.0666667,0.0565887,0,0.0666667,0.124016,0,0.0666667,0.229857,0,0.0666667,0.225025,0,0.0666667,0.110743,0,0.0666667,0.159985,0,0.0666667,0.267705,0.5,0.4,0
1.75,5,1.74183,-2.99573,0.00236407,0.00236407,0.00236407,0.100116,True,empty floor,sound_similarity,0,0.0666667,0.301765,0,0.0666667,0.026054,0,0.0666667,0.0565887,0,0.0666667,0.124016,0,0.0666667,0.229857,0,0.0666667,0.225025,0,0.0666667,0.110743,0,0.0666667,0.159985,0,0.0666667,0.267705,0.5,0.4,0
1.5,5,1.56315,-2.99573,0.00236407,0.00236407,0.00236407,0.100116,True,empty floor,sound_similarity,0,0.0666667,0.301765,0,0.0666667,0.026054,0,0.0666667,0.0565887,0,0.0666667,0.124016,0,0.0666667,0.229857,0,0.0666667,0.225025,0,0.0666667,0.110743,0,0.0666667,0.159985,0,0.0666667,0.267705,0.5,0.4,0
1,5,1.27958,-2.99327,0.00236407,0.00236407,0.00236407,0.0750869,True,empty floor,sound_similarity,0,0.05,0.301765,0,0.05,0.026054,0,0.05,0.0565887,0,0.05,0.124016,0,0.05,0.229857,0,0.05,0.225025,0,0.05,0.110743,0,0.05,0.159985,0,0.05,0.267705,1,0.55,0
0.75,5,1.19238,-2.91659,0.00236407,0.00236407,0.00236407,0.100116,True,empty floor,sound_similarity,0,0.0666667,0.301765,0,0.0666667,0.026054,0,0.0666667,0.0565887,0,0.0666667,0.124016,0,0.0666667,0.229857,0,0.0666667,0.225025,0,0.0666667,0.110743,0,0.0666667,0.159985,0,0.0666667,0.267705,0.5,0.4,0
0.5,5,1.15379,-2.04642,0.00236407,0.00236407,0.00236407,0.100116,True,empty floor,sound_similarity,0,0.0666667,0.301765,0,0.0666667,0.026054,0,0.0666667,0.0565887,0,0.0666667,0.124016,0,0.0666667,0.229857,0,0.0666667,0.225025,0,0.0666667,0.110743,0,0.0666667,0.159985,0,0.0666667,0.267705,0.5,0.4,0
0.25,5,1.16862,-0.576286,0.00236407,0.00236407,0.00236407,0.100116,True,empty floor,sound_similarity,0,0.0666667,0.301765,0,0.0666667,0.026054,0,0.0666667,0.0565887,0,0.0666667,0.124016,0,0.0666667,0.229857,0,0.0666667,0.225025,0,0.0666667,0.110743,0,0.0666667,0.159985,0,0.0666667,0.267705,0.5,0.4,0
0,5,1.23496,-0.00155827,0.00236407,0.00236407,0.00236407,0.100116,True,empty floor,sound_similarity,0,0.0666667,0.301765,0,0.0666667,0.026054,0,0.0666667,0.0565887,0,0.0666667,0.124016,0,0.0666667,0.229857,0,0.0666667,0.225025,0,0.0666667,0.110743,0,0.0666667,0.159985,0,0.0666667,0.267705,0.5,0.4,0
-0.25,5,1.34521,-0.346265,0.00236407,0.00236407,0.00236407,0.100116,True,empty floor,sound_similarity,0,0.0666667,0.301765,0,0.0666667,0.026054,0,0.0666667,0.0565887,0,0.0666667,0.124016,0,0.0666667,0.229857,0,0.0666667,0.225025,0,0.0666667,0.110743,0,0.0666667,0.159985,0,0.0666667,0.267705,0.5,0.4,0
-0.5,5,1.48964,-1.17328,0.00236407,0.00236407,0.00236407,0.100116,True,empty floor,sound_similarity,0,0.0666667,0.301765,0,0.0666667,0.026054,0,0.0666667,0.0565887,0,0.0666667,0.124016,0,0.0666667,0.229857,0,0.0666667,0.225025,0,0.0666667,0.110743,0,0.0666667,0.159985,0,0.0666667,0.267705,0.5,0.4,0
-0.75,5,1.65936,-2.0274,0.00236407,0.00236407,0.00236407,0.100116,True,empty floor,sound_similarity,0,0.0666667,0.301765,0,0.0666667,0.026054,0,0.0666667,0.0565887,0,0.0666667,0.124016,0,0.0666667,0.229857,0,0.0666667,0.225025,0,0.0666667,0.110743,0,0.0666667,0.159985,0,0.0666667,0.267705,0.5,0.4,0
-1,5,1.84741,-2.5895,0.00236407,0.00236407,0.00236407,0.100116,True,empty floor,sound_similarity,0,0.0666667,0.301765,0,0.0666667,0.026054,0,0.0666667,0.0565887,0,0.0666667,0.124016,0,0.0666667,0.229857,0,0.0666667,0.225025,0,0.0666667,0.110743,0,0.0666667,0.159985,0,0.0666667,0.267705,0.5,0.4,0
-1.25,5,2.04875,-2.84326,0.00236407,0.00236407,0.00236407,0.150174,False,tv,sound_similarity,0,0.1,0.301765,0,0.1,0.026054,0,0.1,0.0565887,0,0.1,0.124016,0,0.1,0.229857,0,0.1,0.225025,0,0.1,0.110743,0,0.1,0.159985,0,0.1,0.267705,0,0.1,0
-1.5,5,2.25983,-2.93738,0.00236407,0.00236407,0.00236407,0.100116,True,empty floor,sound_similarity,0,0.0666667,0.301765,0,0.0666667,0.026054,0,0.0666667,0.0565887,0,0.0666667,0.124016,0,0.0666667,0.229857,0,0.0666667,0.225025,0,0.0666667,0.110743,0,0.0666667,0.159985,0,0.0666667,0.267705,0.5,0.4,0
-1.75,5,2.47816,-2.97154,0.00236407,0.00236407,0.00236407,0.100116,True,empty floor,sound_similarity,0,0.0666667,0.301765,0,0.0666667,0.026054,0,0.0666667,0.0565887,0,0.0666667,0.124016,0,0.0666667,0.229857,0,0.0666667,0.225025,0,0.0666667,0.110743,0,0.0666667,0.159985,0,0.0666667,0.267705,0.5,0.4,0
-2.25,5,2.93005,-2.99025,0.00236407,0.00236407,0.00236407,0.100116,True,empty floor,sound_similarity,0,0.0666667,0.301765,0,0.0666667,0.026054,0,0.0666667,0.0565887,0,0.0666667,0.124016,0,0.0666667,0.229857,0,0.0666667,0.225025,0,0.0666667,0.110743,0,0.0666667,0.159985,0,0.0666667,0.267705,0.5,0.4,0
2,4.75,2.09481,-2.99573,0.00236407,0.00236407,0.00236407,0.100116,True,empty floor,sound_similarity,0,0.0666667,0.301765,0,0.0666667,0.026054,0,0.0666667,0.0565887,0,0.0666667,0.124016,0,0.0666667,0.229857,0,0.0666667,0.225025,0,0.0666667,0.110743,0,0.0666667,0.159985,0,0.0666667,0.267705,0.5,0.4,0
1.75,4.75,1.91643,-2.99573,0.00236407,0.00236407,0.00236407,0.100116,True,empty floor,sound_similarity,0,0.0666667,0.301765,0,0.0666667,0.026054,0,0.0666667,0.0565887,0,0.0666667,0.124016,0,0.0666667,0.229857,0,0.0666667,0.225025,0,0.0666667,0.110743,0,0.0666667,0.159985,0,0.0666667,0.267705,0.5,0.4,0
1.25,4.75,1.61759,-2.99519,0.00236407,0.00236407,0.00236407,0.100116,True,empty floor,sound_similarity,0,0.0666667,0.301765,0,0.0666667,0.026054,0,0.0666667,0.0565887,0,0.0666667,0.124016,0,0.0666667,0.229857,0,0.0666667,0.225025,0,0.0666667,0.110743,0,0.0666667,0.159985,0,0.0666667,0.267705,0.5,0.4,0
1,4.75,1.50866,-2.98561,0.00236407,0.00236407,0.00236407,0.0750869,True,empty floor,sound_similarity,0,0.05,0.301765,0,0.05,0.026054,0,0.05,0.0565887,0,0.05,0.124016,0,0.05,0.229857,0,0.05,0.225025,0,0.05,0.110743,0,0.05,0.159985,0,0.05,0.267705,1,0.55,0
-1.25,5.25,1.91929,-2.96891,0.00236407,0.00236407,0.00236407,0.100116,True,empty floor,sound_similarity,0,0.0666667,0.301765,0,0.0666667,0.026054,0,0.0666667,0.0565887,0,0.0666667,0.124016,0,0.0666667,0.229857,0,0.0666667,0.225025,0,0.0666667,0.110743,0,0.0666667,0.159985,0,0.0666667,0.267705,0.5,0.4,0
-1,5.25,1.70271,-2.9107,0.00236407,0.00236407,0.00236407,0.150174,False,tv,sound_similarity,0,0.1,0.301765,0,0.1,0.026054,0,0.1,0.0565887,0,0.1,0.124016,0,0.1,0.229857,0,0.1,0.225025,0,0.1,0.110743,0,0.1,0.159985,0,0.1,0.267705,0,0.1,0
-0.75,5.25,1.49659,-2.69834,0.00236407,0.00236407,0.00236407,0.100116,True,empty floor,sound_similarity,0,0.0666667,0.301765,0,0.0666667,0.026054,0,0.0666667,0.0565887,0,0.0666667,0.124016,0,0.0666667,0.229857,0,0.0666667,0.225025,0,0.0666667,0.110743,0,0.0666667,0.159985,0,0.0666667,0.267705,0.5,0.4,0
-1.75,5.5,2.28885,-2.99522,0.00236407,0.00236407,0.00236407,0.100116,True,empty floor,sound_similarity,0,0.0666667,0.301765,0,0.0666667,0.026054,0,0.0666667,0.0565887,0,0.0666667,0.124016,0,0.0666667,0.229857,0,0.0666667,0.225025,0,0.0666667,0.110743,0,0.0666667,0.159985,0,0.0666667,0.267705,0.5,0.4,0
0.75,5.5,0.720663,-2.99266,0.00236407,0.00236407,0.00236407,0.100116,True,empty floor,sound_similarity,0,0.0666667,0.301765,0,0.0666667,0.026054,0,0.0666667,0.0565887,0,0.0666667,0.124016,0,0.0666667,0.229857,0,0.0666667,0.225025,0,0.0666667,0.110743,0,0.0666667,0.159985,0,0.0666667,0.267705,0.5,0.4,0
0.5,5.5,0.654832,-2.29389,0.00236407,0.00236407,0.00236407,0.100116,True,empty floor,sound_similarity,0,0.0666667,0.301765,0,0.0666667,0.026054,0,0.0666667,0.0565887,0,0.0666667,0.124016,0,0.0666667,0.229857,0,0.0666667,0.225025,0,0.0666667,0.110743,0,0.0666667,0.159985,0,0.0666667,0.267705,0.5,0.4,0
0.25,5.5,0.680629,-0.105237,0.00236407,0.00236407,0.00236407,0.100116,True,empty floor,sound_similarity,0,0.0666667,0.301765,0,0.0666667,0.026054,0,0.0666667,0.0565887,0,0.0666667,0.124016,0,0.0666667,0.229857,0,0.0666667,0.225025,0,0.0666667,0.110743,0,0.0666667,0.159985,0,0.0666667,0.267705,0.5,0.4,0
0,5.5,0.789117,-0.613892,0.00236407,0.00236407,0.00236407,0.100116,True,empty floor,sound_similarity,0,0.0666667,0.301765,0,0.0666667,0.026054,0,0.0666667,0.0565887,0,0.0666667,0.124016,0,0.0666667,0.229857,0,0.0666667,0.225025,0,0.0666667,0.110743,0,0.0666667,0.159985,0,0.0666667,0.267705,0.5,0.4,0
-0.25,5.5,0.952447,-2.11868,0.00236407,0.00236407,0.00236407,0.100116,True,empty floor,sound_similarity,0,0.0666667,0.301765,0,0.0666667,0.026054,0,0.0666667,0.0565887,0,0.0666667,0.124016,0,0.0666667,0.229857,0,0.0666667,0.225025,0,0.0666667,0.110743,0,0.0666667,0.159985,0,0.0666667,0.267705,0.5,0.4,0
-0.5,5.5,1.14743,-2.82636,0.00236407,0.00236407,0.00236407,0.100116,True,empty floor,sound_similarity,0,0.0666667,0.301765,0,0.0666667,0.026054,0,0.0666667,0.0565887,0,0.0666667,0.124016,0,0.0666667,0.229857,0,0.0666667,0.225025,0,0.0666667,0.110743,0,0.0666667,0.159985,0,0.0666667,0.267705,0.5,0.4,0
-0.75,5.5,1.36053,-2.96343,0.00236407,0.00236407,0.00236407,0.100116,True,empty floor,sound_similarity,0,0.0666667,0.301765,0,0.0666667,0.026054,0,0.0666667,0.0565887,0,0.0666667,0.124016,0,0.0666667,0.229857,0,0.0666667,0.225025,0,0.0666667,0.110743,0,0.0666667,0.159985,0,0.0666667,0.267705,0.5,0.4,0
-1,5.5,1.58446,-2.98764,0.00236407,0.00236407,0.00236407,0.100116,True,empty floor,sound_similarity,0,0.0666667,0.301765,0,0.0666667,0.026054,0,0.0666667,0.0565887,0,0.0666667,0.124016,0,0.0666667,0.229857,0,0.0666667,0.225025,0,0.0666667,0.110743,0,0.0666667,0.159985,0,0.0666667,0.267705,0.5,0.4,0
-1.25,5.5,1.8152,-2.99309,0.00236407,0.00236407,0.00236407,0.100116,True,empty floor,sound_similarity,0,0.0666667,0.301765,0,0.0666667,0.026054,0,0.0666667,0.0565887,0,0.0666667,0.124016,0,0.0666667,0.229857,0,0.0666667,0.225025,0,0.0666667,0.110743,0,0.0666667,0.159985,0,0.0666667,0.267705,0.5,0.4,0
-1.5,5.5,2.05046,-2.99466,0.00236407,0.00236407,0.00236407,0.100116,True,empty floor,sound_similarity,0,0.0666667,0.301765,0,0.0666667,0.026054,0,0.0666667,0.0565887,0,0.0666667,0.124016,0,0.0666667,0.229857,0,0.0666667,0.225025,0,0.0666667,0.110743,0,0.0666667,0.159985,0,0.0666667,0.267705,0.5,0.4,0
-2.25,5.5,2.77178,-2.99557,0.00236407,0.00236407,0.00236407,0.100116,True,empty floor,sound_similarity,0,0.0666667,0.301765,0,0.0666667,0.026054,0,0.0666667,0.0565887,0,0.0666667,0.124016,0,0.0666667,0.229857,0,0.0666667,0.225025,0,0.0666667,0.110743,0,0.0666667,0.159985,0,0.0666667,0.267705,0.5,0.4,0
-0.5,5.25,1.30588,-2.06102,0.00236407,0.00236407,0.00236407,0.100116,True,empty floor,sound_similarity,0,0.0666667,0.301765,0,0.0666667,0.026054,0,0.0666667,0.0565887,0,0.0666667,0.124016,0,0.0666667,0.229857,0,0.0666667,0.225025,0,0.0666667,0.110743,0,0.0666667,0.159985,0,0.0666667,0.267705,0.5,0.4,0
2,5.25,1.79884,-2.99573,0.00236407,0.00236407,0.00236407,0.100116,True,empty floor,sound_similarity,0,0.0666667,0.301765,0,0.0666667,0.026054,0,0.0666667,0.0565887,0,0.0666667,0.124016,0,0.0666667,0.229857,0,0.0666667,0.225025,0,0.0666667,0.110743,0,0.0666667,0.159985,0,0.0666667,0.267705,0.5,0.4,0
1.75,5.25,1.58754,-2.99573,0.00236407,0.00236407,0.00236407,0.100116,True,empty floor,sound_similarity,0,0.0666667,0.301765,0,0.0666667,0.026054,0,0.0666667,0.0565887,0,0.0666667,0.124016,0,0.0666667,0.229857,0,0.0666667,0.225025,0,0.0666667,0.110743,0,0.0666667,0.159985,0,0.0666667,0.267705,0.5,0.4,0
1.5,5.25,1.38914,-2.99573,0.00236407,0.00236407,0.00236407,0.100116,True,empty floor,sound_similarity,0,0.0666667,0.301765,0,0.0666667,0.026054,0,0.0666667,0.0565887,0,0.0666667,0.124016,0,0.0666667,0.229857,0,0.0666667,0.225025,0,0.0666667,0.110743,0,0.0666667,0.159985,0,0.0666667,0.267705,0.5,0.4,0
1.25,5.25,1.21003,-2.99573,0.00236407,0.00236407,0.00236407,0.100116,True,empty floor,sound_similarity,0,0.0666667,0.301765,0,0.0666667,0.026054,0,0.0666667,0.0565887,0,0.0666667,0.124016,0,0.0666667,0.229857,0,0.0666667,0.225025,0,0.0666667,0.110743,0,0.0666667,0.159985,0,0.0666667,0.267705,0.5,0.4,0
1,5.25,1.06001,-2.99546,0.00236407,0.00236407,0.00236407,0.100116,True,empty floor,sound_similarity,0,0.0666667,0.301765,0,0.0666667,0.026054,0,0.0666667,0.0565887,0,0.0666667,0.124016,0,0.0666667,0.229857,0,0.0666667,0.225025,0,0.0666667,0.110743,0,0.0666667,0.159985,0,0.0666667,0.267705,0.5,0.4,0
0.75,5.25,0.952926,-2.97023,0.00236407,0.00236407,0.00236407,0.100116,True,empty floor,sound_similarity,0,0.0666667,0.301765,0,0.0666667,0.026054,0,0.0666667,0.0565887,0,0.0666667,0.124016,0,0.0666667,0.229857,0,0.0666667,0.225025,0,0.0666667,0.110743,0,0.0666667,0.159985,0,0.0666667,0.267705,0.5,0.4,0
0.5,5.25,0.904167,-2.13928,0.00236407,0.00236407,0.00236407,0.100116,True,empty floor,sound_similarity,0,0.0666667,0.301765,0,0.0666667,0.026054,0,0.0666667,0.0565887,0,0.0666667,0.124016,0,0.0666667,0.229857,0,0.0666667,0.225025,0,0.0666667,0.110743,0,0.0666667,0.159985,0,0.0666667,0.267705,0.5,0.4,0
0.25,5.25,0.923021,-0.361069,0.00236407,0.00236407,0.00236407,0.100116,True,empty floor,sound_similarity,0,0.0666667,0.301765,0,0.0666667,0.026054,0,0.0666667,0.0565887,0,0.0666667,0.124016,0,0.0666667,0.229857,0,0.0666667,0.225025,0,0.0666667,0.110743,0,0.0666667,0.159985,0,0.0666667,0.267705,0.5,0.4,0
0,5.25,1.00569,-0.0808597,0.00236407,0.00236407,0.00236407,0.100116,True,empty floor,sound_similarity,0,0.0666667,0.301765,0,0.0666667,0.026054,0,0.0666667,0.0565887,0,0.0666667,0.124016,0,0.0666667,0.229857,0,0.0666667,0.225025,0,0.0666667,0.110743,0,0.0666667,0.159985,0,0.0666667,0.267705,0.5,0.4,0
-0.25,5.25,1.13836,-0.964095,0.00236407,0.00236407,0.00236407,0.100116,True,empty floor,sound_similarity,0,0.0666667,0.301765,0,0.0666667,0.026054,0,0.0666667,0.0565887,0,0.0666667,0.124016,0,0.0666667,0.229857,0,0.0666667,0.225025,0,0.0666667,0.110743,0,0.0666667,0.159985,0,0.0666667,0.267705,0.5,0.4,0
0.75,6.25,0.321276,-2.99573,0.00236407,0.00236407,0.00236407,0.100116,True,empty floor,sound_similarity,0,0.0666667,0.301765,0,0.0666667,0.026054,0,0.0666667,0.0565887,0,0.0666667,0.124016,0,0.0666667,0.229857,0,0.0666667,0.225025,0,0.0666667,0.110743,0,0.0666667,0.159985,0,0.0666667,0.267705,0.5,0.4,0
1.25,6.25,0.811984,-2.99573,0.00236407,0.00236407,0.00236407,0.100116,True,empty floor,sound_similarity,0,0.0666667,0.301765,0,0.0666667,0.026054,0,0.0666667,0.0565887,0,0.0666667,0.124016,0,0.0666667,0.229857,0,0.0666667,0.225025,0,0.0666667,0.110743,0,0.0666667,0.159985,0,0.0666667,0.267705,0.5,0.4,0
0.5,4.75,1.40355,-1.98506,0.00236407,0.00236407,0.00236407,0.100116,True,empty floor,sound_similarity,0,0.0666667,0.301765,0,0.0666667,0.026054,0,0.0666667,0.0565887,0,0.0666667,0.124016,0,0.0666667,0.229857,0,0.0666667,0.225025,0,0.0666667,0.110743,0,0.0666667,0.159985,0,0.0666667,0.267705,0.5,0.4,0
1.5,7,1.35415,-2.99573,0.00236407,0.00236407,0.00236407,0.100116,True,empty floor,sound_similarity,0,0.0666667,0.301765,0,0.0666667,0.026054,0,0.0666667,0.0565887,0,0.0666667,0.124016,0,0.0666667,0.229857,0,0.0666667,0.225025,0,0.0666667,0.110743,0,0.0666667,0.159985,0,0.0666667,0.267705,0.5,0.4,0
-1.5,7.5,2.36531,-2.99573,0.00236407,0.00236407,0.00236407,0.100116,True,empty floor,sound_similarity,0,0.0666667,0.301765,0,0.0666667,0.026054,0,0.0666667,0.0565887,0,0.0666667,0.124016,0,0.0666667,0.229857,0,0.0666667,0.225025,0,0.0666667,0.110743,0,0.0666667,0.159985,0,0.0666667,0.267705,0.5,0.4,0
-1.75,7.5,2.57471,-2.99573,0.00236407,0.00236407,0.00236407,0.100116,True,empty floor,sound_similarity,0,0.0666667,0.301765,0,0.0666667,0.026054,0,0.0666667,0.0565887,0,0.0666667,0.124016,0,0.0666667,0.229857,0,0.0666667,0.225025,0,0.0666667,0.110743,0,0.0666667,0.159985,0,0.0666667,0.267705,0.5,0.4,0
-2,7.5,2.79081,-2.99573,0.00236407,0.00236407,0.00236407,0.100116,True,empty floor,sound_similarity,0,0.0666667,0.301765,0,0.0666667,0.026054,0,0.0666667,0.0565887,0,0.0666667,0.124016,0,0.0666667,0.229857,0,0.0666667,0.225025,0,0.0666667,0.110743,0,0.0666667,0.159985,0,0.0666667,0.267705,0.5,0.4,0
-2.25,7.5,3.01215,-2.99573,0.00236407,0.00236407,0.00236407,0.100116,True,empty floor,sound_similarity,0,0.0666667,0.301765,0,0.0666667,0.026054,0,0.0666667,0.0565887,0,0.0666667,0.124016,0,0.0666667,0.229857,0,0.0666667,0.225025,0,0.0666667,0.110743,0,0.0666667,0.159985,0,0.0666667,0.267705,0.5,0.4,0
2,7.25,1.90424,-2.99573,0.00236407,0.00236407,0.00236407,0.100116,True,empty floor,sound_similarity,0,0.0666667,0.301765,0,0.0666667,0.026054,0,0.0666667,0.0565887,0,0.0666667,0.124016,0,0.0666667,0.229857,0,0.0666667,0.225025,0,0.0666667,0.110743,0,0.0666667,0.159985,0,0.0666667,0.267705,0.5,0.4,0
1.75,7.25,1.70604,-2.99573,0.00236407,0.00236407,0.00236407,0.100116,True,empty floor,sound_similarity,0,0.0666667,0.301765,0,0.0666667,0.026054,0,0.0666667,0.0565887,0,0.0666667,0.124016,0,0.0666667,0.229857,0,0.0666667,0.225025,0,0.0666667,0.110743,0,0.0666667,0.159985,0,0.0666667,0.267705,0.5,0.4,0
1.5,7.25,1.52316,-2.99573,0.00236407,0.00236407,0.00236407,0.100116,True,empty floor,sound_similarity,0,0.0666667,0.301765,0,0.0666667,0.026054,0,0.0666667,0.0565887,0,0.0666667,0.124016,0,0.0666667,0.229857,0,0.0666667,0.225025,0,0.0666667,0.110743,0,0.0666667,0.159985,0,0.0666667,0.267705,0.5,0.4,0
1.25,7.25,1.36179,-2.99573,0.00236407,0.00236407,0.00236407,0.100116,True,empty floor,sound_similarity,0,0.0666667,0.301765,0,0.0666667,0.026054,0,0.0666667,0.0565887,0,0.0666667,0.124016,0,0.0666667,0.229857,0,0.0666667,0.225025,0,0.0666667,0.110743,0,0.0666667,0.159985,0,0.0666667,0.267705,0.5,0.4,0
1,7.25,1.23041,-2.99573,0.00236407,0.00236407,0.00236407,0.100116,True,empty floor,sound_similarity,0,0.0666667,0.301765,0,0.0666667,0.026054,0,0.0666667,0.0565887,0,0.0666667,0.124016,0,0.0666667,0.229857,0,0.0666667,0.225025,0,0.0666667,0.110743,0,0.0666667,0.159985,0,0.0666667,0.267705,0.5,0.4,0
0.75,7.25,1.13946,-2.99573,0.00236407,0.00236407,0.00236407,0.150174,False,tv,sound_similarity,0,0.1,0.301765,0,0.1,0.026054,0,0.1,0.0565887,0,0.1,0.124016,0,0.1,0.229857,0,0.1,0.225025,0,0.1,0.110743,0,0.1,0.159985,0,0.1,0.267705,0,0.1,0
0.5,7.25,1.09901,-2.99573,0.00236407,0.00236407,0.00236407,0.150174,False,tv,sound_similarity,0,0.1,0.301765,0,0.1,0.026054,0,0.1,0.0565887,0,0.1,0.124016,0,0.1,0.229857,0,0.1,0.225025,0,0.1,0.110743,0,0.1,0.159985,0,0.1,0.267705,0,0.1,0
0.25,7.25,1.11457,-2.99573,0.00236407,0.00236407,0.00236407,0.150174,False,tv,sound_similarity,0,0.1,0.301765,0,0.1,0.026054,0,0.1,0.0565887,0,0.1,0.124016,0,0.1,0.229857,0,0.1,0.225025,0,0.1,0.110743,0,0.1,0.159985,0,0.1,0.267705,0,0.1,0
0,7.25,1.18394,-2.99573,0.00236407,0.00236407,0.00236407,0.150174,False,tv,sound_similarity,0,0.1,0.301765,0,0.1,0.026054,0,0.1,0.0565887,0,0.1,0.124016,0,0.1,0.229857,0,0.1,0.225025,0,0.1,0.110743,0,0.1,0.159985,0,0.1,0.267705,0,0.1,0
-0.25,7.25,1.29853,-2.99573,0.00236407,0.00236407,0.00236407,0.150174,False,tv,sound_similarity,0,0.1,0.301765,0,0.1,0.026054,0,0.1,0.0565887,0,0.1,0.124016,0,0.1,0.229857,0,0.1,0.225025,0,0.1,0.110743,0,0.1,0.159985,0,0.1,0.267705,0,0.1,0
-0.5,7.25,1.44763,-2.99573,0.00236407,0.00236407,0.00236407,0.100116,True,empty floor,sound_similarity,0,0.0666667,0.301765,0,0.0666667,0.026054,0,0.0666667,0.0565887,0,0.0666667,0.124016,0,0.0666667,0.229857,0,0.0666667,0.225025,0,0.0666667,0.110743,0,0.0666667,0.159985,0,0.0666667,0.267705,0.5,0.4,0
-0.75,7.25,1.62175,-2.99573,0.00236407,0.00236407,0.00236407,0.100116,True,empty floor,sound_similarity,0,0.0666667,0.301765,0,0.0666667,0.026054,0,0.0666667,0.0565887,0,0.0666667,0.124016,0,0.0666667,0.229857,0,0.0666667,0.225025,0,0.0666667,0.110743,0,0.0666667,0.159985,0,0.0666667,0.267705,0.5,0.4,0
-1,7.25,1.8137,-2.99573,0.00236407,0.00236407,0.00236407,0.100116,True,empty floor,sound_similarity,0,0.0666667,0.301765,0,0.0666667,0.026054,0,0.0666667,0.0565887,0,0.0666667,0.124016,0,0.0666667,0.229857,0,0.0666667,0.225025,0,0.0666667,0.110743,0,0.0666667,0.159985,0,0.0666667,0.267705,0.5,0.4,0
-1.25,7.25,2.01841,-2.99573,0.00236407,0.00236407,0.00236407,0.100116,True,empty floor,sound_similarity,0,0.0666667,0.301765,0,0.0666667,0.026054,0,0.0666667,0.0565887,0,0.0666667,0.124016,0,0.0666667,0.229857,0,0.0666667,0.225025,0,0.0666667,0.110743,0,0.0666667,0.159985,0,0.0666667,0.267705,0.5,0.4,0
-1.5,7.25,2.23236,-2.99573,0.00236407,0.00236407,0.00236407,0.100116,True,empty floor,sound_similarity,0,0.0666667,0.301765,0,0.0666667,0.026054,0,0.0666667,0.0565887,0,0.0666667,0.124016,0,0.0666667,0.229857,0,0.0666667,0.225025,0,0.0666667,0.110743,0,0.0666667,0.159985,0,0.0666667,0.267705,0.5,0.4,0
-1.75,7.25,2.45313,-2.99573,0.00236407,0.00236407,0.00236407,0.100116,True,empty floor,sound_similarity,0,0.0666667,0.301765,0,0.0666667,0.026054,0,0.0666667,0.0565887,0,0.0666667,0.124016,0,0.0666667,0.229857,0,0.0666667,0.225025,0,0.0666667,0.110743,0,0.0666667,0.159985,0,0.0666667,0.267705,0.5,0.4,0
-2,7.25,2.67905,-2.99573,0.00236407,0.00236407,0.00236407,0.100116,True,empty floor,sound_similarity,0,0.0666667,0.301765,0,0.0666667,0.026054,0,0.0666667,0.0565887,0,0.0666667,0.124016,0,0.0666667,0.229857,0,0.0666667,0.225025,0,0.0666667,0.110743,0,0.0666667,0.159985,0,0.0666667,0.267705,0.5,0.4,0
-2.25,7.25,2.90891,-2.99573,0.00236407,0.00236407,0.00236407,0.100116,True,empty floor,sound_similarity,0,0.0666667,0.301765,0,0.0666667,0.026054,0,0.0666667,0.0565887,0,0.0666667,0.124016,0,0.0666667,0.229857,0,0.0666667,0.225025,0,0.0666667,0.110743,0,0.0666667,0.159985,0,0.0666667,0.267705,0.5,0.4,0
2,7,1.77196,-2.99573,0.00236407,0.00236407,0.00236407,0.100116,True,empty floor,sound_similarity,0,0.0666667,0.301765,0,0.0666667,0.026054,0,0.0666667,0.0565887,0,0.0666667,0.124016,0,0.0666667,0.229857,0,0.0666667,0.225025,0,0.0666667,0.110743,0,0.0666667,0.159985,0,0.0666667,0.267705,0.5,0.4,0
-1.25,7.5,2.16455,-2.99573,0.00236407,0.00236407,0.00236407,0.100116,True,empty floor,sound_similarity,0,0.0666667,0.301765,0,0.0666667,0.026054,0,0.0666667,0.0565887,0,0.0666667,0.124016,0,0.0666667,0.229857,0,0.0666667,0.225025,0,0.0666667,0.110743,0,0.0666667,0.159985,0,0.0666667,0.267705,0.5,0.4,0
-0.75,7.5,1.80038,-2.99573,0.00236407,0.00236407,0.00236407,0.150174,False,tv,sound_similarity,0,0.1,0.301765,0,0.1,0.026054,0,0.1,0.0565887,0,0.1,0.124016,0,0.1,0.229857,0,0.1,0.225025,0,0.1,0.110743,0,0.1,0.159985,0,0.1,0.267705,0,0.1,0
0.25,7.5,1.36145,-2.99573,0.00236407,0.00236407,0.00236407,0.150174,False,tv,sound_similarity,0,0.1,0.301765,0,0.1,0.026054,0,0.1,0.0565887,0,0.1,0.124016,0,0.1,0.229857,0,0.1,0.225025,0,0.1,0.110743,0,0.1,0.159985,0,0.1,0.267705,0,0.1,0
-0.75,7.75,1.9944,-2.99573,0.00236407,0.00236407,0.00236407,0.150174,False,tv,sound_similarity,0,0.1,0.301765,0,0.1,0.026054,0,0.1,0.0565887,0,0.1,0.124016,0,0.1,0.229857,0,0.1,0.225025,0,0.1,0.110743,0,0.1,0.159985,0,0.1,0.267705,0,0.1,0
1.75,7.75,2.06353,-2.99573,0.00236407,0.00236407,0.00236407,0.100116,True,empty floor,sound_similarity,0,0.0666667,0.301765,0,0.0666667,0.026054,0,0.0666667,0.0565887,0,0.0666667,0.124016,0,0.0666667,0.229857,0,0.0666667,0.225025,0,0.0666667,0.110743,0,0.0666667,0.159985,0,0.0666667,0.267705,0.5,0.4,0
1.5,7.75,1.9151,-2.99573,0.00236407,0.00236407,0.00236407,0.100116,True,empty floor,sound_similarity,0,0.0666667,0.301765,0,0.0666667,0.026054,0,0.0666667,0.0565887,0,0.0666667,0.124016,0,0.0666667,0.229857,0,0.0666667,0.225025,0,0.0666667,0.110743,0,0.0666667,0.159985,0,0.0666667,0.267705,0.5,0.4,0
1.25,7.75,1.78943,-2.99573,0.00236407,0.00236407,0.00236407,0.100116,True,empty floor,sound_similarity,0,0.0666667,0.301765,0,0.0666667,0.026054,0,0.0666667,0.0565887,0,0.0666667,0.124016,0,0.0666667,0.229857,0,0.0666667,0.225025,0,0.0666667,0.110743,0,0.0666667,0.159985,0,0.0666667,0.267705,0.5,0.4,0
1,7.75,1.6916,-2.99573,0.00236407,0.00236407,0.00236407,0.150174,False,tv,sound_similarity,0,0.1,0.301765,0,0.1,0.026054,0,0.1,0.0565887,0,0.1,0.124016,0,0.1,0.229857,0,0.1,0.225025,0,0.1,0.110743,0,0.1,0.159985,0,0.1,0.267705,0,0.1,0
0.75,7.75,1.62664,-2.99573,0.00236407,0.00236407,0.00236407,0.150174,False,tv,sound_similarity,0,0.1,0.301765,0,0.1,0.026054,0,0.1,0.0565887,0,0.1,0.124016,0,0.1,0.229857,0,0.1,0.225025,0,0.1,0.110743,0,0.1,0.159985,0,0.1,0.267705,0,0.1,0
0.5,7.75,1.59856,-2.99573,0.00236407,0.00236407,0.00236407,0.150174,False,tv,sound_similarity,0,0.1,0.301765,0,0.1,0.026054,0,0.1,0.0565887,0,0.1,0.124016,0,0.1,0.229857,0,0.1,0.225025,0,0.1,0.110743,0,0.1,0.159985,0,0.1,0.267705,0,0.1,0
0.25,7.75,1.6093,-2.99573,0.00236407,0.00236407,0.00236407,0.150174,False,tv,sound_similarity,0,0.1,0.301765,0,0.1,0.026054,0,0.1,0.0565887,0,0.1,0.124016,0,0.1,0.229857,0,0.1,0.225025,0,0.1,0.110743,0,0.1,0.159985,0,0.1,0.267705,0,0.1,0
0,7.75,1.6581,-2.99573,0.00236407,0.00236407,0.00236407,0.150174,False,tv,sound_similarity,0,0.1,0.301765,0,0.1,0.026054,0,0.1,0.0565887,0,0.1,0.124016,0,0.1,0.229857,0,0.1,0.225025,0,0.1,0.110743,0,0.1,0.159985,0,0.1,0.267705,0,0.1,0
-0.25,7.75,1.74176,-2.99573,0.00236407,0.00236407,0.00236407,0.150174,False,tv,sound_similarity,0,0.1,0.301765,0,0.1,0.026054,0,0.1,0.0565887,0,0.1,0.124016,0,0.1,0.229857,0,0.1,0.225025,0,0.1,0.110743,0,0.1,0.159985,0,0.1,0.267705,0,0.1,0
-0.5,7.75,1.85558,-2.99573,0.00236407,0.00236407,0.00236407,0.150174,False,tv,sound_similarity,0,0.1,0.301765,0,0.1,0.026054,0,0.1,0.0565887,0,0.1,0.124016,0,0.1,0.229857,0,0.1,0.225025,0,0.1,0.110743,0,0.1,0.159985,0,0.1,0.267705,0,0.1,0
-1,7.75,2.15339,-2.99573,0.00236407,0.00236407,0.00236407,0.150174,False,tv,sound_similarity,0,0.1,0.301765,0,0.1,0.026054,0,0.1,0.0565887,0,0.1,0.124016,0,0.1,0.229857,0,0.1,0.225025,0,0.1,0.110743,0,0.1,0.159985,0,0.1,0.267705,0,0.1,0
0.5,7.5,1.34874,-2.99573,0.00236407,0.00236407,0.00236407,0.150174,False,tv,sound_similarity,0,0.1,0.301765,0,0.1,0.026054,0,0.1,0.0565887,0,0.1,0.124016,0,0.1,0.229857,0,0.1,0.225025,0,0.1,0.110743,0,0.1,0.159985,0,0.1,0.267705,0,0.1,0
-1.25,7.75,2.32842,-2.99573,0.00236407,0.00236407,0.00236407,0.150174,False,tv,sound_similarity,0,0.1,0.301765,0,0.1,0.026054,0,0.1,0.0565887,0,0.1,0.124016,0,0.1,0.229857,0,0.1,0.225025,0,0.1,0.110743,0,0.1,0.159985,0,0.1,0.267705,0,0.1,0
-1.5,7.75,2.51615,-2.99573,0.00236407,0.00236407,0.00236407,0.100116,True,empty floor,sound_similarity,0,0.0666667,0.301765,0,0.0666667,0.026054,0,0.0666667,0.0565887,0,0.0666667,0.124016,0,0.0666667,0.229857,0,0.0666667,0.225025,0,0.0666667,0.110743,0,0.0666667,0.159985,0,0.0666667,0.267705,0.5,0.4,0
-1.75,7.75,2.71394,-2.99573,0.00236407,0.00236407,0.00236407,0.100116,True,empty floor,sound_similarity,0,0.0666667,0.301765,0,0.0666667,0.026054,0,0.0666667,0.0565887,0,0.0666667,0.124016,0,0.0666667,0.229857,0,0.0666667,0.225025,0,0.0666667,0.110743,0,0.0666667,0.159985,0,0.0666667,0.267705,0.5,0.4,0
-2.25,7.75,3.13199,-2.99573,0.00236407,0.00236407,0.00236407,0.100116,True,empty floor,sound_similarity,0,0.0666667,0.301765,0,0.0666667,0.026054,0,0.0666667,0.0565887,0,0.0666667,0.124016,0,0.0666667,0.229857,0,0.0666667,0.225025,0,0.0666667,0.110743,0,0.0666667,0.159985,0,0.0666667,0.267705,0.5,0.4,0
2,7.5,2.0585,-2.99573,0.00236407,0.00236407,0.00236407,0.100116,True,empty floor,sound_similarity,0,0.0666667,0.301765,0,0.0666667,0.026054,0,0.0666667,0.0565887,0,0.0666667,0.124016,0,0.0666667,0.229857,0,0.0666667,0.225025,0,0.0666667,0.110743,0,0.0666667,0.159985,0,0.0666667,0.267705,0.5,0.4,0
1.75,7.5,1.87666,-2.99573,0.00236407,0.00236407,0.00236407,0.100116,True,empty floor,sound_similarity,0,0.0666667,0.301765,0,0.0666667,0.026054,0,0.0666667,0.0565887,0,0.0666667,0.124016,0,0.0666667,0.229857,0,0.0666667,0.225025,0,0.0666667,0.110743,0,0.0666667,0.159985,0,0.0666667,0.267705,0.5,0.4,0
1.5,7.5,1.71211,-2.99573,0.00236407,0.00236407,0.00236407,0.100116,True,empty floor,sound_similarity,0,0.0666667,0.301765,0,0.0666667,0.026054,0,0.0666667,0.0565887,0,0.0666667,0.124016,0,0.0666667,0.229857,0,0.0666667,0.225025,0,0.0666667,0.110743,0,0.0666667,0.159985,0,0.0666667,0.267705,0.5,0.4,0
1.25,7.5,1.57027,-2.99573,0.00236407,0.00236407,0.00236407,0.100116,True,empty floor,sound_similarity,0,0.0666667,0.301765,0,0.0666667,0.026054,0,0.0666667,0.0565887,0,0.0666667,0.124016,0,0.0666667,0.229857,0,0.0666667,0.225025,0,0.0666667,0.110743,0,0.0666667,0.159985,0,0.0666667,0.267705,0.5,0.4,0
1,7.5,1.45781,-2.99573,0.00236407,0.00236407,0.00236407,0.150174,False,tv,sound_similarity,0,0.1,0.301765,0,0.1,0.026054,0,0.1,0.0565887,0,0.1,0.124016,0,0.1,0.229857,0,0.1,0.225025,0,0.1,0.110743,0,0.1,0.159985,0,0.1,0.267705,0,0.1,0
0.75,7.5,1.3819,-2.99573,0.00236407,0.00236407,0.00236407,0.150174,False,tv,sound_similarity,0,0.1,0.301765,0,0.1,0.026054,0,0.1,0.0565887,0,0.1,0.124016,0,0.1,0.229857,0,0.1,0.225025,0,0.1,0.110743,0,0.1,0.159985,0,0.1,0.267705,0,0.1,0
1.75,7,1.55701,-2.99573,0.00236407,0.00236407,0.00236407,0.100116,True,empty floor,sound_similarity,0,0.0666667,0.301765,0,0.0666667,0.026054,0,0.0666667,0.0565887,0,0.0666667,0.124016,0,0.0666667,0.229857,0,0.0666667,0.225025,0,0.0666667,0.110743,0,0.0666667,0.159985,0,0.0666667,0.267705,0.5,0.4,0
1.25,7,1.16969,-2.99573,0.00236407,0.00236407,0.00236407,0.100116,True,empty floor,sound_similarity,0,0.0666667,0.301765,0,0.0666667,0.026054,0,0.0666667,0.0565887,0,0.0666667,0.124016,0,0.0666667,0.229857,0,0.0666667,0.225025,0,0.0666667,0.110743,0,0.0666667,0.159985,0,0.0666667,0.267705,0.5,0.4,0
1.5,6.25,1.0606,-2.99573,0.00236407,0.00236407,0.00236407,0.100116,True,empty floor,sound_similarity,0,0.0666667,0.301765,0,0.0666667,0.026054,0,0.0666667,0.0565887,0,0.0666667,0.124016,0,0.0666667,0.229857,0,0.0666667,0.225025,0,0.0666667,0.110743,0,0.0666667,0.159985,0,0.0666667,0.267705,0.5,0.4,0
1,7,1.01372,-2.99573,0.00236407,0.00236407,0.00236407,0.100116,True,empty floor,sound_similarity,0,0.0666667,0.301765,0,0.0666667,0.026054,0,0.0666667,0.0565887,0,0.0666667,0.124016,0,0.0666667,0.229857,0,0.0666667,0.225025,0,0.0666667,0.110743,0,0.0666667,0.159985,0,0.0666667,0.267705,0.5,0.4,0
-1.5,6.75,2.03368,-2.99573,0.00236407,0.00236407,0.00236407,0.100116,True,empty floor,sound_similarity,0,0.0666667,0.301765,0,0.0666667,0.026054,0,0.0666667,0.0565887,0,0.0666667,0.124016,0,0.0666667,0.229857,0,0.0666667,0.225025,0,0.0666667,0.110743,0,0.0666667,0.159985,0,0.0666667,0.267705,0.5,0.4,0
-1.75,6.75,2.27383,-2.99573,0.00236407,0.00236407,0.00236407,0.100116,True,empty floor,sound_similarity,0,0.0666667,0.301765,0,0.0666667,0.026054,0,0.0666667,0.0565887,0,0.0666667,0.124016,0,0.0666667,0.229857,0,0.0666667,0.225025,0,0.0666667,0.110743,0,0.0666667,0.159985,0,0.0666667,0.267705,0.5,0.4,0
-2.25,6.75,2.75938,-2.99573,0.00236407,0.00236407,0.00236407,0.100116,True,empty floor,sound_similarity,0,0.0666667,0.301765,0,0.0666667,0.026054,0,0.0666667,0.0565887,0,0.0666667,0.124016,0,0.0666667,0.229857,0,0.0666667,0.225025,0,0.0666667,0.110743,0,0.0666667,0.159985,0,0.0666667,0.267705,0.5,0.4,0
2,6.5,1.59445,-2.99573,0.00236407,0.00236407,0.00236407,0.100116,True,empty floor,sound_similarity,0,0.0666667,0.301765,0,0.0666667,0.026054,0,0.0666667,0.0565887,0,0.0666667,0.124016,0,0.0666667,0.229857,0,0.0666667,0.225025,0,0.0666667,0.110743,0,0.0666667,0.159985,0,0.0666667,0.267705,0.5,0.4,0
1.75,6.5,1.35156,-2.99573,0.00236407,0.00236407,0.00236407,0.100116,True,empty floor,sound_similarity,0,0.0666667,0.301765,0,0.0666667,0.026054,0,0.0666667,0.0565887,0,0.0666667,0.124016,0,0.0666667,0.229857,0,0.0666667,0.225025,0,0.0666667,0.110743,0,0.0666667,0.159985,0,0.0666667,0.267705,0.5,0.4,0
1.5,6.5,1.11183,-2.99573,0.00236407,0.00236407,0.00236407,0.100116,True,empty floor,sound_similarity,0,0.0666667,0.301765,0,0.0666667,0.026054,0,0.0666667,0.0565887,0,0.0666667,0.124016,0,0.0666667,0.229857,0,0.0666667,0.225025,0,0.0666667,0.110743,0,0.0666667,0.159985,0,0.0666667,0.267705,0.5,0.4,0
1.25,6.5,0.877842,-2.99573,0.00236407,0.00236407,0.00236407,0.100116,True,empty floor,sound_similarity,0,0.0666667,0.301765,0,0.0666667,0.026054,0,0.0666667,0.0565887,0,0.0666667,0.124016,0,0.0666667,0.229857,0,0.0666667,0.225025,0,0.0666667,0.110743,0,0.0666667,0.159985,0,0.0666667,0.267705,0.5,0.4,0
1,6.5,0.655786,-2.99573,0.00236407,0.00236407,0.00236407,0.103381,True,couch,sound_similarity,0,0.05,0.301765,0,0.05,0.026054,1,0.55,0.0565887,0,0.05,0.124016,0,0.05,0.229857,0,0.05,0.225025,0,0.05,0.110743,0,0.05,0.159985,0,0.05,0.267705,0,0.05,0
0.75,6.5,0.463148,-2.99573,0.00236407,0.00236407,0.00236407,0.100116,True,empty floor,sound_similarity,0,0.0666667,0.301765,0,0.0666667,0.026054,0,0.0666667,0.0565887,0,0.0666667,0.124016,0,0.0666667,0.229857,0,0.0666667,0.225025,0,0.0666667,0.110743,0,0.0666667,0.159985,0,0.0666667,0.267705,0.5,0.4,0
0.5,6.5,0.352074,-2.99573,0.00236407,0.00236407,0.00236407,0.150174,False,tv,sound_similarity,0,0.1,0.301765,0,0.1,0.026054,0,0.1,0.0565887,0,0.1,0.124016,0,0.1,0.229857,0,0.1,0.225025,0,0.1,0.110743,0,0.1,0.159985,0,0.1,0.267705,0,0.1,0
0.25,6.5,0.398002,-2.99573,0.00236407,0.00236407,0.00236407,0.100116,True,empty floor,sound_similarity,0,0.0666667,0.301765,0,0.0666667,0.026054,0,0.0666667,0.0565887,0,0.0666667,0.124016,0,0.0666667,0.229857,0,0.0666667,0.225025,0,0.0666667,0.110743,0,0.0666667,0.159985,0,0.0666667,0.267705,0.5,0.4,0
0,6.5,0.563787,-2.99573,0.00236407,0.00236407,0.00236407,0.100116,True,empty floor,sound_similarity,0,0.0666667,0.301765,0,0.0666667,0.026054,0,0.0666667,0.0565887,0,0.0666667,0.124016,0,0.0666667,0.229857,0,0.0666667,0.225025,0,0.0666667,0.110743,0,0.0666667,0.159985,0,0.0666667,0.267705,0.5,0.4,0
-0.25,6.5,0.776084,-2.99573,0.00236407,0.00236407,0.00236407,0.100116,True,empty floor,sound_similarity,0,0.0666667,0.301765,0,0.0666667,0.026054,0,0.0666667,0.0565887,0,0.0666667,0.124016,0,0.0666667,0.229857,0,0.0666667,0.225025,0,0.0666667,0.110743,0,0.0666667,0.159985,0,0.0666667,0.267705,0.5,0.4,0
-0.5,6.5,1.00586,-2.99573,0.00236407,0.00236407,0.00236407,0.100116,True,empty floor,sound_similarity,0,0.0666667,0.301765,0,0.0666667,0.026054,0,0.0666667,0.0565887,0,0.0666667,0.124016,0,0.0666667,0.229857,0,0.0666667,0.225025,0,0.0666667,0.110743,0,0.0666667,0.159985,0,0.0666667,0.267705,0.5,0.4,0
-0.75,6.5,1.24347,-2.99573,0.00236407,0.00236407,0.00236407,0.100116,True,empty floor,sound_similarity,0,0.0666667,0.301765,0,0.0666667,0.026054,0,0.0666667,0.0565887,0,0.0666667,0.124016,0,0.0666667,0.229857,0,0.0666667,0.225025,0,0.0666667,0.110743,0,0.0666667,0.159985,0,0.0666667,0.267705,0.5,0.4,0
-1,6.5,1.48514,-2.99573,0.00236407,0.00236407,0.00236407,0.100116,True,empty floor,sound_similarity,0,0.0666667,0.301765,0,0.0666667,0.026054,0,0.0666667,0.0565887,0,0.0666667,0.124016,0,0.0666667,0.229857,0,0.0666667,0.225025,0,0.0666667,0.110743,0,0.0666667,0.159985,0,0.0666667,0.267705,0.5,0.4,0
-1.25,6.5,1.72919,-2.99573,0.00236407,0.00236407,0.00236407,0.100116,True,empty floor,sound_similarity,0,0.0666667,0.301765,0,0.0666667,0.026054,0,0.0666667,0.0565887,0,0.0666667,0.124016,0,0.0666667,0.229857,0,0.0666667,0.225025,0,0.0666667,0.110743,0,0.0666667,0.159985,0,0.0666667,0.267705,0.5,0.4,0
-1.5,6.5,1.97473,-2.99573,0.00236407,0.00236407,0.00236407,0.100116,True,empty floor,sound_similarity,0,0.0666667,0.301765,0,0.0666667,0.026054,0,0.0666667,0.0565887,0,0.0666667,0.124016,0,0.0666667,0.229857,0,0.0666667,0.225025,0,0.0666667,0.110743,0,0.0666667,0.159985,0,0.0666667,0.267705,0.5,0.4,0
-1.75,6.5,2.22126,-2.99573,0.00236407,0.00236407,0.00236407,0.100116,True,empty floor,sound_similarity,0,0.0666667,0.301765,0,0.0666667,0.026054,0,0.0666667,0.0565887,0,0.0666667,0.124016,0,0.0666667,0.229857,0,0.0666667,0.225025,0,0.0666667,0.110743,0,0.0666667,0.159985,0,0.0666667,0.267705,0.5,0.4,0
-2,6.5,2.46849,-2.99573,0.00236407,0.00236407,0.00236407,0.100116,True,empty floor,sound_similarity,0,0.0666667,0.301765,0,0.0666667,0.026054,0,0.0666667,0.0565887,0,0.0666667,0.124016,0,0.0666667,0.229857,0,0.0666667,0.225025,0,0.0666667,0.110743,0,0.0666667,0.159985,0,0.0666667,0.267705,0.5,0.4,0
-2.25,6.5,2.71623,-2.99573,0.00236407,0.00236407,0.00236407,0.100116,True,empty floor,sound_similarity,0,0.0666667,0.301765,0,0.0666667,0.026054,0,0.0666667,0.0565887,0,0.0666667,0.124016,0,0.0666667,0.229857,0,0.0666667,0.225025,0,0.0666667,0.110743,0,0.0666667,0.159985,0,0.0666667,0.267705,0.5,0.4,0
2,6.25,1.55916,-2.99573,0.00236407,0.00236407,0.00236407,0.100116,True,empty floor,sound_similarity,0,0.0666667,0.301765,0,0.0666667,0.026054,0,0.0666667,0.0565887,0,0.0666667,0.124016,0,0.0666667,0.229857,0,0.0666667,0.225025,0,0.0666667,0.110743,0,0.0666667,0.159985,0,0.0666667,0.267705,0.5,0.4,0
1.75,6.25,1.30974,-2.99573,0.00236407,0.00236407,0.00236407,0.100116,True,empty floor,sound_similarity,0,0.0666667,0.301765,0,0.0666667,0.026054,0,0.0666667,0.0565887,0,0.0666667,0.124016,0,0.0666667,0.229857,0,0.0666667,0.225025,0,0.0666667,0.110743,0,0.0666667,0.159985,0,0.0666667,0.267705,0.5,0.4,0
-1.25,6.75,1.79622,-2.99573,0.00236407,0.00236407,0.00236407,0.100116,True,empty floor,sound_similarity,0,0.0666667,0.301765,0,0.0666667,0.026054,0,0.0666667,0.0565887,0,0.0666667,0.124016,0,0.0666667,0.229857,0,0.0666667,0.225025,0,0.0666667,0.110743,0,0.0666667,0.159985,0,0.0666667,0.267705,0.5,0.4,0
-1,6.75,1.56267,-2.99573,0.00236407,0.00236407,0.00236407,0.100116,True,empty floor,sound_similarity,0,0.0666667,0.301765,0,0.0666667,0.026054,0,0.0666667,0.0565887,0,0.0666667,0.124016,0,0.0666667,0.229857,0,0.0666667,0.225025,0,0.0666667,0.110743,0,0.0666667,0.159985,0,0.0666667,0.267705,0.5,0.4,0
-0.75,6.75,1.3351,-2.99573,0.00236407,0.00236407,0.00236407,0.100116,True,empty floor,sound_similarity,0,0.0666667,0.301765,0,0.0666667,0.026054,0,0.0666667,0.0565887,0,0.0666667,0.124016,0,0.0666667,0.229857,0,0.0666667,0.225025,0,0.0666667,0.110743,0,0.0666667,0.159985,0,0.0666667,0.267705,0.5,0.4,0
-1.75,7,2.35193,-2.99573,0.00236407,0.00236407,0.00236407,0.100116,True,empty floor,sound_similarity,0,0.0666667,0.301765,0,0.0666667,0.026054,0,0.0666667,0.0565887,0,0.0666667,0.124016,0,0.0666667,0.229857,0,0.0666667,0.225025,0,0.0666667,0.110743,0,0.0666667,0.159985,0,0.0666667,0.267705,0.5,0.4,0
0.75,7,0.901155,-2.99573,0.00236407,0.00236407,0.00236407,0.150174,False,tv,sound_similarity,0,0.1,0.301765,0,0.1,0.026054,0,0.1,0.0565887,0,0.1,0.124016,0,0.1,0.229857,0,0.1,0.225025,0,0.1,0.110743,0,0.1,0.159985,0,0.1,0.267705,0,0.1,0
0.5,7,0.84943,-2.99573,0.00236407,0.00236407,0.00236407,0.150174,False,tv,sound_similarity,0,0.1,0.301765,0,0.1,0.026054,0,0.1,0.0565887,0,0.1,0.124016,0,0.1,0.229857,0,0.1,0.225025,0,0.1,0.110743,0,0.1,0.159985,0,0.1,0.267705,0,0.1,0
0.25,7,0.869472,-2.99573,0.00236407,0.00236407,0.00236407,0.150174,False,tv,sound_similarity,0,0.1,0.301765,0,0.1,0.026054,0,0.1,0.0565887,0,0.1,0.124016,0,0.1,0.229857,0,0.1,0.225025,0,0.1,0.110743,0,0.1,0.159985,0,0.1,0.267705,0,0.1,0
0,7,0.956782,-2.99573,0.00236407,0.00236407,0.00236407,0.150174,False,tv,sound_similarity,0,0.1,0.301765,0,0.1,0.026054,0,0.1,0.0565887,0,0.1,0.124016,0,0.1,0.229857,0,0.1,0.225025,0,0.1,0.110743,0,0.1,0.159985,0,0.1,0.267705,0,0.1,0
-0.25,7,1.09539,-2.99573,0.00236407,0.00236407,0.00236407,0.100116,True,empty floor,sound_similarity,0,0.0666667,0.301765,0,0.0666667,0.026054,0,0.0666667,0.0565887,0,0.0666667,0.124016,0,0.0666667,0.229857,0,0.0666667,0.225025,0,0.0666667,0.110743,0,0.0666667,0.159985,0,0.0666667,0.267705,0.5,0.4,0
-0.5,7,1.26859,-2.99573,0.00236407,0.00236407,0.00236407,0.100116,True,empty floor,sound_similarity,0,0.0666667,0.301765,0,0.0666667,0.026054,0,0.0666667,0.0565887,0,0.0666667,0.124016,0,0.0666667,0.229857,0,0.0666667,0.225025,0,0.0666667,0.110743,0,0.0666667,0.159985,0,0.0666667,0.267705,0.5,0.4,0
-0.75,7,1.46417,-2.99573,0.00236407,0.00236407,0.00236407,0.100116,True,empty floor,sound_similarity,0,0.0666667,0.301765,0,0.0666667,0.026054,0,0.0666667,0.0565887,0,0.0666667,0.124016,0,0.0666667,0.229857,0,0.0666667,0.225025,0,0.0666667,0.110743,0,0.0666667,0.159985,0,0.0666667,0.267705,0.5,0.4,0
-1,7,1.67429,-2.99573,0.00236407,0.00236407,0.00236407,0.100116,True,empty floor,sound_similarity,0,0.0666667,0.301765,0,0.0666667,0.026054,0,0.0666667,0.0565887,0,0.0666667,0.124016,0,0.0666667,0.229857,0,0.0666667,0.225025,0,0.0666667,0.110743,0,0.0666667,0.159985,0,0.0666667,0.267705,0.5,0.4,0
-1.25,7,1.89412,-2.99573,0.00236407,0.00236407,0.00236407,0.100116,True,empty floor,sound_similarity,0,0.0666667,0.301765,0,0.0666667,0.026054,0,0.0666667,0.0565887,0,0.0666667,0.124016,0,0.0666667,0.229857,0,0.0666667,0.225025,0,0.0666667,0.110743,0,0.0666667,0.159985,0,0.0666667,0.267705,0.5,0.4,0
-1.5,7,2.12064,-2.99573,0.00236407,0.00236407,0.00236407,0.100116,True,empty floor,sound_similarity,0,0.0666667,0.301765,0,0.0666667,0.026054,0,0.0666667,0.0565887,0,0.0666667,0.124016,0,0.0666667,0.229857,0,0.0666667,0.225025,0,0.0666667,0.110743,0,0.0666667,0.159985,0,0.0666667,0.267705,0.5,0.4,0
-2,7,2.5867,-2.99573,0.00236407,0.00236407,0.00236407,0.208939,True,clock,sound_similarity,0,0.05,0.301765,0,0.05,0.026054,0,0.05,0.0565887,0,0.05,0.124016,0,0.05,0.229857,0,0.05,0.225025,0,0.05,0.110743,0,0.05,0.159985,1,0.55,0.267705,0,0.05,0
-0.5,6.75,1.11716,-2.99573,0.00236407,0.00236407,0.00236407,0.100116,True,empty floor,sound_similarity,0,0.0666667,0.301765,0,0.0666667,0.026054,0,0.0666667,0.0565887,0,0.0666667,0.124016,0,0.0666667,0.229857,0,0.0666667,0.225025,0,0.0666667,0.110743,0,0.0666667,0.159985,0,0.0666667,0.267705,0.5,0.4,0
-2.25,7,2.82409,-2.99573,0.00236407,0.00236407,0.00236407,0.100116,True,empty floor,sound_similarity,0,0.0666667,0.301765,0,0.0666667,0.026054,0,0.0666667,0.0565887,0,0.0666667,0.124016,0,0.0666667,0.229857,0,0.0666667,0.225025,0,0.0666667,0.110743,0,0.0666667,0.159985,0,0.0666667,0.267705,0.5,0.4,0
2,6.75,1.6669,-2.99573,0.00236407,0.00236407,0.00236407,0.100116,True,empty floor,sound_similarity,0,0.0666667,0.301765,0,0.0666667,0.026054,0,0.0666667,0.0565887,0,0.0666667,0.124016,0,0.0666667,0.229857,0,0.0666667,0.225025,0,0.0666667,0.110743,0,0.0666667,0.159985,0,0.0666667,0.267705,0.5,0.4,0
1.75,6.75,1.43631,-2.99573,0.00236407,0.00236407,0.00236407,0.100116,True,empty floor,sound_similarity,0,0.0666667,0.301765,0,0.0666667,0.026054,0,0.0666667,0.0565887,0,0.0666667,0.124016,0,0.0666667,0.229857,0,0.0666667,0.225025,0,0.0666667,0.110743,0,0.0666667,0.159985,0,0.0666667,0.267705,0.5,0.4,0
1.5,6.75,1.21344,-2.99573,0.00236407,0.00236407,0.00236407,0.100116,True,empty floor,sound_similarity,0,0.0666667,0.301765,0,0.0666667,0.026054,0,0.0666667,0.0565887,0,0.0666667,0.124016,0,0.0666667,0.229857,0,0.0666667,0.225025,0,0.0666667,0.110743,0,0.0666667,0.159985,0,0.0666667,0.267705,0.5,0.4,0
1,6.75,0.816299,-2.99573,0.00236407,0.00236407,0.00236407,0.100116,True,empty floor,sound_similarity,0,0.0666667,0.301765,0,0.0666667,0.026054,0,0.0666667,0.0565887,0,0.0666667,0.124016,0,0.0666667,0.229857,0,0.0666667,0.225025,0,0.0666667,0.110743,0,0.0666667,0.159985,0,0.0666667,0.267705,0.5,0.4,0
0.75,6.75,0.671412,-2.99573,0.00236407,0.00236407,0.00236407,0.100116,True,empty floor,sound_similarity,0,0.0666667,0.301765,0,0.0666667,0.026054,0,0.0666667,0.0565887,0,0.0666667,0.124016,0,0.0666667,0.229857,0,0.0666667,0.225025,0,0.0666667,0.110743,0,0.0666667,0.159985,0,0.0666667,0.267705,0.5,0.4,0
0.5,6.75,0.600203,-2.99573,0.00236407,0.00236407,0.00236407,0.150174,False,tv,sound_similarity,0,0.1,0.301765,0,0.1,0.026054,0,0.1,0.0565887,0,0.1,0.124016,0,0.1,0.229857,0,0.1,0.225025,0,0.1,0.110743,0,0.1,0.159985,0,0.1,0.267705,0,0.1,0
0.25,6.75,0.628246,-2.99573,0.00236407,0.00236407,0.00236407,0.100116,True,empty floor,sound_similarity,0,0.0666667,0.301765,0,0.0666667,0.026054,0,0.0666667,0.0565887,0,0.0666667,0.124016,0,0.0666667,0.229857,0,0.0666667,0.225025,0,0.0666667,0.110743,0,0.0666667,0.159985,0,0.0666667,0.267705,0.5,0.4,0
0,6.75,0.744408,-2.99573,0.00236407,0.00236407,0.00236407,0.100116,True,empty floor,sound_similarity,0,0.0666667,0.301765,0,0.0666667,0.026054,0,0.0666667,0.0565887,0,0.0666667,0.124016,0,0.0666667,0.229857,0,0.0666667,0.225025,0,0.0666667,0.110743,0,0.0666667,0.159985,0,0.0666667,0.267705,0.5,0.4,0
-0.25,6.75,0.915747,-2.99573,0.00236407,0.00236407,0.00236407,0.100116,True,empty floor,sound_similarity,0,0.0666667,0.301765,0,0.0666667,0.026054,0,0.0666667,0.0565887,0,0.0666667,0.124016,0,0.0666667,0.229857,0,0.0666667,0.225025,0,0.0666667,0.110743,0,0.0666667,0.159985,0,0.0666667,0.267705,0.5,0.4,0
0.75,4.75,1.43544,-2.84026,0.00236407,0.00236407,0.00236407,0.100116,True,empty floor,sound_similarity,0,0.0666667,0.301765,0,0.0666667,0.026054,0,0.0666667,0.0565887,0,0.0666667,0.124016,0,0.0666667,0.229857,0,0.0666667,0.225025,0,0.0666667,0.110743,0,0.0666667,0.159985,0,0.0666667,0.267705,0.5,0.4,0
0.25,4.75,1.41577,-0.74062,0.00236407,0.00236407,0.00236407,0.100116,True,empty floor,sound_similarity,0,0.0666667,0.301765,0,0.0666667,0.026054,0,0.0666667,0.0565887,0,0.0666667,0.124016,0,0.0666667,0.229857,0,0.0666667,0.225025,0,0.0666667,0.110743,0,0.0666667,0.159985,0,0.0666667,0.267705,0.5,0.4,0
-2,1.75,5.03527,-0.214223,0.00236407,0.00236407,0.00236407,0.100116,True,empty floor,sound_similarity,0,0.0666667,0.301765,0,0.0666667,0.026054,0,0.0666667,0.0565887,0,0.0666667,0.124016,0,0.0666667,0.229857,0,0.0666667,0.225025,0,0.0666667,0.110743,0,0.0666667,0.159985,0,0.0666667,0.267705,0.5,0.4,0
-1.75,2.5,4.26068,-0.341822,0.00236407,0.00236407,0.00236407,0.100116,True,empty floor,sound_similarity,0,0.0666667,0.301765,0,0.0666667,0.026054,0,0.0666667,0.0565887,0,0.0666667,0.124016,0,0.0666667,0.229857,0,0.0666667,0.225025,0,0.0666667,0.110743,0,0.0666667,0.159985,0,0.0666667,0.267705,0.5,0.4,0
0.25,2.75,3.40795,-1.27237,0.00236407,0.00236407,0.00236407,0.100116,True,empty floor,sound_similarity,0,0.0666667,0.301765,0,0.0666667,0.026054,0,0.0666667,0.0565887,0,0.0666667,0.124016,0,0.0666667,0.229857,0,0.0666667,0.225025,0,0.0666667,0.110743,0,0.0666667,0.159985,0,0.0666667,0.267705,0.5,0.4,0
0,2.75,3.43126,-0.786451,0.00236407,0.00236407,0.00236407,0.100116,True,empty floor,sound_similarity,0,0.0666667,0.301765,0,0.0666667,0.026054,0,0.0666667,0.0565887,0,0.0666667,0.124016,0,0.0666667,0.229857,0,0.0666667,0.225025,0,0.0666667,0.110743,0,0.0666667,0.159985,0,0.0666667,0.267705,0.5,0.4,0
-0.25,2.75,3.47246,-0.406983,0.00236407,0.00236407,0.00236407,0.100116,True,empty floor,sound_similarity,0,0.0666667,0.301765,0,0.0666667,0.026054,0,0.0666667,0.0565887,0,0.0666667,0.124016,0,0.0666667,0.229857,0,0.0666667,0.225025,0,0.0666667,0.110743,0,0.0666667,0.159985,0,0.0666667,0.267705,0.5,0.4,0
-0.5,2.75,3.53093,-0.152231,0.00236407,0.00236407,0.00236407,0.100116,True,empty floor,sound_similarity,0,0.0666667,0.301765,0,0.0666667,0.026054,0,0.0666667,0.0565887,0,0.0666667,0.124016,0,0.0666667,0.229857,0,0.0666667,0.225025,0,0.0666667,0.110743,0,0.0666667,0.159985,0,0.0666667,0.267705,0.5,0.4,0
-0.75,2.75,3.60581,-0.0221573,0.00236407,0.00236407,0.00236407,0.100116,True,empty floor,sound_similarity,0,0.0666667,0.301765,0,0.0666667,0.026054,0,0.0666667,0.0565887,0,0.0666667,0.124016,0,0.0666667,0.229857,0,0.0666667,0.225025,0,0.0666667,0.110743,0,0.0666667,0.159985,0,0.0666667,0.267705,0.5,0.4,0
-1,2.75,3.69613,-0.00680905,0.00236407,0.00236407,0.00236407,0.100116,True,empty floor,sound_similarity,0,0.0666667,0.301765,0,0.0666667,0.026054,0,0.0666667,0.0565887,0,0.0666667,0.124016,0,0.0666667,0.229857,0,0.0666667,0.225025,0,0.0666667,0.110743,0,0.0666667,0.159985,0,0.0666667,0.267705,0.5,0.4,0
-1.25,2.75,3.80076,-0.0909707,0.00236407,0.00236407,0.00236407,0.100116,True,empty floor,sound_similarity,0,0.0666667,0.301765,0,0.0666667,0.026054,0,0.0666667,0.0565887,0,0.0666667,0.124016,0,0.0666667,0.229857,0,0.0666667,0.225025,0,0.0666667,0.110743,0,0.0666667,0.159985,0,0.0666667,0.267705,0.5,0.4,0
-1.5,2.75,3.91858,-0.256888,0.00236407,0.00236407,0.00236407,0.100116,True,empty floor,sound_similarity,0,0.0666667,0.301765,0,0.0666667,0.026054,0,0.0666667,0.0565887,0,0.0666667,0.124016,0,0.0666667,0.229857,0,0.0666667,0.225025,0,0.0666667,0.110743,0,0.0666667,0.159985,0,0.0666667,0.267705,0.5,0.4,0
-2,2.75,4.18917,-0.759323,0.00236407,0.00236407,0.00236407,0.100116,True,empty floor,sound_similarity,0,0.0666667,0.301765,0,0.0666667,0.026054,0,0.0666667,0.0565887,0,0.0666667,0.124016,0,0.0666667,0.229857,0,0.0666667,0.225025,0,0.0666667,0.110743,0,0.0666667,0.159985,0,0.0666667,0.267705,0.5,0.4,0
-2.25,2.75,4.33977,-1.0589,0.00236407,0.00236407,0.00236407,0.100116,True,empty floor,sound_similarity,0,0.0666667,0.301765,0,0.0666667,0.026054,0,0.0666667,0.0565887,0,0.0666667,0.124016,0,0.0666667,0.229857,0,0.0666667,0.225025,0,0.0666667,0.110743,0,0.0666667,0.159985,0,0.0666667,0.267705,0.5,0.4,0
2,2.5,3.97009,-2.98949,0.00236407,0.00236407,0.00236407,0.100116,True,empty floor,sound_similarity,0,0.0666667,0.301765,0,0.0666667,0.026054,0,0.0666667,0.0565887,0,0.0666667,0.124016,0,0.0666667,0.229857,0,0.0666667,0.225025,0,0.0666667,0.110743,0,0.0666667,0.159985,0,0.0666667,0.267705,0.5,0.4,0
1.75,2.5,3.87893,-2.97672,0.00236407,0.00236407,0.00236407,0.100116,True,empty floor,sound_similarity,0,0.0666667,0.301765,0,0.0666667,0.026054,0,0.0666667,0.0565887,0,0.0666667,0.124016,0,0.0666667,0.229857,0,0.0666667,0.225025,0,0.0666667,0.110743,0,0.0666667,0.159985,0,0.0666667,0.267705,0.5,0.4,0
1.5,2.5,3.80205,-2.94014,0.00236407,0.00236407,0.00236407,0.100116,True,empty floor,sound_similarity,0,0.0666667,0.301765,0,0.0666667,0.026054,0,0.0666667,0.0565887,0,0.0666667,0.124016,0,0.0666667,0.229857,0,0.0666667,0.225025,0,0.0666667,0.110743,0,0.0666667,0.159985,0,0.0666667,0.267705,0.5,0.4,0
1.25,2.5,3.74032,-2.84536,0.00236407,0.00236407,0.00236407,0.100116,True,empty floor,sound_similarity,0,0.0666667,0.301765,0,0.0666667,0.026054,0,0.0666667,0.0565887,0,0.0666667,0.124016,0,0.0666667,0.229857,0,0.0666667,0.225025,0,0.0666667,0.110743,0,0.0666667,0.159985,0,0.0666667,0.267705,0.5,0.4,0
1,2.5,3.69452,-2.63791,0.00236407,0.00236407,0.00236407,0.100116,True,empty floor,sound_similarity,0,0.0666667,0.301765,0,0.0666667,0.026054,0,0.0666667,0.0565887,0,0.0666667,0.124016,0,0.0666667,0.229857,0,0.0666667,0.225025,0,0.0666667,0.110743,0,0.0666667,0.159985,0,0.0666667,0.267705,0.5,0.4,0
0.75,2.5,3.66523,-2.28032,0.00236407,0.00236407,0.00236407,0.100116,True,empty floor,sound_similarity,0,0.0666667,0.301765,0,0.0666667,0.026054,0,0.0666667,0.0565887,0,0.0666667,0.124016,0,0.0666667,0.229857,0,0.0666667,0.225025,0,0.0666667,0.110743,0,0.0666667,0.159985,0,0.0666667,0.267705,0.5,0.4,0
0.5,2.5,3.65286,-1.80584,0.00236407,0.00236407,0.00236407,0.100116,True,empty floor,sound_similarity,0,0.0666667,0.301765,0,0.0666667,0.026054,0,0.0666667,0.0565887,0,0.0666667,0.124016,0,0.0666667,0.229857,0,0.0666667,0.225025,0,0.0666667,0.110743,0,0.0666667,0.159985,0,0.0666667,0.267705,0.5,0.4,0
0.25,2.5,3.65757,-1.30037,0.00236407,0.00236407,0.00236407,0.100116,True,empty floor,sound_similarity,0,0.0666667,0.301765,0,0.0666667,0.026054,0,0.0666667,0.0565887,0,0.0666667,0.124016,0,0.0666667,0.229857,0,0.0666667,0.225025,0,0.0666667,0.110743,0,0.0666667,0.159985,0,0.0666667,0.267705,0.5,0.4,0
0,2.5,3.6793,-0.840465,0.00236407,0.00236407,0.00236407,0.100116,True,empty floor,sound_similarity,0,0.0666667,0.301765,0,0.0666667,0.026054,0,0.0666667,0.0565887,0,0.0666667,0.124016,0,0.0666667,0.229857,0,0.0666667,0.225025,0,0.0666667,0.110743,0,0.0666667,0.159985,0,0.0666667,0.267705,0.5,0.4,0
-0.25,2.5,3.71776,-0.469716,0.00236407,0.00236407,0.00236407,0.100116,True,empty floor,sound_similarity,0,0.0666667,0.301765,0,0.0666667,0.026054,0,0.0666667,0.0565887,0,0.0666667,0.124016,0,0.0666667,0.229857,0,0.0666667,0.225025,0,0.0666667,0.110743,0,0.0666667,0.159985,0,0.0666667,0.267705,0.5,0.4,0
-0.5,2.5,3.77242,-0.205896,0.00236407,0.00236407,0.00236407,0.100116,True,empty floor,sound_similarity,0,0.0666667,0.301765,0,0.0666667,0.026054,0,0.0666667,0.0565887,0,0.0666667,0.124016,0,0.0666667,0.229857,0,0.0666667,0.225025,0,0.0666667,0.110743,0,0.0666667,0.159985,0,0.0666667,0.267705,0.5,0.4,0
-0.75,2.5,3.8426,-0.0514295,0.00236407,0.00236407,0.00236407,0.100116,True,empty floor,sound_similarity,0,0.0666667,0.301765,0,0.0666667,0.026054,0,0.0666667,0.0565887,0,0.0666667,0.124016,0,0.0666667,0.229857,0,0.0666667,0.225025,0,0.0666667,0.110743,0,0.0666667,0.159985,0,0.0666667,0.267705,0.5,0.4,0
-1,2.5,3.92747,-5.76452e-05,0.00236407,0.00236407,0.00236407,0.100116,True,empty floor,sound_similarity,0,0.0666667,0.301765,0,0.0666667,0.026054,0,0.0666667,0.0565887,0,0.0666667,0.124016,0,0.0666667,0.229857,0,0.0666667,0.225025,0,0.0666667,0.110743,0,0.0666667,0.159985,0,0.0666667,0.267705,0.5,0.4,0
0.5,2.75,3.40289,-1.81416,0.00236407,0.00236407,0.00236407,0.100116,True,empty floor,sound_similarity,0,0.0666667,0.301765,0,0.0666667,0.026054,0,0.0666667,0.0565887,0,0.0666667,0.124016,0,0.0666667,0.229857,0,0.0666667,0.225025,0,0.0666667,0.110743,0,0.0666667,0.159985,0,0.0666667,0.267705,0.5,0.4,0
1.5,2.75,3.56256,-2.95564,0.00236407,0.00236407,0.00236407,0.100116,True,empty floor,sound_similarity,0,0.0666667,0.301765,0,0.0666667,0.026054,0,0.0666667,0.0565887,0,0.0666667,0.124016,0,0.0666667,0.229857,0,0.0666667,0.225025,0,0.0666667,0.110743,0,0.0666667,0.159985,0,0.0666667,0.267705,0.5,0.4,0
1.75,2.75,3.6445,-2.98329,0.00236407,0.00236407,0.00236407,0.100116,True,empty floor,sound_similarity,0,0.0666667,0.301765,0,0.0666667,0.026054,0,0.0666667,0.0565887,0,0.0666667,0.124016,0,0.0666667,0.229857,0,0.0666667,0.225025,0,0.0666667,0.110743,0,0.0666667,0.159985,0,0.0666667,0.267705,0.5,0.4,0
0.75,3,3.16725,-2.36108,0.00236407,0.00236407,0.00236407,0.100116,True,empty floor,sound_similarity,0,0.0666667,0.301765,0,0.0666667,0.026054,0,0.0666667,0.0565887,0,0.0666667,0.124016,0,0.0666667,0.229857,0,0.0666667,0.225025,0,0.0666667,0.110743,0,0.0666667,0.159985,0,0.0666667,0.267705,0.5,0.4,0
-1,3.25,3.24175,-0.0903262,0.00236407,0.00236407,0.00236407,0.100116,True,empty floor,sound_similarity,0,0.0666667,0.301765,0,0.0666667,0.026054,0,0.0666667,0.0565887,0,0.0666667,0.124016,0,0.0666667,0.229857,0,0.0666667,0.225025,0,0.0666667,0.110743,0,0.0666667,0.159985,0,0.0666667,0.267705,0.5,0.4,0
-1.25,3.25,3.36056,-0.291301,0.00236407,0.00236407,0.00236407,0.100116,True,empty floor,sound_similarity,0,0.0666667,0.301765,0,0.0666667,0.026054,0,0.0666667,0.0565887,0,0.0666667,0.124016,0,0.0666667,0.229857,0,0.0666667,0.225025,0,0.0666667,0.110743,0,0.0666667,0.159985,0,0.0666667,0.267705,0.5,0.4,0
-1.5,3.25,3.49325,-0.57467,0.00236407,0.00236407,0.00236407,0.100116,True,empty floor,sound_similarity,0,0.0666667,0.301765,0,0.0666667,0.026054,0,0.0666667,0.0565887,0,0.0666667,0.124016,0,0.0666667,0.229857,0,0.0666667,0.225025,0,0.0666667,0.110743,0,0.0666667,0.159985,0,0.0666667,0.267705,0.5,0.4,0
-2,3.25,3.7943,-1.26977,0.00236407,0.00236407,0.00236407,0.100116,True,empty floor,sound_similarity,0,0.0666667,0.301765,0,0.0666667,0.026054,0,0.0666667,0.0565887,0,0.0666667,0.124016,0,0.0666667,0.229857,0,0.0666667,0.225025,0,0.0666667,0.110743,0,0.0666667,0.159985,0,0.0666667,0.267705,0.5,0.4,0
-2.25,3.25,3.95995,-1.62503,0.00236407,0.00236407,0.00236407,0.100116,True,empty floor,sound_similarity,0,0.0666667,0.301765,0,0.0666667,0.026054,0,0.0666667,0.0565887,0,0.0666667,0.124016,0,0.0666667,0.229857,0,0.0666667,0.225025,0,0.0666667,0.110743,0,0.0666667,0.159985,0,0.0666667,0.267705,0.5,0.4,0
2,3,3.51557,-2.99368,0.00236407,0.00236407,0.00236407,0.100116,True,empty floor,sound_similarity,0,0.0666667,0.301765,0,0.0666667,0.026054,0,0.0666667,0.0565887,0,0.0666667,0.124016,0,0.0666667,0.229857,0,0.0666667,0.225025,0,0.0666667,0.110743,0,0.0666667,0.159985,0,0.0666667,0.267705,0.5,0.4,0
1.75,3,3.41228,-2.98816,0.00236407,0.00236407,0.00236407,0.100116,True,empty floor,sound_similarity,0,0.0666667,0.301765,0,0.0666667,0.026054,0,0.0666667,0.0565887,0,0.0666667,0.124016,0,0.0666667,0.229857,0,0.0666667,0.225025,0,0.0666667,0.110743,0,0.0666667,0.159985,0,0.0666667,0.267705,0.5,0.4,0
1.5,3,3.32462,-2.96848,0.00236407,0.00236407,0.00236407,0.0750869,True,empty floor,sound_similarity,0,0.05,0.301765,0,0.05,0.026054,0,0.05,0.0565887,0,0.05,0.124016,0,0.05,0.229857,0,0.05,0.225025,0,0.05,0.110743,0,0.05,0.159985,0,0.05,0.267705,1,0.55,0
1.25,3,3.25386,-2.90419,0.00236407,0.00236407,0.00236407,0.100116,True,empty floor,sound_similarity,0,0.0666667,0.301765,0,0.0666667,0.026054,0,0.0666667,0.0565887,0,0.0666667,0.124016,0,0.0666667,0.229857,0,0.0666667,0.225025,0,0.0666667,0.110743,0,0.0666667,0.159985,0,0.0666667,0.267705,0.5,0.4,0
1,3,3.2011,-2.72742,0.00236407,0.00236407,0.00236407,0.100116,True,empty floor,sound_similarity,0,0.0666667,0.301765,0,0.0666667,0.026054,0,0.0666667,0.0565887,0,0.0666667,0.124016,0,0.0666667,0.229857,0,0.0666667,0.225025,0,0.0666667,0.110743,0,0.0666667,0.159985,0,0.0666667,0.267705,0.5,0.4,0
0.5,3,3.15292,-1.8238,0.00236407,0.00236407,0.00236407,0.100116,True,empty floor,sound_similarity,0,0.0666667,0.301765,0,0.0666667,0.026054,0,0.0666667,0.0565887,0,0.0666667,0.124016,0,0.0666667,0.229857,0,0.0666667,0.225025,0,0.0666667,0.110743,0,0.0666667,0.159985,0,0.0666667,0.267705,0.5,0.4,0
2,2.75,3.74138,-2.992,0.00236407,0.00236407,0.00236407,0.100116,True,empty floor,sound_similarity,0,0.0666667,0.301765,0,0.0666667,0.026054,0,0.0666667,0.0565887,0,0.0666667,0.124016,0,0.0666667,0.229857,0,0.0666667,0.225025,0,0.0666667,0.110743,0,0.0666667,0.159985,0,0.0666667,0.267705,0.5,0.4,0
0.25,3,3.15838,-1.24014,0.00236407,0.00236407,0.00236407,0.100116,True,empty floor,sound_similarity,0,0.0666667,0.301765,0,0.0666667,0.026054,0,0.0666667,0.0565887,0,0.0666667,0.124016,0,0.0666667,0.229857,0,0.0666667,0.225025,0,0.0666667,0.110743,0,0.0666667,0.159985,0,0.0666667,0.267705,0.5,0.4,0
0,3,3.18352,-0.725889,0.00236407,0.00236407,0.00236407,0.100116,True,empty floor,sound_similarity,0,0.0666667,0.301765,0,0.0666667,0.026054,0,0.0666667,0.0565887,0,0.0666667,0.124016,0,0.0666667,0.229857,0,0.0666667,0.225025,0,0.0666667,0.110743,0,0.0666667,0.159985,0,0.0666667,0.267705,0.5,0.4,0
-0.25,3,3.22789,-0.339994,0.00236407,0.00236407,0.00236407,0.100116,True,empty floor,sound_similarity,0,0.0666667,0.301765,0,0.0666667,0.026054,0,0.0666667,0.0565887,0,0.0666667,0.124016,0,0.0666667,0.229857,0,0.0666667,0.225025,0,0.0666667,0.110743,0,0.0666667,0.159985,0,0.0666667,0.267705,0.5,0.4,0
-0.5,3,3.2907,-0.10052,0.00236407,0.00236407,0.00236407,0.100116,True,empty floor,sound_similarity,0,0.0666667,0.301765,0,0.0666667,0.026054,0,0.0666667,0.0565887,0,0.0666667,0.124016,0,0.0666667,0.229857,0,0.0666667,0.225025,0,0.0666667,0.110743,0,0.0666667,0.159985,0,0.0666667,0.267705,0.5,0.4,0
-0.75,3,3.37093,-0.00358944,0.00236407,0.00236407,0.00236407,0.100116,True,empty floor,sound_similarity,0,0.0666667,0.301765,0,0.0666667,0.026054,0,0.0666667,0.0565887,0,0.0666667,0.124016,0,0.0666667,0.229857,0,0.0666667,0.225025,0,0.0666667,0.110743,0,0.0666667,0.159985,0,0.0666667,0.267705,0.5,0.4,0
-1,3,3.46737,-0.0340412,0.00236407,0.00236407,0.00236407,0.100116,True,empty floor,sound_similarity,0,0.0666667,0.301765,0,0.0666667,0.026054,0,0.0666667,0.0565887,0,0.0666667,0.124016,0,0.0666667,0.229857,0,0.0666667,0.225025,0,0.0666667,0.110743,0,0.0666667,0.159985,0,0.0666667,0.267705,0.5,0.4,0
-1.25,3,3.5787,-0.171142,0.00236407,0.00236407,0.00236407,0.100116,True,empty floor,sound_similarity,0,0.0666667,0.301765,0,0.0666667,0.026054,0,0.0666667,0.0565887,0,0.0666667,0.124016,0,0.0666667,0.229857,0,0.0666667,0.225025,0,0.0666667,0.110743,0,0.0666667,0.159985,0,0.0666667,0.267705,0.5,0.4,0
-1.5,3,3.70358,-0.391841,0.00236407,0.00236407,0.00236407,0.100116,True,empty floor,sound_similarity,0,0.0666667,0.301765,0,0.0666667,0.026054,0,0.0666667,0.0565887,0,0.0666667,0.124016,0,0.0666667,0.229857,0,0.0666667,0.225025,0,0.0666667,0.110743,0,0.0666667,0.159985,0,0.0666667,0.267705,0.5,0.4,0
-2,3,3.98879,-0.990212,0.00236407,0.00236407,0.00236407,0.100116,True,empty floor,sound_similarity,0,0.0666667,0.301765,0,0.0666667,0.026054,0,0.0666667,0.0565887,0,0.0666667,0.124016,0,0.0666667,0.229857,0,0.0666667,0.225025,0,0.0666667,0.110743,0,0.0666667,0.159985,0,0.0666667,0.267705,0.5,0.4,0
-2.25,3,4.14667,-1.32232,0.00236407,0.00236407,0.00236407,0.100116,True,empty floor,sound_similarity,0,0.0666667,0.301765,0,0.0666667,0.026054,0,0.0666667,0.0565887,0,0.0666667,0.124016,0,0.0666667,0.229857,0,0.0666667,0.225025,0,0.0666667,0.110743,0,0.0666667,0.159985,0,0.0666667,0.267705,0.5,0.4,0
-1.5,2.5,4.13751,-0.159535,0.00236407,0.00236407,0.00236407,0.100116,True,empty floor,sound_similarity,0,0.0666667,0.301765,0,0.0666667,0.026054,0,0.0666667,0.0565887,0,0.0666667,0.124016,0,0.0666667,0.229857,0,0.0666667,0.225025,0,0.0666667,0.110743,0,0.0666667,0.159985,0,0.0666667,0.267705,0.5,0.4,0
-2,2.5,4.39464,-0.572359,0.00236407,0.00236407,0.00236407,0.100116,True,empty floor,sound_similarity,0,0.0666667,0.301765,0,0.0666667,0.026054,0,0.0666667,0.0565887,0,0.0666667,0.124016,0,0.0666667,0.229857,0,0.0666667,0.225025,0,0.0666667,0.110743,0,0.0666667,0.159985,0,0.0666667,0.267705,0.5,0.4,0
-0.5,3.25,3.05205,-0.0539305,0.00236407,0.00236407,0.00236407,0.100116,True,empty floor,sound_similarity,0,0.0666667,0.301765,0,0.0666667,0.026054,0,0.0666667,0.0565887,0,0.0666667,0.124016,0,0.0666667,0.229857,0,0.0666667,0.225025,0,0.0666667,0.110743,0,0.0666667,0.159985,0,0.0666667,0.267705,0.5,0.4,0
-2.25,2.5,4.53843,-0.836143,0.00236407,0.00236407,0.00236407,0.100116,True,empty floor,sound_similarity,0,0.0666667,0.301765,0,0.0666667,0.026054,0,0.0666667,0.0565887,0,0.0666667,0.124016,0,0.0666667,0.229857,0,0.0666667,0.225025,0,0.0666667,0.110743,0,0.0666667,0.159985,0,0.0666667,0.267705,0.5,0.4,0
-0.75,2,4.32065,-0.127109,0.00236407,0.00236407,0.00236407,0.100116,True,empty floor,sound_similarity,0,0.0666667,0.301765,0,0.0666667,0.026054,0,0.0666667,0.0565887,0,0.0666667,0.124016,0,0.0666667,0.229857,0,0.0666667,0.225025,0,0.0666667,0.110743,0,0.0666667,0.159985,0,0.0666667,0.267705,0.5,0.4,0
-1,2,4.3963,-0.0253085,0.00236407,0.00236407,0.00236407,0.100116,True,empty floor,sound_similarity,0,0.0666667,0.301765,0,0.0666667,0.026054,0,0.0666667,0.0565887,0,0.0666667,0.124016,0,0.0666667,0.229857,0,0.0666667,0.225025,0,0.0666667,0.110743,0,0.0666667,0.159985,0,0.0666667,0.267705,0.5,0.4,0
-1.25,2,4.48463,-0.00100716,0.00236407,0.00236407,0.00236407,0.100116,True,empty floor,sound_similarity,0,0.0666667,0.301765,0,0.0666667,0.026054,0,0.0666667,0.0565887,0,0.0666667,0.124016,0,0.0666667,0.229857,0,0.0666667,0.225025,0,0.0666667,0.110743,0,0.0666667,0.159985,0,0.0666667,0.267705,0.5,0.4,0
-1.5,2,4.58491,-0.0460541,0.00236407,0.00236407,0.00236407,0.100116,True,empty floor,sound_similarity,0,0.0666667,0.301765,0,0.0666667,0.026054,0,0.0666667,0.0565887,0,0.0666667,0.124016,0,0.0666667,0.229857,0,0.0666667,0.225025,0,0.0666667,0.110743,0,0.0666667,0.159985,0,0.0666667,0.267705,0.5,0.4,0
-1.75,2,4.69636,-0.150959,0.00236407,0.00236407,0.00236407,0.100116,True,empty floor,sound_similarity,0,0.0666667,0.301765,0,0.0666667,0.026054,0,0.0666667,0.0565887,0,0.0666667,0.124016,0,0.0666667,0.229857,0,0.0666667,0.225025,0,0.0666667,0.110743,0,0.0666667,0.159985,0,0.0666667,0.267705,0.5,0.4,0
-2,2,4.81822,-0.30559,0.00236407,0.00236407,0.00236407,0.100116,True,empty floor,sound_similarity,0,0.0666667,0.301765,0,0.0666667,0.026054,0,0.0666667,0.0565887,0,0.0666667,0.124016,0,0.0666667,0.229857,0,0.0666667,0.225025,0,0.0666667,0.110743,0,0.0666667,0.159985,0,0.0666667,0.267705,0.5,0.4,0
-2.25,2,4.94972,-0.499626,0.00236407,0.00236407,0.00236407,0.100116,True,empty floor,sound_similarity,0,0.0666667,0.301765,0,0.0666667,0.026054,0,0.0666667,0.0565887,0,0.0666667,0.124016,0,0.0666667,0.229857,0,0.0666667,0.225025,0,0.0666667,0.110743,0,0.0666667,0.159985,0,0.0666667,0.267705,0.5,0.4,0
2,1.75,4.66935,-2.97542,0.00236407,0.00236407,0.00236407,0.100116,True,empty floor,sound_similarity,0,0.0666667,0.301765,0,0.0666667,0.026054,0,0.0666667,0.0565887,0,0.0666667,0.124016,0,0.0666667,0.229857,0,0.0666667,0.225025,0,0.0666667,0.110743,0,0.0666667,0.159985,0,0.0666667,0.267705,0.5,0.4,0
1.75,1.75,4.59208,-2.94618,0.00236407,0.00236407,0.00236407,0.100116,True,empty floor,sound_similarity,0,0.0666667,0.301765,0,0.0666667,0.026054,0,0.0666667,0.0565887,0,0.0666667,0.124016,0,0.0666667,0.229857,0,0.0666667,0.225025,0,0.0666667,0.110743,0,0.0666667,0.159985,0,0.0666667,0.267705,0.5,0.4,0
1.5,1.75,4.52733,-2.88076,0.00236407,0.00236407,0.00236407,0.100116,True,empty floor,sound_similarity,0,0.0666667,0.301765,0,0.0666667,0.026054,0,0.0666667,0.0565887,0,0.0666667,0.124016,0,0.0666667,0.229857,0,0.0666667,0.225025,0,0.0666667,0.110743,0,0.0666667,0.159985,0,0.0666667,0.267705,0.5,0.4,0
1.25,1.75,4.47562,-2.74893,0.00236407,0.00236407,0.00236407,0.100116,True,empty floor,sound_similarity,0,0.0666667,0.301765,0,0.0666667,0.026054,0,0.0666667,0.0565887,0,0.0666667,0.124016,0,0.0666667,0.229857,0,0.0666667,0.225025,0,0.0666667,0.110743,0,0.0666667,0.159985,0,0.0666667,0.267705,0.5,0.4,0
1,1.75,4.43741,-2.52009,0.00236407,0.00236407,0.00236407,0.100116,True,empty floor,sound_similarity,0,0.0666667,0.301765,0,0.0666667,0.026054,0,0.0666667,0.0565887,0,0.0666667,0.124016,0,0.0666667,0.229857,0,0.0666667,0.225025,0,0.0666667,0.110743,0,0.0666667,0.159985,0,0.0666667,0.267705,0.5,0.4,0
0.75,1.75,4.41305,-2.18848,0.00236407,0.00236407,0.00236407,0.100116,True,empty floor,sound_similarity,0,0.0666667,0.301765,0,0.0666667,0.026054,0,0.0666667,0.0565887,0,0.0666667,0.124016,0,0.0666667,0.229857,0,0.0666667,0.225025,0,0.0666667,0.110743,0,0.0666667,0.159985,0,0.0666667,0.267705,0.5,0.4,0
0.5,1.75,4.40278,-1.7865,0.00236407,0.00236407,0.00236407,0.100116,True,empty floor,sound_similarity,0,0.0666667,0.301765,0,0.0666667,0.026054,0,0.0666667,0.0565887,0,0.0666667,0.124016,0,0.0666667,0.229857,0,0.0666667,0.225025,0,0.0666667,0.110743,0,0.0666667,0.159985,0,0.0666667,0.267705,0.5,0.4,0
0.25,1.75,4.40669,-1.36587,0.00236407,0.00236407,0.00236407,0.100116,True,empty floor,sound_similarity,0,0.0666667,0.301765,0,0.0666667,0.026054,0,0.0666667,0.0565887,0,0.0666667,0.124016,0,0.0666667,0.229857,0,0.0666667,0.225025,0,0.0666667,0.110743,0,0.0666667,0.159985,0,0.0666667,0.267705,0.5,0.4,0
0,1.75,4.42475,-0.971563,0.00236407,0.00236407,0.00236407,0.100116,True,empty floor,sound_similarity,0,0.0666667,0.301765,0,0.0666667,0.026054,0,0.0666667,0.0565887,0,0.0666667,0.124016,0,0.0666667,0.229857,0,0.0666667,0.225025,0,0.0666667,0.110743,0,0.0666667,0.159985,0,0.0666667,0.267705,0.5,0.4,0
-0.25,1.75,4.45677,-0.632324,0.00236407,0.00236407,0.00236407,0.100116,True,empty floor,sound_similarity,0,0.0666667,0.301765,0,0.0666667,0.026054,0,0.0666667,0.0565887,0,0.0666667,0.124016,0,0.0666667,0.229857,0,0.0666667,0.225025,0,0.0666667,0.110743,0,0.0666667,0.159985,0,0.0666667,0.267705,0.5,0.4,0
-0.5,1.75,4.50248,-0.36295,0.00236407,0.00236407,0.00236407,0.100116,True,empty floor,sound_similarity,0,0.0666667,0.301765,0,0.0666667,0.026054,0,0.0666667,0.0565887,0,0.0666667,0.124016,0,0.0666667,0.229857,0,0.0666667,0.225025,0,0.0666667,0.110743,0,0.0666667,0.159985,0,0.0666667,0.267705,0.5,0.4,0
-0.75,1.75,4.56144,-0.168905,0.00236407,0.00236407,0.00236407,0.100116,True,empty floor,sound_similarity,0,0.0666667,0.301765,0,0.0666667,0.026054,0,0.0666667,0.0565887,0,0.0666667,0.124016,0,0.0666667,0.229857,0,0.0666667,0.225025,0,0.0666667,0.110743,0,0.0666667,0.159985,0,0.0666667,0.267705,0.5,0.4,0
-1,1.75,4.63316,-0.0498142,0.00236407,0.00236407,0.00236407,0.100116,True,empty floor,sound_similarity,0,0.0666667,0.301765,0,0.0666667,0.026054,0,0.0666667,0.0565887,0,0.0666667,0.124016,0,0.0666667,0.229857,0,0.0666667,0.225025,0,0.0666667,0.110743,0,0.0666667,0.159985,0,0.0666667,0.267705,0.5,0.4,0
-1.25,1.75,4.71706,-0.00166532,0.00236407,0.00236407,0.00236407,0.100116,True,empty floor,sound_similarity,0,0.0666667,0.301765,0,0.0666667,0.026054,0,0.0666667,0.0565887,0,0.0666667,0.124016,0,0.0666667,0.229857,0,0.0666667,0.225025,0,0.0666667,0.110743,0,0.0666667,0.159985,0,0.0666667,0.267705,0.5,0.4,0
-1.5,1.75,4.81249,-0.0182001,0.00236407,0.00236407,0.00236407,0.100116,True,empty floor,sound_similarity,0,0.0666667,0.301765,0,0.0666667,0.026054,0,0.0666667,0.0565887,0,0.0666667,0.124016,0,0.0666667,0.229857,0,0.0666667,0.225025,0,0.0666667,0.110743,0,0.0666667,0.159985,0,0.0666667,0.267705,0.5,0.4,0
-1.75,1.75,4.91879,-0.0918237,0.00236407,0.00236407,0.00236407,0.100116,True,empty floor,sound_similarity,0,0.0666667,0.301765,0,0.0666667,0.026054,0,0.0666667,0.0565887,0,0.0666667,0.124016,0,0.0666667,0.229857,0,0.0666667,0.225025,0,0.0666667,0.110743,0,0.0666667,0.159985,0,0.0666667,0.267705,0.5,0.4,0
-0.5,2,4.25835,-0.312165,0.00236407,0.00236407,0.00236407,0.100116,True,empty floor,sound_similarity,0,0.0666667,0.301765,0,0.0666667,0.026054,0,0.0666667,0.0565887,0,0.0666667,0.124016,0,0.0666667,0.229857,0,0.0666667,0.225025,0,0.0666667,0.110743,0,0.0666667,0.159985,0,0.0666667,0.267705,0.5,0.4,0
-0.25,2,4.21,-0.582207,0.00236407,0.00236407,0.00236407,0.190015,True,microwave,sound_similarity,0,0.05,0.301765,0,0.05,0.026054,0,0.05,0.0565887,0,0.05,0.124016,1,0.55,0.229857,0,0.05,0.225025,0,0.05,0.110743,0,0.05,0.159985,0,0.05,0.267705,0,0.05,0
0.75,2,4.16369,-2.21591,0.00236407,0.00236407,0.00236407,0.100116,True,empty floor,sound_similarity,0,0.0666667,0.301765,0,0.0666667,0.026054,0,0.0666667,0.0565887,0,0.0666667,0.124016,0,0.0666667,0.229857,0,0.0666667,0.225025,0,0.0666667,0.110743,0,0.0666667,0.159985,0,0.0666667,0.267705,0.5,0.4,0
-0.5,2.25,4.01496,-0.259592,0.00236407,0.00236407,0.00236407,0.100116,True,empty floor,sound_similarity,0,0.0666667,0.301765,0,0.0666667,0.026054,0,0.0666667,0.0565887,0,0.0666667,0.124016,0,0.0666667,0.229857,0,0.0666667,0.225025,0,0.0666667,0.110743,0,0.0666667,0.159985,0,0.0666667,0.267705,0.5,0.4,0
2,2.25,4.20123,-2.98597,0.00236407,0.00236407,0.00236407,0.100116,True,empty floor,sound_similarity,0,0.0666667,0.301765,0,0.0666667,0.026054,0,0.0666667,0.0565887,0,0.0666667,0.124016,0,0.0666667,0.229857,0,0.0666667,0.225025,0,0.0666667,0.110743,0,0.0666667,0.159985,0,0.0666667,0.267705,0.5,0.4,0
1.75,2.25,4.11519,-2.96834,0.00236407,0.00236407,0.00236407,0.0750869,True,empty floor,sound_similarity,0,0.05,0.301765,0,0.05,0.026054,0,0.05,0.0565887,0,0.05,0.124016,0,0.05,0.229857,0,0.05,0.225025,0,0.05,0.110743,0,0.05,0.159985,0,0.05,0.267705,1,0.55,0
1.5,2.25,4.0428,-2.92226,0.00236407,0.00236407,0.00236407,0.100116,True,empty floor,sound_similarity,0,0.0666667,0.301765,0,0.0666667,0.026054,0,0.0666667,0.0565887,0,0.0666667,0.124016,0,0.0666667,0.229857,0,0.0666667,0.225025,0,0.0666667,0.110743,0,0.0666667,0.159985,0,0.0666667,0.267705,0.5,0.4,0
1.25,2.25,3.98481,-2.81365,0.00236407,0.00236407,0.00236407,0.100116,True,empty floor,sound_similarity,0,0.0666667,0.301765,0,0.0666667,0.026054,0,0.0666667,0.0565887,0,0.0666667,0.124016,0,0.0666667,0.229857,0,0.0666667,0.225025,0,0.0666667,0.110743,0,0.0666667,0.159985,0,0.0666667,0.267705,0.5,0.4,0
1,2.25,3.94185,-2.59626,0.00236407,0.00236407,0.00236407,0.100116,True,empty floor,sound_similarity,0,0.0666667,0.301765,0,0.0666667,0.026054,0,0.0666667,0.0565887,0,0.0666667,0.124016,0,0.0666667,0.229857,0,0.0666667,0.225025,0,0.0666667,0.110743,0,0.0666667,0.159985,0,0.0666667,0.267705,0.5,0.4,0
0.75,2.25,3.91441,-2.24636,0.00236407,0.00236407,0.00236407,0.100116,True,empty floor,sound_similarity,0,0.0666667,0.301765,0,0.0666667,0.026054,0,0.0666667,0.0565887,0,0.0666667,0.124016,0,0.0666667,0.229857,0,0.0666667,0.225025,0,0.0666667,0.110743,0,0.0666667,0.159985,0,0.0666667,0.267705,0.5,0.4,0
0.5,2.25,3.90283,-1.79857,0.00236407,0.00236407,0.00236407,0.100116,True,empty floor,sound_similarity,0,0.0666667,0.301765,0,0.0666667,0.026054,0,0.0666667,0.0565887,0,0.0666667,0.124016,0,0.0666667,0.229857,0,0.0666667,0.225025,0,0.0666667,0.110743,0,0.0666667,0.159985,0,0.0666667,0.267705,0.5,0.4,0
0.25,2.25,3.90724,-1.32491,0.00236407,0.00236407,0.00236407,0.100116,True,empty floor,sound_similarity,0,0.0666667,0.301765,0,0.0666667,0.026054,0,0.0666667,0.0565887,0,0.0666667,0.124016,0,0.0666667,0.229857,0,0.0666667,0.225025,0,0.0666667,0.110743,0,0.0666667,0.159985,0,0.0666667,0.267705,0.5,0.4,0
0,2.25,3.92759,-0.888828,0.00236407,0.00236407,0.00236407,0.100116,True,empty floor,sound_similarity,0,0.0666667,0.301765,0,0.0666667,0.026054,0,0.0666667,0.0565887,0,0.0666667,0.124016,0,0.0666667,0.229857,0,0.0666667,0.225025,0,0.0666667,0.110743,0,0.0666667,0.159985,0,0.0666667,0.267705,0.5,0.4,0
-0.25,2.25,3.96364,-0.528083,0.00236407,0.00236407,0.00236407,0.100116,True,empty floor,sound_similarity,0,0.0666667,0.301765,0,0.0666667,0.026054,0,0.0666667,0.0565887,0,0.0666667,0.124016,0,0.0666667,0.229857,0,0.0666667,0.225025,0,0.0666667,0.110743,0,0.0666667,0.159985,0,0.0666667,0.267705,0.5,0.4,0
-0.75,2.25,4.08097,-0.0873304,0.00236407,0.00236407,0.00236407,0.100116,True,empty floor,sound_similarity,0,0.0666667,0.301765,0,0.0666667,0.026054,0,0.0666667,0.0565887,0,0.0666667,0.124016,0,0.0666667,0.229857,0,0.0666667,0.225025,0,0.0666667,0.110743,0,0.0666667,0.159985,0,0.0666667,0.267705,0.5,0.4,0
1,2,4.1895,-2.55697,0.00236407,0.00236407,0.00236407,0.100116,True,empty floor,sound_similarity,0,0.0666667,0.301765,0,0.0666667,0.026054,0,0.0666667,0.0565887,0,0.0666667,0.124016,0,0.0666667,0.229857,0,0.0666667,0.225025,0,0.0666667,0.110743,0,0.0666667,0.159985,0,0.0666667,0.267705,0.5,0.4,0
-1,2.25,4.16098,-0.00767909,0.00236407,0.00236407,0.00236407,0.100116,True,empty floor,sound_similarity,0,0.0666667,0.301765,0,0.0666667,0.026054,0,0.0666667,0.0565887,0,0.0666667,0.124016,0,0.0666667,0.229857,0,0.0666667,0.225025,0,0.0666667,0.110743,0,0.0666667,0.159985,0,0.0666667,0.267705,0.5,0.4,0
-1.25,2.25,4.2542,-0.0125783,0.00236407,0.00236407,0.00236407,0.100116,True,empty floor,sound_similarity,0,0.0666667,0.301765,0,0.0666667,0.026054,0,0.0666667,0.0565887,0,0.0666667,0.124016,0,0.0666667,0.229857,0,0.0666667,0.225025,0,0.0666667,0.110743,0,0.0666667,0.159985,0,0.0666667,0.267705,0.5,0.4,0
-1.5,2.25,4.35978,-0.0914514,0.00236407,0.00236407,0.00236407,0.100116,True,empty floor,sound_similarity,0,0.0666667,0.301765,0,0.0666667,0.026054,0,0.0666667,0.0565887,0,0.0666667,0.124016,0,0.0666667,0.229857,0,0.0666667,0.225025,0,0.0666667,0.110743,0,0.0666667,0.159985,0,0.0666667,0.267705,0.5,0.4,0
-1.75,2.25,4.47684,-0.232432,0.00236407,0.00236407,0.00236407,0.100116,True,empty floor,sound_similarity,0,0.0666667,0.301765,0,0.0666667,0.026054,0,0.0666667,0.0565887,0,0.0666667,0.124016,0,0.0666667,0.229857,0,0.0666667,0.225025,0,0.0666667,0.110743,0,0.0666667,0.159985,0,0.0666667,0.267705,0.5,0.4,0
-2,2.25,4.60452,-0.423148,0.00236407,0.00236407,0.00236407,0.100116,True,empty floor,sound_similarity,0,0.0666667,0.301765,0,0.0666667,0.026054,0,0.0666667,0.0565887,0,0.0666667,0.124016,0,0.0666667,0.229857,0,0.0666667,0.225025,0,0.0666667,0.110743,0,0.0666667,0.159985,0,0.0666667,0.267705,0.5,0.4,0
-2.25,2.25,4.74194,-0.651187,0.00236407,0.00236407,0.00236407,0.100116,True,empty floor,sound_similarity,0,0.0666667,0.301765,0,0.0666667,0.026054,0,0.0666667,0.0565887,0,0.0666667,0.124016,0,0.0666667,0.229857,0,0.0666667,0.225025,0,0.0666667,0.110743,0,0.0666667,0.159985,0,0.0666667,0.267705,0.5,0.4,0
2,2,4.43442,-2.98131,0.00236407,0.00236407,0.00236407,0.100116,True,empty floor,sound_similarity,0,0.0666667,0.301765,0,0.0666667,0.026054,0,0.0666667,0.0565887,0,0.0666667,0.124016,0,0.0666667,0.229857,0,0.0666667,0.225025,0,0.0666667,0.110743,0,0.0666667,0.159985,0,0.0666667,0.267705,0.5,0.4,0
1.75,2,4.35299,-2.95814,0.00236407,0.00236407,0.00236407,0.0750869,True,empty floor,sound_similarity,0,0.05,0.301765,0,0.05,0.026054,0,0.05,0.0565887,0,0.05,0.124016,0,0.05,0.229857,0,0.05,0.225025,0,0.05,0.110743,0,0.05,0.159985,0,0.05,0.267705,1,0.55,0
1.5,2,4.28462,-2.90234,0.00236407,0.00236407,0.00236407,0.100116,True,empty floor,sound_similarity,0,0.0666667,0.301765,0,0.0666667,0.026054,0,0.0666667,0.0565887,0,0.0666667,0.124016,0,0.0666667,0.229857,0,0.0666667,0.225025,0,0.0666667,0.110743,0,0.0666667,0.159985,0,0.0666667,0.267705,0.5,0.4,0
1.25,2,4.22994,-2.78133,0.00236407,0.00236407,0.00236407,0.100116,True,empty floor,sound_similarity,0,0.0666667,0.301765,0,0.0666667,0.026054,0,0.0666667,0.0565887,0,0.0666667,0.124016,0,0.0666667,0.229857,0,0.0666667,0.225025,0,0.0666667,0.110743,0,0.0666667,0.159985,0,0.0666667,0.267705,0.5,0.4,0
-0.75,3.25,3.13839,-0.00179208,0.00236407,0.00236407,0.00236407,0.100116,True,empty floor,sound_similarity,0,0.0666667,0.301765,0,0.0666667,0.026054,0,0.0666667,0.0565887,0,0.0666667,0.124016,0,0.0666667,0.229857,0,0.0666667,0.225025,0,0.0666667,0.110743,0,0.0666667,0.159985,0,0.0666667,0.267705,0.5,0.4,0
-0.25,3.25,2.98422,-0.269309,0.00236407,0.00236407,0.00236407,0.100116,True,empty floor,sound_similarity,0,0.0666667,0.301765,0,0.0666667,0.026054,0,0.0666667,0.0565887,0,0.0666667,0.124016,0,0.0666667,0.229857,0,0.0666667,0.225025,0,0.0666667,0.110743,0,0.0666667,0.159985,0,0.0666667,0.267705,0.5,0.4,0
0,4.75,1.471,-0.0679565,0.00236407,0.00236407,0.00236407,0.100116,True,empty floor,sound_similarity,0,0.0666667,0.301765,0,0.0666667,0.026054,0,0.0666667,0.0565887,0,0.0666667,0.124016,0,0.0666667,0.229857,0,0.0666667,0.225025,0,0.0666667,0.110743,0,0.0666667,0.159985,0,0.0666667,0.267705,0.5,0.4,0
0,4,2.19772,-0.397126,0.00236407,0.00236407,0.00236407,0.100116,True,empty floor,sound_similarity,0,0.0666667,0.301765,0,0.0666667,0.026054,0,0.0666667,0.0565887,0,0.0666667,0.124016,0,0.0666667,0.229857,0,0.0666667,0.225025,0,0.0666667,0.110743,0,0.0666667,0.159985,0,0.0666667,0.267705,0.5,0.4,0
1.5,4.25,2.17591,-2.99499,0.00236407,0.00236407,0.00236407,0.100116,True,empty floor,sound_similarity,0,0.0666667,0.301765,0,0.0666667,0.026054,0,0.0666667,0.0565887,0,0.0666667,0.124016,0,0.0666667,0.229857,0,0.0666667,0.225025,0,0.0666667,0.110743,0,0.0666667,0.159985,0,0.0666667,0.267705,0.5,0.4,0
1.25,4.25,2.06616,-2.98925,0.00236407,0.00236407,0.00236407,0.100116,True,empty floor,sound_similarity,0,0.0666667,0.301765,0,0.0666667,0.026054,0,0.0666667,0.0565887,0,0.0666667,0.124016,0,0.0666667,0.229857,0,0.0666667,0.225025,0,0.0666667,0.110743,0,0.0666667,0.159985,0,0.0666667,0.267705,0.5,0.4,0
1,4.25,1.98204,-2.94276,0.00236407,0.00236407,0.00236407,0.100116,True,empty floor,sound_similarity,0,0.0666667,0.301765,0,0.0666667,0.026054,0,0.0666667,0.0565887,0,0.0666667,0.124016,0,0.0666667,0.229857,0,0.0666667,0.225025,0,0.0666667,0.110743,0,0.0666667,0.159985,0,0.0666667,0.267705,0.5,0.4,0
0.75,4.25,1.92689,-2.67216,0.00236407,0.00236407,0.00236407,0.100116,True,empty floor,sound_similarity,0,0.0666667,0.301765,0,0.0666667,0.026054,0,0.0666667,0.0565887,0,0.0666667,0.124016,0,0.0666667,0.229857,0,0.0666667,0.225025,0,0.0666667,0.110743,0,0.0666667,0.159985,0,0.0666667,0.267705,0.5,0.4,0
0.5,4.25,1.90325,-1.90935,0.00236407,0.00236407,0.00236407,0.100116,True,empty floor,sound_similarity,0,0.0666667,0.301765,0,0.0666667,0.026054,0,0.0666667,0.0565887,0,0.0666667,0.124016,0,0.0666667,0.229857,0,0.0666667,0.225025,0,0.0666667,0.110743,0,0.0666667,0.159985,0,0.0666667,0.267705,0.5,0.4,0
0.25,4.25,1.91228,-0.964456,0.00236407,0.00236407,0.00236407,0.100116,True,empty floor,sound_similarity,0,0.0666667,0.301765,0,0.0666667,0.026054,0,0.0666667,0.0565887,0,0.0666667,0.124016,0,0.0666667,0.229857,0,0.0666667,0.225025,0,0.0666667,0.110743,0,0.0666667,0.159985,0,0.0666667,0.267705,0.5,0.4,0
0,4.25,1.95353,-0.289821,0.00236407,0.00236407,0.00236407,0.100116,True,empty floor,sound_similarity,0,0.0666667,0.301765,0,0.0666667,0.026054,0,0.0666667,0.0565887,0,0.0666667,0.124016,0,0.0666667,0.229857,0,0.0666667,0.225025,0,0.0666667,0.110743,0,0.0666667,0.159985,0,0.0666667,0.267705,0.5,0.4,0
-0.25,4.25,2.02502,-0.0109,0.00236407,0.00236407,0.00236407,0.100116,True,empty floor,sound_similarity,0,0.0666667,0.301765,0,0.0666667,0.026054,0,0.0666667,0.0565887,0,0.0666667,0.124016,0,0.0666667,0.229857,0,0.0666667,0.225025,0,0.0666667,0.110743,0,0.0666667,0.159985,0,0.0666667,0.267705,0.5,0.4,0
-0.5,4.25,2.12372,-0.0880378,0.00236407,0.00236407,0.00236407,0.100116,True,empty floor,sound_similarity,0,0.0666667,0.301765,0,0.0666667,0.026054,0,0.0666667,0.0565887,0,0.0666667,0.124016,0,0.0666667,0.229857,0,0.0666667,0.225025,0,0.0666667,0.110743,0,0.0666667,0.159985,0,0.0666667,0.267705,0.5,0.4,0
-0.75,4.25,2.24602,-0.427499,0.00236407,0.00236407,0.00236407,0.100116,True,empty floor,sound_similarity,0,0.0666667,0.301765,0,0.0666667,0.026054,0,0.0666667,0.0565887,0,0.0666667,0.124016,0,0.0666667,0.229857,0,0.0666667,0.225025,0,0.0666667,0.110743,0,0.0666667,0.159985,0,0.0666667,0.267705,0.5,0.4,0
-1,4.25,2.38832,-0.923166,0.00236407,0.00236407,0.00236407,0.100116,True,empty floor,sound_similarity,0,0.0666667,0.301765,0,0.0666667,0.026054,0,0.0666667,0.0565887,0,0.0666667,0.124016,0,0.0666667,0.229857,0,0.0666667,0.225025,0,0.0666667,0.110743,0,0.0666667,0.159985,0,0.0666667,0.267705,0.5,0.4,0
-1.25,4.25,2.54726,-1.47143,0.00236407,0.00236407,0.00236407,0.100116,True,empty floor,sound_similarity,0,0.0666667,0.301765,0,0.0666667,0.026054,0,0.0666667,0.0565887,0,0.0666667,0.124016,0,0.0666667,0.229857,0,0.0666667,0.225025,0,0.0666667,0.110743,0,0.0666667,0.159985,0,0.0666667,0.267705,0.5,0.4,0
-1.5,4.25,2.71992,-1.97839,0.00236407,0.00236407,0.00236407,0.100116,True,empty floor,sound_similarity,0,0.0666667,0.301765,0,0.0666667,0.026054,0,0.0666667,0.0565887,0,0.0666667,0.124016,0,0.0666667,0.229857,0,0.0666667,0.225025,0,0.0666667,0.110743,0,0.0666667,0.159985,0,0.0666667,0.267705,0.5,0.4,0
-1.75,4.25,2.90386,-2.37588,0.00236407,0.00236407,0.00236407,0.100116,True,empty floor,sound_similarity,0,0.0666667,0.301765,0,0.0666667,0.026054,0,0.0666667,0.0565887,0,0.0666667,0.124016,0,0.0666667,0.229857,0,0.0666667,0.225025,0,0.0666667,0.110743,0,0.0666667,0.159985,0,0.0666667,0.267705,0.5,0.4,0
-2,4.25,3.09707,-2.64257,0.00236407,0.00236407,0.00236407,0.100116,True,empty floor,sound_similarity,0,0.0666667,0.301765,0,0.0666667,0.026054,0,0.0666667,0.0565887,0,0.0666667,0.124016,0,0.0666667,0.229857,0,0.0666667,0.225025,0,0.0666667,0.110743,0,0.0666667,0.159985,0,0.0666667,0.267705,0.5,0.4,0
-2.25,4.25,3.29793,-2.80089,0.00236407,0.00236407,0.00236407,0.150174,False,tv,sound_similarity,0,0.1,0.301765,0,0.1,0.026054,0,0.1,0.0565887,0,0.1,0.124016,0,0.1,0.229857,0,0.1,0.225025,0,0.1,0.110743,0,0.1,0.159985,0,0.1,0.267705,0,0.1,0
2,4,2.65601,-2.99568,0.00236407,0.00236407,0.00236407,0.100116,True,empty floor,sound_similarity,0,0.0666667,0.301765,0,0.0666667,0.026054,0,0.0666667,0.0565887,0,0.0666667,0.124016,0,0.0666667,0.229857,0,0.0666667,0.225025,0,0.0666667,0.110743,0,0.0666667,0.159985,0,0.0666667,0.267705,0.5,0.4,0
1.75,4,2.5177,-2.99541,0.00236407,0.00236407,0.00236407,0.100116,True,empty floor,sound_similarity,0,0.0666667,0.301765,0,0.0666667,0.026054,0,0.0666667,0.0565887,0,0.0666667,0.124016,0,0.0666667,0.229857,0,0.0666667,0.225025,0,0.0666667,0.110743,0,0.0666667,0.159985,0,0.0666667,0.267705,0.5,0.4,0
1.5,4,2.39756,-2.99358,0.00236407,0.00236407,0.00236407,0.100116,True,empty floor,sound_similarity,0,0.0666667,0.301765,0,0.0666667,0.026054,0,0.0666667,0.0565887,0,0.0666667,0.124016,0,0.0666667,0.229857,0,0.0666667,0.225025,0,0.0666667,0.110743,0,0.0666667,0.159985,0,0.0666667,0.267705,0.5,0.4,0
1.25,4,2.29842,-2.98125,0.00236407,0.00236407,0.00236407,0.0750869,True,empty floor,sound_similarity,0,0.05,0.301765,0,0.05,0.026054,0,0.05,0.0565887,0,0.05,0.124016,0,0.05,0.229857,0,0.05,0.225025,0,0.05,0.110743,0,0.05,0.159985,0,0.05,0.267705,1,0.55,0
1,4,2.2231,-2.90767,0.00236407,0.00236407,0.00236407,0.100116,True,empty floor,sound_similarity,0,0.0666667,0.301765,0,0.0666667,0.026054,0,0.0666667,0.0565887,0,0.0666667,0.124016,0,0.0666667,0.229857,0,0.0666667,0.225025,0,0.0666667,0.110743,0,0.0666667,0.159985,0,0.0666667,0.267705,0.5,0.4,0
0.75,4,2.17408,-2.59497,0.00236407,0.00236407,0.00236407,0.100116,True,empty floor,sound_similarity,0,0.0666667,0.301765,0,0.0666667,0.026054,0,0.0666667,0.0565887,0,0.0666667,0.124016,0,0.0666667,0.229857,0,0.0666667,0.225025,0,0.0666667,0.110743,0,0.0666667,0.159985,0,0.0666667,0.267705,0.5,0.4,0
0.5,4,2.15316,-1.88441,0.00236407,0.00236407,0.00236407,0.100116,True,empty floor,sound_similarity,0,0.0666667,0.301765,0,0.0666667,0.026054,0,0.0666667,0.0565887,0,0.0666667,0.124016,0,0.0666667,0.229857,0,0.0666667,0.225025,0,0.0666667,0.110743,0,0.0666667,0.159985,0,0.0666667,0.267705,0.5,0.4,0
2,4.25,2.45778,-2.99572,0.00236407,0.00236407,0.00236407,0.100116,True,empty floor,sound_similarity,0,0.0666667,0.301765,0,0.0666667,0.026054,0,0.0666667,0.0565887,0,0.0666667,0.124016,0,0.0666667,0.229857,0,0.0666667,0.225025,0,0.0666667,0.110743,0,0.0666667,0.159985,0,0.0666667,0.267705,0.5,0.4,0
-2.25,4.5,3.16032,-2.92127,0.00236407,0.00236407,0.00236407,0.100116,True,empty floor,sound_similarity,0,0.0666667,0.301765,0,0.0666667,0.026054,0,0.0666667,0.0565887,0,0.0666667,0.124016,0,0.0666667,0.229857,0,0.0666667,0.225025,0,0.0666667,0.110743,0,0.0666667,0.159985,0,0.0666667,0.267705,0.5,0.4,0
-2,4.5,2.95011,-2.84945,0.00236407,0.00236407,0.00236407,0.150174,False,tv,sound_similarity,0,0.1,0.301765,0,0.1,0.026054,0,0.1,0.0565887,0,0.1,0.124016,0,0.1,0.229857,0,0.1,0.225025,0,0.1,0.110743,0,0.1,0.159985,0,0.1,0.267705,0,0.1,0
1.5,4.5,1.96109,-2.99554,0.00236407,0.00236407,0.00236407,0.100116,True,empty floor,sound_similarity,0,0.0666667,0.301765,0,0.0666667,0.026054,0,0.0666667,0.0565887,0,0.0666667,0.124016,0,0.0666667,0.229857,0,0.0666667,0.225025,0,0.0666667,0.110743,0,0.0666667,0.159985,0,0.0666667,0.267705,0.5,0.4,0
-0.25,4.75,1.5647,-0.085698,0.00236407,0.00236407,0.00236407,0.100116,True,empty floor,sound_similarity,0,0.0666667,0.301765,0,0.0666667,0.026054,0,0.0666667,0.0565887,0,0.0666667,0.124016,0,0.0666667,0.229857,0,0.0666667,0.225025,0,0.0666667,0.110743,0,0.0666667,0.159985,0,0.0666667,0.267705,0.5,0.4,0
-0.5,4.75,1.69049,-0.586752,0.00236407,0.00236407,0.00236407,0.100116,True,empty floor,sound_similarity,0,0.0666667,0.301765,0,0.0666667,0.026054,0,0.0666667,0.0565887,0,0.0666667,0.124016,0,0.0666667,0.229857,0,0.0666667,0.225025,0,0.0666667,0.110743,0,0.0666667,0.159985,0,0.0666667,0.267705,0.5,0.4,0
-0.75,4.75,1.84179,-1.30875,0.00236407,0.00236407,0.00236407,0.100116,True,empty floor,sound_similarity,0,0.0666667,0.301765,0,0.0666667,0.026054,0,0.0666667,0.0565887,0,0.0666667,0.124016,0,0.0666667,0.229857,0,0.0666667,0.225025,0,0.0666667,0.110743,0,0.0666667,0.159985,0,0.0666667,0.267705,0.5,0.4,0
-1,4.75,2.01287,-2.00541,0.00236407,0.00236407,0.00236407,0.100116,True,empty floor,sound_similarity,0,0.0666667,0.301765,0,0.0666667,0.026054,0,0.0666667,0.0565887,0,0.0666667,0.124016,0,0.0666667,0.229857,0,0.0666667,0.225025,0,0.0666667,0.110743,0,0.0666667,0.159985,0,0.0666667,0.267705,0.5,0.4,0
-1.25,4.75,2.19911,-2.50206,0.00236407,0.00236407,0.00236407,0.100116,True,empty floor,sound_similarity,0,0.0666667,0.301765,0,0.0666667,0.026054,0,0.0666667,0.0565887,0,0.0666667,0.124016,0,0.0666667,0.229857,0,0.0666667,0.225025,0,0.0666667,0.110743,0,0.0666667,0.159985,0,0.0666667,0.267705,0.5,0.4,0
-1.5,4.75,2.39699,-2.77238,0.00236407,0.00236407,0.00236407,0.100116,True,empty floor,sound_similarity,0,0.0666667,0.301765,0,0.0666667,0.026054,0,0.0666667,0.0565887,0,0.0666667,0.124016,0,0.0666667,0.229857,0,0.0666667,0.225025,0,0.0666667,0.110743,0,0.0666667,0.159985,0,0.0666667,0.267705,0.5,0.4,0
-1.75,4.75,2.60384,-2.89614,0.00236407,0.00236407,0.00236407,0.100116,True,empty floor,sound_similarity,0,0.0666667,0.301765,0,0.0666667,0.026054,0,0.0666667,0.0565887,0,0.0666667,0.124016,0,0.0666667,0.229857,0,0.0666667,0.225025,0,0.0666667,0.110743,0,0.0666667,0.159985,0,0.0666667,0.267705,0.5,0.4,0
-2,4.75,2.8177,-2.94962,0.00236407,0.00236407,0.00236407,0.100116,True,empty floor,sound_similarity,0,0.0666667,0.301765,0,0.0666667,0.026054,0,0.0666667,0.0565887,0,0.0666667,0.124016,0,0.0666667,0.229857,0,0.0666667,0.225025,0,0.0666667,0.110743,0,0.0666667,0.159985,0,0.0666667,0.267705,0.5,0.4,0
-2.25,4.75,3.03709,-2.97308,0.00236407,0.00236407,0.00236407,0.100116,True,empty floor,sound_similarity,0,0.0666667,0.301765,0,0.0666667,0.026054,0,0.0666667,0.0565887,0,0.0666667,0.124016,0,0.0666667,0.229857,0,0.0666667,0.225025,0,0.0666667,0.110743,0,0.0666667,0.159985,0,0.0666667,0.267705,0.5,0.4,0
2,4.5,2.26979,-2.99573,0.00236407,0.00236407,0.00236407,0.100116,True,empty floor,sound_similarity,0,0.0666667,0.301765,0,0.0666667,0.026054,0,0.0666667,0.0565887,0,0.0666667,0.124016,0,0.0666667,0.229857,0,0.0666667,0.225025,0,0.0666667,0.110743,0,0.0666667,0.159985,0,0.0666667,0.267705,0.5,0.4,0
1.25,4.5,1.83856,-2.99348,0.00236407,0.00236407,0.00236407,0.100116,True,empty floor,sound_similarity,0,0.0666667,0.301765,0,0.0666667,0.026054,0,0.0666667,0.0565887,0,0.0666667,0.124016,0,0.0666667,0.229857,0,0.0666667,0.225025,0,0.0666667,0.110743,0,0.0666667,0.159985,0,0.0666667,0.267705,0.5,0.4,0
-1.75,4.5,2.74658,-2.70457,0.00236407,0.00236407,0.00236407,0.100116,True,empty floor,sound_similarity,0,0.0666667,0.301765,0,0.0666667,0.026054,0,0.0666667,0.0565887,0,0.0666667,0.124016,0,0.0666667,0.229857,0,0.0666667,0.225025,0,0.0666667,0.110743,0,0.0666667,0.159985,0,0.0666667,0.267705,0.5,0.4,0
1,4.5,1.74349,-2.96913,0.00236407,0.00236407,0.00236407,0.100116,True,empty floor,sound_similarity,0,0.0666667,0.301765,0,0.0666667,0.026054,0,0.0666667,0.0565887,0,0.0666667,0.124016,0,0.0666667,0.229857,0,0.0666667,0.225025,0,0.0666667,0.110743,0,0.0666667,0.159985,0,0.0666667,0.267705,0.5,0.4,0
0.5,4.5,1.65338,-1.94164,0.00236407,0.00236407,0.00236407,0.100116,True,empty floor,sound_similarity,0,0.0666667,0.301765,0,0.0666667,0.026054,0,0.0666667,0.0565887,0,0.0666667,0.124016,0,0.0666667,0.229857,0,0.0666667,0.225025,0,0.0666667,0.110743,0,0.0666667,0.159985,0,0.0666667,0.267705,0.5,0.4,0
0.25,4.5,1.66376,-0.866366,0.00236407,0.00236407,0.00236407,0.100116,True,empty floor,sound_similarity,0,0.0666667,0.301765,0,0.0666667,0.026054,0,0.0666667,0.0565887,0,0.0666667,0.124016,0,0.0666667,0.229857,0,0.0666667,0.225025,0,0.0666667,0.110743,0,0.0666667,0.159985,0,0.0666667,0.267705,0.5,0.4,0
0,4.5,1.71101,-0.17601,0.00236407,0.00236407,0.00236407,0.100116,True,empty floor,sound_similarity,0,0.0666667,0.301765,0,0.0666667,0.026054,0,0.0666667,0.0565887,0,0.0666667,0.124016,0,0.0666667,0.229857,0,0.0666667,0.225025,0,0.0666667,0.110743,0,0.0666667,0.159985,0,0.0666667,0.267705,0.5,0.4,0
-0.25,4.5,1.79221,-0.00474008,0.00236407,0.00236407,0.00236407,0.100116,True,empty floor,sound_similarity,0,0.0666667,0.301765,0,0.0666667,0.026054,0,0.0666667,0.0565887,0,0.0666667,0.124016,0,0.0666667,0.229857,0,0.0666667,0.225025,0,0.0666667,0.110743,0,0.0666667,0.159985,0,0.0666667,0.267705,0.5,0.4,0
-0.5,4.5,1.90301,-0.256596,0.00236407,0.00236407,0.00236407,0.100116,True,empty floor,sound_similarity,0,0.0666667,0.301765,0,0.0666667,0.026054,0,0.0666667,0.0565887,0,0.0666667,0.124016,0,0.0666667,0.229857,0,0.0666667,0.225025,0,0.0666667,0.110743,0,0.0666667,0.159985,0,0.0666667,0.267705,0.5,0.4,0
-0.75,4.5,2.0386,-0.77604,0.00236407,0.00236407,0.00236407,0.100116,True,empty floor,sound_similarity,0,0.0666667,0.301765,0,0.0666667,0.026054,0,0.0666667,0.0565887,0,0.0666667,0.124016,0,0.0666667,0.229857,0,0.0666667,0.225025,0,0.0666667,0.110743,0,0.0666667,0.159985,0,0.0666667,0.267705,0.5,0.4,0
-1,4.5,2.19439,-1.40273,0.00236407,0.00236407,0.00236407,0.100116,True,empty floor,sound_similarity,0,0.0666667,0.301765,0,0.0666667,0.026054,0,0.0666667,0.0565887,0,0.0666667,0.124016,0,0.0666667,0.229857,0,0.0666667,0.225025,0,0.0666667,0.110743,0,0.0666667,0.159985,0,0.0666667,0.267705,0.5,0.4,0
-1.25,4.5,2.36639,-1.9899,0.00236407,0.00236407,0.00236407,0.100116,True,empty floor,sound_similarity,0,0.0666667,0.301765,0,0.0666667,0.026054,0,0.0666667,0.0565887,0,0.0666667,0.124016,0,0.0666667,0.229857,0,0.0666667,0.225025,0,0.0666667,0.110743,0,0.0666667,0.159985,0,0.0666667,0.267705,0.5,0.4,0
-1.5,4.5,2.55132,-2.43222,0.00236407,0.00236407,0.00236407,0.100116,True,empty floor,sound_similarity,0,0.0666667,0.301765,0,0.0666667,0.026054,0,0.0666667,0.0565887,0,0.0666667,0.124016,0,0.0666667,0.229857,0,0.0666667,0.225025,0,0.0666667,0.110743,0,0.0666667,0.159985,0,0.0666667,0.267705,0.5,0.4,0
0.25,4,2.16114,-1.04261,0.00236407,0.00236407,0.00236407,0.100116,True,empty floor,sound_similarity,0,0.0666667,0.301765,0,0.0666667,0.026054,0,0.0666667,0.0565887,0,0.0666667,0.124016,0,0.0666667,0.229857,0,0.0666667,0.225025,0,0.0666667,0.110743,0,0.0666667,0.159985,0,0.0666667,0.267705,0.5,0.4,0
-0.25,4,2.26151,-0.0583155,0.00236407,0.00236407,0.00236407,0.100116,True,empty floor,sound_similarity,0,0.0666667,0.301765,0,0.0666667,0.026054,0,0.0666667,0.0565887,0,0.0666667,0.124016,0,0.0666667,0.229857,0,0.0666667,0.225025,0,0.0666667,0.110743,0,0.0666667,0.159985,0,0.0666667,0.267705,0.5,0.4,0
0,3.25,2.93617,-0.657751,0.00236407,0.00236407,0.00236407,0.100116,True,empty floor,sound_similarity,0,0.0666667,0.301765,0,0.0666667,0.026054,0,0.0666667,0.0565887,0,0.0666667,0.124016,0,0.0666667,0.229857,0,0.0666667,0.225025,0,0.0666667,0.110743,0,0.0666667,0.159985,0,0.0666667,0.267705,0.5,0.4,0
-0.5,4,2.35029,-0.0158097,0.00236407,0.00236407,0.00236407,0.100116,True,empty floor,sound_similarity,0,0.0666667,0.301765,0,0.0666667,0.026054,0,0.0666667,0.0565887,0,0.0666667,0.124016,0,0.0666667,0.229857,0,0.0666667,0.225025,0,0.0666667,0.110743,0,0.0666667,0.159985,0,0.0666667,0.267705,0.5,0.4,0
1.25,3.5,2.77221,-2.9514,0.00236407,0.00236407,0.00236407,0.100116,True,empty floor,sound_similarity,0,0.0666667,0.301765,0,0.0666667,0.026054,0,0.0666667,0.0565887,0,0.0666667,0.124016,0,0.0666667,0.229857,0,0.0666667,0.225025,0,0.0666667,0.110743,0,0.0666667,0.159985,0,0.0666667,0.267705,0.5,0.4,0
1,3.5,2.71009,-2.82103,0.00236407,0.00236407,0.00236407,0.100116,True,empty floor,sound_similarity,0,0.0666667,0.301765,0,0.0666667,0.026054,0,0.0666667,0.0565887,0,0.0666667,0.124016,0,0.0666667,0.229857,0,0.0666667,0.225025,0,0.0666667,0.110743,0,0.0666667,0.159985,0,0.0666667,0.267705,0.5,0.4,0
0.75,3.5,2.67003,-2.46384,0.00236407,0.00236407,0.00236407,0.100116,True,empty floor,sound_similarity,0,0.0666667,0.301765,0,0.0666667,0.026054,0,0.0666667,0.0565887,0,0.0666667,0.124016,0,0.0666667,0.229857,0,0.0666667,0.225025,0,0.0666667,0.110743,0,0.0666667,0.159985,0,0.0666667,0.267705,0.5,0.4,0
0.5,3.5,2.65302,-1.84846,0.00236407,0.00236407,0.00236407,0.100116,True,empty floor,sound_similarity,0,0.0666667,0.301765,0,0.0666667,0.026054,0,0.0666667,0.0565887,0,0.0666667,0.124016,0,0.0666667,0.229857,0,0.0666667,0.225025,0,0.0666667,0.110743,0,0.0666667,0.159985,0,0.0666667,0.267705,0.5,0.4,0
0.25,3.5,2.6595,-1.15862,0.00236407,0.00236407,0.00236407,0.100116,True,empty floor,sound_similarity,0,0.0666667,0.301765,0,0.0666667,0.026054,0,0.0666667,0.0565887,0,0.0666667,0.124016,0,0.0666667,0.229857,0,0.0666667,0.225025,0,0.0666667,0.110743,0,0.0666667,0.159985,0,0.0666667,0.267705,0.5,0.4,0
0,3.5,2.68931,-0.580918,0.00236407,0.00236407,0.00236407,0.100116,True,empty floor,sound_similarity,0,0.0666667,0.301765,0,0.0666667,0.026054,0,0.0666667,0.0565887,0,0.0666667,0.124016,0,0.0666667,0.229857,0,0.0666667,0.225025,0,0.0666667,0.110743,0,0.0666667,0.159985,0,0.0666667,0.267705,0.5,0.4,0
-0.25,3.5,2.74169,-0.196325,0.00236407,0.00236407,0.00236407,0.100116,True,empty floor,sound_similarity,0,0.0666667,0.301765,0,0.0666667,0.026054,0,0.0666667,0.0565887,0,0.0666667,0.124016,0,0.0666667,0.229857,0,0.0666667,0.225025,0,0.0666667,0.110743,0,0.0666667,0.159985,0,0.0666667,0.267705,0.5,0.4,0
-0.5,3.5,2.81537,-0.0176546,0.00236407,0.00236407,0.00236407,0.100116,True,empty floor,sound_similarity,0,0.0666667,0.301765,0,0.0666667,0.026054,0,0.0666667,0.0565887,0,0.0666667,0.124016,0,0.0666667,0.229857,0,0.0666667,0.225025,0,0.0666667,0.110743,0,0.0666667,0.159985,0,0.0666667,0.267705,0.5,0.4,0
-0.75,3.5,2.90874,-0.0258464,0.00236407,0.00236407,0.00236407,0.100116,True,empty floor,sound_similarity,0,0.0666667,0.301765,0,0.0666667,0.026054,0,0.0666667,0.0565887,0,0.0666667,0.124016,0,0.0666667,0.229857,0,0.0666667,0.225025,0,0.0666667,0.110743,0,0.0666667,0.159985,0,0.0666667,0.267705,0.5,0.4,0
-1,3.5,3.01997,-0.187692,0.00236407,0.00236407,0.00236407,0.100116,True,empty floor,sound_similarity,0,0.0666667,0.301765,0,0.0666667,0.026054,0,0.0666667,0.0565887,0,0.0666667,0.124016,0,0.0666667,0.229857,0,0.0666667,0.225025,0,0.0666667,0.110743,0,0.0666667,0.159985,0,0.0666667,0.267705,0.5,0.4,0
-1.25,3.5,3.14717,-0.46466,0.00236407,0.00236407,0.00236407,0.100116,True,empty floor,sound_similarity,0,0.0666667,0.301765,0,0.0666667,0.026054,0,0.0666667,0.0565887,0,0.0666667,0.124016,0,0.0666667,0.229857,0,0.0666667,0.225025,0,0.0666667,0.110743,0,0.0666667,0.159985,0,0.0666667,0.267705,0.5,0.4,0
-1.5,3.5,3.28848,-0.817317,0.00236407,0.00236407,0.00236407,0.100116,True,empty floor,sound_similarity,0,0.0666667,0.301765,0,0.0666667,0.026054,0,0.0666667,0.0565887,0,0.0666667,0.124016,0,0.0666667,0.229857,0,0.0666667,0.225025,0,0.0666667,0.110743,0,0.0666667,0.159985,0,0.0666667,0.267705,0.5,0.4,0
-1.75,3.5,3.44217,-1.20721,0.00236407,0.00236407,0.00236407,0.100116,True,empty floor,sound_similarity,0,0.0666667,0.301765,0,0.0666667,0.026054,0,0.0666667,0.0565887,0,0.0666667,0.124016,0,0.0666667,0.229857,0,0.0666667,0.225025,0,0.0666667,0.110743,0,0.0666667,0.159985,0,0.0666667,0.267705,0.5,0.4,0
-2,3.5,3.60666,-1.59784,0.00236407,0.00236407,0.00236407,0.100116,True,empty floor,sound_similarity,0,0.0666667,0.301765,0,0.0666667,0.026054,0,0.0666667,0.0565887,0,0.0666667,0.124016,0,0.0666667,0.229857,0,0.0666667,0.225025,0,0.0666667,0.110743,0,0.0666667,0.159985,0,0.0666667,0.267705,0.5,0.4,0
-2.25,3.5,3.78054,-1.95668,0.00236407,0.00236407,0.00236407,0.100116,True,empty floor,sound_similarity,0,0.0666667,0.301765,0,0.0666667,0.026054,0,0.0666667,0.0565887,0,0.0666667,0.124016,0,0.0666667,0.229857,0,0.0666667,0.225025,0,0.0666667,0.110743,0,0.0666667,0.159985,0,0.0666667,0.267705,0.5,0.4,0
2,3.25,3.29325,-2.99471,0.00236407,0.00236407,0.00236407,0.100116,True,empty floor,sound_similarity,0,0.0666667,0.301765,0,0.0666667,0.026054,0,0.0666667,0.0565887,0,0.0666667,0.124016,0,0.0666667,0.229857,0,0.0666667,0.225025,0,0.0666667,0.110743,0,0.0666667,0.159985,0,0.0666667,0.267705,0.5,0.4,0
1.75,3.25,3.18276,-2.99152,0.00236407,0.00236407,0.00236407,0.100116,True,empty floor,sound_similarity,0,0.0666667,0.301765,0,0.0666667,0.026054,0,0.0666667,0.0565887,0,0.0666667,0.124016,0,0.0666667,0.229857,0,0.0666667,0.225025,0,0.0666667,0.110743,0,0.0666667,0.159985,0,0.0666667,0.267705,0.5,0.4,0
1.5,3.25,3.08859,-2.97854,0.00236407,0.00236407,0.00236407,0.0750869,True,empty floor,sound_similarity,0,0.05,0.301765,0,0.05,0.026054,0,0.05,0.0565887,0,0.05,0.124016,0,0.05,0.229857,0,0.05,0.225025,0,0.05,0.110743,0,0.05,0.159985,0,0.05,0.267705,1,0.55,0
1.25,3.25,3.01229,-2.92967,0.00236407,0.00236407,0.00236407,0.100116,True,empty floor,sound_similarity,0,0.0666667,0.301765,0,0.0666667,0.026054,0,0.0666667,0.0565887,0,0.0666667,0.124016,0,0.0666667,0.229857,0,0.0666667,0.225025,0,0.0666667,0.110743,0,0.0666667,0.159985,0,0.0666667,0.267705,0.5,0.4,0
1,3.25,2.95522,-2.77421,0.00236407,0.00236407,0.00236407,0.100116,True,empty floor,sound_similarity,0,0.0666667,0.301765,0,0.0666667,0.026054,0,0.0666667,0.0565887,0,0.0666667,0.124016,0,0.0666667,0.229857,0,0.0666667,0.225025,0,0.0666667,0.110743,0,0.0666667,0.159985,0,0.0666667,0.267705,0.5,0.4,0
0.75,3.25,2.91852,-2.4093,0.00236407,0.00236407,0.00236407,0.100116,True,empty floor,sound_similarity,0,0.0666667,0.301765,0,0.0666667,0.026054,0,0.0666667,0.0565887,0,0.0666667,0.124016,0,0.0666667,0.229857,0,0.0666667,0.225025,0,0.0666667,0.110743,0,0.0666667,0.159985,0,0.0666667,0.267705,0.5,0.4,0
0.5,3.25,2.90297,-1.83508,0.00236407,0.00236407,0.00236407,0.100116,True,empty floor,sound_similarity,0,0.0666667,0.301765,0,0.0666667,0.026054,0,0.0666667,0.0565887,0,0.0666667,0.124016,0,0.0666667,0.229857,0,0.0666667,0.225025,0,0.0666667,0.110743,0,0.0666667,0.159985,0,0.0666667,0.267705,0.5,0.4,0
0.25,3.25,2.90889,-1.20268,0.00236407,0.00236407,0.00236407,0.100116,True,empty floor,sound_similarity,0,0.0666667,0.301765,0,0.0666667,0.026054,0,0.0666667,0.0565887,0,0.0666667,0.124016,0,0.0666667,0.229857,0,0.0666667,0.225025,0,0.0666667,0.110743,0,0.0666667,0.159985,0,0.0666667,0.267705,0.5,0.4,0
1.5,3.5,2.85494,-2.98588,0.00236407,0.00236407,0.00236407,0.100116,True,empty floor,sound_similarity,0,0.0666667,0.301765,0,0.0666667,0.026054,0,0.0666667,0.0565887,0,0.0666667,0.124016,0,0.0666667,0.229857,0,0.0666667,0.225025,0,0.0666667,0.110743,0,0.0666667,0.159985,0,0.0666667,0.267705,0.5,0.4,0
1.75,3.5,2.95656,-2.99364,0.00236407,0.00236407,0.00236407,0.100116,True,empty floor,sound_similarity,0,0.0666667,0.301765,0,0.0666667,0.026054,0,0.0666667,0.0565887,0,0.0666667,0.124016,0,0.0666667,0.229857,0,0.0666667,0.225025,0,0.0666667,0.110743,0,0.0666667,0.159985,0,0.0666667,0.267705,0.5,0.4,0
-2.25,3.75,3.60953,-2.29152,0.00236407,0.00236407,0.00236407,0.100116,True,empty floor,sound_similarity,0,0.0666667,0.301765,0,0.0666667,0.026054,0,0.0666667,0.0565887,0,0.0666667,0.124016,0,0.0666667,0.229857,0,0.0666667,0.225025,0,0.0666667,0.110743,0,0.0666667,0.159985,0,0.0666667,0.267705,0.5,0.4,0
1,3.75,2.46595,-2.86624,0.00236407,0.00236407,0.00236407,0.100116,True,empty floor,sound_similarity,0,0.0666667,0.301765,0,0.0666667,0.026054,0,0.0666667,0.0565887,0,0.0666667,0.124016,0,0.0666667,0.229857,0,0.0666667,0.225025,0,0.0666667,0.110743,0,0.0666667,0.159985,0,0.0666667,0.267705,0.5,0.4,0
-0.75,4,2.46137,-0.213086,0.00236407,0.00236407,0.00236407,0.100116,True,empty floor,sound_similarity,0,0.0666667,0.301765,0,0.0666667,0.026054,0,0.0666667,0.0565887,0,0.0666667,0.124016,0,0.0666667,0.229857,0,0.0666667,0.225025,0,0.0666667,0.110743,0,0.0666667,0.159985,0,0.0666667,0.267705,0.5,0.4,0
-1,4,2.59187,-0.578597,0.00236407,0.00236407,0.00236407,0.100116,True,empty floor,sound_similarity,0,0.0666667,0.301765,0,0.0666667,0.026054,0,0.0666667,0.0565887,0,0.0666667,0.124016,0,0.0666667,0.229857,0,0.0666667,0.225025,0,0.0666667,0.110743,0,0.0666667,0.159985,0,0.0666667,0.267705,0.5,0.4,0
-1.25,4,2.73902,-1.03894,0.00236407,0.00236407,0.00236407,0.100116,True,empty floor,sound_similarity,0,0.0666667,0.301765,0,0.0666667,0.026054,0,0.0666667,0.0565887,0,0.0666667,0.124016,0,0.0666667,0.229857,0,0.0666667,0.225025,0,0.0666667,0.110743,0,0.0666667,0.159985,0,0.0666667,0.267705,0.5,0.4,0
-1.5,4,2.90029,-1.52371,0.00236407,0.00236407,0.00236407,0.100116,True,empty floor,sound_similarity,0,0.0666667,0.301765,0,0.0666667,0.026054,0,0.0666667,0.0565887,0,0.0666667,0.124016,0,0.0666667,0.229857,0,0.0666667,0.225025,0,0.0666667,0.110743,0,0.0666667,0.159985,0,0.0666667,0.267705,0.5,0.4,0
-1.75,4,3.07346,-1.9695,0.00236407,0.00236407,0.00236407,0.100116,True,empty floor,sound_similarity,0,0.0666667,0.301765,0,0.0666667,0.026054,0,0.0666667,0.0565887,0,0.0666667,0.124016,0,0.0666667,0.229857,0,0.0666667,0.225025,0,0.0666667,0.110743,0,0.0666667,0.159985,0,0.0666667,0.267705,0.5,0.4,0
-2,4,3.25662,-2.32978,0.00236407,0.00236407,0.00236407,0.0881139,True,chair,sound_similarity,0,0.05,0.301765,1,0.55,0.026054,0,0.05,0.0565887,0,0.05,0.124016,0,0.05,0.229857,0,0.05,0.225025,0,0.05,0.110743,0,0.05,0.159985,0,0.05,0.267705,0,0.05,0
-2.25,4,3.44819,-2.58707,0.00236407,0.00236407,0.00236407,0.100116,True,empty floor,sound_similarity,0,0.0666667,0.301765,0,0.0666667,0.026054,0,0.0666667,0.0565887,0,0.0666667,0.124016,0,0.0666667,0.229857,0,0.0666667,0.225025,0,0.0666667,0.110743,0,0.0666667,0.159985,0,0.0666667,0.267705,0.5,0.4,0
1.75,3.75,2.73451,-2.99483,0.00236407,0.00236407,0.00236407,0.100116,True,empty floor,sound_similarity,0,0.0666667,0.301765,0,0.0666667,0.026054,0,0.0666667,0.0565887,0,0.0666667,0.124016,0,0.0666667,0.229857,0,0.0666667,0.225025,0,0.0666667,0.110743,0,0.0666667,0.159985,0,0.0666667,0.267705,0.5,0.4,0
1.5,3.75,2.62431,-2.99074,0.00236407,0.00236407,0.00236407,0.100116,True,empty floor,sound_similarity,0,0.0666667,0.301765,0,0.0666667,0.026054,0,0.0666667,0.0565887,0,0.0666667,0.124016,0,0.0666667,0.229857,0,0.0666667,0.225025,0,0.0666667,0.110743,0,0.0666667,0.159985,0,0.0666667,0.267705,0.5,0.4,0
1.25,3.75,2.53406,-2.96871,0.00236407,0.00236407,0.00236407,0.0750869,True,empty floor,sound_similarity,0,0.05,0.301765,0,0.05,0.026054,0,0.05,0.0565887,0,0.05,0.124016,0,0.05,0.229857,0,0.05,0.225025,0,0.05,0.110743,0,0.05,0.159985,0,0.05,0.267705,1,0.55,0
0.75,3.75,2.42185,-2.52553,0.00236407,0.00236407,0.00236407,0.100116,True,empty floor,sound_similarity,0,0.0666667,0.301765,0,0.0666667,0.026054,0,0.0666667,0.0565887,0,0.0666667,0.124016,0,0.0666667,0.229857,0,0.0666667,0.225025,0,0.0666667,0.110743,0,0.0666667,0.159985,0,0.0666667,0.267705,0.5,0.4,0
-2,3.75,3.42699,-1.96243,0.00236407,0.00236407,0.00236407,0.100116,True,empty floor,sound_similarity,0,0.0666667,0.301765,0,0.0666667,0.026054,0,0.0666667,0.0565887,0,0.0666667,0.124016,0,0.0666667,0.229857,0,0.0666667,0.225025,0,0.0666667,0.110743,0,0.0666667,0.159985,0,0.0666667,0.267705,0.5,0.4,0
0.5,3.75,2.40308,-1.86459,0.00236407,0.00236407,0.00236407,0.100116,True,empty floor,sound_similarity,0,0.0666667,0.301765,0,0.0666667,0.026054,0,0.0666667,0.0565887,0,0.0666667,0.124016,0,0.0666667,0.229857,0,0.0666667,0.225025,0,0.0666667,0.110743,0,0.0666667,0.159985,0,0.0666667,0.267705,0.5,0.4,0
0.25,3.75,2.41024,-1.10612,0.00236407,0.00236407,0.00236407,0.100116,True,empty floor,sound_similarity,0,0.0666667,0.301765,0,0.0666667,0.026054,0,0.0666667,0.0565887,0,0.0666667,0.124016,0,0.0666667,0.229857,0,0.0666667,0.225025,0,0.0666667,0.110743,0,0.0666667,0.159985,0,0.0666667,0.267705,0.5,0.4,0
0,3.75,2.44309,-0.494294,0.00236407,0.00236407,0.00236407,0.100116,True,empty floor,sound_similarity,0,0.0666667,0.301765,0,0.0666667,0.026054,0,0.0666667,0.0565887,0,0.0666667,0.124016,0,0.0666667,0.229857,0,0.0666667,0.225025,0,0.0666667,0.110743,0,0.0666667,0.159985,0,0.0666667,0.267705,0.5,0.4,0
-0.25,3.75,2.50063,-0.124013,0.00236407,0.00236407,0.00236407,0.100116,True,empty floor,sound_similarity,0,0.0666667,0.301765,0,0.0666667,0.026054,0,0.0666667,0.0565887,0,0.0666667,0.124016,0,0.0666667,0.229857,0,0.0666667,0.225025,0,0.0666667,0.110743,0,0.0666667,0.159985,0,0.0666667,0.267705,0.5,0.4,0
-0.5,3.75,2.5812,-0.000231634,0.00236407,0.00236407,0.00236407,0.100116,True,empty floor,sound_similarity,0,0.0666667,0.301765,0,0.0666667,0.026054,0,0.0666667,0.0565887,0,0.0666667,0.124016,0,0.0666667,0.229857,0,0.0666667,0.225025,0,0.0666667,0.110743,0,0.0666667,0.159985,0,0.0666667,0.267705,0.5,0.4,0
-0.75,3.75,2.68273,-0.089417,0.00236407,0.00236407,0.00236407,0.100116,True,empty floor,sound_similarity,0,0.0666667,0.301765,0,0.0666667,0.026054,0,0.0666667,0.0565887,0,0.0666667,0.124016,0,0.0666667,0.229857,0,0.0666667,0.225025,0,0.0666667,0.110743,0,0.0666667,0.159985,0,0.0666667,0.267705,0.5,0.4,0
-1,3.75,2.80294,-0.342885,0.00236407,0.00236407,0.00236407,0.100116,True,empty floor,sound_similarity,0,0.0666667,0.301765,0,0.0666667,0.026054,0,0.0666667,0.0565887,0,0.0666667,0.124016,0,0.0666667,0.229857,0,0.0666667,0.225025,0,0.0666667,0.110743,0,0.0666667,0.159985,0,0.0666667,0.267705,0.5,0.4,0
-1.25,3.75,2.93955,-0.707743,0.00236407,0.00236407,0.00236407,0.100116,True,empty floor,sound_similarity,0,0.0666667,0.301765,0,0.0666667,0.026054,0,0.0666667,0.0565887,0,0.0666667,0.124016,0,0.0666667,0.229857,0,0.0666667,0.225025,0,0.0666667,0.110743,0,0.0666667,0.159985,0,0.0666667,0.267705,0.5,0.4,0
-1.5,3.75,3.09037,-1.13166,0.00236407,0.00236407,0.00236407,0.100116,True,empty floor,sound_similarity,0,0.0666667,0.301765,0,0.0666667,0.026054,0,0.0666667,0.0565887,0,0.0666667,0.124016,0,0.0666667,0.229857,0,0.0666667,0.225025,0,0.0666667,0.110743,0,0.0666667,0.159985,0,0.0666667,0.267705,0.5,0.4,0
-1.75,3.75,3.25344,-1.56477,0.00236407,0.00236407,0.00236407,0.100116,True,empty floor,sound_similarity,0,0.0666667,0.301765,0,0.0666667,0.026054,0,0.0666667,0.0565887,0,0.0666667,0.124016,0,0.0666667,0.229857,0,0.0666667,0.225025,0,0.0666667,0.110743,0,0.0666667,0.159985,0,0.0666667,0.267705,0.5,0.4,0
2,7.75,2.23018,-2.99573,0.00236407,0.00236407,0.00236407,0.100116,True,empty floor,sound_similarity,0,0.0666667,0.301765,0,0.0666667,0.026054,0,0.0666667,0.0565887,0,0.0666667,0.124016,0,0.0666667,0.229857,0,0.0666667,0.225025,0,0.0666667,0.110743,0,0.0666667,0.159985,0,0.0666667,0.267705,0.5,0.4,0
