x,y,dist_robot,snd_loglik,snd_post,vis_post,fused,vis_like,observed,mle_class,vis_phrase_source,ev_tv,post_tv,sim_tv,ev_chair,post_chair,sim_chair,ev_couch,post_couch,sim_couch,ev_toilet,post_toilet,sim_toilet,ev_microwave,post_microwave,sim_microwave,ev_oven,post_oven,sim_oven,ev_sink,post_sink,sim_sink,ev_refrigerator,post_refrigerator,sim_refrigerator,ev_clock,post_clock,sim_clock,ev_empty_floor,post_empty_floor,sim_empty_floor
-2.25,1.75,5.43634,-2.99573,0.00236407,0.00236407,0.00236407,0.0401192,True,empty floor,sound_similarity,0,0.0666667,0.179477,0,0.0666667,0,0,0.0666667,0.0592043,0,0.0666667,0,0,0.0666667,0.125213,0,0.0666667,0.0849678,0,0.0666667,0.0440592,0,0.0666667,0.0350616,0,0.0666667,0.0738045,0.5,0.4,0
1.5,5.5,1.24921,-2.99573,0.00236407,0.00236407,0.00236407,0.0601788,False,tv,sound_similarity,0,0.1,0.179477,0,0.1,0,0,0.1,0.0592043,0,0.1,0,0,0.1,0.125213,0,0.1,0.0849678,0,0.1,0.0440592,0,0.1,0.0350616,0,0.1,0.0738045,0,0.1,0
-1.5,6,2.14095,-2.45678,0.00236407,0.00236407,0.00236407,0.0401192,True,empty floor,sound_similarity,0,0.0666667,0.179477,0,0.0666667,0,0,0.0666667,0.0592043,0,0.0666667,0,0,0.0666667,0.125213,0,0.0666667,0.0849678,0,0.0666667,0.0440592,0,0.0666667,0.0350616,0,0.0666667,0.0738045,0.5,0.4,0
-1.75,6,2.38749,-2.35216,0.00236407,0.00236407,0.00236407,0.0401192,True,empty floor,sound_similarity,0,0.0666667,0.179477,0,0.0666667,0,0,0.0666667,0.0592043,0,0.0666667,0,0,0.0666667,0.125213,0,0.0666667,0.0849678,0,0.0666667,0.0440592,0,0.0666667,0.0350616,0,0.0666667,0.0738045,0.5,0.4,0
-2,6,2.63469,-2.2602,0.00236407,0.00236407,0.00236407,0.0401192,True,empty floor,sound_similarity,0,0.0666667,0.179477,0,0.0666667,0,0,0.0666667,0.0592043,0,0.0666667,0,0,0.0666667,0.125213,0,0.0666667,0.0849678,0,0.0666667,0.0440592,0,0.0666667,0.0350616,0,0.0666667,0.0738045,0.5,0.4,0
-2.25,6,2.88237,-2.1799,0.00236407,0.00236407,0.00236407,0.0401192,True,empty floor,sound_similarity,0,0.0666667,0.179477,0,0.0666667,0,0,0.0666667,0.0592043,0,0.0666667,0,0,0.0666667,0.125213,0,0.0666667,0.0849678,0,0.0666667,0.0440592,0,0.0666667,0.0350616,0,0.0666667,0.0738045,0.5,0.4,0
2,5.75,1.52572,-2.99573,0.00236407,0.00236407,0.00236407,0.0601788,False,tv,sound_similarity,0,0.1,0.179477,0,0.1,0,0,0.1,0.0592043,0,0.1,0,0,0.1,0.125213,0,0.1,0.0849678,0,0.1,0.0440592,0,0.1,0.0350616,0,0.1,0.0738045,0,0.1,0
1.75,5.75,1.30165,-2.99573,0.00236407,0.00236407,0.00236407,0.0601788,False,tv,sound_similarity,0,0.1,0.179477,0,0.1,0,0,0.1,0.0592043,0,0.1,0,0,0.1,0.125213,0,0.1,0.0849678,0,0.1,0.0440592,0,0.1,0.0350616,0,0.1,0.0738045,0,0.1,0
1.5,5.75,1.08893,-2.99573,0.00236407,0.00236407,0.00236407,0.0601788,False,tv,sound_similarity,0,0.1,0.179477,0,0.1,0,0,0.1,0.0592043,0,0.1,0,0,0.1,0.125213,0,0.1,0.0849678,0,0.1,0.0440592,0,0.1,0.0350616,0,0.1,0.0738045,0,0.1,0
1.25,5.75,0.895679,-2.99573,0.00236407,0.00236407,0.00236407,0.0601788,False,tv,sound_similarity,0,0.1,0.179477,0,0.1,0,0,0.1,0.0592043,0,0.1,0,0,0.1,0.125213,0,0.1,0.0849678,0,0.1,0.0440592,0,0.1,0.0350616,0,0.1,0.0738045,0,0.1,0
1,5.75,0.737368,-2.99573,0.00236407,0.00236407,0.00236407,0.0601788,False,tv,sound_similarity,0,0.1,0.179477,0,0.1,0,0,0.1,0.0592043,0,0.1,0,0,0.1,0.125213,0,0.1,0.0849678,0,0.1,0.0440592,0,0.1,0.0350616,0,0.1,0.0738045,0,0.1,0
0.75,5.75,0.640454,-2.99573,0.00236407,0.00236407,0.00236407,0.0401192,True,empty floor,sound_similarity,0,0.0666667,0.179477,0,0.0666667,0,0,0.0666667,0.0592043,0,0.0666667,0,0,0.0666667,0.125213,0,0.0666667,0.0849678,0,0.0666667,0.0440592,0,0.0666667,0.0350616,0,0.0666667,0.0738045,0.5,0.4,0
0.5,5.75,0.633759,-2.99573,0.00236407,0.00236407,0.00236407,0.0401192,True,empty floor,sound_similarity,0,0.0666667,0.179477,0,0.0666667,0,0,0.0666667,0.0592043,0,0.0666667,0,0,0.0666667,0.125213,0,0.0666667,0.0849678,0,0.0666667,0.0440592,0,0.0666667,0.0350616,0,0.0666667,0.0738045,0.5,0.4,0
0.25,5.75,0.719806,-2.99573,0.00236407,0.00236407,0.00236407,0.0401192,True,empty floor,sound_similarity,0,0.0666667,0.179477,0,0.0666667,0,0,0.0666667,0.0592043,0,0.0666667,0,0,0.0666667,0.125213,0,0.0666667,0.0849678,0,0.0666667,0.0440592,0,0.0666667,0.0350616,0,0.0666667,0.0738045,0.5,0.4,0
0,5.75,0.871545,-2.99573,0.00236407,0.00236407,0.00236407,0.0401192,True,empty floor,sound_similarity,0,0.0666667,0.179477,0,0.0666667,0,0,0.0666667,0.0592043,0,0.0666667,0,0,0.0666667,0.125213,0,0.0666667,0.0849678,0,0.0666667,0.0440592,0,0.0666667,0.0350616,0,0.0666667,0.0738045,0.5,0.4,0
-0.25,5.75,1.06116,-2.99553,0.00236407,0.00236407,0.00236407,0.0601788,False,tv,sound_similarity,0,0.1,0.179477,0,0.1,0,0,0.1,0.0592043,0,0.1,0,0,0.1,0.125213,0,0.1,0.0849678,0,0.1,0.0440592,0,0.1,0.0350616,0,0.1,0.0738045,0,0.1,0
-0.5,5.75,1.27182,-2.99332,0.00236407,0.00236407,0.00236407,0.0401192,True,empty floor,sound_similarity,0,0.0666667,0.179477,0,0.0666667,0,0,0.0666667,0.0592043,0,0.0666667,0,0,0.0666667,0.125213,0,0.0666667,0.0849678,0,0.0666667,0.0440592,0,0.0666667,0.0350616,0,0.0666667,0.0738045,0.5,0.4,0
-0.75,5.75,1.49466,-2.98373,0.00236407,0.00236407,0.00236407,0.0401192,True,empty floor,sound_similarity,0,0.0666667,0.179477,0,0.0666667,0,0,0.0666667,0.0592043,0,0.0666667,0,0,0.0666667,0.125213,0,0.0666667,0.0849678,0,0.0666667,0.0440592,0,0.0666667,0.0350616,0,0.0666667,0.0738045,0.5,0.4,0
-1,5.75,1.72496,-2.96015,0.00236407,0.00236407,0.00236407,0.0401192,True,empty floor,sound_similarity,0,0.0666667,0.179477,0,0.0666667,0,0,0.0666667,0.0592043,0,0.0666667,0,0,0.0666667,0.125213,0,0.0666667,0.0849678,0,0.0666667,0.0440592,0,0.0666667,0.0350616,0,0.0666667,0.0738045,0.5,0.4,0
-1.25,5.75,1.96009,-2.91929,0.00236407,0.00236407,0.00236407,0.0401192,True,empty floor,sound_similarity,0,0.0666667,0.179477,0,0.0666667,0,0,0.0666667,0.0592043,0,0.0666667,0,0,0.0666667,0.125213,0,0.0666667,0.0849678,0,0.0666667,0.0440592,0,0.0666667,0.0350616,0,0.0666667,0.0738045,0.5,0.4,0
-1.5,5.75,2.1985,-2.86268,0.00236407,0.00236407,0.00236407,0.0401192,True,empty floor,sound_similarity,0,0.0666667,0.179477,0,0.0666667,0,0,0.0666667,0.0592043,0,0.0666667,0,0,0.0666667,0.125213,0,0.0666667,0.0849678,0,0.0666667,0.0440592,0,0.0666667,0.0350616,0,0.0666667,0.0738045,0.5,0.4,0
-1.75,5.75,2.43924,-2.79483,0.00236407,0.00236407,0.00236407,0.0401192,True,empty floor,sound_similarity,0,0.0666667,0.179477,0,0.0666667,0,0,0.0666667,0.0592043,0,0.0666667,0,0,0.0666667,0.125213,0,0.0666667,0.0849678,0,0.0666667,0.0440592,0,0.0666667,0.0350616,0,0.0666667,0.0738045,0.5,0.4,0
-2,5.75,2.68167,-2.7209,0.00236407,0.00236407,0.00236407,0.0401192,True,empty floor,sound_similarity,0,0.0666667,0.179477,0,0.0666667,0,0,0.0666667,0.0592043,0,0.0666667,0,0,0.0666667,0.125213,0,0.0666667,0.0849678,0,0.0666667,0.0440592,0,0.0666667,0.0350616,0,0.0666667,0.0738045,0.5,0.4,0
-2.25,5.75,2.92538,-2.6452,0.00236407,0.00236407,0.00236407,0.0401192,True,empty floor,sound_similarity,0,0.0666667,0.179477,0,0.0666667,0,0,0.0666667,0.0592043,0,0.0666667,0,0,0.0666667,0.125213,0,0.0666667,0.0849678,0,0.0666667,0.0440592,0,0.0666667,0.0350616,0,0.0666667,0.0738045,0.5,0.4,0
2,5.5,1.64395,-2.99573,0.00236407,0.00236407,0.00236407,0.0601788,False,tv,sound_similarity,0,0.1,0.179477,0,0.1,0,0,0.1,0.0592043,0,0.1,0,0,0.1,0.125213,0,0.1,0.0849678,0,0.1,0.0440592,0,0.1,0.0350616,0,0.1,0.0738045,0,0.1,0
-1.25,6,1.89531,-2.57363,0.00236407,0.00236407,0.00236407,0.0401192,True,empty floor,sound_similarity,0,0.0666667,0.179477,0,0.0666667,0,0,0.0666667,0.0592043,0,0.0666667,0,0,0.0666667,0.125213,0,0.0666667,0.0849678,0,0.0666667,0.0440592,0,0.0666667,0.0350616,0,0.0666667,0.0738045,0.5,0.4,0
-1,6,1.65098,-2.6987,0.00236407,0.00236407,0.00236407,0.0401192,True,empty floor,sound_similarity,0,0.0666667,0.179477,0,0.0666667,0,0,0.0666667,0.0592043,0,0.0666667,0,0,0.0666667,0.125213,0,0.0666667,0.0849678,0,0.0666667,0.0440592,0,0.0666667,0.0350616,0,0.0666667,0.0738045,0.5,0.4,0
-0.75,6,1.40863,-2.82119,0.00236407,0.00236407,0.00236407,0.0401192,True,empty floor,sound_similarity,0,0.0666667,0.179477,0,0.0666667,0,0,0.0666667,0.0592043,0,0.0666667,0,0,0.0666667,0.125213,0,0.0666667,0.0849678,0,0.0666667,0.0440592,0,0.0666667,0.0350616,0,0.0666667,0.0738045,0.5,0.4,0
-2,6.25,2.61091,-1.58501,0.00236407,0.00236407,0.00236407,0.0401192,True,empty floor,sound_similarity,0,0.0666667,0.179477,0,0.0666667,0,0,0.0666667,0.0592043,0,0.0666667,0,0,0.0666667,0.125213,0,0.0666667,0.0849678,0,0.0666667,0.0440592,0,0.0666667,0.0350616,0,0.0666667,0.0738045,0.5,0.4,0
0.5,6.25,0.164776,-2.99573,0.00236407,0.00236407,0.00236407,0.0601788,False,tv,sound_similarity,0,0.1,0.179477,0,0.1,0,0,0.1,0.0592043,0,0.1,0,0,0.1,0.125213,0,0.1,0.0849678,0,0.1,0.0440592,0,0.1,0.0350616,0,0.1,0.0738045,0,0.1,0
0.25,6.25,0.378974,-2.93111,0.00236407,0.00236407,0.00236407,0.0401192,True,empty floor,sound_similarity,0,0.0666667,0.179477,0,0.0666667,0,0,0.0666667,0.0592043,0,0.0666667,0,0,0.0666667,0.125213,0,0.0666667,0.0849678,0,0.0666667,0.0440592,0,0.0666667,0.0350616,0,0.0666667,0.0738045,0.5,0.4,0
0,6.25,0.620557,-2.58796,0.00236407,0.00236407,0.00236407,0.0401192,True,empty floor,sound_similarity,0,0.0666667,0.179477,0,0.0666667,0,0,0.0666667,0.0592043,0,0.0666667,0,0,0.0666667,0.125213,0,0.0666667,0.0849678,0,0.0666667,0.0440592,0,0.0666667,0.0350616,0,0.0666667,0.0738045,0.5,0.4,0
-0.25,6.25,0.866926,-2.26963,0.00236407,0.00236407,0.00236407,0.0401192,True,empty floor,sound_similarity,0,0.0666667,0.179477,0,0.0666667,0,0,0.0666667,0.0592043,0,0.0666667,0,0,0.0666667,0.125213,0,0.0666667,0.0849678,0,0.0666667,0.0440592,0,0.0666667,0.0350616,0,0.0666667,0.0738045,0.5,0.4,0
-0.5,6.25,1.11491,-2.05425,0.00236407,0.00236407,0.00236407,0.0401192,True,empty floor,sound_similarity,0,0.0666667,0.179477,0,0.0666667,0,0,0.0666667,0.0592043,0,0.0666667,0,0,0.0666667,0.125213,0,0.0666667,0.0849678,0,0.0666667,0.0440592,0,0.0666667,0.0350616,0,0.0666667,0.0738045,0.5,0.4,0
-0.75,6.25,1.36363,-1.90813,0.00236407,0.00236407,0.00236407,0.0401192,True,empty floor,sound_similarity,0,0.0666667,0.179477,0,0.0666667,0,0,0.0666667,0.0592043,0,0.0666667,0,0,0.0666667,0.125213,0,0.0666667,0.0849678,0,0.0666667,0.0440592,0,0.0666667,0.0350616,0,0.0666667,0.0738045,0.5,0.4,0
-1,6.25,1.61275,-1.80451,0.00236407,0.00236407,0.00236407,0.0401192,True,empty floor,sound_similarity,0,0.0666667,0.179477,0,0.0666667,0,0,0.0666667,0.0592043,0,0.0666667,0,0,0.0666667,0.125213,0,0.0666667,0.0849678,0,0.0666667,0.0440592,0,0.0666667,0.0350616,0,0.0666667,0.0738045,0.5,0.4,0
-1.25,6.25,1.86211,-1.72782,0.00236407,0.00236407,0.00236407,0.0401192,True,empty floor,sound_similarity,0,0.0666667,0.179477,0,0.0666667,0,0,0.0666667,0.0592043,0,0.0666667,0,0,0.0666667,0.125213,0,0.0666667,0.0849678,0,0.0666667,0.0440592,0,0.0666667,0.0350616,0,0.0666667,0.0738045,0.5,0.4,0
-1.5,6.25,2.11161,-1.669,0.00236407,0.00236407,0.00236407,0.0401192,True,empty floor,sound_similarity,0,0.0666667,0.179477,0,0.0666667,0,0,0.0666667,0.0592043,0,0.0666667,0,0,0.0666667,0.125213,0,0.0666667,0.0849678,0,0.0666667,0.0440592,0,0.0666667,0.0350616,0,0.0666667,0.0738045,0.5,0.4,0
-1.75,6.25,2.36122,-1.62256,0.00236407,0.00236407,0.00236407,0.0401192,True,empty floor,sound_similarity,0,0.0666667,0.179477,0,0.0666667,0,0,0.0666667,0.0592043,0,0.0666667,0,0,0.0666667,0.125213,0,0.0666667,0.0849678,0,0.0666667,0.0440592,0,0.0666667,0.0350616,0,0.0666667,0.0738045,0.5,0.4,0
-2.25,6.25,2.86065,-1.55404,0.00236407,0.00236407,0.00236407,0.0401192,True,empty floor,sound_similarity,0,0.0666667,0.179477,0,0.0666667,0,0,0.0666667,0.0592043,0,0.0666667,0,0,0.0666667,0.125213,0,0.0666667,0.0849678,0,0.0666667,0.0440592,0,0.0666667,0.0350616,0,0.0666667,0.0738045,0.5,0.4,0
-0.5,6,1.16952,-2.92133,0.00236407,0.00236407,0.00236407,0.0401192,True,empty floor,sound_similarity,0,0.0666667,0.179477,0,0.0666667,0,0,0.0666667,0.0592043,0,0.0666667,0,0,0.0666667,0.125213,0,0.0666667,0.0849678,0,0.0666667,0.0440592,0,0.0666667,0.0350616,0,0.0666667,0.0738045,0.5,0.4,0
2,6,1.44156,-2.99573,0.00236407,0.00236407,0.00236407,0.0601788,False,tv,sound_similarity,0,0.1,0.179477,0,0.1,0,0,0.1,0.0592043,0,0.1,0,0,0.1,0.125213,0,0.1,0.0849678,0,0.1,0.0440592,0,0.1,0.0350616,0,0.1,0.0738045,0,0.1,0
1.75,6,1.2019,-2.99573,0.00236407,0.00236407,0.00236407,0.0601788,False,tv,sound_similarity,0,0.1,0.179477,0,0.1,0,0,0.1,0.0592043,0,0.1,0,0,0.1,0.125213,0,0.1,0.0849678,0,0.1,0.0440592,0,0.1,0.0350616,0,0.1,0.0738045,0,0.1,0
1.5,6,0.967482,-2.99573,0.00236407,0.00236407,0.00236407,0.0601788,False,tv,sound_similarity,0,0.1,0.179477,0,0.1,0,0,0.1,0.0592043,0,0.1,0,0,0.1,0.125213,0,0.1,0.0849678,0,0.1,0.0440592,0,0.1,0.0350616,0,0.1,0.0738045,0,0.1,0
1.25,6,0.743298,-2.99573,0.00236407,0.00236407,0.00236407,0.0601788,False,tv,sound_similarity,0,0.1,0.179477,0,0.1,0,0,0.1,0.0592043,0,0.1,0,0,0.1,0.125213,0,0.1,0.0849678,0,0.1,0.0440592,0,0.1,0.0350616,0,0.1,0.0738045,0,0.1,0
1,6,0.542182,-2.99573,0.00236407,0.00236407,0.00236407,0.0601788,False,tv,sound_similarity,0,0.1,0.179477,0,0.1,0,0,0.1,0.0592043,0,0.1,0,0,0.1,0.125213,0,0.1,0.0849678,0,0.1,0.0440592,0,0.1,0.0350616,0,0.1,0.0738045,0,0.1,0
0.75,6,0.400539,-2.99573,0.00236407,0.00236407,0.00236407,0.0601788,False,tv,sound_similarity,0,0.1,0.179477,0,0.1,0,0,0.1,0.0592043,0,0.1,0,0,0.1,0.125213,0,0.1,0.0849678,0,0.1,0.0440592,0,0.1,0.0350616,0,0.1,0.0738045,0,0.1,0
0.5,6,0.389745,-2.99573,0.00236407,0.00236407,0.00236407,0.0401192,True,empty floor,sound_similarity,0,0.0666667,0.179477,0,0.0666667,0,0,0.0666667,0.0592043,0,0.0666667,0,0,0.0666667,0.125213,0,0.0666667,0.0849678,0,0.0666667,0.0440592,0,0.0666667,0.0350616,0,0.0666667,0.0738045,0.5,0.4,0
0.25,6,0.518045,-2.99573,0.00236407,0.00236407,0.00236407,0.0401192,True,empty floor,sound_similarity,0,0.0666667,0.179477,0,0.0666667,0,0,0.0666667,0.0592043,0,0.0666667,0,0,0.0666667,0.125213,0,0.0666667,0.0849678,0,0.0666667,0.0440592,0,0.0666667,0.0350616,0,0.0666667,0.0738045,0.5,0.4,0
0,6,0.714031,-2.99465,0.00236407,0.00236407,0.00236407,0.0601788,False,tv,sound_similarity,0,0.1,0.179477,0,0.1,0,0,0.1,0.0592043,0,0.1,0,0,0.1,0.125213,0,0.1,0.0849678,0,0.1,0.0440592,0,0.1,0.0350616,0,0.1,0.0738045,0,0.1,0
-0.25,6,0.936115,-2.97855,0.00236407,0.00236407,0.00236407,0.0401192,True,empty floor,sound_similarity,0,0.0666667,0.179477,0,0.0666667,0,0,0.0666667,0.0592043,0,0.0666667,0,0,0.0666667,0.125213,0,0.0666667,0.0849678,0,0.0666667,0.0440592,0,0.0666667,0.0350616,0,0.0666667,0.0738045,0.5,0.4,0
1.75,5.5,1.43842,-2.99573,0.00236407,0.00236407,0.00236407,0.0601788,False,tv,sound_similarity,0,0.1,0.179477,0,0.1,0,0,0.1,0.0592043,0,0.1,0,0,0.1,0.125213,0,0.1,0.0849678,0,0.1,0.0440592,0,0.1,0.0350616,0,0.1,0.0738045,0,0.1,0
1.25,5.5,1.08489,-2.99573,0.00236407,0.00236407,0.00236407,0.0601788,False,tv,sound_similarity,0,0.1,0.179477,0,0.1,0,0,0.1,0.0592043,0,0.1,0,0,0.1,0.125213,0,0.1,0.0849678,0,0.1,0.0440592,0,0.1,0.0350616,0,0.1,0.0738045,0,0.1,0
1,6.25,0.411353,-2.99573,0.00236407,0.00236407,0.00236407,0.0601788,False,tv,sound_similarity,0,0.1,0.179477,0,0.1,0,0,0.1,0.0592043,0,0.1,0,0,0.1,0.125213,0,0.1,0.0849678,0,0.1,0.0440592,0,0.1,0.0350616,0,0.1,0.0738045,0,0.1,0
1,5.5,0.958364,-2.99573,0.00236407,0.00236407,0.00236407,0.0601788,False,tv,sound_similarity,0,0.1,0.179477,0,0.1,0,0,0.1,0.0592043,0,0.1,0,0,0.1,0.125213,0,0.1,0.0849678,0,0.1,0.0440592,0,0.1,0.0350616,0,0.1,0.0738045,0,0.1,0
-1.5,5.25,2.38912,-2.99188,0.00236407,0.00236407,0.00236407,0.0401192,True,empty floor,sound_similarity,0,0.0666667,0.179477,0,0.0666667,0,0,0.0666667,0.0592043,0,0.0666667,0,0,0.0666667,0.125213,0,0.0666667,0.0849678,0,0.0666667,0.0440592,0,0.0666667,0.0350616,0,0.0666667,0.0738045,0.5,0.4,0
-1.75,5.25,2.61235,-2.9865,0.00236407,0.00236407,0.00236407,0.0401192,True,empty floor,sound_similarity,0,0.0666667,0.179477,0,0.0666667,0,0,0.0666667,0.0592043,0,0.0666667,0,0,0.0666667,0.125213,0,0.0666667,0.0849678,0,0.0666667,0.0440592,0,0.0666667,0.0350616,0,0.0666667,0.0738045,0.5,0.4,0
-2.25,5.25,3.07121,-2.96275,0.00236407,0.00236407,0.00236407,0.0401192,True,empty floor,sound_similarity,0,0.0666667,0.179477,0,0.0666667,0,0,0.0666667,0.0592043,0,0.0666667,0,0,0.0666667,0.125213,0,0.0666667,0.0849678,0,0.0666667,0.0440592,0,0.0666667,0.0350616,0,0.0666667,0.0738045,0.5,0.4,0
2,5,1.95629,-2.99573,0.00236407,0.00236407,0.00236407,0.0601788,False,tv,sound_similarity,0,0.1,0.179477,0,0.1,0,0,0.1,0.0592043,0,0.1,0,0,0.1,0.125213,0,0.1,0.0849678,0,0.1,0.0440592,0,0.1,0.0350616,0,0.1,0.0738045,0,0.1,0
1.75,5,1.78705,-2.99573,0.00236407,0.00236407,0.00236407,0.0601788,False,tv,sound_similarity,0,0.1,0.179477,0,0.1,0,0,0.1,0.0592043,0,0.1,0,0,0.1,0.125213,0,0.1,0.0849678,0,0.1,0.0440592,0,0.1,0.0350616,0,0.1,0.0738045,0,0.1,0
1.5,5,1.6386,-2.99573,0.00236407,0.00236407,0.00236407,0.0601788,False,tv,sound_similarity,0,0.1,0.179477,0,0.1,0,0,0.1,0.0592043,0,0.1,0,0,0.1,0.125213,0,0.1,0.0849678,0,0.1,0.0440592,0,0.1,0.0350616,0,0.1,0.0738045,0,0.1,0
1,5,1.42932,-2.99573,0.00236407,0.00236407,0.00236407,0.0401192,True,empty floor,sound_similarity,0,0.0666667,0.179477,0,0.0666667,0,0,0.0666667,0.0592043,0,0.0666667,0,0,0.0666667,0.125213,0,0.0666667,0.0849678,0,0.0666667,0.0440592,0,0.0666667,0.0350616,0,0.0666667,0.0738045,0.5,0.4,0
0.75,5,1.38182,-2.99573,0.00236407,0.00236407,0.00236407,0.0401192,True,empty floor,sound_similarity,0,0.0666667,0.179477,0,0.0666667,0,0,0.0666667,0.0592043,0,0.0666667,0,0,0.0666667,0.125213,0,0.0666667,0.0849678,0,0.0666667,0.0440592,0,0.0666667,0.0350616,0,0.0666667,0.0738045,0.5,0.4,0
0.5,5,1.37873,-2.99573,0.00236407,0.00236407,0.00236407,0.0401192,True,empty floor,sound_similarity,0,0.0666667,0.179477,0,0.0666667,0,0,0.0666667,0.0592043,0,0.0666667,0,0,0.0666667,0.125213,0,0.0666667,0.0849678,0,0.0666667,0.0440592,0,0.0666667,0.0350616,0,0.0666667,0.0738045,0.5,0.4,0
0.25,5,1.42034,-2.99573,0.00236407,0.00236407,0.00236407,0.0401192,True,empty floor,sound_similarity,0,0.0666667,0.179477,0,0.0666667,0,0,0.0666667,0.0592043,0,0.0666667,0,0,0.0666667,0.125213,0,0.0666667,0.0849678,0,0.0666667,0.0440592,0,0.0666667,0.0350616,0,0.0666667,0.0738045,0.5,0.4,0
0,5,1.50294,-2.99573,0.00236407,0.00236407,0.00236407,0.0401192,True,empty floor,sound_similarity,0,0.0666667,0.179477,0,0.0666667,0,0,0.0666667,0.0592043,0,0.0666667,0,0,0.0666667,0.125213,0,0.0666667,0.0849678,0,0.0666667,0.0440592,0,0.0666667,0.0350616,0,0.0666667,0.0738045,0.5,0.4,0
-0.25,5,1.62028,-2.99573,0.00236407,0.00236407,0.00236407,0.0401192,True,empty floor,sound_similarity,0,0.0666667,0.179477,0,0.0666667,0,0,0.0666667,0.0592043,0,0.0666667,0,0,0.0666667,0.125213,0,0.0666667,0.0849678,0,0.0666667,0.0440592,0,0.0666667,0.0350616,0,0.0666667,0.0738045,0.5,0.4,0
-0.5,5,1.76544,-2.99573,0.00236407,0.00236407,0.00236407,0.0401192,True,empty floor,sound_similarity,0,0.0666667,0.179477,0,0.0666667,0,0,0.0666667,0.0592043,0,0.0666667,0,0,0.0666667,0.125213,0,0.0666667,0.0849678,0,0.0666667,0.0440592,0,0.0666667,0.0350616,0,0.0666667,0.0738045,0.5,0.4,0
-0.75,5,1.93216,-2.99573,0.00236407,0.00236407,0.00236407,0.0401192,True,empty floor,sound_similarity,0,0.0666667,0.179477,0,0.0666667,0,0,0.0666667,0.0592043,0,0.0666667,0,0,0.0666667,0.125213,0,0.0666667,0.0849678,0,0.0666667,0.0440592,0,0.0666667,0.0350616,0,0.0666667,0.0738045,0.5,0.4,0
-1,5,2.11535,-2.9957,0.00236407,0.00236407,0.00236407,0.0401192,True,empty floor,sound_similarity,0,0.0666667,0.179477,0,0.0666667,0,0,0.0666667,0.0592043,0,0.0666667,0,0,0.0666667,0.125213,0,0.0666667,0.0849678,0,0.0666667,0.0440592,0,0.0666667,0.0350616,0,0.0666667,0.0738045,0.5,0.4,0
-1.25,5,2.3111,-2.99556,0.00236407,0.00236407,0.00236407,0.0601788,False,tv,sound_similarity,0,0.1,0.179477,0,0.1,0,0,0.1,0.0592043,0,0.1,0,0,0.1,0.125213,0,0.1,0.0849678,0,0.1,0.0440592,0,0.1,0.0350616,0,0.1,0.0738045,0,0.1,0
-1.5,5,2.51648,-2.99511,0.00236407,0.00236407,0.00236407,0.0401192,True,empty floor,sound_similarity,0,0.0666667,0.179477,0,0.0666667,0,0,0.0666667,0.0592043,0,0.0666667,0,0,0.0666667,0.125213,0,0.0666667,0.0849678,0,0.0666667,0.0440592,0,0.0666667,0.0350616,0,0.0666667,0.0738045,0.5,0.4,0
-1.75,5,2.72931,-2.99394,0.00236407,0.00236407,0.00236407,0.0401192,True,empty floor,sound_similarity,0,0.0666667,0.179477,0,0.0666667,0,0,0.0666667,0.0592043,0,0.0666667,0,0,0.0666667,0.125213,0,0.0666667,0.0849678,0,0.0666667,0.0440592,0,0.0666667,0.0350616,0,0.0666667,0.0738045,0.5,0.4,0
-2.25,5,3.17129,-2.98706,0.00236407,0.00236407,0.00236407,0.0401192,True,empty floor,sound_similarity,0,0.0666667,0.179477,0,0.0666667,0,0,0.0666667,0.0592043,0,0.0666667,0,0,0.0666667,0.125213,0,0.0666667,0.0849678,0,0.0666667,0.0440592,0,0.0666667,0.0350616,0,0.0666667,0.0738045,0.5,0.4,0
2,4.75,2.13935,-2.99573,0.00236407,0.00236407,0.00236407,0.0601788,False,tv,sound_similarity,0,0.1,0.179477,0,0.1,0,0,0.1,0.0592043,0,0.1,0,0,0.1,0.125213,0,0.1,0.0849678,0,0.1,0.0440592,0,0.1,0.0350616,0,0.1,0.0738045,0,0.1,0
1.75,4.75,1.98577,-2.99573,0.00236407,0.00236407,0.00236407,0.0601788,False,tv,sound_similarity,0,0.1,0.179477,0,0.1,0,0,0.1,0.0592043,0,0.1,0,0,0.1,0.125213,0,0.1,0.0849678,0,0.1,0.0440592,0,0.1,0.0350616,0,0.1,0.0738045,0,0.1,0
1.25,4.75,1.74678,-2.99573,0.00236407,0.00236407,0.00236407,0.0601788,False,tv,sound_similarity,0,0.1,0.179477,0,0.1,0,0,0.1,0.0592043,0,0.1,0,0,0.1,0.125213,0,0.1,0.0849678,0,0.1,0.0440592,0,0.1,0.0350616,0,0.1,0.0738045,0,0.1,0
1,4.75,1.67114,-2.99573,0.00236407,0.00236407,0.00236407,0.0401192,True,empty floor,sound_similarity,0,0.0666667,0.179477,0,0.0666667,0,0,0.0666667,0.0592043,0,0.0666667,0,0,0.0666667,0.125213,0,0.0666667,0.0849678,0,0.0666667,0.0440592,0,0.0666667,0.0350616,0,0.0666667,0.0738045,0.5,0.4,0
-1.25,5.25,2.17174,-2.99446,0.00236407,0.00236407,0.00236407,0.0401192,True,empty floor,sound_similarity,0,0.0666667,0.179477,0,0.0666667,0,0,0.0666667,0.0592043,0,0.0666667,0,0,0.0666667,0.125213,0,0.0666667,0.0849678,0,0.0666667,0.0440592,0,0.0666667,0.0350616,0,0.0666667,0.0738045,0.5,0.4,0
-1,5.25,1.96213,-2.99542,0.00236407,0.00236407,0.00236407,0.0601788,False,tv,sound_similarity,0,0.1,0.179477,0,0.1,0,0,0.1,0.0592043,0,0.1,0,0,0.1,0.125213,0,0.1,0.0849678,0,0.1,0.0440592,0,0.1,0.0350616,0,0.1,0.0738045,0,0.1,0
-0.75,5.25,1.76309,-2.99568,0.00236407,0.00236407,0.00236407,0.0401192,True,empty floor,sound_similarity,0,0.0666667,0.179477,0,0.0666667,0,0,0.0666667,0.0592043,0,0.0666667,0,0,0.0666667,0.125213,0,0.0666667,0.0849678,0,0.0666667,0.0440592,0,0.0666667,0.0350616,0,0.0666667,0.0738045,0.5,0.4,0
-1.75,5.5,2.51488,-2.94958,0.00236407,0.00236407,0.00236407,0.0401192,True,empty floor,sound_similarity,0,0.0666667,0.179477,0,0.0666667,0,0,0.0666667,0.0592043,0,0.0666667,0,0,0.0666667,0.125213,0,0.0666667,0.0849678,0,0.0666667,0.0440592,0,0.0666667,0.0350616,0,0.0666667,0.0738045,0.5,0.4,0
0.75,5.5,0.885963,-2.99573,0.00236407,0.00236407,0.00236407,0.0401192,True,empty floor,sound_similarity,0,0.0666667,0.179477,0,0.0666667,0,0,0.0666667,0.0592043,0,0.0666667,0,0,0.0666667,0.125213,0,0.0666667,0.0849678,0,0.0666667,0.0440592,0,0.0666667,0.0350616,0,0.0666667,0.0738045,0.5,0.4,0
0.5,5.5,0.881136,-2.99573,0.00236407,0.00236407,0.00236407,0.0401192,True,empty floor,sound_similarity,0,0.0666667,0.179477,0,0.0666667,0,0,0.0666667,0.0592043,0,0.0666667,0,0,0.0666667,0.125213,0,0.0666667,0.0849678,0,0.0666667,0.0440592,0,0.0666667,0.0350616,0,0.0666667,0.0738045,0.5,0.4,0
0.25,5.5,0.944918,-2.99573,0.00236407,0.00236407,0.00236407,0.0401192,True,empty floor,sound_similarity,0,0.0666667,0.179477,0,0.0666667,0,0,0.0666667,0.0592043,0,0.0666667,0,0,0.0666667,0.125213,0,0.0666667,0.0849678,0,0.0666667,0.0440592,0,0.0666667,0.0350616,0,0.0666667,0.0738045,0.5,0.4,0
0,5.5,1.06505,-2.99573,0.00236407,0.00236407,0.00236407,0.0401192,True,empty floor,sound_similarity,0,0.0666667,0.179477,0,0.0666667,0,0,0.0666667,0.0592043,0,0.0666667,0,0,0.0666667,0.125213,0,0.0666667,0.0849678,0,0.0666667,0.0440592,0,0.0666667,0.0350616,0,0.0666667,0.0738045,0.5,0.4,0
-0.25,5.5,1.22508,-2.99573,0.00236407,0.00236407,0.00236407,0.0401192,True,empty floor,sound_similarity,0,0.0666667,0.179477,0,0.0666667,0,0,0.0666667,0.0592043,0,0.0666667,0,0,0.0666667,0.125213,0,0.0666667,0.0849678,0,0.0666667,0.0440592,0,0.0666667,0.0350616,0,0.0666667,0.0738045,0.5,0.4,0
-0.5,5.5,1.41148,-2.99565,0.00236407,0.00236407,0.00236407,0.0401192,True,empty floor,sound_similarity,0,0.0666667,0.179477,0,0.0666667,0,0,0.0666667,0.0592043,0,0.0666667,0,0,0.0666667,0.125213,0,0.0666667,0.0849678,0,0.0666667,0.0440592,0,0.0666667,0.0350616,0,0.0666667,0.0738045,0.5,0.4,0
-0.75,5.5,1.61516,-2.99503,0.00236407,0.00236407,0.00236407,0.0401192,True,empty floor,sound_similarity,0,0.0666667,0.179477,0,0.0666667,0,0,0.0666667,0.0592043,0,0.0666667,0,0,0.0666667,0.125213,0,0.0666667,0.0849678,0,0.0666667,0.0440592,0,0.0666667,0.0350616,0,0.0666667,0.0738045,0.5,0.4,0
-1,5.5,1.83036,-2.99245,0.00236407,0.00236407,0.00236407,0.0401192,True,empty floor,sound_similarity,0,0.0666667,0.179477,0,0.0666667,0,0,0.0666667,0.0592043,0,0.0666667,0,0,0.0666667,0.125213,0,0.0666667,0.0849678,0,0.0666667,0.0440592,0,0.0666667,0.0350616,0,0.0666667,0.0738045,0.5,0.4,0
-1.25,5.5,2.05346,-2.98557,0.00236407,0.00236407,0.00236407,0.0401192,True,empty floor,sound_similarity,0,0.0666667,0.179477,0,0.0666667,0,0,0.0666667,0.0592043,0,0.0666667,0,0,0.0666667,0.125213,0,0.0666667,0.0849678,0,0.0666667,0.0440592,0,0.0666667,0.0350616,0,0.0666667,0.0738045,0.5,0.4,0
-1.5,5.5,2.28214,-2.97184,0.00236407,0.00236407,0.00236407,0.0401192,True,empty floor,sound_similarity,0,0.0666667,0.179477,0,0.0666667,0,0,0.0666667,0.0592043,0,0.0666667,0,0,0.0666667,0.125213,0,0.0666667,0.0849678,0,0.0666667,0.0440592,0,0.0666667,0.0350616,0,0.0666667,0.0738045,0.5,0.4,0
-2.25,5.5,2.98874,-2.87918,0.00236407,0.00236407,0.00236407,0.0401192,True,empty floor,sound_similarity,0,0.0666667,0.179477,0,0.0666667,0,0,0.0666667,0.0592043,0,0.0666667,0,0,0.0666667,0.125213,0,0.0666667,0.0849678,0,0.0666667,0.0440592,0,0.0666667,0.0350616,0,0.0666667,0.0738045,0.5,0.4,0
-0.5,5.25,1.57862,-2.99573,0.00236407,0.00236407,0.00236407,0.0401192,True,empty floor,sound_similarity,0,0.0666667,0.179477,0,0.0666667,0,0,0.0666667,0.0592043,0,0.0666667,0,0,0.0666667,0.125213,0,0.0666667,0.0849678,0,0.0666667,0.0440592,0,0.0666667,0.0350616,0,0.0666667,0.0738045,0.5,0.4,0
2,5.25,1.78951,-2.99573,0.00236407,0.00236407,0.00236407,0.0601788,False,tv,sound_similarity,0,0.1,0.179477,0,0.1,0,0,0.1,0.0592043,0,0.1,0,0,0.1,0.125213,0,0.1,0.0849678,0,0.1,0.0440592,0,0.1,0.0350616,0,0.1,0.0738045,0,0.1,0
1.75,5.25,1.60275,-2.99573,0.00236407,0.00236407,0.00236407,0.0601788,False,tv,sound_similarity,0,0.1,0.179477,0,0.1,0,0,0.1,0.0592043,0,0.1,0,0,0.1,0.125213,0,0.1,0.0849678,0,0.1,0.0440592,0,0.1,0.0350616,0,0.1,0.0738045,0,0.1,0
1.5,5.25,1.43536,-2.99573,0.00236407,0.00236407,0.00236407,0.0601788,False,tv,sound_similarity,0,0.1,0.179477,0,0.1,0,0,0.1,0.0592043,0,0.1,0,0,0.1,0.125213,0,0.1,0.0849678,0,0.1,0.0440592,0,0.1,0.0350616,0,0.1,0.0738045,0,0.1,0
1.25,5.25,1.29489,-2.99573,0.00236407,0.00236407,0.00236407,0.0601788,False,tv,sound_similarity,0,0.1,0.179477,0,0.1,0,0,0.1,0.0592043,0,0.1,0,0,0.1,0.125213,0,0.1,0.0849678,0,0.1,0.0440592,0,0.1,0.0350616,0,0.1,0.0738045,0,0.1,0
1,5.25,1.19089,-2.99573,0.00236407,0.00236407,0.00236407,0.0601788,False,tv,sound_similarity,0,0.1,0.179477,0,0.1,0,0,0.1,0.0592043,0,0.1,0,0,0.1,0.125213,0,0.1,0.0849678,0,0.1,0.0440592,0,0.1,0.0350616,0,0.1,0.0738045,0,0.1,0
0.75,5.25,1.13344,-2.99573,0.00236407,0.00236407,0.00236407,0.0401192,True,empty floor,sound_similarity,0,0.0666667,0.179477,0,0.0666667,0,0,0.0666667,0.0592043,0,0.0666667,0,0,0.0666667,0.125213,0,0.0666667,0.0849678,0,0.0666667,0.0440592,0,0.0666667,0.0350616,0,0.0666667,0.0738045,0.5,0.4,0
0.5,5.25,1.12967,-2.99573,0.00236407,0.00236407,0.00236407,0.0401192,True,empty floor,sound_similarity,0,0.0666667,0.179477,0,0.0666667,0,0,0.0666667,0.0592043,0,0.0666667,0,0,0.0666667,0.125213,0,0.0666667,0.0849678,0,0.0666667,0.0440592,0,0.0666667,0.0350616,0,0.0666667,0.0738045,0.5,0.4,0
0.25,5.25,1.18009,-2.99573,0.00236407,0.00236407,0.00236407,0.0401192,True,empty floor,sound_similarity,0,0.0666667,0.179477,0,0.0666667,0,0,0.0666667,0.0592043,0,0.0666667,0,0,0.0666667,0.125213,0,0.0666667,0.0849678,0,0.0666667,0.0440592,0,0.0666667,0.0350616,0,0.0666667,0.0738045,0.5,0.4,0
0,5.25,1.27832,-2.99573,0.00236407,0.00236407,0.00236407,0.0401192,True,empty floor,sound_similarity,0,0.0666667,0.179477,0,0.0666667,0,0,0.0666667,0.0592043,0,0.0666667,0,0,0.0666667,0.125213,0,0.0666667,0.0849678,0,0.0666667,0.0440592,0,0.0666667,0.0350616,0,0.0666667,0.0738045,0.5,0.4,0
-0.25,5.25,1.41441,-2.99573,0.00236407,0.00236407,0.00236407,0.0401192,True,empty floor,sound_similarity,0,0.0666667,0.179477,0,0.0666667,0,0,0.0666667,0.0592043,0,0.0666667,0,0,0.0666667,0.125213,0,0.0666667,0.0849678,0,0.0666667,0.0440592,0,0.0666667,0.0350616,0,0.0666667,0.0738045,0.5,0.4,0
0.75,6.25,0.188895,-2.99573,0.00236407,0.00236407,0.00236407,0.0601788,False,tv,sound_similarity,0,0.1,0.179477,0,0.1,0,0,0.1,0.0592043,0,0.1,0,0,0.1,0.125213,0,0.1,0.0849678,0,0.1,0.0440592,0,0.1,0.0350616,0,0.1,0.0738045,0,0.1,0
1.25,6.25,0.65402,-2.99573,0.00236407,0.00236407,0.00236407,0.0601788,False,tv,sound_similarity,0,0.1,0.179477,0,0.1,0,0,0.1,0.0592043,0,0.1,0,0,0.1,0.125213,0,0.1,0.0849678,0,0.1,0.0440592,0,0.1,0.0350616,0,0.1,0.0738045,0,0.1,0
0.5,4.75,1.62808,-2.99573,0.00236407,0.00236407,0.00236407,0.0401192,True,empty floor,sound_similarity,0,0.0666667,0.179477,0,0.0666667,0,0,0.0666667,0.0592043,0,0.0666667,0,0,0.0666667,0.125213,0,0.0666667,0.0849678,0,0.0666667,0.0440592,0,0.0666667,0.0350616,0,0.0666667,0.0738045,0.5,0.4,0
1.5,7,1.08951,-2.99573,0.00236407,0.00236407,0.00236407,0.0601788,False,tv,sound_similarity,0,0.1,0.179477,0,0.1,0,0,0.1,0.0592043,0,0.1,0,0,0.1,0.125213,0,0.1,0.0849678,0,0.1,0.0440592,0,0.1,0.0350616,0,0.1,0.0738045,0,0.1,0
-1.5,7.5,2.38959,-0.388266,0.00236407,0.00236407,0.00236407,0.0401192,True,empty floor,sound_similarity,0,0.0666667,0.179477,0,0.0666667,0,0,0.0666667,0.0592043,0,0.0666667,0,0,0.0666667,0.125213,0,0.0666667,0.0849678,0,0.0666667,0.0440592,0,0.0666667,0.0350616,0,0.0666667,0.0738045,0.5,0.4,0
-1.75,7.5,2.61278,-0.214098,0.00236407,0.00236407,0.00236407,0.0401192,True,empty floor,sound_similarity,0,0.0666667,0.179477,0,0.0666667,0,0,0.0666667,0.0592043,0,0.0666667,0,0,0.0666667,0.125213,0,0.0666667,0.0849678,0,0.0666667,0.0440592,0,0.0666667,0.0350616,0,0.0666667,0.0738045,0.5,0.4,0
-2,7.5,2.84044,-0.106675,0.00236407,0.00236407,0.00236407,0.0401192,True,empty floor,sound_similarity,0,0.0666667,0.179477,0,0.0666667,0,0,0.0666667,0.0592043,0,0.0666667,0,0,0.0666667,0.125213,0,0.0666667,0.0849678,0,0.0666667,0.0440592,0,0.0666667,0.0350616,0,0.0666667,0.0738045,0.5,0.4,0
-2.25,7.5,3.07157,-0.0442322,0.00236407,0.00236407,0.00236407,0.0401192,True,empty floor,sound_similarity,0,0.0666667,0.179477,0,0.0666667,0,0,0.0666667,0.0592043,0,0.0666667,0,0,0.0666667,0.125213,0,0.0666667,0.0849678,0,0.0666667,0.0440592,0,0.0666667,0.0350616,0,0.0666667,0.0738045,0.5,0.4,0
2,7.25,1.64449,-2.99573,0.00236407,0.00236407,0.00236407,0.0601788,False,tv,sound_similarity,0,0.1,0.179477,0,0.1,0,0,0.1,0.0592043,0,0.1,0,0,0.1,0.125213,0,0.1,0.0849678,0,0.1,0.0440592,0,0.1,0.0350616,0,0.1,0.0738045,0,0.1,0
1.75,7.25,1.43903,-2.99573,0.00236407,0.00236407,0.00236407,0.0601788,False,tv,sound_similarity,0,0.1,0.179477,0,0.1,0,0,0.1,0.0592043,0,0.1,0,0,0.1,0.125213,0,0.1,0.0849678,0,0.1,0.0440592,0,0.1,0.0350616,0,0.1,0.0738045,0,0.1,0
1.5,7.25,1.24991,-2.99573,0.00236407,0.00236407,0.00236407,0.0601788,False,tv,sound_similarity,0,0.1,0.179477,0,0.1,0,0,0.1,0.0592043,0,0.1,0,0,0.1,0.125213,0,0.1,0.0849678,0,0.1,0.0440592,0,0.1,0.0350616,0,0.1,0.0738045,0,0.1,0
1.25,7.25,1.0857,-2.99573,0.00236407,0.00236407,0.00236407,0.0601788,False,tv,sound_similarity,0,0.1,0.179477,0,0.1,0,0,0.1,0.0592043,0,0.1,0,0,0.1,0.125213,0,0.1,0.0849678,0,0.1,0.0440592,0,0.1,0.0350616,0,0.1,0.0738045,0,0.1,0
1,7.25,0.959277,-2.99573,0.00236407,0.00236407,0.00236407,0.0601788,False,tv,sound_similarity,0,0.1,0.179477,0,0.1,0,0,0.1,0.0592043,0,0.1,0,0,0.1,0.125213,0,0.1,0.0849678,0,0.1,0.0440592,0,0.1,0.0350616,0,0.1,0.0738045,0,0.1,0
0.75,7.25,0.886951,-2.99573,0.00236407,0.00236407,0.00236407,0.0601788,False,tv,sound_similarity,0,0.1,0.179477,0,0.1,0,0,0.1,0.0592043,0,0.1,0,0,0.1,0.125213,0,0.1,0.0849678,0,0.1,0.0440592,0,0.1,0.0350616,0,0.1,0.0738045,0,0.1,0
0.5,7.25,0.882129,-2.99573,0.00236407,0.00236407,0.00236407,0.0601788,False,tv,sound_similarity,0,0.1,0.179477,0,0.1,0,0,0.1,0.0592043,0,0.1,0,0,0.1,0.125213,0,0.1,0.0849678,0,0.1,0.0440592,0,0.1,0.0350616,0,0.1,0.0738045,0,0.1,0
0.25,7.25,0.945844,-2.99457,0.00236407,0.00236407,0.00236407,0.0601788,False,tv,sound_similarity,0,0.1,0.179477,0,0.1,0,0,0.1,0.0592043,0,0.1,0,0,0.1,0.125213,0,0.1,0.0849678,0,0.1,0.0440592,0,0.1,0.0350616,0,0.1,0.0738045,0,0.1,0
0,7.25,1.06588,-2.9258,0.00236407,0.00236407,0.00236407,0.0601788,False,tv,sound_similarity,0,0.1,0.179477,0,0.1,0,0,0.1,0.0592043,0,0.1,0,0,0.1,0.125213,0,0.1,0.0849678,0,0.1,0.0440592,0,0.1,0.0350616,0,0.1,0.0738045,0,0.1,0
-0.25,7.25,1.22579,-2.3759,0.00236407,0.00236407,0.00236407,0.0601788,False,tv,sound_similarity,0,0.1,0.179477,0,0.1,0,0,0.1,0.0592043,0,0.1,0,0,0.1,0.125213,0,0.1,0.0849678,0,0.1,0.0440592,0,0.1,0.0350616,0,0.1,0.0738045,0,0.1,0
-0.5,7.25,1.4121,-1.48879,0.00236407,0.00236407,0.00236407,0.0401192,True,empty floor,sound_similarity,0,0.0666667,0.179477,0,0.0666667,0,0,0.0666667,0.0592043,0,0.0666667,0,0,0.0666667,0.125213,0,0.0666667,0.0849678,0,0.0666667,0.0440592,0,0.0666667,0.0350616,0,0.0666667,0.0738045,0.5,0.4,0
-0.75,7.25,1.6157,-0.826116,0.00236407,0.00236407,0.00236407,0.0401192,True,empty floor,sound_similarity,0,0.0666667,0.179477,0,0.0666667,0,0,0.0666667,0.0592043,0,0.0666667,0,0,0.0666667,0.125213,0,0.0666667,0.0849678,0,0.0666667,0.0440592,0,0.0666667,0.0350616,0,0.0666667,0.0738045,0.5,0.4,0
-1,7.25,1.83084,-0.425077,0.00236407,0.00236407,0.00236407,0.0401192,True,empty floor,sound_similarity,0,0.0666667,0.179477,0,0.0666667,0,0,0.0666667,0.0592043,0,0.0666667,0,0,0.0666667,0.125213,0,0.0666667,0.0849678,0,0.0666667,0.0440592,0,0.0666667,0.0350616,0,0.0666667,0.0738045,0.5,0.4,0
-1.25,7.25,2.05388,-0.197917,0.00236407,0.00236407,0.00236407,0.0401192,True,empty floor,sound_similarity,0,0.0666667,0.179477,0,0.0666667,0,0,0.0666667,0.0592043,0,0.0666667,0,0,0.0666667,0.125213,0,0.0666667,0.0849678,0,0.0666667,0.0440592,0,0.0666667,0.0350616,0,0.0666667,0.0738045,0.5,0.4,0
-1.5,7.25,2.28252,-0.0767477,0.00236407,0.00236407,0.00236407,0.0401192,True,empty floor,sound_similarity,0,0.0666667,0.179477,0,0.0666667,0,0,0.0666667,0.0592043,0,0.0666667,0,0,0.0666667,0.125213,0,0.0666667,0.0849678,0,0.0666667,0.0440592,0,0.0666667,0.0350616,0,0.0666667,0.0738045,0.5,0.4,0
-1.75,7.25,2.51523,-0.0194168,0.00236407,0.00236407,0.00236407,0.0401192,True,empty floor,sound_similarity,0,0.0666667,0.179477,0,0.0666667,0,0,0.0666667,0.0592043,0,0.0666667,0,0,0.0666667,0.125213,0,0.0666667,0.0849678,0,0.0666667,0.0440592,0,0.0666667,0.0350616,0,0.0666667,0.0738045,0.5,0.4,0
-2,7.25,2.75097,-0.000619808,0.00236407,0.00236407,0.00236407,0.0401192,True,empty floor,sound_similarity,0,0.0666667,0.179477,0,0.0666667,0,0,0.0666667,0.0592043,0,0.0666667,0,0,0.0666667,0.125213,0,0.0666667,0.0849678,0,0.0666667,0.0440592,0,0.0666667,0.0350616,0,0.0666667,0.0738045,0.5,0.4,0
-2.25,7.25,2.98903,-0.00510324,0.00236407,0.00236407,0.00236407,0.0401192,True,empty floor,sound_similarity,0,0.0666667,0.179477,0,0.0666667,0,0,0.0666667,0.0592043,0,0.0666667,0,0,0.0666667,0.125213,0,0.0666667,0.0849678,0,0.0666667,0.0440592,0,0.0666667,0.0350616,0,0.0666667,0.0738045,0.5,0.4,0
2,7,1.52613,-2.99573,0.00236407,0.00236407,0.00236407,0.0601788,False,tv,sound_similarity,0,0.1,0.179477,0,0.1,0,0,0.1,0.0592043,0,0.1,0,0,0.1,0.125213,0,0.1,0.0849678,0,0.1,0.0440592,0,0.1,0.0350616,0,0.1,0.0738045,0,0.1,0
-1.25,7.5,2.17225,-0.660824,0.00236407,0.00236407,0.00236407,0.0401192,True,empty floor,sound_similarity,0,0.0666667,0.179477,0,0.0666667,0,0,0.0666667,0.0592043,0,0.0666667,0,0,0.0666667,0.125213,0,0.0666667,0.0849678,0,0.0666667,0.0440592,0,0.0666667,0.0350616,0,0.0666667,0.0738045,0.5,0.4,0
-0.75,7.5,1.76373,-1.6621,0.00236407,0.00236407,0.00236407,0.0601788,False,tv,sound_similarity,0,0.1,0.179477,0,0.1,0,0,0.1,0.0592043,0,0.1,0,0,0.1,0.125213,0,0.1,0.0849678,0,0.1,0.0440592,0,0.1,0.0350616,0,0.1,0.0738045,0,0.1,0
0.25,7.5,1.18105,-2.99553,0.00236407,0.00236407,0.00236407,0.0601788,False,tv,sound_similarity,0,0.1,0.179477,0,0.1,0,0,0.1,0.0592043,0,0.1,0,0,0.1,0.125213,0,0.1,0.0849678,0,0.1,0.0440592,0,0.1,0.0350616,0,0.1,0.0738045,0,0.1,0
-0.75,7.75,1.93287,-2.35397,0.00236407,0.00236407,0.00236407,0.0601788,False,tv,sound_similarity,0,0.1,0.179477,0,0.1,0,0,0.1,0.0592043,0,0.1,0,0,0.1,0.125213,0,0.1,0.0849678,0,0.1,0.0440592,0,0.1,0.0350616,0,0.1,0.0738045,0,0.1,0
1.75,7.75,1.78782,-2.99573,0.00236407,0.00236407,0.00236407,0.0601788,False,tv,sound_similarity,0,0.1,0.179477,0,0.1,0,0,0.1,0.0592043,0,0.1,0,0,0.1,0.125213,0,0.1,0.0849678,0,0.1,0.0440592,0,0.1,0.0350616,0,0.1,0.0738045,0,0.1,0
1.5,7.75,1.63944,-2.99573,0.00236407,0.00236407,0.00236407,0.0601788,False,tv,sound_similarity,0,0.1,0.179477,0,0.1,0,0,0.1,0.0592043,0,0.1,0,0,0.1,0.125213,0,0.1,0.0849678,0,0.1,0.0440592,0,0.1,0.0350616,0,0.1,0.0738045,0,0.1,0
1.25,7.75,1.51797,-2.99573,0.00236407,0.00236407,0.00236407,0.0601788,False,tv,sound_similarity,0,0.1,0.179477,0,0.1,0,0,0.1,0.0592043,0,0.1,0,0,0.1,0.125213,0,0.1,0.0849678,0,0.1,0.0440592,0,0.1,0.0350616,0,0.1,0.0738045,0,0.1,0
1,7.75,1.43028,-2.99573,0.00236407,0.00236407,0.00236407,0.0601788,False,tv,sound_similarity,0,0.1,0.179477,0,0.1,0,0,0.1,0.0592043,0,0.1,0,0,0.1,0.125213,0,0.1,0.0849678,0,0.1,0.0440592,0,0.1,0.0350616,0,0.1,0.0738045,0,0.1,0
0.75,7.75,1.38282,-2.99573,0.00236407,0.00236407,0.00236407,0.0601788,False,tv,sound_similarity,0,0.1,0.179477,0,0.1,0,0,0.1,0.0592043,0,0.1,0,0,0.1,0.125213,0,0.1,0.0849678,0,0.1,0.0440592,0,0.1,0.0350616,0,0.1,0.0738045,0,0.1,0
0.5,7.75,1.37973,-2.99573,0.00236407,0.00236407,0.00236407,0.0601788,False,tv,sound_similarity,0,0.1,0.179477,0,0.1,0,0,0.1,0.0592043,0,0.1,0,0,0.1,0.125213,0,0.1,0.0849678,0,0.1,0.0440592,0,0.1,0.0350616,0,0.1,0.0738045,0,0.1,0
0.25,7.75,1.42131,-2.99567,0.00236407,0.00236407,0.00236407,0.0601788,False,tv,sound_similarity,0,0.1,0.179477,0,0.1,0,0,0.1,0.0592043,0,0.1,0,0,0.1,0.125213,0,0.1,0.0849678,0,0.1,0.0440592,0,0.1,0.0350616,0,0.1,0.0738045,0,0.1,0
0,7.75,1.50386,-2.99365,0.00236407,0.00236407,0.00236407,0.0601788,False,tv,sound_similarity,0,0.1,0.179477,0,0.1,0,0,0.1,0.0592043,0,0.1,0,0,0.1,0.125213,0,0.1,0.0849678,0,0.1,0.0440592,0,0.1,0.0350616,0,0.1,0.0738045,0,0.1,0
-0.25,7.75,1.62113,-2.96509,0.00236407,0.00236407,0.00236407,0.0601788,False,tv,sound_similarity,0,0.1,0.179477,0,0.1,0,0,0.1,0.0592043,0,0.1,0,0,0.1,0.125213,0,0.1,0.0849678,0,0.1,0.0440592,0,0.1,0.0350616,0,0.1,0.0738045,0,0.1,0
-0.5,7.75,1.76622,-2.79431,0.00236407,0.00236407,0.00236407,0.0601788,False,tv,sound_similarity,0,0.1,0.179477,0,0.1,0,0,0.1,0.0592043,0,0.1,0,0,0.1,0.125213,0,0.1,0.0849678,0,0.1,0.0440592,0,0.1,0.0350616,0,0.1,0.0738045,0,0.1,0
-1,7.75,2.116,-1.77765,0.00236407,0.00236407,0.00236407,0.0601788,False,tv,sound_similarity,0,0.1,0.179477,0,0.1,0,0,0.1,0.0592043,0,0.1,0,0,0.1,0.125213,0,0.1,0.0849678,0,0.1,0.0440592,0,0.1,0.0350616,0,0.1,0.0738045,0,0.1,0
0.5,7.5,1.13066,-2.99573,0.00236407,0.00236407,0.00236407,0.0601788,False,tv,sound_similarity,0,0.1,0.179477,0,0.1,0,0,0.1,0.0592043,0,0.1,0,0,0.1,0.125213,0,0.1,0.0849678,0,0.1,0.0440592,0,0.1,0.0350616,0,0.1,0.0738045,0,0.1,0
-1.25,7.75,2.3117,-1.25956,0.00236407,0.00236407,0.00236407,0.0601788,False,tv,sound_similarity,0,0.1,0.179477,0,0.1,0,0,0.1,0.0592043,0,0.1,0,0,0.1,0.125213,0,0.1,0.0849678,0,0.1,0.0440592,0,0.1,0.0350616,0,0.1,0.0738045,0,0.1,0
-1.5,7.75,2.51702,-0.860329,0.00236407,0.00236407,0.00236407,0.0401192,True,empty floor,sound_similarity,0,0.0666667,0.179477,0,0.0666667,0,0,0.0666667,0.0592043,0,0.0666667,0,0,0.0666667,0.125213,0,0.0666667,0.0849678,0,0.0666667,0.0440592,0,0.0666667,0.0350616,0,0.0666667,0.0738045,0.5,0.4,0
-1.75,7.75,2.72981,-0.570603,0.00236407,0.00236407,0.00236407,0.0401192,True,empty floor,sound_similarity,0,0.0666667,0.179477,0,0.0666667,0,0,0.0666667,0.0592043,0,0.0666667,0,0,0.0666667,0.125213,0,0.0666667,0.0849678,0,0.0666667,0.0440592,0,0.0666667,0.0350616,0,0.0666667,0.0738045,0.5,0.4,0
-2.25,7.75,3.17172,-0.224907,0.00236407,0.00236407,0.00236407,0.0401192,True,empty floor,sound_similarity,0,0.0666667,0.179477,0,0.0666667,0,0,0.0666667,0.0592043,0,0.0666667,0,0,0.0666667,0.125213,0,0.0666667,0.0849678,0,0.0666667,0.0440592,0,0.0666667,0.0350616,0,0.0666667,0.0738045,0.5,0.4,0
2,7.5,1.79013,-2.99573,0.00236407,0.00236407,0.00236407,0.0601788,False,tv,sound_similarity,0,0.1,0.179477,0,0.1,0,0,0.1,0.0592043,0,0.1,0,0,0.1,0.125213,0,0.1,0.0849678,0,0.1,0.0440592,0,0.1,0.0350616,0,0.1,0.0738045,0,0.1,0
1.75,7.5,1.60345,-2.99573,0.00236407,0.00236407,0.00236407,0.0601788,False,tv,sound_similarity,0,0.1,0.179477,0,0.1,0,0,0.1,0.0592043,0,0.1,0,0,0.1,0.125213,0,0.1,0.0849678,0,0.1,0.0440592,0,0.1,0.0350616,0,0.1,0.0738045,0,0.1,0
1.5,7.5,1.43615,-2.99573,0.00236407,0.00236407,0.00236407,0.0601788,False,tv,sound_similarity,0,0.1,0.179477,0,0.1,0,0,0.1,0.0592043,0,0.1,0,0,0.1,0.125213,0,0.1,0.0849678,0,0.1,0.0440592,0,0.1,0.0350616,0,0.1,0.0738045,0,0.1,0
1.25,7.5,1.29576,-2.99573,0.00236407,0.00236407,0.00236407,0.0601788,False,tv,sound_similarity,0,0.1,0.179477,0,0.1,0,0,0.1,0.0592043,0,0.1,0,0,0.1,0.125213,0,0.1,0.0849678,0,0.1,0.0440592,0,0.1,0.0350616,0,0.1,0.0738045,0,0.1,0
1,7.5,1.19183,-2.99573,0.00236407,0.00236407,0.00236407,0.0601788,False,tv,sound_similarity,0,0.1,0.179477,0,0.1,0,0,0.1,0.0592043,0,0.1,0,0,0.1,0.125213,0,0.1,0.0849678,0,0.1,0.0440592,0,0.1,0.0350616,0,0.1,0.0738045,0,0.1,0
0.75,7.5,1.13443,-2.99573,0.00236407,0.00236407,0.00236407,0.0601788,False,tv,sound_similarity,0,0.1,0.179477,0,0.1,0,0,0.1,0.0592043,0,0.1,0,0,0.1,0.125213,0,0.1,0.0849678,0,0.1,0.0440592,0,0.1,0.0350616,0,0.1,0.0738045,0,0.1,0
1.75,7,1.30213,-2.99573,0.00236407,0.00236407,0.00236407,0.0601788,False,tv,sound_similarity,0,0.1,0.179477,0,0.1,0,0,0.1,0.0592043,0,0.1,0,0,0.1,0.125213,0,0.1,0.0849678,0,0.1,0.0440592,0,0.1,0.0350616,0,0.1,0.0738045,0,0.1,0
1.25,7,0.896377,-2.99573,0.00236407,0.00236407,0.00236407,0.0601788,False,tv,sound_similarity,0,0.1,0.179477,0,0.1,0,0,0.1,0.0592043,0,0.1,0,0,0.1,0.125213,0,0.1,0.0849678,0,0.1,0.0440592,0,0.1,0.0350616,0,0.1,0.0738045,0,0.1,0
1.5,6.25,0.900706,-2.99573,0.00236407,0.00236407,0.00236407,0.0601788,False,tv,sound_similarity,0,0.1,0.179477,0,0.1,0,0,0.1,0.0592043,0,0.1,0,0,0.1,0.125213,0,0.1,0.0849678,0,0.1,0.0440592,0,0.1,0.0350616,0,0.1,0.0738045,0,0.1,0
1,7,0.738215,-2.99573,0.00236407,0.00236407,0.00236407,0.0601788,False,tv,sound_similarity,0,0.1,0.179477,0,0.1,0,0,0.1,0.0592043,0,0.1,0,0,0.1,0.125213,0,0.1,0.0849678,0,0.1,0.0440592,0,0.1,0.0350616,0,0.1,0.0738045,0,0.1,0
-1.5,6.75,2.14112,-0.25698,0.00236407,0.00236407,0.00236407,0.0401192,True,empty floor,sound_similarity,0,0.0666667,0.179477,0,0.0666667,0,0,0.0666667,0.0592043,0,0.0666667,0,0,0.0666667,0.125213,0,0.0666667,0.0849678,0,0.0666667,0.0440592,0,0.0666667,0.0350616,0,0.0666667,0.0738045,0.5,0.4,0
-1.75,6.75,2.38765,-0.327525,0.00236407,0.00236407,0.00236407,0.0401192,True,empty floor,sound_similarity,0,0.0666667,0.179477,0,0.0666667,0,0,0.0666667,0.0592043,0,0.0666667,0,0,0.0666667,0.125213,0,0.0666667,0.0849678,0,0.0666667,0.0440592,0,0.0666667,0.0350616,0,0.0666667,0.0738045,0.5,0.4,0
-2.25,6.75,2.8825,-0.447272,0.00236407,0.00236407,0.00236407,0.0401192,True,empty floor,sound_similarity,0,0.0666667,0.179477,0,0.0666667,0,0,0.0666667,0.0592043,0,0.0666667,0,0,0.0666667,0.125213,0,0.0666667,0.0849678,0,0.0666667,0.0440592,0,0.0666667,0.0350616,0,0.0666667,0.0738045,0.5,0.4,0
2,6.5,1.39771,-2.99573,0.00236407,0.00236407,0.00236407,0.0601788,False,tv,sound_similarity,0,0.1,0.179477,0,0.1,0,0,0.1,0.0592043,0,0.1,0,0,0.1,0.125213,0,0.1,0.0849678,0,0.1,0.0440592,0,0.1,0.0350616,0,0.1,0.0738045,0,0.1,0
1.75,6.5,1.14894,-2.99573,0.00236407,0.00236407,0.00236407,0.0601788,False,tv,sound_similarity,0,0.1,0.179477,0,0.1,0,0,0.1,0.0592043,0,0.1,0,0,0.1,0.125213,0,0.1,0.0849678,0,0.1,0.0440592,0,0.1,0.0350616,0,0.1,0.0738045,0,0.1,0
1.5,6.5,0.900845,-2.99573,0.00236407,0.00236407,0.00236407,0.0601788,False,tv,sound_similarity,0,0.1,0.179477,0,0.1,0,0,0.1,0.0592043,0,0.1,0,0,0.1,0.125213,0,0.1,0.0849678,0,0.1,0.0440592,0,0.1,0.0350616,0,0.1,0.0738045,0,0.1,0
1.25,6.5,0.654211,-2.99573,0.00236407,0.00236407,0.00236407,0.0601788,False,tv,sound_similarity,0,0.1,0.179477,0,0.1,0,0,0.1,0.0592043,0,0.1,0,0,0.1,0.125213,0,0.1,0.0849678,0,0.1,0.0440592,0,0.1,0.0350616,0,0.1,0.0738045,0,0.1,0
1,6.5,0.411657,-2.99573,0.00236407,0.00236407,0.00236407,0.0601788,False,tv,sound_similarity,0,0.1,0.179477,0,0.1,0,0,0.1,0.0592043,0,0.1,0,0,0.1,0.125213,0,0.1,0.0849678,0,0.1,0.0440592,0,0.1,0.0350616,0,0.1,0.0738045,0,0.1,0
0.75,6.5,0.189556,-2.99573,0.00236407,0.00236407,0.00236407,0.0601788,False,tv,sound_similarity,0,0.1,0.179477,0,0.1,0,0,0.1,0.0592043,0,0.1,0,0,0.1,0.125213,0,0.1,0.0849678,0,0.1,0.0440592,0,0.1,0.0350616,0,0.1,0.0738045,0,0.1,0
0.5,6.5,0.165533,-2.68995,0.00236407,0.00236407,0.00236407,0.0601788,False,tv,sound_similarity,0,0.1,0.179477,0,0.1,0,0,0.1,0.0592043,0,0.1,0,0,0.1,0.125213,0,0.1,0.0849678,0,0.1,0.0440592,0,0.1,0.0350616,0,0.1,0.0738045,0,0.1,0
0.25,6.5,0.379303,-0.00535384,0.00236407,0.00236407,0.00236407,0.0401192,True,empty floor,sound_similarity,0,0.0666667,0.179477,0,0.0666667,0,0,0.0666667,0.0592043,0,0.0666667,0,0,0.0666667,0.125213,0,0.0666667,0.0849678,0,0.0666667,0.0440592,0,0.0666667,0.0350616,0,0.0666667,0.0738045,0.5,0.4,0
0,6.5,0.620758,-0.16753,0.00236407,0.00236407,0.00236407,0.0401192,True,empty floor,sound_similarity,0,0.0666667,0.179477,0,0.0666667,0,0,0.0666667,0.0592043,0,0.0666667,0,0,0.0666667,0.125213,0,0.0666667,0.0849678,0,0.0666667,0.0440592,0,0.0666667,0.0350616,0,0.0666667,0.0738045,0.5,0.4,0
-0.25,6.5,0.86707,-0.380957,0.00236407,0.00236407,0.00236407,0.0401192,True,empty floor,sound_similarity,0,0.0666667,0.179477,0,0.0666667,0,0,0.0666667,0.0592043,0,0.0666667,0,0,0.0666667,0.125213,0,0.0666667,0.0849678,0,0.0666667,0.0440592,0,0.0666667,0.0350616,0,0.0666667,0.0738045,0.5,0.4,0
-0.5,6.5,1.11502,-0.534952,0.00236407,0.00236407,0.00236407,0.0401192,True,empty floor,sound_similarity,0,0.0666667,0.179477,0,0.0666667,0,0,0.0666667,0.0592043,0,0.0666667,0,0,0.0666667,0.125213,0,0.0666667,0.0849678,0,0.0666667,0.0440592,0,0.0666667,0.0350616,0,0.0666667,0.0738045,0.5,0.4,0
-0.75,6.5,1.36373,-0.645135,0.00236407,0.00236407,0.00236407,0.0401192,True,empty floor,sound_similarity,0,0.0666667,0.179477,0,0.0666667,0,0,0.0666667,0.0592043,0,0.0666667,0,0,0.0666667,0.125213,0,0.0666667,0.0849678,0,0.0666667,0.0440592,0,0.0666667,0.0350616,0,0.0666667,0.0738045,0.5,0.4,0
-1,6.5,1.61283,-0.726578,0.00236407,0.00236407,0.00236407,0.0401192,True,empty floor,sound_similarity,0,0.0666667,0.179477,0,0.0666667,0,0,0.0666667,0.0592043,0,0.0666667,0,0,0.0666667,0.125213,0,0.0666667,0.0849678,0,0.0666667,0.0440592,0,0.0666667,0.0350616,0,0.0666667,0.0738045,0.5,0.4,0
-1.25,6.5,1.86217,-0.788822,0.00236407,0.00236407,0.00236407,0.0401192,True,empty floor,sound_similarity,0,0.0666667,0.179477,0,0.0666667,0,0,0.0666667,0.0592043,0,0.0666667,0,0,0.0666667,0.125213,0,0.0666667,0.0849678,0,0.0666667,0.0440592,0,0.0666667,0.0350616,0,0.0666667,0.0738045,0.5,0.4,0
-1.5,6.5,2.11167,-0.837779,0.00236407,0.00236407,0.00236407,0.0401192,True,empty floor,sound_similarity,0,0.0666667,0.179477,0,0.0666667,0,0,0.0666667,0.0592043,0,0.0666667,0,0,0.0666667,0.125213,0,0.0666667,0.0849678,0,0.0666667,0.0440592,0,0.0666667,0.0350616,0,0.0666667,0.0738045,0.5,0.4,0
-1.75,6.5,2.36128,-0.877223,0.00236407,0.00236407,0.00236407,0.0401192,True,empty floor,sound_similarity,0,0.0666667,0.179477,0,0.0666667,0,0,0.0666667,0.0592043,0,0.0666667,0,0,0.0666667,0.125213,0,0.0666667,0.0849678,0,0.0666667,0.0440592,0,0.0666667,0.0350616,0,0.0666667,0.0738045,0.5,0.4,0
-2,6.5,2.61096,-0.909645,0.00236407,0.00236407,0.00236407,0.0401192,True,empty floor,sound_similarity,0,0.0666667,0.179477,0,0.0666667,0,0,0.0666667,0.0592043,0,0.0666667,0,0,0.0666667,0.125213,0,0.0666667,0.0849678,0,0.0666667,0.0440592,0,0.0666667,0.0350616,0,0.0666667,0.0738045,0.5,0.4,0
-2.25,6.5,2.86069,-0.936748,0.00236407,0.00236407,0.00236407,0.0401192,True,empty floor,sound_similarity,0,0.0666667,0.179477,0,0.0666667,0,0,0.0666667,0.0592043,0,0.0666667,0,0,0.0666667,0.125213,0,0.0666667,0.0849678,0,0.0666667,0.0440592,0,0.0666667,0.0350616,0,0.0666667,0.0738045,0.5,0.4,0
2,6.25,1.39762,-2.99573,0.00236407,0.00236407,0.00236407,0.0601788,False,tv,sound_similarity,0,0.1,0.179477,0,0.1,0,0,0.1,0.0592043,0,0.1,0,0,0.1,0.125213,0,0.1,0.0849678,0,0.1,0.0440592,0,0.1,0.0350616,0,0.1,0.0738045,0,0.1,0
1.75,6.25,1.14883,-2.99573,0.00236407,0.00236407,0.00236407,0.0601788,False,tv,sound_similarity,0,0.1,0.179477,0,0.1,0,0,0.1,0.0592043,0,0.1,0,0,0.1,0.125213,0,0.1,0.0849678,0,0.1,0.0440592,0,0.1,0.0350616,0,0.1,0.0738045,0,0.1,0
-1.25,6.75,1.89551,-0.179951,0.00236407,0.00236407,0.00236407,0.0401192,True,empty floor,sound_similarity,0,0.0666667,0.179477,0,0.0666667,0,0,0.0666667,0.0592043,0,0.0666667,0,0,0.0666667,0.125213,0,0.0666667,0.0849678,0,0.0666667,0.0440592,0,0.0666667,0.0350616,0,0.0666667,0.0738045,0.5,0.4,0
-1,6.75,1.6512,-0.10013,0.00236407,0.00236407,0.00236407,0.0401192,True,empty floor,sound_similarity,0,0.0666667,0.179477,0,0.0666667,0,0,0.0666667,0.0592043,0,0.0666667,0,0,0.0666667,0.125213,0,0.0666667,0.0849678,0,0.0666667,0.0440592,0,0.0666667,0.0350616,0,0.0666667,0.0738045,0.5,0.4,0
-0.75,6.75,1.4089,-0.0291778,0.00236407,0.00236407,0.00236407,0.0401192,True,empty floor,sound_similarity,0,0.0666667,0.179477,0,0.0666667,0,0,0.0666667,0.0592043,0,0.0666667,0,0,0.0666667,0.125213,0,0.0666667,0.0849678,0,0.0666667,0.0440592,0,0.0666667,0.0350616,0,0.0666667,0.0738045,0.5,0.4,0
-1.75,7,2.43949,-0.0435424,0.00236407,0.00236407,0.00236407,0.0401192,True,empty floor,sound_similarity,0,0.0666667,0.179477,0,0.0666667,0,0,0.0666667,0.0592043,0,0.0666667,0,0,0.0666667,0.125213,0,0.0666667,0.0849678,0,0.0666667,0.0440592,0,0.0666667,0.0350616,0,0.0666667,0.0738045,0.5,0.4,0
0.75,7,0.641429,-2.99573,0.00236407,0.00236407,0.00236407,0.0601788,False,tv,sound_similarity,0,0.1,0.179477,0,0.1,0,0,0.1,0.0592043,0,0.1,0,0,0.1,0.125213,0,0.1,0.0849678,0,0.1,0.0440592,0,0.1,0.0350616,0,0.1,0.0738045,0,0.1,0
0.5,7,0.634745,-2.99572,0.00236407,0.00236407,0.00236407,0.0601788,False,tv,sound_similarity,0,0.1,0.179477,0,0.1,0,0,0.1,0.0592043,0,0.1,0,0,0.1,0.125213,0,0.1,0.0849678,0,0.1,0.0440592,0,0.1,0.0350616,0,0.1,0.0738045,0,0.1,0
0.25,7,0.720674,-2.98018,0.00236407,0.00236407,0.00236407,0.0601788,False,tv,sound_similarity,0,0.1,0.179477,0,0.1,0,0,0.1,0.0592043,0,0.1,0,0,0.1,0.125213,0,0.1,0.0849678,0,0.1,0.0440592,0,0.1,0.0350616,0,0.1,0.0738045,0,0.1,0
0,7,0.872262,-2.39974,0.00236407,0.00236407,0.00236407,0.0601788,False,tv,sound_similarity,0,0.1,0.179477,0,0.1,0,0,0.1,0.0592043,0,0.1,0,0,0.1,0.125213,0,0.1,0.0849678,0,0.1,0.0440592,0,0.1,0.0350616,0,0.1,0.0738045,0,0.1,0
-0.25,7,1.06175,-1.20754,0.00236407,0.00236407,0.00236407,0.0401192,True,empty floor,sound_similarity,0,0.0666667,0.179477,0,0.0666667,0,0,0.0666667,0.0592043,0,0.0666667,0,0,0.0666667,0.125213,0,0.0666667,0.0849678,0,0.0666667,0.0440592,0,0.0666667,0.0350616,0,0.0666667,0.0738045,0.5,0.4,0
-0.5,7,1.27231,-0.498403,0.00236407,0.00236407,0.00236407,0.0401192,True,empty floor,sound_similarity,0,0.0666667,0.179477,0,0.0666667,0,0,0.0666667,0.0592043,0,0.0666667,0,0,0.0666667,0.125213,0,0.0666667,0.0849678,0,0.0666667,0.0440592,0,0.0666667,0.0350616,0,0.0666667,0.0738045,0.5,0.4,0
-0.75,7,1.49508,-0.171132,0.00236407,0.00236407,0.00236407,0.0401192,True,empty floor,sound_similarity,0,0.0666667,0.179477,0,0.0666667,0,0,0.0666667,0.0592043,0,0.0666667,0,0,0.0666667,0.125213,0,0.0666667,0.0849678,0,0.0666667,0.0440592,0,0.0666667,0.0350616,0,0.0666667,0.0738045,0.5,0.4,0
-1,7,1.72532,-0.0381255,0.00236407,0.00236407,0.00236407,0.0401192,True,empty floor,sound_similarity,0,0.0666667,0.179477,0,0.0666667,0,0,0.0666667,0.0592043,0,0.0666667,0,0,0.0666667,0.125213,0,0.0666667,0.0849678,0,0.0666667,0.0440592,0,0.0666667,0.0350616,0,0.0666667,0.0738045,0.5,0.4,0
-1.25,7,1.96041,-0.000784533,0.00236407,0.00236407,0.00236407,0.0401192,True,empty floor,sound_similarity,0,0.0666667,0.179477,0,0.0666667,0,0,0.0666667,0.0592043,0,0.0666667,0,0,0.0666667,0.125213,0,0.0666667,0.0849678,0,0.0666667,0.0440592,0,0.0666667,0.0350616,0,0.0666667,0.0738045,0.5,0.4,0
-1.5,7,2.19879,-0.0106677,0.00236407,0.00236407,0.00236407,0.0401192,True,empty floor,sound_similarity,0,0.0666667,0.179477,0,0.0666667,0,0,0.0666667,0.0592043,0,0.0666667,0,0,0.0666667,0.125213,0,0.0666667,0.0849678,0,0.0666667,0.0440592,0,0.0666667,0.0350616,0,0.0666667,0.0738045,0.5,0.4,0
-2,7,2.6819,-0.0869618,0.00236407,0.00236407,0.00236407,0.0669917,True,clock,sound_similarity,0,0.05,0.179477,0,0.05,0,0,0.05,0.0592043,0,0.05,0,0,0.05,0.125213,0,0.05,0.0849678,0,0.05,0.0440592,0,0.05,0.0350616,1,0.55,0.0738045,0,0.05,0
-0.5,6.75,1.16984,-0.0012483,0.00236407,0.00236407,0.00236407,0.0401192,True,empty floor,sound_similarity,0,0.0666667,0.179477,0,0.0666667,0,0,0.0666667,0.0592043,0,0.0666667,0,0,0.0666667,0.125213,0,0.0666667,0.0849678,0,0.0666667,0.0440592,0,0.0666667,0.0350616,0,0.0666667,0.0738045,0.5,0.4,0
-2.25,7,2.92559,-0.134405,0.00236407,0.00236407,0.00236407,0.0401192,True,empty floor,sound_similarity,0,0.0666667,0.179477,0,0.0666667,0,0,0.0666667,0.0592043,0,0.0666667,0,0,0.0666667,0.125213,0,0.0666667,0.0849678,0,0.0666667,0.0440592,0,0.0666667,0.0350616,0,0.0666667,0.0738045,0.5,0.4,0
2,6.75,1.44182,-2.99573,0.00236407,0.00236407,0.00236407,0.0601788,False,tv,sound_similarity,0,0.1,0.179477,0,0.1,0,0,0.1,0.0592043,0,0.1,0,0,0.1,0.125213,0,0.1,0.0849678,0,0.1,0.0440592,0,0.1,0.0350616,0,0.1,0.0738045,0,0.1,0
1.75,6.75,1.20221,-2.99573,0.00236407,0.00236407,0.00236407,0.0601788,False,tv,sound_similarity,0,0.1,0.179477,0,0.1,0,0,0.1,0.0592043,0,0.1,0,0,0.1,0.125213,0,0.1,0.0849678,0,0.1,0.0440592,0,0.1,0.0350616,0,0.1,0.0738045,0,0.1,0
1.5,6.75,0.96787,-2.99573,0.00236407,0.00236407,0.00236407,0.0601788,False,tv,sound_similarity,0,0.1,0.179477,0,0.1,0,0,0.1,0.0592043,0,0.1,0,0,0.1,0.125213,0,0.1,0.0849678,0,0.1,0.0440592,0,0.1,0.0350616,0,0.1,0.0738045,0,0.1,0
1,6.75,0.542874,-2.99573,0.00236407,0.00236407,0.00236407,0.0601788,False,tv,sound_similarity,0,0.1,0.179477,0,0.1,0,0,0.1,0.0592043,0,0.1,0,0,0.1,0.125213,0,0.1,0.0849678,0,0.1,0.0440592,0,0.1,0.0350616,0,0.1,0.0738045,0,0.1,0
0.75,6.75,0.401474,-2.99573,0.00236407,0.00236407,0.00236407,0.0601788,False,tv,sound_similarity,0,0.1,0.179477,0,0.1,0,0,0.1,0.0592043,0,0.1,0,0,0.1,0.125213,0,0.1,0.0849678,0,0.1,0.0440592,0,0.1,0.0350616,0,0.1,0.0738045,0,0.1,0
0.5,6.75,0.390706,-2.99562,0.00236407,0.00236407,0.00236407,0.0601788,False,tv,sound_similarity,0,0.1,0.179477,0,0.1,0,0,0.1,0.0592043,0,0.1,0,0,0.1,0.125213,0,0.1,0.0849678,0,0.1,0.0440592,0,0.1,0.0350616,0,0.1,0.0738045,0,0.1,0
0.25,6.75,0.518769,-2.45406,0.00236407,0.00236407,0.00236407,0.0401192,True,empty floor,sound_similarity,0,0.0666667,0.179477,0,0.0666667,0,0,0.0666667,0.0592043,0,0.0666667,0,0,0.0666667,0.125213,0,0.0666667,0.0849678,0,0.0666667,0.0440592,0,0.0666667,0.0350616,0,0.0666667,0.0738045,0.5,0.4,0
0,6.75,0.714556,-0.710189,0.00236407,0.00236407,0.00236407,0.0401192,True,empty floor,sound_similarity,0,0.0666667,0.179477,0,0.0666667,0,0,0.0666667,0.0592043,0,0.0666667,0,0,0.0666667,0.125213,0,0.0666667,0.0849678,0,0.0666667,0.0440592,0,0.0666667,0.0350616,0,0.0666667,0.0738045,0.5,0.4,0
-0.25,6.75,0.936515,-0.119095,0.00236407,0.00236407,0.00236407,0.0401192,True,empty floor,sound_similarity,0,0.0666667,0.179477,0,0.0666667,0,0,0.0666667,0.0592043,0,0.0666667,0,0,0.0666667,0.125213,0,0.0666667,0.0849678,0,0.0666667,0.0440592,0,0.0666667,0.0350616,0,0.0666667,0.0738045,0.5,0.4,0
0.75,4.75,1.6307,-2.99573,0.00236407,0.00236407,0.00236407,0.0401192,True,empty floor,sound_similarity,0,0.0666667,0.179477,0,0.0666667,0,0,0.0666667,0.0592043,0,0.0666667,0,0,0.0666667,0.125213,0,0.0666667,0.0849678,0,0.0666667,0.0440592,0,0.0666667,0.0350616,0,0.0666667,0.0738045,0.5,0.4,0
0.25,4.75,1.66347,-2.99573,0.00236407,0.00236407,0.00236407,0.0401192,True,empty floor,sound_similarity,0,0.0666667,0.179477,0,0.0666667,0,0,0.0666667,0.0592043,0,0.0666667,0,0,0.0666667,0.125213,0,0.0666667,0.0849678,0,0.0666667,0.0440592,0,0.0666667,0.0350616,0,0.0666667,0.0738045,0.5,0.4,0
-2,1.75,5.30918,-2.99573,0.00236407,0.00236407,0.00236407,0.0401192,True,empty floor,sound_similarity,0,0.0666667,0.179477,0,0.0666667,0,0,0.0666667,0.0592043,0,0.0666667,0,0,0.0666667,0.125213,0,0.0666667,0.0849678,0,0.0666667,0.0440592,0,0.0666667,0.0350616,0,0.0666667,0.0738045,0.5,0.4,0
-1.75,2.5,4.5356,-2.99573,0.00236407,0.00236407,0.00236407,0.0401192,True,empty floor,sound_similarity,0,0.0666667,0.179477,0,0.0666667,0,0,0.0666667,0.0592043,0,0.0666667,0,0,0.0666667,0.125213,0,0.0666667,0.0849678,0,0.0666667,0.0440592,0,0.0666667,0.0350616,0,0.0666667,0.0738045,0.5,0.4,0
0.25,2.75,3.64213,-2.99573,0.00236407,0.00236407,0.00236407,0.0401192,True,empty floor,sound_similarity,0,0.0666667,0.179477,0,0.0666667,0,0,0.0666667,0.0592043,0,0.0666667,0,0,0.0666667,0.125213,0,0.0666667,0.0849678,0,0.0666667,0.0440592,0,0.0666667,0.0350616,0,0.0666667,0.0738045,0.5,0.4,0
0,2.75,3.67513,-2.99573,0.00236407,0.00236407,0.00236407,0.0401192,True,empty floor,sound_similarity,0,0.0666667,0.179477,0,0.0666667,0,0,0.0666667,0.0592043,0,0.0666667,0,0,0.0666667,0.125213,0,0.0666667,0.0849678,0,0.0666667,0.0440592,0,0.0666667,0.0350616,0,0.0666667,0.0738045,0.5,0.4,0
-0.25,2.75,3.72466,-2.99573,0.00236407,0.00236407,0.00236407,0.0401192,True,empty floor,sound_similarity,0,0.0666667,0.179477,0,0.0666667,0,0,0.0666667,0.0592043,0,0.0666667,0,0,0.0666667,0.125213,0,0.0666667,0.0849678,0,0.0666667,0.0440592,0,0.0666667,0.0350616,0,0.0666667,0.0738045,0.5,0.4,0
-0.5,2.75,3.79006,-2.99573,0.00236407,0.00236407,0.00236407,0.0401192,True,empty floor,sound_similarity,0,0.0666667,0.179477,0,0.0666667,0,0,0.0666667,0.0592043,0,0.0666667,0,0,0.0666667,0.125213,0,0.0666667,0.0849678,0,0.0666667,0.0440592,0,0.0666667,0.0350616,0,0.0666667,0.0738045,0.5,0.4,0
-0.75,2.75,3.87053,-2.99573,0.00236407,0.00236407,0.00236407,0.0401192,True,empty floor,sound_similarity,0,0.0666667,0.179477,0,0.0666667,0,0,0.0666667,0.0592043,0,0.0666667,0,0,0.0666667,0.125213,0,0.0666667,0.0849678,0,0.0666667,0.0440592,0,0.0666667,0.0350616,0,0.0666667,0.0738045,0.5,0.4,0
-1,2.75,3.96516,-2.99573,0.00236407,0.00236407,0.00236407,0.0401192,True,empty floor,sound_similarity,0,0.0666667,0.179477,0,0.0666667,0,0,0.0666667,0.0592043,0,0.0666667,0,0,0.0666667,0.125213,0,0.0666667,0.0849678,0,0.0666667,0.0440592,0,0.0666667,0.0350616,0,0.0666667,0.0738045,0.5,0.4,0
-1.25,2.75,4.07295,-2.99573,0.00236407,0.00236407,0.00236407,0.0401192,True,empty floor,sound_similarity,0,0.0666667,0.179477,0,0.0666667,0,0,0.0666667,0.0592043,0,0.0666667,0,0,0.0666667,0.125213,0,0.0666667,0.0849678,0,0.0666667,0.0440592,0,0.0666667,0.0350616,0,0.0666667,0.0738045,0.5,0.4,0
-1.5,2.75,4.1929,-2.99573,0.00236407,0.00236407,0.00236407,0.0401192,True,empty floor,sound_similarity,0,0.0666667,0.179477,0,0.0666667,0,0,0.0666667,0.0592043,0,0.0666667,0,0,0.0666667,0.125213,0,0.0666667,0.0849678,0,0.0666667,0.0440592,0,0.0666667,0.0350616,0,0.0666667,0.0738045,0.5,0.4,0
-2,2.75,4.46524,-2.99573,0.00236407,0.00236407,0.00236407,0.0401192,True,empty floor,sound_similarity,0,0.0666667,0.179477,0,0.0666667,0,0,0.0666667,0.0592043,0,0.0666667,0,0,0.0666667,0.125213,0,0.0666667,0.0849678,0,0.0666667,0.0440592,0,0.0666667,0.0350616,0,0.0666667,0.0738045,0.5,0.4,0
-2.25,2.75,4.61571,-2.99573,0.00236407,0.00236407,0.00236407,0.0401192,True,empty floor,sound_similarity,0,0.0666667,0.179477,0,0.0666667,0,0,0.0666667,0.0592043,0,0.0666667,0,0,0.0666667,0.125213,0,0.0666667,0.0849678,0,0.0666667,0.0440592,0,0.0666667,0.0350616,0,0.0666667,0.0738045,0.5,0.4,0
2,2.5,4.11699,-2.99573,0.00236407,0.00236407,0.00236407,0.0601788,False,tv,sound_similarity,0,0.1,0.179477,0,0.1,0,0,0.1,0.0592043,0,0.1,0,0,0.1,0.125213,0,0.1,0.0849678,0,0.1,0.0440592,0,0.1,0.0350616,0,0.1,0.0738045,0,0.1,0
1.75,2.5,4.03931,-2.99573,0.00236407,0.00236407,0.00236407,0.0601788,False,tv,sound_similarity,0,0.1,0.179477,0,0.1,0,0,0.1,0.0592043,0,0.1,0,0,0.1,0.125213,0,0.1,0.0849678,0,0.1,0.0440592,0,0.1,0.0350616,0,0.1,0.0738045,0,0.1,0
1.5,2.5,3.97587,-2.99573,0.00236407,0.00236407,0.00236407,0.0401192,True,empty floor,sound_similarity,0,0.0666667,0.179477,0,0.0666667,0,0,0.0666667,0.0592043,0,0.0666667,0,0,0.0666667,0.125213,0,0.0666667,0.0849678,0,0.0666667,0.0440592,0,0.0666667,0.0350616,0,0.0666667,0.0738045,0.5,0.4,0
1.25,2.5,3.92734,-2.99573,0.00236407,0.00236407,0.00236407,0.0401192,True,empty floor,sound_similarity,0,0.0666667,0.179477,0,0.0666667,0,0,0.0666667,0.0592043,0,0.0666667,0,0,0.0666667,0.125213,0,0.0666667,0.0849678,0,0.0666667,0.0440592,0,0.0666667,0.0350616,0,0.0666667,0.0738045,0.5,0.4,0
1,2.5,3.89429,-2.99573,0.00236407,0.00236407,0.00236407,0.0401192,True,empty floor,sound_similarity,0,0.0666667,0.179477,0,0.0666667,0,0,0.0666667,0.0592043,0,0.0666667,0,0,0.0666667,0.125213,0,0.0666667,0.0849678,0,0.0666667,0.0440592,0,0.0666667,0.0350616,0,0.0666667,0.0738045,0.5,0.4,0
0.75,2.5,3.8771,-2.99573,0.00236407,0.00236407,0.00236407,0.0401192,True,empty floor,sound_similarity,0,0.0666667,0.179477,0,0.0666667,0,0,0.0666667,0.0592043,0,0.0666667,0,0,0.0666667,0.125213,0,0.0666667,0.0849678,0,0.0666667,0.0440592,0,0.0666667,0.0350616,0,0.0666667,0.0738045,0.5,0.4,0
0.5,2.5,3.876,-2.99573,0.00236407,0.00236407,0.00236407,0.0401192,True,empty floor,sound_similarity,0,0.0666667,0.179477,0,0.0666667,0,0,0.0666667,0.0592043,0,0.0666667,0,0,0.0666667,0.125213,0,0.0666667,0.0849678,0,0.0666667,0.0440592,0,0.0666667,0.0350616,0,0.0666667,0.0738045,0.5,0.4,0
0.25,2.5,3.891,-2.99573,0.00236407,0.00236407,0.00236407,0.0401192,True,empty floor,sound_similarity,0,0.0666667,0.179477,0,0.0666667,0,0,0.0666667,0.0592043,0,0.0666667,0,0,0.0666667,0.125213,0,0.0666667,0.0849678,0,0.0666667,0.0440592,0,0.0666667,0.0350616,0,0.0666667,0.0738045,0.5,0.4,0
0,2.5,3.92191,-2.99573,0.00236407,0.00236407,0.00236407,0.0401192,True,empty floor,sound_similarity,0,0.0666667,0.179477,0,0.0666667,0,0,0.0666667,0.0592043,0,0.0666667,0,0,0.0666667,0.125213,0,0.0666667,0.0849678,0,0.0666667,0.0440592,0,0.0666667,0.0350616,0,0.0666667,0.0738045,0.5,0.4,0
-0.25,2.5,3.96835,-2.99573,0.00236407,0.00236407,0.00236407,0.0401192,True,empty floor,sound_similarity,0,0.0666667,0.179477,0,0.0666667,0,0,0.0666667,0.0592043,0,0.0666667,0,0,0.0666667,0.125213,0,0.0666667,0.0849678,0,0.0666667,0.0440592,0,0.0666667,0.0350616,0,0.0666667,0.0738045,0.5,0.4,0
-0.5,2.5,4.0298,-2.99573,0.00236407,0.00236407,0.00236407,0.0401192,True,empty floor,sound_similarity,0,0.0666667,0.179477,0,0.0666667,0,0,0.0666667,0.0592043,0,0.0666667,0,0,0.0666667,0.125213,0,0.0666667,0.0849678,0,0.0666667,0.0440592,0,0.0666667,0.0350616,0,0.0666667,0.0738045,0.5,0.4,0
-0.75,2.5,4.10558,-2.99573,0.00236407,0.00236407,0.00236407,0.0401192,True,empty floor,sound_similarity,0,0.0666667,0.179477,0,0.0666667,0,0,0.0666667,0.0592043,0,0.0666667,0,0,0.0666667,0.125213,0,0.0666667,0.0849678,0,0.0666667,0.0440592,0,0.0666667,0.0350616,0,0.0666667,0.0738045,0.5,0.4,0
-1,2.5,4.1949,-2.99573,0.00236407,0.00236407,0.00236407,0.0401192,True,empty floor,sound_similarity,0,0.0666667,0.179477,0,0.0666667,0,0,0.0666667,0.0592043,0,0.0666667,0,0,0.0666667,0.125213,0,0.0666667,0.0849678,0,0.0666667,0.0440592,0,0.0666667,0.0350616,0,0.0666667,0.0738045,0.5,0.4,0
0.5,2.75,3.62611,-2.99573,0.00236407,0.00236407,0.00236407,0.0401192,True,empty floor,sound_similarity,0,0.0666667,0.179477,0,0.0666667,0,0,0.0666667,0.0592043,0,0.0666667,0,0,0.0666667,0.125213,0,0.0666667,0.0849678,0,0.0666667,0.0440592,0,0.0666667,0.0350616,0,0.0666667,0.0738045,0.5,0.4,0
1.5,2.75,3.73266,-2.99573,0.00236407,0.00236407,0.00236407,0.0401192,True,empty floor,sound_similarity,0,0.0666667,0.179477,0,0.0666667,0,0,0.0666667,0.0592043,0,0.0666667,0,0,0.0666667,0.125213,0,0.0666667,0.0849678,0,0.0666667,0.0440592,0,0.0666667,0.0350616,0,0.0666667,0.0738045,0.5,0.4,0
1.75,2.75,3.80017,-2.99573,0.00236407,0.00236407,0.00236407,0.0601788,False,tv,sound_similarity,0,0.1,0.179477,0,0.1,0,0,0.1,0.0592043,0,0.1,0,0,0.1,0.125213,0,0.1,0.0849678,0,0.1,0.0440592,0,0.1,0.0350616,0,0.1,0.0738045,0,0.1,0
0.75,3,3.37749,-2.99573,0.00236407,0.00236407,0.00236407,0.0401192,True,empty floor,sound_similarity,0,0.0666667,0.179477,0,0.0666667,0,0,0.0666667,0.0592043,0,0.0666667,0,0,0.0666667,0.125213,0,0.0666667,0.0849678,0,0.0666667,0.0440592,0,0.0666667,0.0350616,0,0.0666667,0.0738045,0.5,0.4,0
-1,3.25,3.51397,-2.99573,0.00236407,0.00236407,0.00236407,0.0401192,True,empty floor,sound_similarity,0,0.0666667,0.179477,0,0.0666667,0,0,0.0666667,0.0592043,0,0.0666667,0,0,0.0666667,0.125213,0,0.0666667,0.0849678,0,0.0666667,0.0440592,0,0.0666667,0.0350616,0,0.0666667,0.0738045,0.5,0.4,0
-1.25,3.25,3.63517,-2.99573,0.00236407,0.00236407,0.00236407,0.0401192,True,empty floor,sound_similarity,0,0.0666667,0.179477,0,0.0666667,0,0,0.0666667,0.0592043,0,0.0666667,0,0,0.0666667,0.125213,0,0.0666667,0.0849678,0,0.0666667,0.0440592,0,0.0666667,0.0350616,0,0.0666667,0.0738045,0.5,0.4,0
-1.5,3.25,3.76907,-2.99573,0.00236407,0.00236407,0.00236407,0.0401192,True,empty floor,sound_similarity,0,0.0666667,0.179477,0,0.0666667,0,0,0.0666667,0.0592043,0,0.0666667,0,0,0.0666667,0.125213,0,0.0666667,0.0849678,0,0.0666667,0.0440592,0,0.0666667,0.0350616,0,0.0666667,0.0738045,0.5,0.4,0
-2,3.25,4.06987,-2.99573,0.00236407,0.00236407,0.00236407,0.0401192,True,empty floor,sound_similarity,0,0.0666667,0.179477,0,0.0666667,0,0,0.0666667,0.0592043,0,0.0666667,0,0,0.0666667,0.125213,0,0.0666667,0.0849678,0,0.0666667,0.0440592,0,0.0666667,0.0350616,0,0.0666667,0.0738045,0.5,0.4,0
-2.25,3.25,4.23442,-2.99573,0.00236407,0.00236407,0.00236407,0.0401192,True,empty floor,sound_similarity,0,0.0666667,0.179477,0,0.0666667,0,0,0.0666667,0.0592043,0,0.0666667,0,0,0.0666667,0.125213,0,0.0666667,0.0849678,0,0.0666667,0.0440592,0,0.0666667,0.0350616,0,0.0666667,0.0738045,0.5,0.4,0
2,3,3.65035,-2.99573,0.00236407,0.00236407,0.00236407,0.0601788,False,tv,sound_similarity,0,0.1,0.179477,0,0.1,0,0,0.1,0.0592043,0,0.1,0,0,0.1,0.125213,0,0.1,0.0849678,0,0.1,0.0440592,0,0.1,0.0350616,0,0.1,0.0738045,0,0.1,0
1.75,3,3.56252,-2.99573,0.00236407,0.00236407,0.00236407,0.0601788,False,tv,sound_similarity,0,0.1,0.179477,0,0.1,0,0,0.1,0.0592043,0,0.1,0,0,0.1,0.125213,0,0.1,0.0849678,0,0.1,0.0440592,0,0.1,0.0350616,0,0.1,0.0738045,0,0.1,0
1.5,3,3.49042,-2.99573,0.00236407,0.00236407,0.00236407,0.0401192,True,empty floor,sound_similarity,0,0.0666667,0.179477,0,0.0666667,0,0,0.0666667,0.0592043,0,0.0666667,0,0,0.0666667,0.125213,0,0.0666667,0.0849678,0,0.0666667,0.0440592,0,0.0666667,0.0350616,0,0.0666667,0.0738045,0.5,0.4,0
1.25,3,3.43504,-2.99573,0.00236407,0.00236407,0.00236407,0.0401192,True,empty floor,sound_similarity,0,0.0666667,0.179477,0,0.0666667,0,0,0.0666667,0.0592043,0,0.0666667,0,0,0.0666667,0.125213,0,0.0666667,0.0849678,0,0.0666667,0.0440592,0,0.0666667,0.0350616,0,0.0666667,0.0738045,0.5,0.4,0
1,3,3.3972,-2.99573,0.00236407,0.00236407,0.00236407,0.0401192,True,empty floor,sound_similarity,0,0.0666667,0.179477,0,0.0666667,0,0,0.0666667,0.0592043,0,0.0666667,0,0,0.0666667,0.125213,0,0.0666667,0.0849678,0,0.0666667,0.0440592,0,0.0666667,0.0350616,0,0.0666667,0.0738045,0.5,0.4,0
0.5,3,3.37623,-2.99573,0.00236407,0.00236407,0.00236407,0.0401192,True,empty floor,sound_similarity,0,0.0666667,0.179477,0,0.0666667,0,0,0.0666667,0.0592043,0,0.0666667,0,0,0.0666667,0.125213,0,0.0666667,0.0849678,0,0.0666667,0.0440592,0,0.0666667,0.0350616,0,0.0666667,0.0738045,0.5,0.4,0
2,2.75,3.88263,-2.99573,0.00236407,0.00236407,0.00236407,0.0601788,False,tv,sound_similarity,0,0.1,0.179477,0,0.1,0,0,0.1,0.0592043,0,0.1,0,0,0.1,0.125213,0,0.1,0.0849678,0,0.1,0.0440592,0,0.1,0.0350616,0,0.1,0.0738045,0,0.1,0
0.25,3,3.39343,-2.99573,0.00236407,0.00236407,0.00236407,0.0401192,True,empty floor,sound_similarity,0,0.0666667,0.179477,0,0.0666667,0,0,0.0666667,0.0592043,0,0.0666667,0,0,0.0666667,0.125213,0,0.0666667,0.0849678,0,0.0666667,0.0440592,0,0.0666667,0.0350616,0,0.0666667,0.0738045,0.5,0.4,0
0,3,3.42882,-2.99573,0.00236407,0.00236407,0.00236407,0.0401192,True,empty floor,sound_similarity,0,0.0666667,0.179477,0,0.0666667,0,0,0.0666667,0.0592043,0,0.0666667,0,0,0.0666667,0.125213,0,0.0666667,0.0849678,0,0.0666667,0.0440592,0,0.0666667,0.0350616,0,0.0666667,0.0738045,0.5,0.4,0
-0.25,3,3.48185,-2.99573,0.00236407,0.00236407,0.00236407,0.0401192,True,empty floor,sound_similarity,0,0.0666667,0.179477,0,0.0666667,0,0,0.0666667,0.0592043,0,0.0666667,0,0,0.0666667,0.125213,0,0.0666667,0.0849678,0,0.0666667,0.0440592,0,0.0666667,0.0350616,0,0.0666667,0.0738045,0.5,0.4,0
-0.5,3,3.55173,-2.99573,0.00236407,0.00236407,0.00236407,0.0401192,True,empty floor,sound_similarity,0,0.0666667,0.179477,0,0.0666667,0,0,0.0666667,0.0592043,0,0.0666667,0,0,0.0666667,0.125213,0,0.0666667,0.0849678,0,0.0666667,0.0440592,0,0.0666667,0.0350616,0,0.0666667,0.0738045,0.5,0.4,0
-0.75,3,3.63748,-2.99573,0.00236407,0.00236407,0.00236407,0.0401192,True,empty floor,sound_similarity,0,0.0666667,0.179477,0,0.0666667,0,0,0.0666667,0.0592043,0,0.0666667,0,0,0.0666667,0.125213,0,0.0666667,0.0849678,0,0.0666667,0.0440592,0,0.0666667,0.0350616,0,0.0666667,0.0738045,0.5,0.4,0
-1,3,3.73801,-2.99573,0.00236407,0.00236407,0.00236407,0.0401192,True,empty floor,sound_similarity,0,0.0666667,0.179477,0,0.0666667,0,0,0.0666667,0.0592043,0,0.0666667,0,0,0.0666667,0.125213,0,0.0666667,0.0849678,0,0.0666667,0.0440592,0,0.0666667,0.0350616,0,0.0666667,0.0738045,0.5,0.4,0
-1.25,3,3.85217,-2.99573,0.00236407,0.00236407,0.00236407,0.0401192,True,empty floor,sound_similarity,0,0.0666667,0.179477,0,0.0666667,0,0,0.0666667,0.0592043,0,0.0666667,0,0,0.0666667,0.125213,0,0.0666667,0.0849678,0,0.0666667,0.0440592,0,0.0666667,0.0350616,0,0.0666667,0.0738045,0.5,0.4,0
-1.5,3,3.97878,-2.99573,0.00236407,0.00236407,0.00236407,0.0401192,True,empty floor,sound_similarity,0,0.0666667,0.179477,0,0.0666667,0,0,0.0666667,0.0592043,0,0.0666667,0,0,0.0666667,0.125213,0,0.0666667,0.0849678,0,0.0666667,0.0440592,0,0.0666667,0.0350616,0,0.0666667,0.0738045,0.5,0.4,0
-2,3,4.26481,-2.99573,0.00236407,0.00236407,0.00236407,0.0401192,True,empty floor,sound_similarity,0,0.0666667,0.179477,0,0.0666667,0,0,0.0666667,0.0592043,0,0.0666667,0,0,0.0666667,0.125213,0,0.0666667,0.0849678,0,0.0666667,0.0440592,0,0.0666667,0.0350616,0,0.0666667,0.0738045,0.5,0.4,0
-2.25,3,4.42211,-2.99573,0.00236407,0.00236407,0.00236407,0.0401192,True,empty floor,sound_similarity,0,0.0666667,0.179477,0,0.0666667,0,0,0.0666667,0.0592043,0,0.0666667,0,0,0.0666667,0.125213,0,0.0666667,0.0849678,0,0.0666667,0.0440592,0,0.0666667,0.0350616,0,0.0666667,0.0738045,0.5,0.4,0
-1.5,2.5,4.4108,-2.99573,0.00236407,0.00236407,0.00236407,0.0401192,True,empty floor,sound_similarity,0,0.0666667,0.179477,0,0.0666667,0,0,0.0666667,0.0592043,0,0.0666667,0,0,0.0666667,0.125213,0,0.0666667,0.0849678,0,0.0666667,0.0440592,0,0.0666667,0.0350616,0,0.0666667,0.0738045,0.5,0.4,0
-2,2.5,4.67045,-2.99573,0.00236407,0.00236407,0.00236407,0.0401192,True,empty floor,sound_similarity,0,0.0666667,0.179477,0,0.0666667,0,0,0.0666667,0.0592043,0,0.0666667,0,0,0.0666667,0.125213,0,0.0666667,0.0849678,0,0.0666667,0.0440592,0,0.0666667,0.0350616,0,0.0666667,0.0738045,0.5,0.4,0
-0.5,3.25,3.31512,-2.99573,0.00236407,0.00236407,0.00236407,0.0401192,True,empty floor,sound_similarity,0,0.0666667,0.179477,0,0.0666667,0,0,0.0666667,0.0592043,0,0.0666667,0,0,0.0666667,0.125213,0,0.0666667,0.0849678,0,0.0666667,0.0440592,0,0.0666667,0.0350616,0,0.0666667,0.0738045,0.5,0.4,0
-2.25,2.5,4.81452,-2.99573,0.00236407,0.00236407,0.00236407,0.0401192,True,empty floor,sound_similarity,0,0.0666667,0.179477,0,0.0666667,0,0,0.0666667,0.0592043,0,0.0666667,0,0,0.0666667,0.125213,0,0.0666667,0.0849678,0,0.0666667,0.0440592,0,0.0666667,0.0350616,0,0.0666667,0.0738045,0.5,0.4,0
-0.75,2,4.58042,-2.99573,0.00236407,0.00236407,0.00236407,0.0401192,True,empty floor,sound_similarity,0,0.0666667,0.179477,0,0.0666667,0,0,0.0666667,0.0592043,0,0.0666667,0,0,0.0666667,0.125213,0,0.0666667,0.0849678,0,0.0666667,0.0440592,0,0.0666667,0.0350616,0,0.0666667,0.0738045,0.5,0.4,0
-1,2,4.66066,-2.99573,0.00236407,0.00236407,0.00236407,0.0401192,True,empty floor,sound_similarity,0,0.0666667,0.179477,0,0.0666667,0,0,0.0666667,0.0592043,0,0.0666667,0,0,0.0666667,0.125213,0,0.0666667,0.0849678,0,0.0666667,0.0440592,0,0.0666667,0.0350616,0,0.0666667,0.0738045,0.5,0.4,0
-1.25,2,4.7527,-2.99573,0.00236407,0.00236407,0.00236407,0.0401192,True,empty floor,sound_similarity,0,0.0666667,0.179477,0,0.0666667,0,0,0.0666667,0.0592043,0,0.0666667,0,0,0.0666667,0.125213,0,0.0666667,0.0849678,0,0.0666667,0.0440592,0,0.0666667,0.0350616,0,0.0666667,0.0738045,0.5,0.4,0
-1.5,2,4.85589,-2.99573,0.00236407,0.00236407,0.00236407,0.0401192,True,empty floor,sound_similarity,0,0.0666667,0.179477,0,0.0666667,0,0,0.0666667,0.0592043,0,0.0666667,0,0,0.0666667,0.125213,0,0.0666667,0.0849678,0,0.0666667,0.0440592,0,0.0666667,0.0350616,0,0.0666667,0.0738045,0.5,0.4,0
-1.75,2,4.96952,-2.99573,0.00236407,0.00236407,0.00236407,0.0401192,True,empty floor,sound_similarity,0,0.0666667,0.179477,0,0.0666667,0,0,0.0666667,0.0592043,0,0.0666667,0,0,0.0666667,0.125213,0,0.0666667,0.0849678,0,0.0666667,0.0440592,0,0.0666667,0.0350616,0,0.0666667,0.0738045,0.5,0.4,0
-2,2,5.0929,-2.99573,0.00236407,0.00236407,0.00236407,0.0401192,True,empty floor,sound_similarity,0,0.0666667,0.179477,0,0.0666667,0,0,0.0666667,0.0592043,0,0.0666667,0,0,0.0666667,0.125213,0,0.0666667,0.0849678,0,0.0666667,0.0440592,0,0.0666667,0.0350616,0,0.0666667,0.0738045,0.5,0.4,0
-2.25,2,5.22533,-2.99573,0.00236407,0.00236407,0.00236407,0.0401192,True,empty floor,sound_similarity,0,0.0666667,0.179477,0,0.0666667,0,0,0.0666667,0.0592043,0,0.0666667,0,0,0.0666667,0.125213,0,0.0666667,0.0849678,0,0.0666667,0.0440592,0,0.0666667,0.0350616,0,0.0666667,0.0738045,0.5,0.4,0
2,1.75,4.82948,-2.99573,0.00236407,0.00236407,0.00236407,0.0601788,False,tv,sound_similarity,0,0.1,0.179477,0,0.1,0,0,0.1,0.0592043,0,0.1,0,0,0.1,0.125213,0,0.1,0.0849678,0,0.1,0.0440592,0,0.1,0.0350616,0,0.1,0.0738045,0,0.1,0
1.75,1.75,4.76343,-2.99573,0.00236407,0.00236407,0.00236407,0.0401192,True,empty floor,sound_similarity,0,0.0666667,0.179477,0,0.0666667,0,0,0.0666667,0.0592043,0,0.0666667,0,0,0.0666667,0.125213,0,0.0666667,0.0849678,0,0.0666667,0.0440592,0,0.0666667,0.0350616,0,0.0666667,0.0738045,0.5,0.4,0
1.5,1.75,4.70975,-2.99573,0.00236407,0.00236407,0.00236407,0.0401192,True,empty floor,sound_similarity,0,0.0666667,0.179477,0,0.0666667,0,0,0.0666667,0.0592043,0,0.0666667,0,0,0.0666667,0.125213,0,0.0666667,0.0849678,0,0.0666667,0.0440592,0,0.0666667,0.0350616,0,0.0666667,0.0738045,0.5,0.4,0
1.25,1.75,4.66886,-2.99573,0.00236407,0.00236407,0.00236407,0.0401192,True,empty floor,sound_similarity,0,0.0666667,0.179477,0,0.0666667,0,0,0.0666667,0.0592043,0,0.0666667,0,0,0.0666667,0.125213,0,0.0666667,0.0849678,0,0.0666667,0.0440592,0,0.0666667,0.0350616,0,0.0666667,0.0738045,0.5,0.4,0
1,1.75,4.64109,-2.99573,0.00236407,0.00236407,0.00236407,0.0401192,True,empty floor,sound_similarity,0,0.0666667,0.179477,0,0.0666667,0,0,0.0666667,0.0592043,0,0.0666667,0,0,0.0666667,0.125213,0,0.0666667,0.0849678,0,0.0666667,0.0440592,0,0.0666667,0.0350616,0,0.0666667,0.0738045,0.5,0.4,0
0.75,1.75,4.62668,-2.99573,0.00236407,0.00236407,0.00236407,0.0401192,True,empty floor,sound_similarity,0,0.0666667,0.179477,0,0.0666667,0,0,0.0666667,0.0592043,0,0.0666667,0,0,0.0666667,0.125213,0,0.0666667,0.0849678,0,0.0666667,0.0440592,0,0.0666667,0.0350616,0,0.0666667,0.0738045,0.5,0.4,0
0.5,1.75,4.62576,-2.99573,0.00236407,0.00236407,0.00236407,0.0401192,True,empty floor,sound_similarity,0,0.0666667,0.179477,0,0.0666667,0,0,0.0666667,0.0592043,0,0.0666667,0,0,0.0666667,0.125213,0,0.0666667,0.0849678,0,0.0666667,0.0440592,0,0.0666667,0.0350616,0,0.0666667,0.0738045,0.5,0.4,0
0.25,1.75,4.63833,-2.99573,0.00236407,0.00236407,0.00236407,0.0401192,True,empty floor,sound_similarity,0,0.0666667,0.179477,0,0.0666667,0,0,0.0666667,0.0592043,0,0.0666667,0,0,0.0666667,0.125213,0,0.0666667,0.0849678,0,0.0666667,0.0440592,0,0.0666667,0.0350616,0,0.0666667,0.0738045,0.5,0.4,0
0,1.75,4.66429,-2.99573,0.00236407,0.00236407,0.00236407,0.0401192,True,empty floor,sound_similarity,0,0.0666667,0.179477,0,0.0666667,0,0,0.0666667,0.0592043,0,0.0666667,0,0,0.0666667,0.125213,0,0.0666667,0.0849678,0,0.0666667,0.0440592,0,0.0666667,0.0350616,0,0.0666667,0.0738045,0.5,0.4,0
-0.25,1.75,4.70341,-2.99573,0.00236407,0.00236407,0.00236407,0.0401192,True,empty floor,sound_similarity,0,0.0666667,0.179477,0,0.0666667,0,0,0.0666667,0.0592043,0,0.0666667,0,0,0.0666667,0.125213,0,0.0666667,0.0849678,0,0.0666667,0.0440592,0,0.0666667,0.0350616,0,0.0666667,0.0738045,0.5,0.4,0
-0.5,1.75,4.75537,-2.99573,0.00236407,0.00236407,0.00236407,0.0401192,True,empty floor,sound_similarity,0,0.0666667,0.179477,0,0.0666667,0,0,0.0666667,0.0592043,0,0.0666667,0,0,0.0666667,0.125213,0,0.0666667,0.0849678,0,0.0666667,0.0440592,0,0.0666667,0.0350616,0,0.0666667,0.0738045,0.5,0.4,0
-0.75,1.75,4.81975,-2.99573,0.00236407,0.00236407,0.00236407,0.0401192,True,empty floor,sound_similarity,0,0.0666667,0.179477,0,0.0666667,0,0,0.0666667,0.0592043,0,0.0666667,0,0,0.0666667,0.125213,0,0.0666667,0.0849678,0,0.0666667,0.0440592,0,0.0666667,0.0350616,0,0.0666667,0.0738045,0.5,0.4,0
-1,1.75,4.89607,-2.99573,0.00236407,0.00236407,0.00236407,0.0401192,True,empty floor,sound_similarity,0,0.0666667,0.179477,0,0.0666667,0,0,0.0666667,0.0592043,0,0.0666667,0,0,0.0666667,0.125213,0,0.0666667,0.0849678,0,0.0666667,0.0440592,0,0.0666667,0.0350616,0,0.0666667,0.0738045,0.5,0.4,0
-1.25,1.75,4.98377,-2.99573,0.00236407,0.00236407,0.00236407,0.0401192,True,empty floor,sound_similarity,0,0.0666667,0.179477,0,0.0666667,0,0,0.0666667,0.0592043,0,0.0666667,0,0,0.0666667,0.125213,0,0.0666667,0.0849678,0,0.0666667,0.0440592,0,0.0666667,0.0350616,0,0.0666667,0.0738045,0.5,0.4,0
-1.5,1.75,5.08226,-2.99573,0.00236407,0.00236407,0.00236407,0.0401192,True,empty floor,sound_similarity,0,0.0666667,0.179477,0,0.0666667,0,0,0.0666667,0.0592043,0,0.0666667,0,0,0.0666667,0.125213,0,0.0666667,0.0849678,0,0.0666667,0.0440592,0,0.0666667,0.0350616,0,0.0666667,0.0738045,0.5,0.4,0
-1.75,1.75,5.19094,-2.99573,0.00236407,0.00236407,0.00236407,0.0401192,True,empty floor,sound_similarity,0,0.0666667,0.179477,0,0.0666667,0,0,0.0666667,0.0592043,0,0.0666667,0,0,0.0666667,0.125213,0,0.0666667,0.0849678,0,0.0666667,0.0440592,0,0.0666667,0.0350616,0,0.0666667,0.0738045,0.5,0.4,0
-0.5,2,4.51262,-2.99573,0.00236407,0.00236407,0.00236407,0.0401192,True,empty floor,sound_similarity,0,0.0666667,0.179477,0,0.0666667,0,0,0.0666667,0.0592043,0,0.0666667,0,0,0.0666667,0.125213,0,0.0666667,0.0849678,0,0.0666667,0.0440592,0,0.0666667,0.0350616,0,0.0666667,0.0738045,0.5,0.4,0
-0.25,2,4.45784,-2.99573,0.00236407,0.00236407,0.00236407,0.092696,True,microwave,sound_similarity,0,0.05,0.179477,0,0.05,0,0,0.05,0.0592043,0,0.05,0,1,0.55,0.125213,0,0.05,0.0849678,0,0.05,0.0440592,0,0.05,0.0350616,0,0.05,0.0738045,0,0.05,0
0.75,2,4.37681,-2.99573,0.00236407,0.00236407,0.00236407,0.0401192,True,empty floor,sound_similarity,0,0.0666667,0.179477,0,0.0666667,0,0,0.0666667,0.0592043,0,0.0666667,0,0,0.0666667,0.125213,0,0.0666667,0.0849678,0,0.0666667,0.0440592,0,0.0666667,0.0350616,0,0.0666667,0.0738045,0.5,0.4,0
-0.5,2.25,4.27072,-2.99573,0.00236407,0.00236407,0.00236407,0.0401192,True,empty floor,sound_similarity,0,0.0666667,0.179477,0,0.0666667,0,0,0.0666667,0.0592043,0,0.0666667,0,0,0.0666667,0.125213,0,0.0666667,0.0849678,0,0.0666667,0.0440592,0,0.0666667,0.0350616,0,0.0666667,0.0738045,0.5,0.4,0
2,2.25,4.35308,-2.99573,0.00236407,0.00236407,0.00236407,0.0601788,False,tv,sound_similarity,0,0.1,0.179477,0,0.1,0,0,0.1,0.0592043,0,0.1,0,0,0.1,0.125213,0,0.1,0.0849678,0,0.1,0.0440592,0,0.1,0.0350616,0,0.1,0.0738045,0,0.1,0
1.75,2.25,4.2797,-2.99573,0.00236407,0.00236407,0.00236407,0.0401192,True,empty floor,sound_similarity,0,0.0666667,0.179477,0,0.0666667,0,0,0.0666667,0.0592043,0,0.0666667,0,0,0.0666667,0.125213,0,0.0666667,0.0849678,0,0.0666667,0.0440592,0,0.0666667,0.0350616,0,0.0666667,0.0738045,0.5,0.4,0
1.5,2.25,4.21987,-2.99573,0.00236407,0.00236407,0.00236407,0.0401192,True,empty floor,sound_similarity,0,0.0666667,0.179477,0,0.0666667,0,0,0.0666667,0.0592043,0,0.0666667,0,0,0.0666667,0.125213,0,0.0666667,0.0849678,0,0.0666667,0.0440592,0,0.0666667,0.0350616,0,0.0666667,0.0738045,0.5,0.4,0
1.25,2.25,4.17418,-2.99573,0.00236407,0.00236407,0.00236407,0.0401192,True,empty floor,sound_similarity,0,0.0666667,0.179477,0,0.0666667,0,0,0.0666667,0.0592043,0,0.0666667,0,0,0.0666667,0.125213,0,0.0666667,0.0849678,0,0.0666667,0.0440592,0,0.0666667,0.0350616,0,0.0666667,0.0738045,0.5,0.4,0
1,2.25,4.14309,-2.99573,0.00236407,0.00236407,0.00236407,0.0401192,True,empty floor,sound_similarity,0,0.0666667,0.179477,0,0.0666667,0,0,0.0666667,0.0592043,0,0.0666667,0,0,0.0666667,0.125213,0,0.0666667,0.0849678,0,0.0666667,0.0440592,0,0.0666667,0.0350616,0,0.0666667,0.0738045,0.5,0.4,0
0.75,2.25,4.12695,-2.99573,0.00236407,0.00236407,0.00236407,0.0401192,True,empty floor,sound_similarity,0,0.0666667,0.179477,0,0.0666667,0,0,0.0666667,0.0592043,0,0.0666667,0,0,0.0666667,0.125213,0,0.0666667,0.0849678,0,0.0666667,0.0440592,0,0.0666667,0.0350616,0,0.0666667,0.0738045,0.5,0.4,0
0.5,2.25,4.12591,-2.99573,0.00236407,0.00236407,0.00236407,0.0401192,True,empty floor,sound_similarity,0,0.0666667,0.179477,0,0.0666667,0,0,0.0666667,0.0592043,0,0.0666667,0,0,0.0666667,0.125213,0,0.0666667,0.0849678,0,0.0666667,0.0440592,0,0.0666667,0.0350616,0,0.0666667,0.0738045,0.5,0.4,0
0.25,2.25,4.14,-2.99573,0.00236407,0.00236407,0.00236407,0.0401192,True,empty floor,sound_similarity,0,0.0666667,0.179477,0,0.0666667,0,0,0.0666667,0.0592043,0,0.0666667,0,0,0.0666667,0.125213,0,0.0666667,0.0849678,0,0.0666667,0.0440592,0,0.0666667,0.0350616,0,0.0666667,0.0738045,0.5,0.4,0
0,2.25,4.16906,-2.99573,0.00236407,0.00236407,0.00236407,0.0401192,True,empty floor,sound_similarity,0,0.0666667,0.179477,0,0.0666667,0,0,0.0666667,0.0592043,0,0.0666667,0,0,0.0666667,0.125213,0,0.0666667,0.0849678,0,0.0666667,0.0440592,0,0.0666667,0.0350616,0,0.0666667,0.0738045,0.5,0.4,0
-0.25,2.25,4.21279,-2.99573,0.00236407,0.00236407,0.00236407,0.0401192,True,empty floor,sound_similarity,0,0.0666667,0.179477,0,0.0666667,0,0,0.0666667,0.0592043,0,0.0666667,0,0,0.0666667,0.125213,0,0.0666667,0.0849678,0,0.0666667,0.0440592,0,0.0666667,0.0350616,0,0.0666667,0.0738045,0.5,0.4,0
-0.75,2.25,4.34229,-2.99573,0.00236407,0.00236407,0.00236407,0.0401192,True,empty floor,sound_similarity,0,0.0666667,0.179477,0,0.0666667,0,0,0.0666667,0.0592043,0,0.0666667,0,0,0.0666667,0.125213,0,0.0666667,0.0849678,0,0.0666667,0.0440592,0,0.0666667,0.0350616,0,0.0666667,0.0738045,0.5,0.4,0
1,2,4.39203,-2.99573,0.00236407,0.00236407,0.00236407,0.0401192,True,empty floor,sound_similarity,0,0.0666667,0.179477,0,0.0666667,0,0,0.0666667,0.0592043,0,0.0666667,0,0,0.0666667,0.125213,0,0.0666667,0.0849678,0,0.0666667,0.0440592,0,0.0666667,0.0350616,0,0.0666667,0.0738045,0.5,0.4,0
-1,2.25,4.42685,-2.99573,0.00236407,0.00236407,0.00236407,0.0401192,True,empty floor,sound_similarity,0,0.0666667,0.179477,0,0.0666667,0,0,0.0666667,0.0592043,0,0.0666667,0,0,0.0666667,0.125213,0,0.0666667,0.0849678,0,0.0666667,0.0440592,0,0.0666667,0.0350616,0,0.0666667,0.0738045,0.5,0.4,0
-1.25,2.25,4.52365,-2.99573,0.00236407,0.00236407,0.00236407,0.0401192,True,empty floor,sound_similarity,0,0.0666667,0.179477,0,0.0666667,0,0,0.0666667,0.0592043,0,0.0666667,0,0,0.0666667,0.125213,0,0.0666667,0.0849678,0,0.0666667,0.0440592,0,0.0666667,0.0350616,0,0.0666667,0.0738045,0.5,0.4,0
-1.5,2.25,4.63194,-2.99573,0.00236407,0.00236407,0.00236407,0.0401192,True,empty floor,sound_similarity,0,0.0666667,0.179477,0,0.0666667,0,0,0.0666667,0.0592043,0,0.0666667,0,0,0.0666667,0.125213,0,0.0666667,0.0849678,0,0.0666667,0.0440592,0,0.0666667,0.0350616,0,0.0666667,0.0738045,0.5,0.4,0
-1.75,2.25,4.75093,-2.99573,0.00236407,0.00236407,0.00236407,0.0401192,True,empty floor,sound_similarity,0,0.0666667,0.179477,0,0.0666667,0,0,0.0666667,0.0592043,0,0.0666667,0,0,0.0666667,0.125213,0,0.0666667,0.0849678,0,0.0666667,0.0440592,0,0.0666667,0.0350616,0,0.0666667,0.0738045,0.5,0.4,0
-2,2.25,4.87984,-2.99573,0.00236407,0.00236407,0.00236407,0.0401192,True,empty floor,sound_similarity,0,0.0666667,0.179477,0,0.0666667,0,0,0.0666667,0.0592043,0,0.0666667,0,0,0.0666667,0.125213,0,0.0666667,0.0849678,0,0.0666667,0.0440592,0,0.0666667,0.0350616,0,0.0666667,0.0738045,0.5,0.4,0
-2.25,2.25,5.0179,-2.99573,0.00236407,0.00236407,0.00236407,0.0401192,True,empty floor,sound_similarity,0,0.0666667,0.179477,0,0.0666667,0,0,0.0666667,0.0592043,0,0.0666667,0,0,0.0666667,0.125213,0,0.0666667,0.0849678,0,0.0666667,0.0440592,0,0.0666667,0.0350616,0,0.0666667,0.0738045,0.5,0.4,0
2,2,4.59065,-2.99573,0.00236407,0.00236407,0.00236407,0.0601788,False,tv,sound_similarity,0,0.1,0.179477,0,0.1,0,0,0.1,0.0592043,0,0.1,0,0,0.1,0.125213,0,0.1,0.0849678,0,0.1,0.0440592,0,0.1,0.0350616,0,0.1,0.0738045,0,0.1,0
1.75,2,4.52112,-2.99573,0.00236407,0.00236407,0.00236407,0.0401192,True,empty floor,sound_similarity,0,0.0666667,0.179477,0,0.0666667,0,0,0.0666667,0.0592043,0,0.0666667,0,0,0.0666667,0.125213,0,0.0666667,0.0849678,0,0.0666667,0.0440592,0,0.0666667,0.0350616,0,0.0666667,0.0738045,0.5,0.4,0
1.5,2,4.46453,-2.99573,0.00236407,0.00236407,0.00236407,0.0401192,True,empty floor,sound_similarity,0,0.0666667,0.179477,0,0.0666667,0,0,0.0666667,0.0592043,0,0.0666667,0,0,0.0666667,0.125213,0,0.0666667,0.0849678,0,0.0666667,0.0440592,0,0.0666667,0.0350616,0,0.0666667,0.0738045,0.5,0.4,0
1.25,2,4.42137,-2.99573,0.00236407,0.00236407,0.00236407,0.0401192,True,empty floor,sound_similarity,0,0.0666667,0.179477,0,0.0666667,0,0,0.0666667,0.0592043,0,0.0666667,0,0,0.0666667,0.125213,0,0.0666667,0.0849678,0,0.0666667,0.0440592,0,0.0666667,0.0350616,0,0.0666667,0.0738045,0.5,0.4,0
-0.75,3.25,3.40683,-2.99573,0.00236407,0.00236407,0.00236407,0.0401192,True,empty floor,sound_similarity,0,0.0666667,0.179477,0,0.0666667,0,0,0.0666667,0.0592043,0,0.0666667,0,0,0.0666667,0.125213,0,0.0666667,0.0849678,0,0.0666667,0.0440592,0,0.0666667,0.0350616,0,0.0666667,0.0738045,0.5,0.4,0
-0.25,3.25,3.24015,-2.99573,0.00236407,0.00236407,0.00236407,0.0401192,True,empty floor,sound_similarity,0,0.0666667,0.179477,0,0.0666667,0,0,0.0666667,0.0592043,0,0.0666667,0,0,0.0666667,0.125213,0,0.0666667,0.0849678,0,0.0666667,0.0440592,0,0.0666667,0.0350616,0,0.0666667,0.0738045,0.5,0.4,0
0,4.75,1.73453,-2.99573,0.00236407,0.00236407,0.00236407,0.0401192,True,empty floor,sound_similarity,0,0.0666667,0.179477,0,0.0666667,0,0,0.0666667,0.0592043,0,0.0666667,0,0,0.0666667,0.125213,0,0.0666667,0.0849678,0,0.0666667,0.0440592,0,0.0666667,0.0350616,0,0.0666667,0.0738045,0.5,0.4,0
0,4,2.45109,-2.99573,0.00236407,0.00236407,0.00236407,0.0401192,True,empty floor,sound_similarity,0,0.0666667,0.179477,0,0.0666667,0,0,0.0666667,0.0592043,0,0.0666667,0,0,0.0666667,0.125213,0,0.0666667,0.0849678,0,0.0666667,0.0440592,0,0.0666667,0.0350616,0,0.0666667,0.0738045,0.5,0.4,0
1.5,4.25,2.30419,-2.99573,0.00236407,0.00236407,0.00236407,0.0601788,False,tv,sound_similarity,0,0.1,0.179477,0,0.1,0,0,0.1,0.0592043,0,0.1,0,0,0.1,0.125213,0,0.1,0.0849678,0,0.1,0.0440592,0,0.1,0.0350616,0,0.1,0.0738045,0,0.1,0
1.25,4.25,2.2194,-2.99573,0.00236407,0.00236407,0.00236407,0.0601788,False,tv,sound_similarity,0,0.1,0.179477,0,0.1,0,0,0.1,0.0592043,0,0.1,0,0,0.1,0.125213,0,0.1,0.0849678,0,0.1,0.0440592,0,0.1,0.0350616,0,0.1,0.0738045,0,0.1,0
1,4.25,2.16037,-2.99573,0.00236407,0.00236407,0.00236407,0.0401192,True,empty floor,sound_similarity,0,0.0666667,0.179477,0,0.0666667,0,0,0.0666667,0.0592043,0,0.0666667,0,0,0.0666667,0.125213,0,0.0666667,0.0849678,0,0.0666667,0.0440592,0,0.0666667,0.0350616,0,0.0666667,0.0738045,0.5,0.4,0
0.75,4.25,2.12924,-2.99573,0.00236407,0.00236407,0.00236407,0.0401192,True,empty floor,sound_similarity,0,0.0666667,0.179477,0,0.0666667,0,0,0.0666667,0.0592043,0,0.0666667,0,0,0.0666667,0.125213,0,0.0666667,0.0849678,0,0.0666667,0.0440592,0,0.0666667,0.0350616,0,0.0666667,0.0738045,0.5,0.4,0
0.5,4.25,2.12724,-2.99573,0.00236407,0.00236407,0.00236407,0.0401192,True,empty floor,sound_similarity,0,0.0666667,0.179477,0,0.0666667,0,0,0.0666667,0.0592043,0,0.0666667,0,0,0.0666667,0.125213,0,0.0666667,0.0849678,0,0.0666667,0.0440592,0,0.0666667,0.0350616,0,0.0666667,0.0738045,0.5,0.4,0
0.25,4.25,2.15444,-2.99573,0.00236407,0.00236407,0.00236407,0.0401192,True,empty floor,sound_similarity,0,0.0666667,0.179477,0,0.0666667,0,0,0.0666667,0.0592043,0,0.0666667,0,0,0.0666667,0.125213,0,0.0666667,0.0849678,0,0.0666667,0.0440592,0,0.0666667,0.0350616,0,0.0666667,0.0738045,0.5,0.4,0
0,4.25,2.20977,-2.99573,0.00236407,0.00236407,0.00236407,0.0401192,True,empty floor,sound_similarity,0,0.0666667,0.179477,0,0.0666667,0,0,0.0666667,0.0592043,0,0.0666667,0,0,0.0666667,0.125213,0,0.0666667,0.0849678,0,0.0666667,0.0440592,0,0.0666667,0.0350616,0,0.0666667,0.0738045,0.5,0.4,0
-0.25,4.25,2.29119,-2.99573,0.00236407,0.00236407,0.00236407,0.0401192,True,empty floor,sound_similarity,0,0.0666667,0.179477,0,0.0666667,0,0,0.0666667,0.0592043,0,0.0666667,0,0,0.0666667,0.125213,0,0.0666667,0.0849678,0,0.0666667,0.0440592,0,0.0666667,0.0350616,0,0.0666667,0.0738045,0.5,0.4,0
-0.5,4.25,2.39604,-2.99573,0.00236407,0.00236407,0.00236407,0.0401192,True,empty floor,sound_similarity,0,0.0666667,0.179477,0,0.0666667,0,0,0.0666667,0.0592043,0,0.0666667,0,0,0.0666667,0.125213,0,0.0666667,0.0849678,0,0.0666667,0.0440592,0,0.0666667,0.0350616,0,0.0666667,0.0738045,0.5,0.4,0
-0.75,4.25,2.52141,-2.99573,0.00236407,0.00236407,0.00236407,0.0401192,True,empty floor,sound_similarity,0,0.0666667,0.179477,0,0.0666667,0,0,0.0666667,0.0592043,0,0.0666667,0,0,0.0666667,0.125213,0,0.0666667,0.0849678,0,0.0666667,0.0440592,0,0.0666667,0.0350616,0,0.0666667,0.0738045,0.5,0.4,0
-1,4.25,2.66439,-2.99573,0.00236407,0.00236407,0.00236407,0.0401192,True,empty floor,sound_similarity,0,0.0666667,0.179477,0,0.0666667,0,0,0.0666667,0.0592043,0,0.0666667,0,0,0.0666667,0.125213,0,0.0666667,0.0849678,0,0.0666667,0.0440592,0,0.0666667,0.0350616,0,0.0666667,0.0738045,0.5,0.4,0
-1.25,4.25,2.82231,-2.99573,0.00236407,0.00236407,0.00236407,0.0401192,True,empty floor,sound_similarity,0,0.0666667,0.179477,0,0.0666667,0,0,0.0666667,0.0592043,0,0.0666667,0,0,0.0666667,0.125213,0,0.0666667,0.0849678,0,0.0666667,0.0440592,0,0.0666667,0.0350616,0,0.0666667,0.0738045,0.5,0.4,0
-1.5,4.25,2.99281,-2.99573,0.00236407,0.00236407,0.00236407,0.0401192,True,empty floor,sound_similarity,0,0.0666667,0.179477,0,0.0666667,0,0,0.0666667,0.0592043,0,0.0666667,0,0,0.0666667,0.125213,0,0.0666667,0.0849678,0,0.0666667,0.0440592,0,0.0666667,0.0350616,0,0.0666667,0.0738045,0.5,0.4,0
-1.75,4.25,3.17386,-2.99571,0.00236407,0.00236407,0.00236407,0.0401192,True,empty floor,sound_similarity,0,0.0666667,0.179477,0,0.0666667,0,0,0.0666667,0.0592043,0,0.0666667,0,0,0.0666667,0.125213,0,0.0666667,0.0849678,0,0.0666667,0.0440592,0,0.0666667,0.0350616,0,0.0666667,0.0738045,0.5,0.4,0
-2,4.25,3.36376,-2.99567,0.00236407,0.00236407,0.00236407,0.0401192,True,empty floor,sound_similarity,0,0.0666667,0.179477,0,0.0666667,0,0,0.0666667,0.0592043,0,0.0666667,0,0,0.0666667,0.125213,0,0.0666667,0.0849678,0,0.0666667,0.0440592,0,0.0666667,0.0350616,0,0.0666667,0.0738045,0.5,0.4,0
-2.25,4.25,3.56108,-2.99557,0.00236407,0.00236407,0.00236407,0.0601788,False,tv,sound_similarity,0,0.1,0.179477,0,0.1,0,0,0.1,0.0592043,0,0.1,0,0,0.1,0.125213,0,0.1,0.0849678,0,0.1,0.0440592,0,0.1,0.0350616,0,0.1,0.0738045,0,0.1,0
2,4,2.75247,-2.99573,0.00236407,0.00236407,0.00236407,0.0601788,False,tv,sound_similarity,0,0.1,0.179477,0,0.1,0,0,0.1,0.0592043,0,0.1,0,0,0.1,0.125213,0,0.1,0.0849678,0,0.1,0.0440592,0,0.1,0.0350616,0,0.1,0.0738045,0,0.1,0
1.75,4,2.63487,-2.99573,0.00236407,0.00236407,0.00236407,0.0601788,False,tv,sound_similarity,0,0.1,0.179477,0,0.1,0,0,0.1,0.0592043,0,0.1,0,0,0.1,0.125213,0,0.1,0.0849678,0,0.1,0.0440592,0,0.1,0.0350616,0,0.1,0.0738045,0,0.1,0
1.5,4,2.53654,-2.99573,0.00236407,0.00236407,0.00236407,0.0601788,False,tv,sound_similarity,0,0.1,0.179477,0,0.1,0,0,0.1,0.0592043,0,0.1,0,0,0.1,0.125213,0,0.1,0.0849678,0,0.1,0.0440592,0,0.1,0.0350616,0,0.1,0.0738045,0,0.1,0
1.25,4,2.45977,-2.99573,0.00236407,0.00236407,0.00236407,0.0401192,True,empty floor,sound_similarity,0,0.0666667,0.179477,0,0.0666667,0,0,0.0666667,0.0592043,0,0.0666667,0,0,0.0666667,0.125213,0,0.0666667,0.0849678,0,0.0666667,0.0440592,0,0.0666667,0.0350616,0,0.0666667,0.0738045,0.5,0.4,0
1,4,2.40665,-2.99573,0.00236407,0.00236407,0.00236407,0.0401192,True,empty floor,sound_similarity,0,0.0666667,0.179477,0,0.0666667,0,0,0.0666667,0.0592043,0,0.0666667,0,0,0.0666667,0.125213,0,0.0666667,0.0849678,0,0.0666667,0.0440592,0,0.0666667,0.0350616,0,0.0666667,0.0738045,0.5,0.4,0
0.75,4,2.37875,-2.99573,0.00236407,0.00236407,0.00236407,0.0401192,True,empty floor,sound_similarity,0,0.0666667,0.179477,0,0.0666667,0,0,0.0666667,0.0592043,0,0.0666667,0,0,0.0666667,0.125213,0,0.0666667,0.0849678,0,0.0666667,0.0440592,0,0.0666667,0.0350616,0,0.0666667,0.0738045,0.5,0.4,0
0.5,4,2.37695,-2.99573,0.00236407,0.00236407,0.00236407,0.0401192,True,empty floor,sound_similarity,0,0.0666667,0.179477,0,0.0666667,0,0,0.0666667,0.0592043,0,0.0666667,0,0,0.0666667,0.125213,0,0.0666667,0.0849678,0,0.0666667,0.0440592,0,0.0666667,0.0350616,0,0.0666667,0.0738045,0.5,0.4,0
2,4.25,2.53995,-2.99573,0.00236407,0.00236407,0.00236407,0.0601788,False,tv,sound_similarity,0,0.1,0.179477,0,0.1,0,0,0.1,0.0592043,0,0.1,0,0,0.1,0.125213,0,0.1,0.0849678,0,0.1,0.0440592,0,0.1,0.0350616,0,0.1,0.0738045,0,0.1,0
-2.25,4.5,3.41783,-2.99514,0.00236407,0.00236407,0.00236407,0.0401192,True,empty floor,sound_similarity,0,0.0666667,0.179477,0,0.0666667,0,0,0.0666667,0.0592043,0,0.0666667,0,0,0.0666667,0.125213,0,0.0666667,0.0849678,0,0.0666667,0.0440592,0,0.0666667,0.0350616,0,0.0666667,0.0738045,0.5,0.4,0
-2,4.5,3.21171,-2.9955,0.00236407,0.00236407,0.00236407,0.0601788,False,tv,sound_similarity,0,0.1,0.179477,0,0.1,0,0,0.1,0.0592043,0,0.1,0,0,0.1,0.125213,0,0.1,0.0849678,0,0.1,0.0440592,0,0.1,0.0350616,0,0.1,0.0738045,0,0.1,0
1.5,4.5,2.07594,-2.99573,0.00236407,0.00236407,0.00236407,0.0601788,False,tv,sound_similarity,0,0.1,0.179477,0,0.1,0,0,0.1,0.0592043,0,0.1,0,0,0.1,0.125213,0,0.1,0.0849678,0,0.1,0.0440592,0,0.1,0.0350616,0,0.1,0.0738045,0,0.1,0
-0.25,4.75,1.83713,-2.99573,0.00236407,0.00236407,0.00236407,0.0401192,True,empty floor,sound_similarity,0,0.0666667,0.179477,0,0.0666667,0,0,0.0666667,0.0592043,0,0.0666667,0,0,0.0666667,0.125213,0,0.0666667,0.0849678,0,0.0666667,0.0440592,0,0.0666667,0.0350616,0,0.0666667,0.0738045,0.5,0.4,0
-0.5,4.75,1.96635,-2.99573,0.00236407,0.00236407,0.00236407,0.0401192,True,empty floor,sound_similarity,0,0.0666667,0.179477,0,0.0666667,0,0,0.0666667,0.0592043,0,0.0666667,0,0,0.0666667,0.125213,0,0.0666667,0.0849678,0,0.0666667,0.0440592,0,0.0666667,0.0350616,0,0.0666667,0.0738045,0.5,0.4,0
-0.75,4.75,2.11731,-2.99573,0.00236407,0.00236407,0.00236407,0.0401192,True,empty floor,sound_similarity,0,0.0666667,0.179477,0,0.0666667,0,0,0.0666667,0.0592043,0,0.0666667,0,0,0.0666667,0.125213,0,0.0666667,0.0849678,0,0.0666667,0.0440592,0,0.0666667,0.0350616,0,0.0666667,0.0738045,0.5,0.4,0
-1,4.75,2.28571,-2.99573,0.00236407,0.00236407,0.00236407,0.0401192,True,empty floor,sound_similarity,0,0.0666667,0.179477,0,0.0666667,0,0,0.0666667,0.0592043,0,0.0666667,0,0,0.0666667,0.125213,0,0.0666667,0.0849678,0,0.0666667,0.0440592,0,0.0666667,0.0350616,0,0.0666667,0.0738045,0.5,0.4,0
-1.25,4.75,2.46798,-2.99571,0.00236407,0.00236407,0.00236407,0.0401192,True,empty floor,sound_similarity,0,0.0666667,0.179477,0,0.0666667,0,0,0.0666667,0.0592043,0,0.0666667,0,0,0.0666667,0.125213,0,0.0666667,0.0849678,0,0.0666667,0.0440592,0,0.0666667,0.0350616,0,0.0666667,0.0738045,0.5,0.4,0
-1.5,4.75,2.66128,-2.99562,0.00236407,0.00236407,0.00236407,0.0401192,True,empty floor,sound_similarity,0,0.0666667,0.179477,0,0.0666667,0,0,0.0666667,0.0592043,0,0.0666667,0,0,0.0666667,0.125213,0,0.0666667,0.0849678,0,0.0666667,0.0440592,0,0.0666667,0.0350616,0,0.0666667,0.0738045,0.5,0.4,0
-1.75,4.75,2.86337,-2.99537,0.00236407,0.00236407,0.00236407,0.0401192,True,empty floor,sound_similarity,0,0.0666667,0.179477,0,0.0666667,0,0,0.0666667,0.0592043,0,0.0666667,0,0,0.0666667,0.125213,0,0.0666667,0.0849678,0,0.0666667,0.0440592,0,0.0666667,0.0350616,0,0.0666667,0.0738045,0.5,0.4,0
-2,4.75,3.07252,-2.99476,0.00236407,0.00236407,0.00236407,0.0401192,True,empty floor,sound_similarity,0,0.0666667,0.179477,0,0.0666667,0,0,0.0666667,0.0592043,0,0.0666667,0,0,0.0666667,0.125213,0,0.0666667,0.0849678,0,0.0666667,0.0440592,0,0.0666667,0.0350616,0,0.0666667,0.0738045,0.5,0.4,0
-2.25,4.75,3.28737,-2.99349,0.00236407,0.00236407,0.00236407,0.0401192,True,empty floor,sound_similarity,0,0.0666667,0.179477,0,0.0666667,0,0,0.0666667,0.0592043,0,0.0666667,0,0,0.0666667,0.125213,0,0.0666667,0.0849678,0,0.0666667,0.0440592,0,0.0666667,0.0350616,0,0.0666667,0.0738045,0.5,0.4,0
2,4.5,2.33486,-2.99573,0.00236407,0.00236407,0.00236407,0.0601788,False,tv,sound_similarity,0,0.1,0.179477,0,0.1,0,0,0.1,0.0592043,0,0.1,0,0,0.1,0.125213,0,0.1,0.0849678,0,0.1,0.0440592,0,0.1,0.0350616,0,0.1,0.0738045,0,0.1,0
1.25,4.5,1.98141,-2.99573,0.00236407,0.00236407,0.00236407,0.0601788,False,tv,sound_similarity,0,0.1,0.179477,0,0.1,0,0,0.1,0.0592043,0,0.1,0,0,0.1,0.125213,0,0.1,0.0849678,0,0.1,0.0440592,0,0.1,0.0350616,0,0.1,0.0738045,0,0.1,0
-1.75,4.5,3.01225,-2.99565,0.00236407,0.00236407,0.00236407,0.0401192,True,empty floor,sound_similarity,0,0.0666667,0.179477,0,0.0666667,0,0,0.0666667,0.0592043,0,0.0666667,0,0,0.0666667,0.125213,0,0.0666667,0.0849678,0,0.0666667,0.0440592,0,0.0666667,0.0350616,0,0.0666667,0.0738045,0.5,0.4,0
1,4.5,1.91506,-2.99573,0.00236407,0.00236407,0.00236407,0.0401192,True,empty floor,sound_similarity,0,0.0666667,0.179477,0,0.0666667,0,0,0.0666667,0.0592043,0,0.0666667,0,0,0.0666667,0.125213,0,0.0666667,0.0849678,0,0.0666667,0.0440592,0,0.0666667,0.0350616,0,0.0666667,0.0738045,0.5,0.4,0
0.5,4.5,1.87761,-2.99573,0.00236407,0.00236407,0.00236407,0.0401192,True,empty floor,sound_similarity,0,0.0666667,0.179477,0,0.0666667,0,0,0.0666667,0.0592043,0,0.0666667,0,0,0.0666667,0.125213,0,0.0666667,0.0849678,0,0.0666667,0.0440592,0,0.0666667,0.0350616,0,0.0666667,0.0738045,0.5,0.4,0
0.25,4.5,1.90837,-2.99573,0.00236407,0.00236407,0.00236407,0.0401192,True,empty floor,sound_similarity,0,0.0666667,0.179477,0,0.0666667,0,0,0.0666667,0.0592043,0,0.0666667,0,0,0.0666667,0.125213,0,0.0666667,0.0849678,0,0.0666667,0.0440592,0,0.0666667,0.0350616,0,0.0666667,0.0738045,0.5,0.4,0
0,4.5,1.97062,-2.99573,0.00236407,0.00236407,0.00236407,0.0401192,True,empty floor,sound_similarity,0,0.0666667,0.179477,0,0.0666667,0,0,0.0666667,0.0592043,0,0.0666667,0,0,0.0666667,0.125213,0,0.0666667,0.0849678,0,0.0666667,0.0440592,0,0.0666667,0.0350616,0,0.0666667,0.0738045,0.5,0.4,0
-0.25,4.5,2.06151,-2.99573,0.00236407,0.00236407,0.00236407,0.0401192,True,empty floor,sound_similarity,0,0.0666667,0.179477,0,0.0666667,0,0,0.0666667,0.0592043,0,0.0666667,0,0,0.0666667,0.125213,0,0.0666667,0.0849678,0,0.0666667,0.0440592,0,0.0666667,0.0350616,0,0.0666667,0.0738045,0.5,0.4,0
-0.5,4.5,2.17745,-2.99573,0.00236407,0.00236407,0.00236407,0.0401192,True,empty floor,sound_similarity,0,0.0666667,0.179477,0,0.0666667,0,0,0.0666667,0.0592043,0,0.0666667,0,0,0.0666667,0.125213,0,0.0666667,0.0849678,0,0.0666667,0.0440592,0,0.0666667,0.0350616,0,0.0666667,0.0738045,0.5,0.4,0
-0.75,4.5,2.31468,-2.99573,0.00236407,0.00236407,0.00236407,0.0401192,True,empty floor,sound_similarity,0,0.0666667,0.179477,0,0.0666667,0,0,0.0666667,0.0592043,0,0.0666667,0,0,0.0666667,0.125213,0,0.0666667,0.0849678,0,0.0666667,0.0440592,0,0.0666667,0.0350616,0,0.0666667,0.0738045,0.5,0.4,0
-1,4.5,2.46966,-2.99573,0.00236407,0.00236407,0.00236407,0.0401192,True,empty floor,sound_similarity,0,0.0666667,0.179477,0,0.0666667,0,0,0.0666667,0.0592043,0,0.0666667,0,0,0.0666667,0.125213,0,0.0666667,0.0849678,0,0.0666667,0.0440592,0,0.0666667,0.0350616,0,0.0666667,0.0738045,0.5,0.4,0
-1.25,4.5,2.63926,-2.99573,0.00236407,0.00236407,0.00236407,0.0401192,True,empty floor,sound_similarity,0,0.0666667,0.179477,0,0.0666667,0,0,0.0666667,0.0592043,0,0.0666667,0,0,0.0666667,0.125213,0,0.0666667,0.0849678,0,0.0666667,0.0440592,0,0.0666667,0.0350616,0,0.0666667,0.0738045,0.5,0.4,0
-1.5,4.5,2.82084,-2.99571,0.00236407,0.00236407,0.00236407,0.0401192,True,empty floor,sound_similarity,0,0.0666667,0.179477,0,0.0666667,0,0,0.0666667,0.0592043,0,0.0666667,0,0,0.0666667,0.125213,0,0.0666667,0.0849678,0,0.0666667,0.0440592,0,0.0666667,0.0350616,0,0.0666667,0.0738045,0.5,0.4,0
0.25,4,2.40133,-2.99573,0.00236407,0.00236407,0.00236407,0.0401192,True,empty floor,sound_similarity,0,0.0666667,0.179477,0,0.0666667,0,0,0.0666667,0.0592043,0,0.0666667,0,0,0.0666667,0.125213,0,0.0666667,0.0849678,0,0.0666667,0.0440592,0,0.0666667,0.0350616,0,0.0666667,0.0738045,0.5,0.4,0
-0.25,4,2.52474,-2.99573,0.00236407,0.00236407,0.00236407,0.0401192,True,empty floor,sound_similarity,0,0.0666667,0.179477,0,0.0666667,0,0,0.0666667,0.0592043,0,0.0666667,0,0,0.0666667,0.125213,0,0.0666667,0.0849678,0,0.0666667,0.0440592,0,0.0666667,0.0350616,0,0.0666667,0.0738045,0.5,0.4,0
0,3.25,3.18309,-2.99573,0.00236407,0.00236407,0.00236407,0.0401192,True,empty floor,sound_similarity,0,0.0666667,0.179477,0,0.0666667,0,0,0.0666667,0.0592043,0,0.0666667,0,0,0.0666667,0.125213,0,0.0666667,0.0849678,0,0.0666667,0.0440592,0,0.0666667,0.0350616,0,0.0666667,0.0738045,0.5,0.4,0
-0.5,4,2.62026,-2.99573,0.00236407,0.00236407,0.00236407,0.0401192,True,empty floor,sound_similarity,0,0.0666667,0.179477,0,0.0666667,0,0,0.0666667,0.0592043,0,0.0666667,0,0,0.0666667,0.125213,0,0.0666667,0.0849678,0,0.0666667,0.0440592,0,0.0666667,0.0350616,0,0.0666667,0.0738045,0.5,0.4,0
1.25,3.5,2.94533,-2.99573,0.00236407,0.00236407,0.00236407,0.0401192,True,empty floor,sound_similarity,0,0.0666667,0.179477,0,0.0666667,0,0,0.0666667,0.0592043,0,0.0666667,0,0,0.0666667,0.125213,0,0.0666667,0.0849678,0,0.0666667,0.0440592,0,0.0666667,0.0350616,0,0.0666667,0.0738045,0.5,0.4,0
1,3.5,2.90111,-2.99573,0.00236407,0.00236407,0.00236407,0.0401192,True,empty floor,sound_similarity,0,0.0666667,0.179477,0,0.0666667,0,0,0.0666667,0.0592043,0,0.0666667,0,0,0.0666667,0.125213,0,0.0666667,0.0849678,0,0.0666667,0.0440592,0,0.0666667,0.0350616,0,0.0666667,0.0738045,0.5,0.4,0
0.75,3.5,2.87801,-2.99573,0.00236407,0.00236407,0.00236407,0.0401192,True,empty floor,sound_similarity,0,0.0666667,0.179477,0,0.0666667,0,0,0.0666667,0.0592043,0,0.0666667,0,0,0.0666667,0.125213,0,0.0666667,0.0849678,0,0.0666667,0.0440592,0,0.0666667,0.0350616,0,0.0666667,0.0738045,0.5,0.4,0
0.5,3.5,2.87653,-2.99573,0.00236407,0.00236407,0.00236407,0.0401192,True,empty floor,sound_similarity,0,0.0666667,0.179477,0,0.0666667,0,0,0.0666667,0.0592043,0,0.0666667,0,0,0.0666667,0.125213,0,0.0666667,0.0849678,0,0.0666667,0.0440592,0,0.0666667,0.0350616,0,0.0666667,0.0738045,0.5,0.4,0
0.25,3.5,2.8967,-2.99573,0.00236407,0.00236407,0.00236407,0.0401192,True,empty floor,sound_similarity,0,0.0666667,0.179477,0,0.0666667,0,0,0.0666667,0.0592043,0,0.0666667,0,0,0.0666667,0.125213,0,0.0666667,0.0849678,0,0.0666667,0.0440592,0,0.0666667,0.0350616,0,0.0666667,0.0738045,0.5,0.4,0
0,3.5,2.93808,-2.99573,0.00236407,0.00236407,0.00236407,0.0401192,True,empty floor,sound_similarity,0,0.0666667,0.179477,0,0.0666667,0,0,0.0666667,0.0592043,0,0.0666667,0,0,0.0666667,0.125213,0,0.0666667,0.0849678,0,0.0666667,0.0440592,0,0.0666667,0.0350616,0,0.0666667,0.0738045,0.5,0.4,0
-0.25,3.5,2.9998,-2.99573,0.00236407,0.00236407,0.00236407,0.0401192,True,empty floor,sound_similarity,0,0.0666667,0.179477,0,0.0666667,0,0,0.0666667,0.0592043,0,0.0666667,0,0,0.0666667,0.125213,0,0.0666667,0.0849678,0,0.0666667,0.0440592,0,0.0666667,0.0350616,0,0.0666667,0.0738045,0.5,0.4,0
-0.5,3.5,3.08063,-2.99573,0.00236407,0.00236407,0.00236407,0.0401192,True,empty floor,sound_similarity,0,0.0666667,0.179477,0,0.0666667,0,0,0.0666667,0.0592043,0,0.0666667,0,0,0.0666667,0.125213,0,0.0666667,0.0849678,0,0.0666667,0.0440592,0,0.0666667,0.0350616,0,0.0666667,0.0738045,0.5,0.4,0
-0.75,3.5,3.17911,-2.99573,0.00236407,0.00236407,0.00236407,0.0401192,True,empty floor,sound_similarity,0,0.0666667,0.179477,0,0.0666667,0,0,0.0666667,0.0592043,0,0.0666667,0,0,0.0666667,0.125213,0,0.0666667,0.0849678,0,0.0666667,0.0440592,0,0.0666667,0.0350616,0,0.0666667,0.0738045,0.5,0.4,0
-1,3.5,3.29366,-2.99573,0.00236407,0.00236407,0.00236407,0.0401192,True,empty floor,sound_similarity,0,0.0666667,0.179477,0,0.0666667,0,0,0.0666667,0.0592043,0,0.0666667,0,0,0.0666667,0.125213,0,0.0666667,0.0849678,0,0.0666667,0.0440592,0,0.0666667,0.0350616,0,0.0666667,0.0738045,0.5,0.4,0
-1.25,3.5,3.42267,-2.99573,0.00236407,0.00236407,0.00236407,0.0401192,True,empty floor,sound_similarity,0,0.0666667,0.179477,0,0.0666667,0,0,0.0666667,0.0592043,0,0.0666667,0,0,0.0666667,0.125213,0,0.0666667,0.0849678,0,0.0666667,0.0440592,0,0.0666667,0.0350616,0,0.0666667,0.0738045,0.5,0.4,0
-1.5,3.5,3.56457,-2.99573,0.00236407,0.00236407,0.00236407,0.0401192,True,empty floor,sound_similarity,0,0.0666667,0.179477,0,0.0666667,0,0,0.0666667,0.0592043,0,0.0666667,0,0,0.0666667,0.125213,0,0.0666667,0.0849678,0,0.0666667,0.0440592,0,0.0666667,0.0350616,0,0.0666667,0.0738045,0.5,0.4,0
-1.75,3.5,3.71788,-2.99573,0.00236407,0.00236407,0.00236407,0.0401192,True,empty floor,sound_similarity,0,0.0666667,0.179477,0,0.0666667,0,0,0.0666667,0.0592043,0,0.0666667,0,0,0.0666667,0.125213,0,0.0666667,0.0849678,0,0.0666667,0.0440592,0,0.0666667,0.0350616,0,0.0666667,0.0738045,0.5,0.4,0
-2,3.5,3.88125,-2.99573,0.00236407,0.00236407,0.00236407,0.0401192,True,empty floor,sound_similarity,0,0.0666667,0.179477,0,0.0666667,0,0,0.0666667,0.0592043,0,0.0666667,0,0,0.0666667,0.125213,0,0.0666667,0.0849678,0,0.0666667,0.0440592,0,0.0666667,0.0350616,0,0.0666667,0.0738045,0.5,0.4,0
-2.25,3.5,4.05346,-2.99573,0.00236407,0.00236407,0.00236407,0.0401192,True,empty floor,sound_similarity,0,0.0666667,0.179477,0,0.0666667,0,0,0.0666667,0.0592043,0,0.0666667,0,0,0.0666667,0.125213,0,0.0666667,0.0849678,0,0.0666667,0.0440592,0,0.0666667,0.0350616,0,0.0666667,0.0738045,0.5,0.4,0
2,3.25,3.42057,-2.99573,0.00236407,0.00236407,0.00236407,0.0601788,False,tv,sound_similarity,0,0.1,0.179477,0,0.1,0,0,0.1,0.0592043,0,0.1,0,0,0.1,0.125213,0,0.1,0.0849678,0,0.1,0.0440592,0,0.1,0.0350616,0,0.1,0.0738045,0,0.1,0
1.75,3.25,3.32668,-2.99573,0.00236407,0.00236407,0.00236407,0.0601788,False,tv,sound_similarity,0,0.1,0.179477,0,0.1,0,0,0.1,0.0592043,0,0.1,0,0,0.1,0.125213,0,0.1,0.0849678,0,0.1,0.0440592,0,0.1,0.0350616,0,0.1,0.0738045,0,0.1,0
1.5,3.25,3.24935,-2.99573,0.00236407,0.00236407,0.00236407,0.0401192,True,empty floor,sound_similarity,0,0.0666667,0.179477,0,0.0666667,0,0,0.0666667,0.0592043,0,0.0666667,0,0,0.0666667,0.125213,0,0.0666667,0.0849678,0,0.0666667,0.0440592,0,0.0666667,0.0350616,0,0.0666667,0.0738045,0.5,0.4,0
1.25,3.25,3.18979,-2.99573,0.00236407,0.00236407,0.00236407,0.0401192,True,empty floor,sound_similarity,0,0.0666667,0.179477,0,0.0666667,0,0,0.0666667,0.0592043,0,0.0666667,0,0,0.0666667,0.125213,0,0.0666667,0.0849678,0,0.0666667,0.0440592,0,0.0666667,0.0350616,0,0.0666667,0.0738045,0.5,0.4,0
1,3.25,3.149,-2.99573,0.00236407,0.00236407,0.00236407,0.0401192,True,empty floor,sound_similarity,0,0.0666667,0.179477,0,0.0666667,0,0,0.0666667,0.0592043,0,0.0666667,0,0,0.0666667,0.125213,0,0.0666667,0.0849678,0,0.0666667,0.0440592,0,0.0666667,0.0350616,0,0.0666667,0.0738045,0.5,0.4,0
0.75,3.25,3.12773,-2.99573,0.00236407,0.00236407,0.00236407,0.0401192,True,empty floor,sound_similarity,0,0.0666667,0.179477,0,0.0666667,0,0,0.0666667,0.0592043,0,0.0666667,0,0,0.0666667,0.125213,0,0.0666667,0.0849678,0,0.0666667,0.0440592,0,0.0666667,0.0350616,0,0.0666667,0.0738045,0.5,0.4,0
0.5,3.25,3.12636,-2.99573,0.00236407,0.00236407,0.00236407,0.0401192,True,empty floor,sound_similarity,0,0.0666667,0.179477,0,0.0666667,0,0,0.0666667,0.0592043,0,0.0666667,0,0,0.0666667,0.125213,0,0.0666667,0.0849678,0,0.0666667,0.0440592,0,0.0666667,0.0350616,0,0.0666667,0.0738045,0.5,0.4,0
0.25,3.25,3.14494,-2.99573,0.00236407,0.00236407,0.00236407,0.0401192,True,empty floor,sound_similarity,0,0.0666667,0.179477,0,0.0666667,0,0,0.0666667,0.0592043,0,0.0666667,0,0,0.0666667,0.125213,0,0.0666667,0.0849678,0,0.0666667,0.0440592,0,0.0666667,0.0350616,0,0.0666667,0.0738045,0.5,0.4,0
1.5,3.5,3.00974,-2.99573,0.00236407,0.00236407,0.00236407,0.0601788,False,tv,sound_similarity,0,0.1,0.179477,0,0.1,0,0,0.1,0.0592043,0,0.1,0,0,0.1,0.125213,0,0.1,0.0849678,0,0.1,0.0440592,0,0.1,0.0350616,0,0.1,0.0738045,0,0.1,0
1.75,3.5,3.09307,-2.99573,0.00236407,0.00236407,0.00236407,0.0601788,False,tv,sound_similarity,0,0.1,0.179477,0,0.1,0,0,0.1,0.0592043,0,0.1,0,0,0.1,0.125213,0,0.1,0.0849678,0,0.1,0.0440592,0,0.1,0.0350616,0,0.1,0.0738045,0,0.1,0
-2.25,3.75,3.88018,-2.99572,0.00236407,0.00236407,0.00236407,0.0401192,True,empty floor,sound_similarity,0,0.0666667,0.179477,0,0.0666667,0,0,0.0666667,0.0592043,0,0.0666667,0,0,0.0666667,0.125213,0,0.0666667,0.0849678,0,0.0666667,0.0440592,0,0.0666667,0.0350616,0,0.0666667,0.0738045,0.5,0.4,0
1,3.75,2.65362,-2.99573,0.00236407,0.00236407,0.00236407,0.0401192,True,empty floor,sound_similarity,0,0.0666667,0.179477,0,0.0666667,0,0,0.0666667,0.0592043,0,0.0666667,0,0,0.0666667,0.125213,0,0.0666667,0.0849678,0,0.0666667,0.0440592,0,0.0666667,0.0350616,0,0.0666667,0.0738045,0.5,0.4,0
-0.75,4,2.73537,-2.99573,0.00236407,0.00236407,0.00236407,0.0401192,True,empty floor,sound_similarity,0,0.0666667,0.179477,0,0.0666667,0,0,0.0666667,0.0592043,0,0.0666667,0,0,0.0666667,0.125213,0,0.0666667,0.0849678,0,0.0666667,0.0440592,0,0.0666667,0.0350616,0,0.0666667,0.0738045,0.5,0.4,0
-1,4,2.8677,-2.99573,0.00236407,0.00236407,0.00236407,0.0401192,True,empty floor,sound_similarity,0,0.0666667,0.179477,0,0.0666667,0,0,0.0666667,0.0592043,0,0.0666667,0,0,0.0666667,0.125213,0,0.0666667,0.0849678,0,0.0666667,0.0440592,0,0.0666667,0.0350616,0,0.0666667,0.0738045,0.5,0.4,0
-1.25,4,3.01499,-2.99573,0.00236407,0.00236407,0.00236407,0.0401192,True,empty floor,sound_similarity,0,0.0666667,0.179477,0,0.0666667,0,0,0.0666667,0.0592043,0,0.0666667,0,0,0.0666667,0.125213,0,0.0666667,0.0849678,0,0.0666667,0.0440592,0,0.0666667,0.0350616,0,0.0666667,0.0738045,0.5,0.4,0
-1.5,4,3.17516,-2.99573,0.00236407,0.00236407,0.00236407,0.0401192,True,empty floor,sound_similarity,0,0.0666667,0.179477,0,0.0666667,0,0,0.0666667,0.0592043,0,0.0666667,0,0,0.0666667,0.125213,0,0.0666667,0.0849678,0,0.0666667,0.0440592,0,0.0666667,0.0350616,0,0.0666667,0.0738045,0.5,0.4,0
-1.75,4,3.34636,-2.99573,0.00236407,0.00236407,0.00236407,0.0401192,True,empty floor,sound_similarity,0,0.0666667,0.179477,0,0.0666667,0,0,0.0666667,0.0592043,0,0.0666667,0,0,0.0666667,0.125213,0,0.0666667,0.0849678,0,0.0666667,0.0440592,0,0.0666667,0.0350616,0,0.0666667,0.0738045,0.5,0.4,0
-2,4,3.52698,-2.99572,0.00236407,0.00236407,0.00236407,0.0300894,True,chair,sound_similarity,0,0.05,0.179477,1,0.55,0,0,0.05,0.0592043,0,0.05,0,0,0.05,0.125213,0,0.05,0.0849678,0,0.05,0.0440592,0,0.05,0.0350616,0,0.05,0.0738045,0,0.05,0
-2.25,4,3.71565,-2.99569,0.00236407,0.00236407,0.00236407,0.0401192,True,empty floor,sound_similarity,0,0.0666667,0.179477,0,0.0666667,0,0,0.0666667,0.0592043,0,0.0666667,0,0,0.0666667,0.125213,0,0.0666667,0.0849678,0,0.0666667,0.0440592,0,0.0666667,0.0350616,0,0.0666667,0.0738045,0.5,0.4,0
1.75,3.75,2.86222,-2.99573,0.00236407,0.00236407,0.00236407,0.0601788,False,tv,sound_similarity,0,0.1,0.179477,0,0.1,0,0,0.1,0.0592043,0,0.1,0,0,0.1,0.125213,0,0.1,0.0849678,0,0.1,0.0440592,0,0.1,0.0350616,0,0.1,0.0738045,0,0.1,0
1.5,3.75,2.77196,-2.99573,0.00236407,0.00236407,0.00236407,0.0601788,False,tv,sound_similarity,0,0.1,0.179477,0,0.1,0,0,0.1,0.0592043,0,0.1,0,0,0.1,0.125213,0,0.1,0.0849678,0,0.1,0.0440592,0,0.1,0.0350616,0,0.1,0.0738045,0,0.1,0
1.25,3.75,2.7019,-2.99573,0.00236407,0.00236407,0.00236407,0.0401192,True,empty floor,sound_similarity,0,0.0666667,0.179477,0,0.0666667,0,0,0.0666667,0.0592043,0,0.0666667,0,0,0.0666667,0.125213,0,0.0666667,0.0849678,0,0.0666667,0.0440592,0,0.0666667,0.0350616,0,0.0666667,0.0738045,0.5,0.4,0
0.75,3.75,2.62834,-2.99573,0.00236407,0.00236407,0.00236407,0.0401192,True,empty floor,sound_similarity,0,0.0666667,0.179477,0,0.0666667,0,0,0.0666667,0.0592043,0,0.0666667,0,0,0.0666667,0.125213,0,0.0666667,0.0849678,0,0.0666667,0.0440592,0,0.0666667,0.0350616,0,0.0666667,0.0738045,0.5,0.4,0
-2,3.75,3.69991,-2.99573,0.00236407,0.00236407,0.00236407,0.0401192,True,empty floor,sound_similarity,0,0.0666667,0.179477,0,0.0666667,0,0,0.0666667,0.0592043,0,0.0666667,0,0,0.0666667,0.125213,0,0.0666667,0.0849678,0,0.0666667,0.0440592,0,0.0666667,0.0350616,0,0.0666667,0.0738045,0.5,0.4,0
0.5,3.75,2.62672,-2.99573,0.00236407,0.00236407,0.00236407,0.0401192,True,empty floor,sound_similarity,0,0.0666667,0.179477,0,0.0666667,0,0,0.0666667,0.0592043,0,0.0666667,0,0,0.0666667,0.125213,0,0.0666667,0.0849678,0,0.0666667,0.0440592,0,0.0666667,0.0350616,0,0.0666667,0.0738045,0.5,0.4,0
0.25,3.75,2.6488,-2.99573,0.00236407,0.00236407,0.00236407,0.0401192,True,empty floor,sound_similarity,0,0.0666667,0.179477,0,0.0666667,0,0,0.0666667,0.0592043,0,0.0666667,0,0,0.0666667,0.125213,0,0.0666667,0.0849678,0,0.0666667,0.0440592,0,0.0666667,0.0350616,0,0.0666667,0.0738045,0.5,0.4,0
0,3.75,2.69399,-2.99573,0.00236407,0.00236407,0.00236407,0.0401192,True,empty floor,sound_similarity,0,0.0666667,0.179477,0,0.0666667,0,0,0.0666667,0.0592043,0,0.0666667,0,0,0.0666667,0.125213,0,0.0666667,0.0849678,0,0.0666667,0.0440592,0,0.0666667,0.0350616,0,0.0666667,0.0738045,0.5,0.4,0
-0.25,3.75,2.76117,-2.99573,0.00236407,0.00236407,0.00236407,0.0401192,True,empty floor,sound_similarity,0,0.0666667,0.179477,0,0.0666667,0,0,0.0666667,0.0592043,0,0.0666667,0,0,0.0666667,0.125213,0,0.0666667,0.0849678,0,0.0666667,0.0440592,0,0.0666667,0.0350616,0,0.0666667,0.0738045,0.5,0.4,0
-0.5,3.75,2.84878,-2.99573,0.00236407,0.00236407,0.00236407,0.0401192,True,empty floor,sound_similarity,0,0.0666667,0.179477,0,0.0666667,0,0,0.0666667,0.0592043,0,0.0666667,0,0,0.0666667,0.125213,0,0.0666667,0.0849678,0,0.0666667,0.0440592,0,0.0666667,0.0350616,0,0.0666667,0.0738045,0.5,0.4,0
-0.75,3.75,2.955,-2.99573,0.00236407,0.00236407,0.00236407,0.0401192,True,empty floor,sound_similarity,0,0.0666667,0.179477,0,0.0666667,0,0,0.0666667,0.0592043,0,0.0666667,0,0,0.0666667,0.125213,0,0.0666667,0.0849678,0,0.0666667,0.0440592,0,0.0666667,0.0350616,0,0.0666667,0.0738045,0.5,0.4,0
-1,3.75,3.0779,-2.99573,0.00236407,0.00236407,0.00236407,0.0401192,True,empty floor,sound_similarity,0,0.0666667,0.179477,0,0.0666667,0,0,0.0666667,0.0592043,0,0.0666667,0,0,0.0666667,0.125213,0,0.0666667,0.0849678,0,0.0666667,0.0440592,0,0.0666667,0.0350616,0,0.0666667,0.0738045,0.5,0.4,0
-1.25,3.75,3.21558,-2.99573,0.00236407,0.00236407,0.00236407,0.0401192,True,empty floor,sound_similarity,0,0.0666667,0.179477,0,0.0666667,0,0,0.0666667,0.0592043,0,0.0666667,0,0,0.0666667,0.125213,0,0.0666667,0.0849678,0,0.0666667,0.0440592,0,0.0666667,0.0350616,0,0.0666667,0.0738045,0.5,0.4,0
-1.5,3.75,3.36622,-2.99573,0.00236407,0.00236407,0.00236407,0.0401192,True,empty floor,sound_similarity,0,0.0666667,0.179477,0,0.0666667,0,0,0.0666667,0.0592043,0,0.0666667,0,0,0.0666667,0.125213,0,0.0666667,0.0849678,0,0.0666667,0.0440592,0,0.0666667,0.0350616,0,0.0666667,0.0738045,0.5,0.4,0
-1.75,3.75,3.52816,-2.99573,0.00236407,0.00236407,0.00236407,0.0401192,True,empty floor,sound_similarity,0,0.0666667,0.179477,0,0.0666667,0,0,0.0666667,0.0592043,0,0.0666667,0,0,0.0666667,0.125213,0,0.0666667,0.0849678,0,0.0666667,0.0440592,0,0.0666667,0.0350616,0,0.0666667,0.0738045,0.5,0.4,0
2,7.75,1.957,-2.99573,0.00236407,0.00236407,0.00236407,0.0601788,False,tv,sound_similarity,0,0.1,0.179477,0,0.1,0,0,0.1,0.0592043,0,0.1,0,0,0.1,0.125213,0,0.1,0.0849678,0,0.1,0.0440592,0,0.1,0.0350616,0,0.1,0.0738045,0,0.1,0
