x,y,dist_robot,snd_loglik,snd_post,vis_post,fused,vis_like,observed,mle_class,vis_phrase_source,ev_tv,post_tv,sim_tv,ev_chair,post_chair,sim_chair,ev_couch,post_couch,sim_couch,ev_toilet,post_toilet,sim_toilet,ev_microwave,post_microwave,sim_microwave,ev_oven,post_oven,sim_oven,ev_sink,post_sink,sim_sink,ev_refrigerator,post_refrigerator,sim_refrigerator,ev_clock,post_clock,sim_clock,ev_empty_floor,post_empty_floor,sim_empty_floor
-2.25,1.75,5.04715,-2.99542,0.00236407,0.00236407,0.00236407,0.0812914,True,empty floor,sound_similarity,0,0.0666667,0.226583,0,0.0666667,0.00806837,0,0.0666667,0.105121,0,0.0666667,0.0784182,0,0.0666667,0.174648,0,0.0666667,0.147413,0,0.0666667,0.126579,0,0.0666667,0.20824,0,0.0666667,0.144299,0.5,0.4,0
1.5,5.5,1.25596,-2.99573,0.00236407,0.00236407,0.00236407,0.113529,True,couch,sound_similarity,0,0.05,0.226583,0,0.05,0.00806837,1,0.55,0.105121,0,0.05,0.0784182,0,0.05,0.174648,0,0.05,0.147413,0,0.05,0.126579,0,0.05,0.20824,0,0.05,0.144299,0,0.05,0
-1.5,6,1.87689,-0.0532955,0.00236407,0.00236407,0.00236407,0.0609685,True,empty floor,sound_similarity,0,0.05,0.226583,0,0.05,0.00806837,0,0.05,0.105121,0,0.05,0.0784182,0,0.05,0.174648,0,0.05,0.147413,0,0.05,0.126579,0,0.05,0.20824,0,0.05,0.144299,1,0.55,0
-1.75,6,2.12677,-0.0597594,0.00236407,0.00236407,0.00236407,0.0609685,True,empty floor,sound_similarity,0,0.05,0.226583,0,0.05,0.00806837,0,0.05,0.105121,0,0.05,0.0784182,0,0.05,0.174648,0,0.05,0.147413,0,0.05,0.126579,0,0.05,0.20824,0,0.05,0.144299,1,0.55,0
-2,6,2.37668,-0.0651238,0.00236407,0.00236407,0.00236407,0.0609685,True,empty floor,sound_similarity,0,0.05,0.226583,0,0.05,0.00806837,0,0.05,0.105121,0,0.05,0.0784182,0,0.05,0.174648,0,0.05,0.147413,0,0.05,0.126579,0,0.05,0.20824,0,0.05,0.144299,1,0.55,0
-2.25,6,2.62661,-0.069635,0.00236407,0.00236407,0.00236407,0.0609685,True,empty floor,sound_similarity,0,0.05,0.226583,0,0.05,0.00806837,0,0.05,0.105121,0,0.05,0.0784182,0,0.05,0.174648,0,0.05,0.147413,0,0.05,0.126579,0,0.05,0.20824,0,0.05,0.144299,1,0.55,0
2,5.75,1.65345,-2.99573,0.00236407,0.00236407,0.00236407,0.0812914,True,empty floor,sound_similarity,0,0.0666667,0.226583,0,0.0666667,0.00806837,0,0.0666667,0.105121,0,0.0666667,0.0784182,0,0.0666667,0.174648,0,0.0666667,0.147413,0,0.0666667,0.126579,0,0.0666667,0.20824,0,0.0666667,0.144299,0.5,0.4,0
1.75,5.75,1.40867,-2.99573,0.00236407,0.00236407,0.00236407,0.0812914,True,empty floor,sound_similarity,0,0.0666667,0.226583,0,0.0666667,0.00806837,0,0.0666667,0.105121,0,0.0666667,0.0784182,0,0.0666667,0.174648,0,0.0666667,0.147413,0,0.0666667,0.126579,0,0.0666667,0.20824,0,0.0666667,0.144299,0.5,0.4,0
1.5,5.75,1.16611,-2.99573,0.00236407,0.00236407,0.00236407,0.0812914,True,empty floor,sound_similarity,0,0.0666667,0.226583,0,0.0666667,0.00806837,0,0.0666667,0.105121,0,0.0666667,0.0784182,0,0.0666667,0.174648,0,0.0666667,0.147413,0,0.0666667,0.126579,0,0.0666667,0.20824,0,0.0666667,0.144299,0.5,0.4,0
1.25,5.75,0.927512,-2.99573,0.00236407,0.00236407,0.00236407,0.0812914,True,empty floor,sound_similarity,0,0.0666667,0.226583,0,0.0666667,0.00806837,0,0.0666667,0.105121,0,0.0666667,0.0784182,0,0.0666667,0.174648,0,0.0666667,0.147413,0,0.0666667,0.126579,0,0.0666667,0.20824,0,0.0666667,0.144299,0.5,0.4,0
1,5.75,0.696948,-2.99573,0.00236407,0.00236407,0.00236407,0.0812914,True,empty floor,sound_similarity,0,0.0666667,0.226583,0,0.0666667,0.00806837,0,0.0666667,0.105121,0,0.0666667,0.0784182,0,0.0666667,0.174648,0,0.0666667,0.147413,0,0.0666667,0.126579,0,0.0666667,0.20824,0,0.0666667,0.144299,0.5,0.4,0
0.75,5.75,0.486,-2.99573,0.00236407,0.00236407,0.00236407,0.0609685,True,empty floor,sound_similarity,0,0.05,0.226583,0,0.05,0.00806837,0,0.05,0.105121,0,0.05,0.0784182,0,0.05,0.174648,0,0.05,0.147413,0,0.05,0.126579,0,0.05,0.20824,0,0.05,0.144299,1,0.55,0
0.5,5.75,0.334148,-2.99573,0.00236407,0.00236407,0.00236407,0.0812914,True,empty floor,sound_similarity,0,0.0666667,0.226583,0,0.0666667,0.00806837,0,0.0666667,0.105121,0,0.0666667,0.0784182,0,0.0666667,0.174648,0,0.0666667,0.147413,0,0.0666667,0.126579,0,0.0666667,0.20824,0,0.0666667,0.144299,0.5,0.4,0
0.25,5.75,0.334834,-2.99572,0.00236407,0.00236407,0.00236407,0.0812914,True,empty floor,sound_similarity,0,0.0666667,0.226583,0,0.0666667,0.00806837,0,0.0666667,0.105121,0,0.0666667,0.0784182,0,0.0666667,0.174648,0,0.0666667,0.147413,0,0.0666667,0.126579,0,0.0666667,0.20824,0,0.0666667,0.144299,0.5,0.4,0
0,5.75,0.487414,-2.83763,0.00236407,0.00236407,0.00236407,0.0812914,True,empty floor,sound_similarity,0,0.0666667,0.226583,0,0.0666667,0.00806837,0,0.0666667,0.105121,0,0.0666667,0.0784182,0,0.0666667,0.174648,0,0.0666667,0.147413,0,0.0666667,0.126579,0,0.0666667,0.20824,0,0.0666667,0.144299,0.5,0.4,0
-0.25,5.75,0.698593,-1.57702,0.00236407,0.00236407,0.00236407,0.0812914,True,empty floor,sound_similarity,0,0.0666667,0.226583,0,0.0666667,0.00806837,0,0.0666667,0.105121,0,0.0666667,0.0784182,0,0.0666667,0.174648,0,0.0666667,0.147413,0,0.0666667,0.126579,0,0.0666667,0.20824,0,0.0666667,0.144299,0.5,0.4,0
-0.5,5.75,0.929242,-0.755621,0.00236407,0.00236407,0.00236407,0.0609685,True,empty floor,sound_similarity,0,0.05,0.226583,0,0.05,0.00806837,0,0.05,0.105121,0,0.05,0.0784182,0,0.05,0.174648,0,0.05,0.147413,0,0.05,0.126579,0,0.05,0.20824,0,0.05,0.144299,1,0.55,0
-0.75,5.75,1.16788,-0.384656,0.00236407,0.00236407,0.00236407,0.0609685,True,empty floor,sound_similarity,0,0.05,0.226583,0,0.05,0.00806837,0,0.05,0.105121,0,0.05,0.0784182,0,0.05,0.174648,0,0.05,0.147413,0,0.05,0.126579,0,0.05,0.20824,0,0.05,0.144299,1,0.55,0
-1,5.75,1.41046,-0.205,0.00236407,0.00236407,0.00236407,0.0609685,True,empty floor,sound_similarity,0,0.05,0.226583,0,0.05,0.00806837,0,0.05,0.105121,0,0.05,0.0784182,0,0.05,0.174648,0,0.05,0.147413,0,0.05,0.126579,0,0.05,0.20824,0,0.05,0.144299,1,0.55,0
-1.25,5.75,1.65525,-0.111338,0.00236407,0.00236407,0.00236407,0.0609685,True,empty floor,sound_similarity,0,0.05,0.226583,0,0.05,0.00806837,0,0.05,0.105121,0,0.05,0.0784182,0,0.05,0.174648,0,0.05,0.147413,0,0.05,0.126579,0,0.05,0.20824,0,0.05,0.144299,1,0.55,0
-1.5,5.75,1.9014,-0.0600178,0.00236407,0.00236407,0.00236407,0.0609685,True,empty floor,sound_similarity,0,0.05,0.226583,0,0.05,0.00806837,0,0.05,0.105121,0,0.05,0.0784182,0,0.05,0.174648,0,0.05,0.147413,0,0.05,0.126579,0,0.05,0.20824,0,0.05,0.144299,1,0.55,0
-1.75,5.75,2.14844,-0.0311584,0.00236407,0.00236407,0.00236407,0.0609685,True,empty floor,sound_similarity,0,0.05,0.226583,0,0.05,0.00806837,0,0.05,0.105121,0,0.05,0.0784182,0,0.05,0.174648,0,0.05,0.147413,0,0.05,0.126579,0,0.05,0.20824,0,0.05,0.144299,1,0.55,0
-2,5.75,2.39609,-0.0149145,0.00236407,0.00236407,0.00236407,0.0609685,True,empty floor,sound_similarity,0,0.05,0.226583,0,0.05,0.00806837,0,0.05,0.105121,0,0.05,0.0784182,0,0.05,0.174648,0,0.05,0.147413,0,0.05,0.126579,0,0.05,0.20824,0,0.05,0.144299,1,0.55,0
-2.25,5.75,2.64418,-0.006069,0.00236407,0.00236407,0.00236407,0.106494,True,clock,sound_similarity,0,0.04,0.226583,0,0.04,0.00806837,0,0.04,0.105121,0,0.04,0.0784182,0,0.04,0.174648,0,0.04,0.147413,0,0.04,0.126579,0,0.04,0.20824,1,0.44,0.144299,0.5,0.24,0
2,5.5,1.718,-2.99573,0.00236407,0.00236407,0.00236407,0.0812914,True,empty floor,sound_similarity,0,0.0666667,0.226583,0,0.0666667,0.00806837,0,0.0666667,0.105121,0,0.0666667,0.0784182,0,0.0666667,0.174648,0,0.0666667,0.147413,0,0.0666667,0.126579,0,0.0666667,0.20824,0,0.0666667,0.144299,0.5,0.4,0
-1.25,6,1.62703,-0.0454011,0.00236407,0.00236407,0.00236407,0.0609685,True,empty floor,sound_similarity,0,0.05,0.226583,0,0.05,0.00806837,0,0.05,0.105121,0,0.05,0.0784182,0,0.05,0.174648,0,0.05,0.147413,0,0.05,0.126579,0,0.05,0.20824,0,0.05,0.144299,1,0.55,0
-1,6,1.37724,-0.0356568,0.00236407,0.00236407,0.00236407,0.0609685,True,empty floor,sound_similarity,0,0.05,0.226583,0,0.05,0.00806837,0,0.05,0.105121,0,0.05,0.0784182,0,0.05,0.174648,0,0.05,0.147413,0,0.05,0.126579,0,0.05,0.20824,0,0.05,0.144299,1,0.55,0
-0.75,6,1.12753,-0.0236618,0.00236407,0.00236407,0.00236407,0.0609685,True,empty floor,sound_similarity,0,0.05,0.226583,0,0.05,0.00806837,0,0.05,0.105121,0,0.05,0.0784182,0,0.05,0.174648,0,0.05,0.147413,0,0.05,0.126579,0,0.05,0.20824,0,0.05,0.144299,1,0.55,0
-2,6.25,2.38348,-0.397468,0.00236407,0.00236407,0.00236407,0.0609685,True,empty floor,sound_similarity,0,0.05,0.226583,0,0.05,0.00806837,0,0.05,0.105121,0,0.05,0.0784182,0,0.05,0.174648,0,0.05,0.147413,0,0.05,0.126579,0,0.05,0.20824,0,0.05,0.144299,1,0.55,0
0.5,6.25,0.226714,-2.99573,0.00236407,0.00236407,0.00236407,0.121937,False,tv,sound_similarity,0,0.1,0.226583,0,0.1,0.00806837,0,0.1,0.105121,0,0.1,0.0784182,0,0.1,0.174648,0,0.1,0.147413,0,0.1,0.126579,0,0.1,0.20824,0,0.1,0.144299,0,0.1,0
0.25,6.25,0.227724,-2.99572,0.00236407,0.00236407,0.00236407,0.0812914,True,empty floor,sound_similarity,0,0.0666667,0.226583,0,0.0666667,0.00806837,0,0.0666667,0.105121,0,0.0666667,0.0784182,0,0.0666667,0.174648,0,0.0666667,0.147413,0,0.0666667,0.126579,0,0.0666667,0.20824,0,0.0666667,0.144299,0.5,0.4,0
0,6.25,0.421091,-2.75608,0.00236407,0.00236407,0.00236407,0.0609685,True,empty floor,sound_similarity,0,0.05,0.226583,0,0.05,0.00806837,0,0.05,0.105121,0,0.05,0.0784182,0,0.05,0.174648,0,0.05,0.147413,0,0.05,0.126579,0,0.05,0.20824,0,0.05,0.144299,1,0.55,0
-0.25,6.25,0.654046,-1.77175,0.00236407,0.00236407,0.00236407,0.0609685,True,empty floor,sound_similarity,0,0.05,0.226583,0,0.05,0.00806837,0,0.05,0.105121,0,0.05,0.0784182,0,0.05,0.174648,0,0.05,0.147413,0,0.05,0.126579,0,0.05,0.20824,0,0.05,0.144299,1,0.55,0
-0.5,6.25,0.896234,-1.1792,0.00236407,0.00236407,0.00236407,0.0609685,True,empty floor,sound_similarity,0,0.05,0.226583,0,0.05,0.00806837,0,0.05,0.105121,0,0.05,0.0784182,0,0.05,0.174648,0,0.05,0.147413,0,0.05,0.126579,0,0.05,0.20824,0,0.05,0.144299,1,0.55,0
-0.75,6.25,1.14179,-0.869696,0.00236407,0.00236407,0.00236407,0.0609685,True,empty floor,sound_similarity,0,0.05,0.226583,0,0.05,0.00806837,0,0.05,0.105121,0,0.05,0.0784182,0,0.05,0.174648,0,0.05,0.147413,0,0.05,0.126579,0,0.05,0.20824,0,0.05,0.144299,1,0.55,0
-1,6.25,1.38894,-0.68982,0.00236407,0.00236407,0.00236407,0.0609685,True,empty floor,sound_similarity,0,0.05,0.226583,0,0.05,0.00806837,0,0.05,0.105121,0,0.05,0.0784182,0,0.05,0.174648,0,0.05,0.147413,0,0.05,0.126579,0,0.05,0.20824,0,0.05,0.144299,1,0.55,0
-1.25,6.25,1.63695,-0.57507,0.00236407,0.00236407,0.00236407,0.0609685,True,empty floor,sound_similarity,0,0.05,0.226583,0,0.05,0.00806837,0,0.05,0.105121,0,0.05,0.0784182,0,0.05,0.174648,0,0.05,0.147413,0,0.05,0.126579,0,0.05,0.20824,0,0.05,0.144299,1,0.55,0
-1.5,6.25,1.88549,-0.496573,0.00236407,0.00236407,0.00236407,0.0609685,True,empty floor,sound_similarity,0,0.05,0.226583,0,0.05,0.00806837,0,0.05,0.105121,0,0.05,0.0784182,0,0.05,0.174648,0,0.05,0.147413,0,0.05,0.126579,0,0.05,0.20824,0,0.05,0.144299,1,0.55,0
-1.75,6.25,2.13437,-0.439973,0.00236407,0.00236407,0.00236407,0.0609685,True,empty floor,sound_similarity,0,0.05,0.226583,0,0.05,0.00806837,0,0.05,0.105121,0,0.05,0.0784182,0,0.05,0.174648,0,0.05,0.147413,0,0.05,0.126579,0,0.05,0.20824,0,0.05,0.144299,1,0.55,0
-2.25,6.25,2.63276,-0.364506,0.00236407,0.00236407,0.00236407,0.0609685,True,empty floor,sound_similarity,0,0.05,0.226583,0,0.05,0.00806837,0,0.05,0.105121,0,0.05,0.0784182,0,0.05,0.174648,0,0.05,0.147413,0,0.05,0.126579,0,0.05,0.20824,0,0.05,0.144299,1,0.55,0
-0.5,6,0.877988,-0.00977622,0.00236407,0.00236407,0.00236407,0.0609685,True,empty floor,sound_similarity,0,0.05,0.226583,0,0.05,0.00806837,0,0.05,0.105121,0,0.05,0.0784182,0,0.05,0.174648,0,0.05,0.147413,0,0.05,0.126579,0,0.05,0.20824,0,0.05,0.144299,1,0.55,0
2,6,1.6252,-2.99573,0.00236407,0.00236407,0.00236407,0.0812914,True,empty floor,sound_similarity,0,0.0666667,0.226583,0,0.0666667,0.00806837,0,0.0666667,0.105121,0,0.0666667,0.0784182,0,0.0666667,0.174648,0,0.0666667,0.147413,0,0.0666667,0.126579,0,0.0666667,0.20824,0,0.0666667,0.144299,0.5,0.4,0
1.75,6,1.3754,-2.99573,0.00236407,0.00236407,0.00236407,0.0812914,True,empty floor,sound_similarity,0,0.0666667,0.226583,0,0.0666667,0.00806837,0,0.0666667,0.105121,0,0.0666667,0.0784182,0,0.0666667,0.174648,0,0.0666667,0.147413,0,0.0666667,0.126579,0,0.0666667,0.20824,0,0.0666667,0.144299,0.5,0.4,0
1.5,6,1.1257,-2.99573,0.00236407,0.00236407,0.00236407,0.0812914,True,empty floor,sound_similarity,0,0.0666667,0.226583,0,0.0666667,0.00806837,0,0.0666667,0.105121,0,0.0666667,0.0784182,0,0.0666667,0.174648,0,0.0666667,0.147413,0,0.0666667,0.126579,0,0.0666667,0.20824,0,0.0666667,0.144299,0.5,0.4,0
1.25,6,0.876156,-2.99573,0.00236407,0.00236407,0.00236407,0.0812914,True,empty floor,sound_similarity,0,0.0666667,0.226583,0,0.0666667,0.00806837,0,0.0666667,0.105121,0,0.0666667,0.0784182,0,0.0666667,0.174648,0,0.0666667,0.147413,0,0.0666667,0.126579,0,0.0666667,0.20824,0,0.0666667,0.144299,0.5,0.4,0
1,6,0.626984,-2.99573,0.00236407,0.00236407,0.00236407,0.0812914,True,empty floor,sound_similarity,0,0.0666667,0.226583,0,0.0666667,0.00806837,0,0.0666667,0.105121,0,0.0666667,0.0784182,0,0.0666667,0.174648,0,0.0666667,0.147413,0,0.0666667,0.126579,0,0.0666667,0.20824,0,0.0666667,0.144299,0.5,0.4,0
0.75,6,0.378904,-2.99573,0.00236407,0.00236407,0.00236407,0.0812914,True,empty floor,sound_similarity,0,0.0666667,0.226583,0,0.0666667,0.00806837,0,0.0666667,0.105121,0,0.0666667,0.0784182,0,0.0666667,0.174648,0,0.0666667,0.147413,0,0.0666667,0.126579,0,0.0666667,0.20824,0,0.0666667,0.144299,0.5,0.4,0
0.5,6,0.137939,-2.99573,0.00236407,0.00236407,0.00236407,0.0812914,True,empty floor,sound_similarity,0,0.0666667,0.226583,0,0.0666667,0.00806837,0,0.0666667,0.105121,0,0.0666667,0.0784182,0,0.0666667,0.174648,0,0.0666667,0.147413,0,0.0666667,0.126579,0,0.0666667,0.20824,0,0.0666667,0.144299,0.5,0.4,0
0.25,6,0.139592,-1.47441,0.00236407,0.00236407,0.00236407,0.0812914,True,empty floor,sound_similarity,0,0.0666667,0.226583,0,0.0666667,0.00806837,0,0.0666667,0.105121,0,0.0666667,0.0784182,0,0.0666667,0.174648,0,0.0666667,0.147413,0,0.0666667,0.126579,0,0.0666667,0.20824,0,0.0666667,0.144299,0.5,0.4,0
0,6,0.380716,-0.0515657,0.00236407,0.00236407,0.00236407,0.0812914,True,empty floor,sound_similarity,0,0.0666667,0.226583,0,0.0666667,0.00806837,0,0.0666667,0.105121,0,0.0666667,0.0784182,0,0.0666667,0.174648,0,0.0666667,0.147413,0,0.0666667,0.126579,0,0.0666667,0.20824,0,0.0666667,0.144299,0.5,0.4,0
-0.25,6,0.628812,-7.46105e-08,0.00236407,0.00236407,0.00236407,0.0609685,True,empty floor,sound_similarity,0,0.05,0.226583,0,0.05,0.00806837,0,0.05,0.105121,0,0.05,0.0784182,0,0.05,0.174648,0,0.05,0.147413,0,0.05,0.126579,0,0.05,0.20824,0,0.05,0.144299,1,0.55,0
1.75,5.5,1.48391,-2.99573,0.00236407,0.00236407,0.00236407,0.0812914,True,empty floor,sound_similarity,0,0.0666667,0.226583,0,0.0666667,0.00806837,0,0.0666667,0.105121,0,0.0666667,0.0784182,0,0.0666667,0.174648,0,0.0666667,0.147413,0,0.0666667,0.126579,0,0.0666667,0.20824,0,0.0666667,0.144299,0.5,0.4,0
1.25,5.5,1.03822,-2.99573,0.00236407,0.00236407,0.00236407,0.0812914,True,empty floor,sound_similarity,0,0.0666667,0.226583,0,0.0666667,0.00806837,0,0.0666667,0.105121,0,0.0666667,0.0784182,0,0.0666667,0.174648,0,0.0666667,0.147413,0,0.0666667,0.126579,0,0.0666667,0.20824,0,0.0666667,0.144299,0.5,0.4,0
1,6.25,0.652289,-2.99573,0.00236407,0.00236407,0.00236407,0.0812914,True,empty floor,sound_similarity,0,0.0666667,0.226583,0,0.0666667,0.00806837,0,0.0666667,0.105121,0,0.0666667,0.0784182,0,0.0666667,0.174648,0,0.0666667,0.147413,0,0.0666667,0.126579,0,0.0666667,0.20824,0,0.0666667,0.144299,0.5,0.4,0
1,5.5,0.838668,-2.99573,0.00236407,0.00236407,0.00236407,0.0812914,True,empty floor,sound_similarity,0,0.0666667,0.226583,0,0.0666667,0.00806837,0,0.0666667,0.105121,0,0.0666667,0.0784182,0,0.0666667,0.174648,0,0.0666667,0.147413,0,0.0666667,0.126579,0,0.0666667,0.20824,0,0.0666667,0.144299,0.5,0.4,0
-1.5,5.25,2.04342,-1.19535,0.00236407,0.00236407,0.00236407,0.0609685,True,empty floor,sound_similarity,0,0.05,0.226583,0,0.05,0.00806837,0,0.05,0.105121,0,0.05,0.0784182,0,0.05,0.174648,0,0.05,0.147413,0,0.05,0.126579,0,0.05,0.20824,0,0.05,0.144299,1,0.55,0
-1.75,5.25,2.27509,-0.901945,0.00236407,0.00236407,0.00236407,0.0609685,True,empty floor,sound_similarity,0,0.05,0.226583,0,0.05,0.00806837,0,0.05,0.105121,0,0.05,0.0784182,0,0.05,0.174648,0,0.05,0.147413,0,0.05,0.126579,0,0.05,0.20824,0,0.05,0.144299,1,0.55,0
-2.25,5.25,2.74808,-0.528589,0.00236407,0.00236407,0.00236407,0.0609685,True,empty floor,sound_similarity,0,0.05,0.226583,0,0.05,0.00806837,0,0.05,0.105121,0,0.05,0.0784182,0,0.05,0.174648,0,0.05,0.147413,0,0.05,0.126579,0,0.05,0.20824,0,0.05,0.144299,1,0.55,0
2,5,1.93953,-2.99573,0.00236407,0.00236407,0.00236407,0.0812914,True,empty floor,sound_similarity,0,0.0666667,0.226583,0,0.0666667,0.00806837,0,0.0666667,0.105121,0,0.0666667,0.0784182,0,0.0666667,0.174648,0,0.0666667,0.147413,0,0.0666667,0.126579,0,0.0666667,0.20824,0,0.0666667,0.144299,0.5,0.4,0
1.75,5,1.73558,-2.99573,0.00236407,0.00236407,0.00236407,0.0812914,True,empty floor,sound_similarity,0,0.0666667,0.226583,0,0.0666667,0.00806837,0,0.0666667,0.105121,0,0.0666667,0.0784182,0,0.0666667,0.174648,0,0.0666667,0.147413,0,0.0666667,0.126579,0,0.0666667,0.20824,0,0.0666667,0.144299,0.5,0.4,0
1.5,5,1.54522,-2.99573,0.00236407,0.00236407,0.00236407,0.0812914,True,empty floor,sound_similarity,0,0.0666667,0.226583,0,0.0666667,0.00806837,0,0.0666667,0.105121,0,0.0666667,0.0784182,0,0.0666667,0.174648,0,0.0666667,0.147413,0,0.0666667,0.126579,0,0.0666667,0.20824,0,0.0666667,0.144299,0.5,0.4,0
1,5,1.23029,-2.99573,0.00236407,0.00236407,0.00236407,0.0609685,True,empty floor,sound_similarity,0,0.05,0.226583,0,0.05,0.00806837,0,0.05,0.105121,0,0.05,0.0784182,0,0.05,0.174648,0,0.05,0.147413,0,0.05,0.126579,0,0.05,0.20824,0,0.05,0.144299,1,0.55,0
0.75,5,1.12431,-2.99573,0.00236407,0.00236407,0.00236407,0.0812914,True,empty floor,sound_similarity,0,0.0666667,0.226583,0,0.0666667,0.00806837,0,0.0666667,0.105121,0,0.0666667,0.0784182,0,0.0666667,0.174648,0,0.0666667,0.147413,0,0.0666667,0.126579,0,0.0666667,0.20824,0,0.0666667,0.144299,0.5,0.4,0
0.5,5,1.06749,-2.99573,0.00236407,0.00236407,0.00236407,0.0812914,True,empty floor,sound_similarity,0,0.0666667,0.226583,0,0.0666667,0.00806837,0,0.0666667,0.105121,0,0.0666667,0.0784182,0,0.0666667,0.174648,0,0.0666667,0.147413,0,0.0666667,0.126579,0,0.0666667,0.20824,0,0.0666667,0.144299,0.5,0.4,0
0.25,5,1.06771,-2.99573,0.00236407,0.00236407,0.00236407,0.0812914,True,empty floor,sound_similarity,0,0.0666667,0.226583,0,0.0666667,0.00806837,0,0.0666667,0.105121,0,0.0666667,0.0784182,0,0.0666667,0.174648,0,0.0666667,0.147413,0,0.0666667,0.126579,0,0.0666667,0.20824,0,0.0666667,0.144299,0.5,0.4,0
0,5,1.12492,-2.99573,0.00236407,0.00236407,0.00236407,0.0812914,True,empty floor,sound_similarity,0,0.0666667,0.226583,0,0.0666667,0.00806837,0,0.0666667,0.105121,0,0.0666667,0.0784182,0,0.0666667,0.174648,0,0.0666667,0.147413,0,0.0666667,0.126579,0,0.0666667,0.20824,0,0.0666667,0.144299,0.5,0.4,0
-0.25,5,1.23122,-2.9955,0.00236407,0.00236407,0.00236407,0.0812914,True,empty floor,sound_similarity,0,0.0666667,0.226583,0,0.0666667,0.00806837,0,0.0666667,0.105121,0,0.0666667,0.0784182,0,0.0666667,0.174648,0,0.0666667,0.147413,0,0.0666667,0.126579,0,0.0666667,0.20824,0,0.0666667,0.144299,0.5,0.4,0
-0.5,5,1.37527,-2.98957,0.00236407,0.00236407,0.00236407,0.0812914,True,empty floor,sound_similarity,0,0.0666667,0.226583,0,0.0666667,0.00806837,0,0.0666667,0.105121,0,0.0666667,0.0784182,0,0.0666667,0.174648,0,0.0666667,0.147413,0,0.0666667,0.126579,0,0.0666667,0.20824,0,0.0666667,0.144299,0.5,0.4,0
-0.75,5,1.54656,-2.93774,0.00236407,0.00236407,0.00236407,0.0812914,True,empty floor,sound_similarity,0,0.0666667,0.226583,0,0.0666667,0.00806837,0,0.0666667,0.105121,0,0.0666667,0.0784182,0,0.0666667,0.174648,0,0.0666667,0.147413,0,0.0666667,0.126579,0,0.0666667,0.20824,0,0.0666667,0.144299,0.5,0.4,0
-1,5,1.73704,-2.74658,0.00236407,0.00236407,0.00236407,0.0812914,True,empty floor,sound_similarity,0,0.0666667,0.226583,0,0.0666667,0.00806837,0,0.0666667,0.105121,0,0.0666667,0.0784182,0,0.0666667,0.174648,0,0.0666667,0.147413,0,0.0666667,0.126579,0,0.0666667,0.20824,0,0.0666667,0.144299,0.5,0.4,0
-1.25,5,1.94107,-2.39106,0.00236407,0.00236407,0.00236407,0.121937,False,tv,sound_similarity,0,0.1,0.226583,0,0.1,0.00806837,0,0.1,0.105121,0,0.1,0.0784182,0,0.1,0.174648,0,0.1,0.147413,0,0.1,0.126579,0,0.1,0.20824,0,0.1,0.144299,0,0.1,0
-1.5,5,2.15481,-1.97567,0.00236407,0.00236407,0.00236407,0.0812914,True,empty floor,sound_similarity,0,0.0666667,0.226583,0,0.0666667,0.00806837,0,0.0666667,0.105121,0,0.0666667,0.0784182,0,0.0666667,0.174648,0,0.0666667,0.147413,0,0.0666667,0.126579,0,0.0666667,0.20824,0,0.0666667,0.144299,0.5,0.4,0
-1.75,5,2.37564,-1.59516,0.00236407,0.00236407,0.00236407,0.0609685,True,empty floor,sound_similarity,0,0.05,0.226583,0,0.05,0.00806837,0,0.05,0.105121,0,0.05,0.0784182,0,0.05,0.174648,0,0.05,0.147413,0,0.05,0.126579,0,0.05,0.20824,0,0.05,0.144299,1,0.55,0
-2.25,5,2.83189,-1.03042,0.00236407,0.00236407,0.00236407,0.0609685,True,empty floor,sound_similarity,0,0.05,0.226583,0,0.05,0.00806837,0,0.05,0.105121,0,0.05,0.0784182,0,0.05,0.174648,0,0.05,0.147413,0,0.05,0.126579,0,0.05,0.20824,0,0.05,0.144299,1,0.55,0
2,4.75,2.08672,-2.99573,0.00236407,0.00236407,0.00236407,0.0812914,True,empty floor,sound_similarity,0,0.0666667,0.226583,0,0.0666667,0.00806837,0,0.0666667,0.105121,0,0.0666667,0.0784182,0,0.0666667,0.174648,0,0.0666667,0.147413,0,0.0666667,0.126579,0,0.0666667,0.20824,0,0.0666667,0.144299,0.5,0.4,0
1.75,4.75,1.89865,-2.99573,0.00236407,0.00236407,0.00236407,0.0812914,True,empty floor,sound_similarity,0,0.0666667,0.226583,0,0.0666667,0.00806837,0,0.0666667,0.105121,0,0.0666667,0.0784182,0,0.0666667,0.174648,0,0.0666667,0.147413,0,0.0666667,0.126579,0,0.0666667,0.20824,0,0.0666667,0.144299,0.5,0.4,0
1.25,4.75,1.57505,-2.99573,0.00236407,0.00236407,0.00236407,0.0812914,True,empty floor,sound_similarity,0,0.0666667,0.226583,0,0.0666667,0.00806837,0,0.0666667,0.105121,0,0.0666667,0.0784182,0,0.0666667,0.174648,0,0.0666667,0.147413,0,0.0666667,0.126579,0,0.0666667,0.20824,0,0.0666667,0.144299,0.5,0.4,0
1,4.75,1.45129,-2.99573,0.00236407,0.00236407,0.00236407,0.0609685,True,empty floor,sound_similarity,0,0.05,0.226583,0,0.05,0.00806837,0,0.05,0.105121,0,0.05,0.0784182,0,0.05,0.174648,0,0.05,0.147413,0,0.05,0.126579,0,0.05,0.20824,0,0.05,0.144299,1,0.55,0
-1.25,5.25,1.81662,-1.59283,0.00236407,0.00236407,0.00236407,0.0609685,True,empty floor,sound_similarity,0,0.05,0.226583,0,0.05,0.00806837,0,0.05,0.105121,0,0.05,0.0784182,0,0.05,0.174648,0,0.05,0.147413,0,0.05,0.126579,0,0.05,0.20824,0,0.05,0.144299,1,0.55,0
-1,5.25,1.59677,-2.10034,0.00236407,0.00236407,0.00236407,0.121937,False,tv,sound_similarity,0,0.1,0.226583,0,0.1,0.00806837,0,0.1,0.105121,0,0.1,0.0784182,0,0.1,0.174648,0,0.1,0.147413,0,0.1,0.126579,0,0.1,0.20824,0,0.1,0.144299,0,0.1,0
-0.75,5.25,1.38716,-2.62349,0.00236407,0.00236407,0.00236407,0.0812914,True,empty floor,sound_similarity,0,0.0666667,0.226583,0,0.0666667,0.00806837,0,0.0666667,0.105121,0,0.0666667,0.0784182,0,0.0666667,0.174648,0,0.0666667,0.147413,0,0.0666667,0.126579,0,0.0666667,0.20824,0,0.0666667,0.144299,0.5,0.4,0
-1.75,5.5,2.1985,-0.337042,0.00236407,0.00236407,0.00236407,0.0609685,True,empty floor,sound_similarity,0,0.05,0.226583,0,0.05,0.00806837,0,0.05,0.105121,0,0.05,0.0784182,0,0.05,0.174648,0,0.05,0.147413,0,0.05,0.126579,0,0.05,0.20824,0,0.05,0.144299,1,0.55,0
0.75,5.5,0.673664,-2.99573,0.00236407,0.00236407,0.00236407,0.0812914,True,empty floor,sound_similarity,0,0.0666667,0.226583,0,0.0666667,0.00806837,0,0.0666667,0.105121,0,0.0666667,0.0784182,0,0.0666667,0.174648,0,0.0666667,0.147413,0,0.0666667,0.126579,0,0.0666667,0.20824,0,0.0666667,0.144299,0.5,0.4,0
0.5,5.5,0.573831,-2.99573,0.00236407,0.00236407,0.00236407,0.0812914,True,empty floor,sound_similarity,0,0.0666667,0.226583,0,0.0666667,0.00806837,0,0.0666667,0.105121,0,0.0666667,0.0784182,0,0.0666667,0.174648,0,0.0666667,0.147413,0,0.0666667,0.126579,0,0.0666667,0.20824,0,0.0666667,0.144299,0.5,0.4,0
0.25,5.5,0.574231,-2.99573,0.00236407,0.00236407,0.00236407,0.0812914,True,empty floor,sound_similarity,0,0.0666667,0.226583,0,0.0666667,0.00806837,0,0.0666667,0.105121,0,0.0666667,0.0784182,0,0.0666667,0.174648,0,0.0666667,0.147413,0,0.0666667,0.126579,0,0.0666667,0.20824,0,0.0666667,0.144299,0.5,0.4,0
0,5.5,0.674685,-2.99492,0.00236407,0.00236407,0.00236407,0.0812914,True,empty floor,sound_similarity,0,0.0666667,0.226583,0,0.0666667,0.00806837,0,0.0666667,0.105121,0,0.0666667,0.0784182,0,0.0666667,0.174648,0,0.0666667,0.147413,0,0.0666667,0.126579,0,0.0666667,0.20824,0,0.0666667,0.144299,0.5,0.4,0
-0.25,5.5,0.840035,-2.90887,0.00236407,0.00236407,0.00236407,0.0812914,True,empty floor,sound_similarity,0,0.0666667,0.226583,0,0.0666667,0.00806837,0,0.0666667,0.105121,0,0.0666667,0.0784182,0,0.0666667,0.174648,0,0.0666667,0.147413,0,0.0666667,0.126579,0,0.0666667,0.20824,0,0.0666667,0.144299,0.5,0.4,0
-0.5,5.5,1.03977,-2.33905,0.00236407,0.00236407,0.00236407,0.0812914,True,empty floor,sound_similarity,0,0.0666667,0.226583,0,0.0666667,0.00806837,0,0.0666667,0.105121,0,0.0666667,0.0784182,0,0.0666667,0.174648,0,0.0666667,0.147413,0,0.0666667,0.126579,0,0.0666667,0.20824,0,0.0666667,0.144299,0.5,0.4,0
-0.75,5.5,1.25761,-1.58844,0.00236407,0.00236407,0.00236407,0.0609685,True,empty floor,sound_similarity,0,0.05,0.226583,0,0.05,0.00806837,0,0.05,0.105121,0,0.05,0.0784182,0,0.05,0.174648,0,0.05,0.147413,0,0.05,0.126579,0,0.05,0.20824,0,0.05,0.144299,1,0.55,0
-1,5.5,1.48561,-1.0502,0.00236407,0.00236407,0.00236407,0.0609685,True,empty floor,sound_similarity,0,0.05,0.226583,0,0.05,0.00806837,0,0.05,0.105121,0,0.05,0.0784182,0,0.05,0.174648,0,0.05,0.147413,0,0.05,0.126579,0,0.05,0.20824,0,0.05,0.144299,1,0.55,0
-1.25,5.5,1.71974,-0.705347,0.00236407,0.00236407,0.00236407,0.0609685,True,empty floor,sound_similarity,0,0.05,0.226583,0,0.05,0.00806837,0,0.05,0.105121,0,0.05,0.0784182,0,0.05,0.174648,0,0.05,0.147413,0,0.05,0.126579,0,0.05,0.20824,0,0.05,0.144299,1,0.55,0
-1.5,5.5,1.95779,-0.483452,0.00236407,0.00236407,0.00236407,0.0609685,True,empty floor,sound_similarity,0,0.05,0.226583,0,0.05,0.00806837,0,0.05,0.105121,0,0.05,0.0784182,0,0.05,0.174648,0,0.05,0.147413,0,0.05,0.126579,0,0.05,0.20824,0,0.05,0.144299,1,0.55,0
-2.25,5.5,2.68502,-0.16921,0.00236407,0.00236407,0.00236407,0.0609685,True,empty floor,sound_similarity,0,0.05,0.226583,0,0.05,0.00806837,0,0.05,0.105121,0,0.05,0.0784182,0,0.05,0.174648,0,0.05,0.147413,0,0.05,0.126579,0,0.05,0.20824,0,0.05,0.144299,1,0.55,0
-0.5,5.25,1.19321,-2.92873,0.00236407,0.00236407,0.00236407,0.0812914,True,empty floor,sound_similarity,0,0.0666667,0.226583,0,0.0666667,0.00806837,0,0.0666667,0.105121,0,0.0666667,0.0784182,0,0.0666667,0.174648,0,0.0666667,0.147413,0,0.0666667,0.126579,0,0.0666667,0.20824,0,0.0666667,0.144299,0.5,0.4,0
2,5.25,1.81498,-2.99573,0.00236407,0.00236407,0.00236407,0.0812914,True,empty floor,sound_similarity,0,0.0666667,0.226583,0,0.0666667,0.00806837,0,0.0666667,0.105121,0,0.0666667,0.0784182,0,0.0666667,0.174648,0,0.0666667,0.147413,0,0.0666667,0.126579,0,0.0666667,0.20824,0,0.0666667,0.144299,0.5,0.4,0
1.75,5.25,1.59519,-2.99573,0.00236407,0.00236407,0.00236407,0.0812914,True,empty floor,sound_similarity,0,0.0666667,0.226583,0,0.0666667,0.00806837,0,0.0666667,0.105121,0,0.0666667,0.0784182,0,0.0666667,0.174648,0,0.0666667,0.147413,0,0.0666667,0.126579,0,0.0666667,0.20824,0,0.0666667,0.144299,0.5,0.4,0
1.5,5.25,1.38567,-2.99573,0.00236407,0.00236407,0.00236407,0.0812914,True,empty floor,sound_similarity,0,0.0666667,0.226583,0,0.0666667,0.00806837,0,0.0666667,0.105121,0,0.0666667,0.0784182,0,0.0666667,0.174648,0,0.0666667,0.147413,0,0.0666667,0.126579,0,0.0666667,0.20824,0,0.0666667,0.144299,0.5,0.4,0
1.25,5.25,1.19186,-2.99573,0.00236407,0.00236407,0.00236407,0.0812914,True,empty floor,sound_similarity,0,0.0666667,0.226583,0,0.0666667,0.00806837,0,0.0666667,0.105121,0,0.0666667,0.0784182,0,0.0666667,0.174648,0,0.0666667,0.147413,0,0.0666667,0.126579,0,0.0666667,0.20824,0,0.0666667,0.144299,0.5,0.4,0
1,5.25,1.02274,-2.99573,0.00236407,0.00236407,0.00236407,0.0812914,True,empty floor,sound_similarity,0,0.0666667,0.226583,0,0.0666667,0.00806837,0,0.0666667,0.105121,0,0.0666667,0.0784182,0,0.0666667,0.174648,0,0.0666667,0.147413,0,0.0666667,0.126579,0,0.0666667,0.20824,0,0.0666667,0.144299,0.5,0.4,0
0.75,5.25,0.892441,-2.99573,0.00236407,0.00236407,0.00236407,0.0812914,True,empty floor,sound_similarity,0,0.0666667,0.226583,0,0.0666667,0.00806837,0,0.0666667,0.105121,0,0.0666667,0.0784182,0,0.0666667,0.174648,0,0.0666667,0.147413,0,0.0666667,0.126579,0,0.0666667,0.20824,0,0.0666667,0.144299,0.5,0.4,0
0.5,5.25,0.819701,-2.99573,0.00236407,0.00236407,0.00236407,0.0812914,True,empty floor,sound_similarity,0,0.0666667,0.226583,0,0.0666667,0.00806837,0,0.0666667,0.105121,0,0.0666667,0.0784182,0,0.0666667,0.174648,0,0.0666667,0.147413,0,0.0666667,0.126579,0,0.0666667,0.20824,0,0.0666667,0.144299,0.5,0.4,0
0.25,5.25,0.819981,-2.99573,0.00236407,0.00236407,0.00236407,0.0812914,True,empty floor,sound_similarity,0,0.0666667,0.226583,0,0.0666667,0.00806837,0,0.0666667,0.105121,0,0.0666667,0.0784182,0,0.0666667,0.174648,0,0.0666667,0.147413,0,0.0666667,0.126579,0,0.0666667,0.20824,0,0.0666667,0.144299,0.5,0.4,0
0,5.25,0.893212,-2.99571,0.00236407,0.00236407,0.00236407,0.0812914,True,empty floor,sound_similarity,0,0.0666667,0.226583,0,0.0666667,0.00806837,0,0.0666667,0.105121,0,0.0666667,0.0784182,0,0.0666667,0.174648,0,0.0666667,0.147413,0,0.0666667,0.126579,0,0.0666667,0.20824,0,0.0666667,0.144299,0.5,0.4,0
-0.25,5.25,1.02386,-2.9925,0.00236407,0.00236407,0.00236407,0.0812914,True,empty floor,sound_similarity,0,0.0666667,0.226583,0,0.0666667,0.00806837,0,0.0666667,0.105121,0,0.0666667,0.0784182,0,0.0666667,0.174648,0,0.0666667,0.147413,0,0.0666667,0.126579,0,0.0666667,0.20824,0,0.0666667,0.144299,0.5,0.4,0
0.75,6.25,0.419453,-2.99573,0.00236407,0.00236407,0.00236407,0.0812914,True,empty floor,sound_similarity,0,0.0666667,0.226583,0,0.0666667,0.00806837,0,0.0666667,0.105121,0,0.0666667,0.0784182,0,0.0666667,0.174648,0,0.0666667,0.147413,0,0.0666667,0.126579,0,0.0666667,0.20824,0,0.0666667,0.144299,0.5,0.4,0
1.25,6.25,0.89444,-2.99573,0.00236407,0.00236407,0.00236407,0.0812914,True,empty floor,sound_similarity,0,0.0666667,0.226583,0,0.0666667,0.00806837,0,0.0666667,0.105121,0,0.0666667,0.0784182,0,0.0666667,0.174648,0,0.0666667,0.147413,0,0.0666667,0.126579,0,0.0666667,0.20824,0,0.0666667,0.144299,0.5,0.4,0
0.5,4.75,1.31612,-2.99573,0.00236407,0.00236407,0.00236407,0.0812914,True,empty floor,sound_similarity,0,0.0666667,0.226583,0,0.0666667,0.00806837,0,0.0666667,0.105121,0,0.0666667,0.0784182,0,0.0666667,0.174648,0,0.0666667,0.147413,0,0.0666667,0.126579,0,0.0666667,0.20824,0,0.0666667,0.144299,0.5,0.4,0
1.5,7,1.46516,-2.99573,0.00236407,0.00236407,0.00236407,0.0812914,True,empty floor,sound_similarity,0,0.0666667,0.226583,0,0.0666667,0.00806837,0,0.0666667,0.105121,0,0.0666667,0.0784182,0,0.0666667,0.174648,0,0.0666667,0.147413,0,0.0666667,0.126579,0,0.0666667,0.20824,0,0.0666667,0.144299,0.5,0.4,0
-1.5,7.5,2.36473,-2.98406,0.00236407,0.00236407,0.00236407,0.0609685,True,empty floor,sound_similarity,0,0.05,0.226583,0,0.05,0.00806837,0,0.05,0.105121,0,0.05,0.0784182,0,0.05,0.174648,0,0.05,0.147413,0,0.05,0.126579,0,0.05,0.20824,0,0.05,0.144299,1,0.55,0
-1.75,7.5,2.56757,-2.96187,0.00236407,0.00236407,0.00236407,0.0609685,True,empty floor,sound_similarity,0,0.05,0.226583,0,0.05,0.00806837,0,0.05,0.105121,0,0.05,0.0784182,0,0.05,0.174648,0,0.05,0.147413,0,0.05,0.126579,0,0.05,0.20824,0,0.05,0.144299,1,0.55,0
-2,7.5,2.7781,-2.91766,0.00236407,0.00236407,0.00236407,0.0609685,True,empty floor,sound_similarity,0,0.05,0.226583,0,0.05,0.00806837,0,0.05,0.105121,0,0.05,0.0784182,0,0.05,0.174648,0,0.05,0.147413,0,0.05,0.126579,0,0.05,0.20824,0,0.05,0.144299,1,0.55,0
-2.25,7.5,2.99471,-2.84561,0.00236407,0.00236407,0.00236407,0.0609685,True,empty floor,sound_similarity,0,0.05,0.226583,0,0.05,0.00806837,0,0.05,0.105121,0,0.05,0.0784182,0,0.05,0.174648,0,0.05,0.147413,0,0.05,0.126579,0,0.05,0.20824,0,0.05,0.144299,1,0.55,0
2,7.25,2.01324,-2.99573,0.00236407,0.00236407,0.00236407,0.0812914,True,empty floor,sound_similarity,0,0.0666667,0.226583,0,0.0666667,0.00806837,0,0.0666667,0.105121,0,0.0666667,0.0784182,0,0.0666667,0.174648,0,0.0666667,0.147413,0,0.0666667,0.126579,0,0.0666667,0.20824,0,0.0666667,0.144299,0.5,0.4,0
1.75,7.25,1.81758,-2.99573,0.00236407,0.00236407,0.00236407,0.0812914,True,empty floor,sound_similarity,0,0.0666667,0.226583,0,0.0666667,0.00806837,0,0.0666667,0.105121,0,0.0666667,0.0784182,0,0.0666667,0.174648,0,0.0666667,0.147413,0,0.0666667,0.126579,0,0.0666667,0.20824,0,0.0666667,0.144299,0.5,0.4,0
1.5,7.25,1.63678,-2.99573,0.00236407,0.00236407,0.00236407,0.0812914,True,empty floor,sound_similarity,0,0.0666667,0.226583,0,0.0666667,0.00806837,0,0.0666667,0.105121,0,0.0666667,0.0784182,0,0.0666667,0.174648,0,0.0666667,0.147413,0,0.0666667,0.126579,0,0.0666667,0.20824,0,0.0666667,0.144299,0.5,0.4,0
1.25,7.25,1.47632,-2.99573,0.00236407,0.00236407,0.00236407,0.0812914,True,empty floor,sound_similarity,0,0.0666667,0.226583,0,0.0666667,0.00806837,0,0.0666667,0.105121,0,0.0666667,0.0784182,0,0.0666667,0.174648,0,0.0666667,0.147413,0,0.0666667,0.126579,0,0.0666667,0.20824,0,0.0666667,0.144299,0.5,0.4,0
1,7.25,1.34349,-2.99573,0.00236407,0.00236407,0.00236407,0.0812914,True,empty floor,sound_similarity,0,0.0666667,0.226583,0,0.0666667,0.00806837,0,0.0666667,0.105121,0,0.0666667,0.0784182,0,0.0666667,0.174648,0,0.0666667,0.147413,0,0.0666667,0.126579,0,0.0666667,0.20824,0,0.0666667,0.144299,0.5,0.4,0
0.75,7.25,1.24717,-2.99573,0.00236407,0.00236407,0.00236407,0.0812914,True,empty floor,sound_similarity,0,0.0666667,0.226583,0,0.0666667,0.00806837,0,0.0666667,0.105121,0,0.0666667,0.0784182,0,0.0666667,0.174648,0,0.0666667,0.147413,0,0.0666667,0.126579,0,0.0666667,0.20824,0,0.0666667,0.144299,0.5,0.4,0
0.5,7.25,1.1962,-2.99573,0.00236407,0.00236407,0.00236407,0.0812914,True,empty floor,sound_similarity,0,0.0666667,0.226583,0,0.0666667,0.00806837,0,0.0666667,0.105121,0,0.0666667,0.0784182,0,0.0666667,0.174648,0,0.0666667,0.147413,0,0.0666667,0.126579,0,0.0666667,0.20824,0,0.0666667,0.144299,0.5,0.4,0
0.25,7.25,1.19639,-2.99573,0.00236407,0.00236407,0.00236407,0.0812914,True,empty floor,sound_similarity,0,0.0666667,0.226583,0,0.0666667,0.00806837,0,0.0666667,0.105121,0,0.0666667,0.0784182,0,0.0666667,0.174648,0,0.0666667,0.147413,0,0.0666667,0.126579,0,0.0666667,0.20824,0,0.0666667,0.144299,0.5,0.4,0
0,7.25,1.24772,-2.99573,0.00236407,0.00236407,0.00236407,0.0812914,True,empty floor,sound_similarity,0,0.0666667,0.226583,0,0.0666667,0.00806837,0,0.0666667,0.105121,0,0.0666667,0.0784182,0,0.0666667,0.174648,0,0.0666667,0.147413,0,0.0666667,0.126579,0,0.0666667,0.20824,0,0.0666667,0.144299,0.5,0.4,0
-0.25,7.25,1.34435,-2.99573,0.00236407,0.00236407,0.00236407,0.0812914,True,empty floor,sound_similarity,0,0.0666667,0.226583,0,0.0666667,0.00806837,0,0.0666667,0.105121,0,0.0666667,0.0784182,0,0.0666667,0.174648,0,0.0666667,0.147413,0,0.0666667,0.126579,0,0.0666667,0.20824,0,0.0666667,0.144299,0.5,0.4,0
-0.5,7.25,1.4774,-2.9957,0.00236407,0.00236407,0.00236407,0.0609685,True,empty floor,sound_similarity,0,0.05,0.226583,0,0.05,0.00806837,0,0.05,0.105121,0,0.05,0.0784182,0,0.05,0.174648,0,0.05,0.147413,0,0.05,0.126579,0,0.05,0.20824,0,0.05,0.144299,1,0.55,0
-0.75,7.25,1.63804,-2.99526,0.00236407,0.00236407,0.00236407,0.0609685,True,empty floor,sound_similarity,0,0.05,0.226583,0,0.05,0.00806837,0,0.05,0.105121,0,0.05,0.0784182,0,0.05,0.174648,0,0.05,0.147413,0,0.05,0.126579,0,0.05,0.20824,0,0.05,0.144299,1,0.55,0
-1,7.25,1.81897,-2.99194,0.00236407,0.00236407,0.00236407,0.0609685,True,empty floor,sound_similarity,0,0.05,0.226583,0,0.05,0.00806837,0,0.05,0.105121,0,0.05,0.0784182,0,0.05,0.174648,0,0.05,0.147413,0,0.05,0.126579,0,0.05,0.20824,0,0.05,0.144299,1,0.55,0
-1.25,7.25,2.01472,-2.97795,0.00236407,0.00236407,0.00236407,0.0609685,True,empty floor,sound_similarity,0,0.05,0.226583,0,0.05,0.00806837,0,0.05,0.105121,0,0.05,0.0784182,0,0.05,0.174648,0,0.05,0.147413,0,0.05,0.126579,0,0.05,0.20824,0,0.05,0.144299,1,0.55,0
-1.5,7.25,2.22139,-2.93954,0.00236407,0.00236407,0.00236407,0.0609685,True,empty floor,sound_similarity,0,0.05,0.226583,0,0.05,0.00806837,0,0.05,0.105121,0,0.05,0.0784182,0,0.05,0.174648,0,0.05,0.147413,0,0.05,0.126579,0,0.05,0.20824,0,0.05,0.144299,1,0.55,0
-1.75,7.25,2.43619,-2.8634,0.00236407,0.00236407,0.00236407,0.0609685,True,empty floor,sound_similarity,0,0.05,0.226583,0,0.05,0.00806837,0,0.05,0.105121,0,0.05,0.0784182,0,0.05,0.174648,0,0.05,0.147413,0,0.05,0.126579,0,0.05,0.20824,0,0.05,0.144299,1,0.55,0
-2,7.25,2.65716,-2.74593,0.00236407,0.00236407,0.00236407,0.0609685,True,empty floor,sound_similarity,0,0.05,0.226583,0,0.05,0.00806837,0,0.05,0.105121,0,0.05,0.0784182,0,0.05,0.174648,0,0.05,0.147413,0,0.05,0.126579,0,0.05,0.20824,0,0.05,0.144299,1,0.55,0
-2.25,7.25,2.88287,-2.59579,0.00236407,0.00236407,0.00236407,0.0609685,True,empty floor,sound_similarity,0,0.05,0.226583,0,0.05,0.00806837,0,0.05,0.105121,0,0.05,0.0784182,0,0.05,0.174648,0,0.05,0.147413,0,0.05,0.126579,0,0.05,0.20824,0,0.05,0.144299,1,0.55,0
2,7,1.87637,-2.99573,0.00236407,0.00236407,0.00236407,0.0812914,True,empty floor,sound_similarity,0,0.0666667,0.226583,0,0.0666667,0.00806837,0,0.0666667,0.105121,0,0.0666667,0.0784182,0,0.0666667,0.174648,0,0.0666667,0.147413,0,0.0666667,0.126579,0,0.0666667,0.20824,0,0.0666667,0.144299,0.5,0.4,0
-1.25,7.5,2.17174,-2.99274,0.00236407,0.00236407,0.00236407,0.0812914,True,empty floor,sound_similarity,0,0.0666667,0.226583,0,0.0666667,0.00806837,0,0.0666667,0.105121,0,0.0666667,0.0784182,0,0.0666667,0.174648,0,0.0666667,0.147413,0,0.0666667,0.126579,0,0.0666667,0.20824,0,0.0666667,0.144299,0.5,0.4,0
-0.75,7.5,1.82772,-2.99568,0.00236407,0.00236407,0.00236407,0.0812914,True,empty floor,sound_similarity,0,0.0666667,0.226583,0,0.0666667,0.00806837,0,0.0666667,0.105121,0,0.0666667,0.0784182,0,0.0666667,0.174648,0,0.0666667,0.147413,0,0.0666667,0.126579,0,0.0666667,0.20824,0,0.0666667,0.144299,0.5,0.4,0
0.25,7.5,1.44524,-2.99573,0.00236407,0.00236407,0.00236407,0.0812914,True,empty floor,sound_similarity,0,0.0666667,0.226583,0,0.0666667,0.00806837,0,0.0666667,0.105121,0,0.0666667,0.0784182,0,0.0666667,0.174648,0,0.0666667,0.147413,0,0.0666667,0.126579,0,0.0666667,0.20824,0,0.0666667,0.144299,0.5,0.4,0
-0.75,7.75,2.0305,-2.99572,0.00236407,0.00236407,0.00236407,0.0812914,True,empty floor,sound_similarity,0,0.0666667,0.226583,0,0.0666667,0.00806837,0,0.0666667,0.105121,0,0.0666667,0.0784182,0,0.0666667,0.174648,0,0.0666667,0.147413,0,0.0666667,0.126579,0,0.0666667,0.20824,0,0.0666667,0.144299,0.5,0.4,0
1.75,7.75,2.17792,-2.99573,0.00236407,0.00236407,0.00236407,0.0812914,True,empty floor,sound_similarity,0,0.0666667,0.226583,0,0.0666667,0.00806837,0,0.0666667,0.105121,0,0.0666667,0.0784182,0,0.0666667,0.174648,0,0.0666667,0.147413,0,0.0666667,0.126579,0,0.0666667,0.20824,0,0.0666667,0.144299,0.5,0.4,0
1.5,7.75,2.02948,-2.99573,0.00236407,0.00236407,0.00236407,0.0812914,True,empty floor,sound_similarity,0,0.0666667,0.226583,0,0.0666667,0.00806837,0,0.0666667,0.105121,0,0.0666667,0.0784182,0,0.0666667,0.174648,0,0.0666667,0.147413,0,0.0666667,0.126579,0,0.0666667,0.20824,0,0.0666667,0.144299,0.5,0.4,0
1.25,7.75,1.90243,-2.99573,0.00236407,0.00236407,0.00236407,0.0812914,True,empty floor,sound_similarity,0,0.0666667,0.226583,0,0.0666667,0.00806837,0,0.0666667,0.105121,0,0.0666667,0.0784182,0,0.0666667,0.174648,0,0.0666667,0.147413,0,0.0666667,0.126579,0,0.0666667,0.20824,0,0.0666667,0.144299,0.5,0.4,0
1,7.75,1.80131,-2.99573,0.00236407,0.00236407,0.00236407,0.0812914,True,empty floor,sound_similarity,0,0.0666667,0.226583,0,0.0666667,0.00806837,0,0.0666667,0.105121,0,0.0666667,0.0784182,0,0.0666667,0.174648,0,0.0666667,0.147413,0,0.0666667,0.126579,0,0.0666667,0.20824,0,0.0666667,0.144299,0.5,0.4,0
0.75,7.75,1.73066,-2.99573,0.00236407,0.00236407,0.00236407,0.0812914,True,empty floor,sound_similarity,0,0.0666667,0.226583,0,0.0666667,0.00806837,0,0.0666667,0.105121,0,0.0666667,0.0784182,0,0.0666667,0.174648,0,0.0666667,0.147413,0,0.0666667,0.126579,0,0.0666667,0.20824,0,0.0666667,0.144299,0.5,0.4,0
0.5,7.75,1.69429,-2.99573,0.00236407,0.00236407,0.00236407,0.0812914,True,empty floor,sound_similarity,0,0.0666667,0.226583,0,0.0666667,0.00806837,0,0.0666667,0.105121,0,0.0666667,0.0784182,0,0.0666667,0.174648,0,0.0666667,0.147413,0,0.0666667,0.126579,0,0.0666667,0.20824,0,0.0666667,0.144299,0.5,0.4,0
0.25,7.75,1.69443,-2.99573,0.00236407,0.00236407,0.00236407,0.0812914,True,empty floor,sound_similarity,0,0.0666667,0.226583,0,0.0666667,0.00806837,0,0.0666667,0.105121,0,0.0666667,0.0784182,0,0.0666667,0.174648,0,0.0666667,0.147413,0,0.0666667,0.126579,0,0.0666667,0.20824,0,0.0666667,0.144299,0.5,0.4,0
0,7.75,1.73105,-2.99573,0.00236407,0.00236407,0.00236407,0.0812914,True,empty floor,sound_similarity,0,0.0666667,0.226583,0,0.0666667,0.00806837,0,0.0666667,0.105121,0,0.0666667,0.0784182,0,0.0666667,0.174648,0,0.0666667,0.147413,0,0.0666667,0.126579,0,0.0666667,0.20824,0,0.0666667,0.144299,0.5,0.4,0
-0.25,7.75,1.80195,-2.99573,0.00236407,0.00236407,0.00236407,0.0812914,True,empty floor,sound_similarity,0,0.0666667,0.226583,0,0.0666667,0.00806837,0,0.0666667,0.105121,0,0.0666667,0.0784182,0,0.0666667,0.174648,0,0.0666667,0.147413,0,0.0666667,0.126579,0,0.0666667,0.20824,0,0.0666667,0.144299,0.5,0.4,0
-0.5,7.75,1.90328,-2.99573,0.00236407,0.00236407,0.00236407,0.0812914,True,empty floor,sound_similarity,0,0.0666667,0.226583,0,0.0666667,0.00806837,0,0.0666667,0.105121,0,0.0666667,0.0784182,0,0.0666667,0.174648,0,0.0666667,0.147413,0,0.0666667,0.126579,0,0.0666667,0.20824,0,0.0666667,0.144299,0.5,0.4,0
-1,7.75,2.17908,-2.99564,0.00236407,0.00236407,0.00236407,0.0812914,True,empty floor,sound_similarity,0,0.0666667,0.226583,0,0.0666667,0.00806837,0,0.0666667,0.105121,0,0.0666667,0.0784182,0,0.0666667,0.174648,0,0.0666667,0.147413,0,0.0666667,0.126579,0,0.0666667,0.20824,0,0.0666667,0.144299,0.5,0.4,0
0.5,7.5,1.44508,-2.99573,0.00236407,0.00236407,0.00236407,0.0812914,True,empty floor,sound_similarity,0,0.0666667,0.226583,0,0.0666667,0.00806837,0,0.0666667,0.105121,0,0.0666667,0.0784182,0,0.0666667,0.174648,0,0.0666667,0.147413,0,0.0666667,0.126579,0,0.0666667,0.20824,0,0.0666667,0.144299,0.5,0.4,0
-1.25,7.75,2.34496,-2.99516,0.00236407,0.00236407,0.00236407,0.0812914,True,empty floor,sound_similarity,0,0.0666667,0.226583,0,0.0666667,0.00806837,0,0.0666667,0.105121,0,0.0666667,0.0784182,0,0.0666667,0.174648,0,0.0666667,0.147413,0,0.0666667,0.126579,0,0.0666667,0.20824,0,0.0666667,0.144299,0.5,0.4,0
-1.5,7.75,2.52474,-2.99321,0.00236407,0.00236407,0.00236407,0.0812914,True,empty floor,sound_similarity,0,0.0666667,0.226583,0,0.0666667,0.00806837,0,0.0666667,0.105121,0,0.0666667,0.0784182,0,0.0666667,0.174648,0,0.0666667,0.147413,0,0.0666667,0.126579,0,0.0666667,0.20824,0,0.0666667,0.144299,0.5,0.4,0
-1.75,7.75,2.71565,-2.98726,0.00236407,0.00236407,0.00236407,0.0609685,True,empty floor,sound_similarity,0,0.05,0.226583,0,0.05,0.00806837,0,0.05,0.105121,0,0.05,0.0784182,0,0.05,0.174648,0,0.05,0.147413,0,0.05,0.126579,0,0.05,0.20824,0,0.05,0.144299,1,0.55,0
-2.25,7.75,3.12261,-2.94533,0.00236407,0.00236407,0.00236407,0.0609685,True,empty floor,sound_similarity,0,0.05,0.226583,0,0.05,0.00806837,0,0.05,0.105121,0,0.05,0.0784182,0,0.05,0.174648,0,0.05,0.147413,0,0.05,0.126579,0,0.05,0.20824,0,0.05,0.144299,1,0.55,0
2,7.5,2.17037,-2.99573,0.00236407,0.00236407,0.00236407,0.0812914,True,empty floor,sound_similarity,0,0.0666667,0.226583,0,0.0666667,0.00806837,0,0.0666667,0.105121,0,0.0666667,0.0784182,0,0.0666667,0.174648,0,0.0666667,0.147413,0,0.0666667,0.126579,0,0.0666667,0.20824,0,0.0666667,0.144299,0.5,0.4,0
1.75,7.5,1.99022,-2.99573,0.00236407,0.00236407,0.00236407,0.0812914,True,empty floor,sound_similarity,0,0.0666667,0.226583,0,0.0666667,0.00806837,0,0.0666667,0.105121,0,0.0666667,0.0784182,0,0.0666667,0.174648,0,0.0666667,0.147413,0,0.0666667,0.126579,0,0.0666667,0.20824,0,0.0666667,0.144299,0.5,0.4,0
1.5,7.5,1.82659,-2.99573,0.00236407,0.00236407,0.00236407,0.0812914,True,empty floor,sound_similarity,0,0.0666667,0.226583,0,0.0666667,0.00806837,0,0.0666667,0.105121,0,0.0666667,0.0784182,0,0.0666667,0.174648,0,0.0666667,0.147413,0,0.0666667,0.126579,0,0.0666667,0.20824,0,0.0666667,0.144299,0.5,0.4,0
1.25,7.5,1.68431,-2.99573,0.00236407,0.00236407,0.00236407,0.0812914,True,empty floor,sound_similarity,0,0.0666667,0.226583,0,0.0666667,0.00806837,0,0.0666667,0.105121,0,0.0666667,0.0784182,0,0.0666667,0.174648,0,0.0666667,0.147413,0,0.0666667,0.126579,0,0.0666667,0.20824,0,0.0666667,0.144299,0.5,0.4,0
1,7.5,1.56919,-2.99573,0.00236407,0.00236407,0.00236407,0.0812914,True,empty floor,sound_similarity,0,0.0666667,0.226583,0,0.0666667,0.00806837,0,0.0666667,0.105121,0,0.0666667,0.0784182,0,0.0666667,0.174648,0,0.0666667,0.147413,0,0.0666667,0.126579,0,0.0666667,0.20824,0,0.0666667,0.144299,0.5,0.4,0
0.75,7.5,1.48755,-2.99573,0.00236407,0.00236407,0.00236407,0.0812914,True,empty floor,sound_similarity,0,0.0666667,0.226583,0,0.0666667,0.00806837,0,0.0666667,0.105121,0,0.0666667,0.0784182,0,0.0666667,0.174648,0,0.0666667,0.147413,0,0.0666667,0.126579,0,0.0666667,0.20824,0,0.0666667,0.144299,0.5,0.4,0
1.75,7,1.6647,-2.99573,0.00236407,0.00236407,0.00236407,0.0812914,True,empty floor,sound_similarity,0,0.0666667,0.226583,0,0.0666667,0.00806837,0,0.0666667,0.105121,0,0.0666667,0.0784182,0,0.0666667,0.174648,0,0.0666667,0.147413,0,0.0666667,0.126579,0,0.0666667,0.20824,0,0.0666667,0.144299,0.5,0.4,0
1.25,7,1.28341,-2.99573,0.00236407,0.00236407,0.00236407,0.0812914,True,empty floor,sound_similarity,0,0.0666667,0.226583,0,0.0666667,0.00806837,0,0.0666667,0.105121,0,0.0666667,0.0784182,0,0.0666667,0.174648,0,0.0666667,0.147413,0,0.0666667,0.126579,0,0.0666667,0.20824,0,0.0666667,0.144299,0.5,0.4,0
1.5,6.25,1.13998,-2.99573,0.00236407,0.00236407,0.00236407,0.0812914,True,empty floor,sound_similarity,0,0.0666667,0.226583,0,0.0666667,0.00806837,0,0.0666667,0.105121,0,0.0666667,0.0784182,0,0.0666667,0.174648,0,0.0666667,0.147413,0,0.0666667,0.126579,0,0.0666667,0.20824,0,0.0666667,0.144299,0.5,0.4,0
1,7,1.1281,-2.99573,0.00236407,0.00236407,0.00236407,0.0812914,True,empty floor,sound_similarity,0,0.0666667,0.226583,0,0.0666667,0.00806837,0,0.0666667,0.105121,0,0.0666667,0.0784182,0,0.0666667,0.174648,0,0.0666667,0.147413,0,0.0666667,0.126579,0,0.0666667,0.20824,0,0.0666667,0.144299,0.5,0.4,0
-1.5,6.75,1.9987,-2.18295,0.00236407,0.00236407,0.00236407,0.0609685,True,empty floor,sound_similarity,0,0.05,0.226583,0,0.05,0.00806837,0,0.05,0.105121,0,0.05,0.0784182,0,0.05,0.174648,0,0.05,0.147413,0,0.05,0.126579,0,0.05,0.20824,0,0.05,0.144299,1,0.55,0
-1.75,6.75,2.23501,-1.91374,0.00236407,0.00236407,0.00236407,0.0609685,True,empty floor,sound_similarity,0,0.05,0.226583,0,0.05,0.00806837,0,0.05,0.105121,0,0.05,0.0784182,0,0.05,0.174648,0,0.05,0.147413,0,0.05,0.126579,0,0.05,0.20824,0,0.05,0.144299,1,0.55,0
-2.25,6.75,2.71499,-1.49386,0.00236407,0.00236407,0.00236407,0.0609685,True,empty floor,sound_similarity,0,0.05,0.226583,0,0.05,0.00806837,0,0.05,0.105121,0,0.05,0.0784182,0,0.05,0.174648,0,0.05,0.147413,0,0.05,0.126579,0,0.05,0.20824,0,0.05,0.144299,1,0.55,0
2,6.5,1.68256,-2.99573,0.00236407,0.00236407,0.00236407,0.0812914,True,empty floor,sound_similarity,0,0.0666667,0.226583,0,0.0666667,0.00806837,0,0.0666667,0.105121,0,0.0666667,0.0784182,0,0.0666667,0.174648,0,0.0666667,0.147413,0,0.0666667,0.126579,0,0.0666667,0.20824,0,0.0666667,0.144299,0.5,0.4,0
1.75,6.5,1.44273,-2.99573,0.00236407,0.00236407,0.00236407,0.0812914,True,empty floor,sound_similarity,0,0.0666667,0.226583,0,0.0666667,0.00806837,0,0.0666667,0.105121,0,0.0666667,0.0784182,0,0.0666667,0.174648,0,0.0666667,0.147413,0,0.0666667,0.126579,0,0.0666667,0.20824,0,0.0666667,0.144299,0.5,0.4,0
1.5,6.5,1.20704,-2.99573,0.00236407,0.00236407,0.00236407,0.0812914,True,empty floor,sound_similarity,0,0.0666667,0.226583,0,0.0666667,0.00806837,0,0.0666667,0.105121,0,0.0666667,0.0784182,0,0.0666667,0.174648,0,0.0666667,0.147413,0,0.0666667,0.126579,0,0.0666667,0.20824,0,0.0666667,0.144299,0.5,0.4,0
1.25,6.5,0.978466,-2.99573,0.00236407,0.00236407,0.00236407,0.0812914,True,empty floor,sound_similarity,0,0.0666667,0.226583,0,0.0666667,0.00806837,0,0.0666667,0.105121,0,0.0666667,0.0784182,0,0.0666667,0.174648,0,0.0666667,0.147413,0,0.0666667,0.126579,0,0.0666667,0.20824,0,0.0666667,0.144299,0.5,0.4,0
1,6.5,0.763449,-2.99573,0.00236407,0.00236407,0.00236407,0.113529,True,couch,sound_similarity,0,0.05,0.226583,0,0.05,0.00806837,1,0.55,0.105121,0,0.05,0.0784182,0,0.05,0.174648,0,0.05,0.147413,0,0.05,0.126579,0,0.05,0.20824,0,0.05,0.144299,0,0.05,0
0.75,6.5,0.577332,-2.99573,0.00236407,0.00236407,0.00236407,0.0812914,True,empty floor,sound_similarity,0,0.0666667,0.226583,0,0.0666667,0.00806837,0,0.0666667,0.105121,0,0.0666667,0.0784182,0,0.0666667,0.174648,0,0.0666667,0.147413,0,0.0666667,0.126579,0,0.0666667,0.20824,0,0.0666667,0.144299,0.5,0.4,0
0.5,6.5,0.456915,-2.99573,0.00236407,0.00236407,0.00236407,0.0812914,True,empty floor,sound_similarity,0,0.0666667,0.226583,0,0.0666667,0.00806837,0,0.0666667,0.105121,0,0.0666667,0.0784182,0,0.0666667,0.174648,0,0.0666667,0.147413,0,0.0666667,0.126579,0,0.0666667,0.20824,0,0.0666667,0.144299,0.5,0.4,0
0.25,6.5,0.457417,-2.99573,0.00236407,0.00236407,0.00236407,0.0609685,True,empty floor,sound_similarity,0,0.05,0.226583,0,0.05,0.00806837,0,0.05,0.105121,0,0.05,0.0784182,0,0.05,0.174648,0,0.05,0.147413,0,0.05,0.126579,0,0.05,0.20824,0,0.05,0.144299,1,0.55,0
0,6.5,0.578524,-2.99558,0.00236407,0.00236407,0.00236407,0.0609685,True,empty floor,sound_similarity,0,0.05,0.226583,0,0.05,0.00806837,0,0.05,0.105121,0,0.05,0.0784182,0,0.05,0.174648,0,0.05,0.147413,0,0.05,0.126579,0,0.05,0.20824,0,0.05,0.144299,1,0.55,0
-0.25,6.5,0.76495,-2.97063,0.00236407,0.00236407,0.00236407,0.0609685,True,empty floor,sound_similarity,0,0.05,0.226583,0,0.05,0.00806837,0,0.05,0.105121,0,0.05,0.0784182,0,0.05,0.174648,0,0.05,0.147413,0,0.05,0.126579,0,0.05,0.20824,0,0.05,0.144299,1,0.55,0
-0.5,6.5,0.980106,-2.74924,0.00236407,0.00236407,0.00236407,0.0609685,True,empty floor,sound_similarity,0,0.05,0.226583,0,0.05,0.00806837,0,0.05,0.105121,0,0.05,0.0784182,0,0.05,0.174648,0,0.05,0.147413,0,0.05,0.126579,0,0.05,0.20824,0,0.05,0.144299,1,0.55,0
-0.75,6.5,1.20875,-2.31101,0.00236407,0.00236407,0.00236407,0.0609685,True,empty floor,sound_similarity,0,0.05,0.226583,0,0.05,0.00806837,0,0.05,0.105121,0,0.05,0.0784182,0,0.05,0.174648,0,0.05,0.147413,0,0.05,0.126579,0,0.05,0.20824,0,0.05,0.144299,1,0.55,0
-1,6.5,1.44448,-1.88186,0.00236407,0.00236407,0.00236407,0.0609685,True,empty floor,sound_similarity,0,0.05,0.226583,0,0.05,0.00806837,0,0.05,0.105121,0,0.05,0.0784182,0,0.05,0.174648,0,0.05,0.147413,0,0.05,0.126579,0,0.05,0.20824,0,0.05,0.144299,1,0.55,0
-1.25,6.5,1.68434,-1.5477,0.00236407,0.00236407,0.00236407,0.0609685,True,empty floor,sound_similarity,0,0.05,0.226583,0,0.05,0.00806837,0,0.05,0.105121,0,0.05,0.0784182,0,0.05,0.174648,0,0.05,0.147413,0,0.05,0.126579,0,0.05,0.20824,0,0.05,0.144299,1,0.55,0
-1.5,6.5,1.92677,-1.29954,0.00236407,0.00236407,0.00236407,0.0609685,True,empty floor,sound_similarity,0,0.05,0.226583,0,0.05,0.00806837,0,0.05,0.105121,0,0.05,0.0784182,0,0.05,0.174648,0,0.05,0.147413,0,0.05,0.126579,0,0.05,0.20824,0,0.05,0.144299,1,0.55,0
-1.75,6.5,2.17092,-1.11418,0.00236407,0.00236407,0.00236407,0.0609685,True,empty floor,sound_similarity,0,0.05,0.226583,0,0.05,0.00806837,0,0.05,0.105121,0,0.05,0.0784182,0,0.05,0.174648,0,0.05,0.147413,0,0.05,0.126579,0,0.05,0.20824,0,0.05,0.144299,1,0.55,0
-2,6.5,2.41627,-0.973036,0.00236407,0.00236407,0.00236407,0.0609685,True,empty floor,sound_similarity,0,0.05,0.226583,0,0.05,0.00806837,0,0.05,0.105121,0,0.05,0.0784182,0,0.05,0.174648,0,0.05,0.147413,0,0.05,0.126579,0,0.05,0.20824,0,0.05,0.144299,1,0.55,0
-2.25,6.5,2.66248,-0.863208,0.00236407,0.00236407,0.00236407,0.0609685,True,empty floor,sound_similarity,0,0.05,0.226583,0,0.05,0.00806837,0,0.05,0.105121,0,0.05,0.0784182,0,0.05,0.174648,0,0.05,0.147413,0,0.05,0.126579,0,0.05,0.20824,0,0.05,0.144299,1,0.55,0
2,6.25,1.63513,-2.99573,0.00236407,0.00236407,0.00236407,0.0812914,True,empty floor,sound_similarity,0,0.0666667,0.226583,0,0.0666667,0.00806837,0,0.0666667,0.105121,0,0.0666667,0.0784182,0,0.0666667,0.174648,0,0.0666667,0.147413,0,0.0666667,0.126579,0,0.0666667,0.20824,0,0.0666667,0.144299,0.5,0.4,0
1.75,6.25,1.38712,-2.99573,0.00236407,0.00236407,0.00236407,0.0812914,True,empty floor,sound_similarity,0,0.0666667,0.226583,0,0.0666667,0.00806837,0,0.0666667,0.105121,0,0.0666667,0.0784182,0,0.0666667,0.174648,0,0.0666667,0.147413,0,0.0666667,0.126579,0,0.0666667,0.20824,0,0.0666667,0.144299,0.5,0.4,0
-1.25,6.75,1.76617,-2.47681,0.00236407,0.00236407,0.00236407,0.0609685,True,empty floor,sound_similarity,0,0.05,0.226583,0,0.05,0.00806837,0,0.05,0.105121,0,0.05,0.0784182,0,0.05,0.174648,0,0.05,0.147413,0,0.05,0.126579,0,0.05,0.20824,0,0.05,0.144299,1,0.55,0
-1,6.75,1.53912,-2.74734,0.00236407,0.00236407,0.00236407,0.0609685,True,empty floor,sound_similarity,0,0.05,0.226583,0,0.05,0.00806837,0,0.05,0.105121,0,0.05,0.0784182,0,0.05,0.174648,0,0.05,0.147413,0,0.05,0.126579,0,0.05,0.20824,0,0.05,0.144299,1,0.55,0
-0.75,6.75,1.32039,-2.92344,0.00236407,0.00236407,0.00236407,0.0609685,True,empty floor,sound_similarity,0,0.05,0.226583,0,0.05,0.00806837,0,0.05,0.105121,0,0.05,0.0784182,0,0.05,0.174648,0,0.05,0.147413,0,0.05,0.126579,0,0.05,0.20824,0,0.05,0.144299,1,0.55,0
-1.75,7,2.32436,-2.55286,0.00236407,0.00236407,0.00236407,0.0609685,True,empty floor,sound_similarity,0,0.05,0.226583,0,0.05,0.00806837,0,0.05,0.105121,0,0.05,0.0784182,0,0.05,0.174648,0,0.05,0.147413,0,0.05,0.126579,0,0.05,0.20824,0,0.05,0.144299,1,0.55,0
0.75,7,1.01146,-2.99573,0.00236407,0.00236407,0.00236407,0.0812914,True,empty floor,sound_similarity,0,0.0666667,0.226583,0,0.0666667,0.00806837,0,0.0666667,0.105121,0,0.0666667,0.0784182,0,0.0666667,0.174648,0,0.0666667,0.147413,0,0.0666667,0.126579,0,0.0666667,0.20824,0,0.0666667,0.144299,0.5,0.4,0
0.5,7,0.947901,-2.99573,0.00236407,0.00236407,0.00236407,0.0812914,True,empty floor,sound_similarity,0,0.0666667,0.226583,0,0.0666667,0.00806837,0,0.0666667,0.105121,0,0.0666667,0.0784182,0,0.0666667,0.174648,0,0.0666667,0.147413,0,0.0666667,0.126579,0,0.0666667,0.20824,0,0.0666667,0.144299,0.5,0.4,0
0.25,7,0.948143,-2.99573,0.00236407,0.00236407,0.00236407,0.0812914,True,empty floor,sound_similarity,0,0.0666667,0.226583,0,0.0666667,0.00806837,0,0.0666667,0.105121,0,0.0666667,0.0784182,0,0.0666667,0.174648,0,0.0666667,0.147413,0,0.0666667,0.126579,0,0.0666667,0.20824,0,0.0666667,0.144299,0.5,0.4,0
0,7,1.01214,-2.99573,0.00236407,0.00236407,0.00236407,0.0812914,True,empty floor,sound_similarity,0,0.0666667,0.226583,0,0.0666667,0.00806837,0,0.0666667,0.105121,0,0.0666667,0.0784182,0,0.0666667,0.174648,0,0.0666667,0.147413,0,0.0666667,0.126579,0,0.0666667,0.20824,0,0.0666667,0.144299,0.5,0.4,0
-0.25,7,1.12911,-2.99572,0.00236407,0.00236407,0.00236407,0.0609685,True,empty floor,sound_similarity,0,0.05,0.226583,0,0.05,0.00806837,0,0.05,0.105121,0,0.05,0.0784182,0,0.05,0.174648,0,0.05,0.147413,0,0.05,0.126579,0,0.05,0.20824,0,0.05,0.144299,1,0.55,0
-0.5,7,1.28466,-2.99533,0.00236407,0.00236407,0.00236407,0.0609685,True,empty floor,sound_similarity,0,0.05,0.226583,0,0.05,0.00806837,0,0.05,0.105121,0,0.05,0.0784182,0,0.05,0.174648,0,0.05,0.147413,0,0.05,0.126579,0,0.05,0.20824,0,0.05,0.144299,1,0.55,0
-0.75,7,1.46656,-2.99039,0.00236407,0.00236407,0.00236407,0.0609685,True,empty floor,sound_similarity,0,0.05,0.226583,0,0.05,0.00806837,0,0.05,0.105121,0,0.05,0.0784182,0,0.05,0.174648,0,0.05,0.147413,0,0.05,0.126579,0,0.05,0.20824,0,0.05,0.144299,1,0.55,0
-1,7,1.66621,-2.9641,0.00236407,0.00236407,0.00236407,0.0609685,True,empty floor,sound_similarity,0,0.05,0.226583,0,0.05,0.00806837,0,0.05,0.105121,0,0.05,0.0784182,0,0.05,0.174648,0,0.05,0.147413,0,0.05,0.126579,0,0.05,0.20824,0,0.05,0.144299,1,0.55,0
-1.25,7,1.87796,-2.88811,0.00236407,0.00236407,0.00236407,0.0609685,True,empty floor,sound_similarity,0,0.05,0.226583,0,0.05,0.00806837,0,0.05,0.105121,0,0.05,0.0784182,0,0.05,0.174648,0,0.05,0.147413,0,0.05,0.126579,0,0.05,0.20824,0,0.05,0.144299,1,0.55,0
-1.5,7,2.09814,-2.74645,0.00236407,0.00236407,0.00236407,0.0609685,True,empty floor,sound_similarity,0,0.05,0.226583,0,0.05,0.00806837,0,0.05,0.105121,0,0.05,0.0784182,0,0.05,0.174648,0,0.05,0.147413,0,0.05,0.126579,0,0.05,0.20824,0,0.05,0.144299,1,0.55,0
-2,7,2.55502,-2.33722,0.00236407,0.00236407,0.00236407,0.133118,True,clock,sound_similarity,0,0.05,0.226583,0,0.05,0.00806837,0,0.05,0.105121,0,0.05,0.0784182,0,0.05,0.174648,0,0.05,0.147413,0,0.05,0.126579,0,0.05,0.20824,1,0.55,0.144299,0,0.05,0
-0.5,6.75,1.11489,-2.98649,0.00236407,0.00236407,0.00236407,0.0609685,True,empty floor,sound_similarity,0,0.05,0.226583,0,0.05,0.00806837,0,0.05,0.105121,0,0.05,0.0784182,0,0.05,0.174648,0,0.05,0.147413,0,0.05,0.126579,0,0.05,0.20824,0,0.05,0.144299,1,0.55,0
-2.25,7,2.78901,-2.12468,0.00236407,0.00236407,0.00236407,0.0609685,True,empty floor,sound_similarity,0,0.05,0.226583,0,0.05,0.00806837,0,0.05,0.105121,0,0.05,0.0784182,0,0.05,0.174648,0,0.05,0.147413,0,0.05,0.126579,0,0.05,0.20824,0,0.05,0.144299,1,0.55,0
2,6.75,1.76448,-2.99573,0.00236407,0.00236407,0.00236407,0.0812914,True,empty floor,sound_similarity,0,0.0666667,0.226583,0,0.0666667,0.00806837,0,0.0666667,0.105121,0,0.0666667,0.0784182,0,0.0666667,0.174648,0,0.0666667,0.147413,0,0.0666667,0.126579,0,0.0666667,0.20824,0,0.0666667,0.144299,0.5,0.4,0
1.75,6.75,1.53748,-2.99573,0.00236407,0.00236407,0.00236407,0.0812914,True,empty floor,sound_similarity,0,0.0666667,0.226583,0,0.0666667,0.00806837,0,0.0666667,0.105121,0,0.0666667,0.0784182,0,0.0666667,0.174648,0,0.0666667,0.147413,0,0.0666667,0.126579,0,0.0666667,0.20824,0,0.0666667,0.144299,0.5,0.4,0
1.5,6.75,1.31883,-2.99573,0.00236407,0.00236407,0.00236407,0.0812914,True,empty floor,sound_similarity,0,0.0666667,0.226583,0,0.0666667,0.00806837,0,0.0666667,0.105121,0,0.0666667,0.0784182,0,0.0666667,0.174648,0,0.0666667,0.147413,0,0.0666667,0.126579,0,0.0666667,0.20824,0,0.0666667,0.144299,0.5,0.4,0
1,6.75,0.930175,-2.99573,0.00236407,0.00236407,0.00236407,0.0812914,True,empty floor,sound_similarity,0,0.0666667,0.226583,0,0.0666667,0.00806837,0,0.0666667,0.105121,0,0.0666667,0.0784182,0,0.0666667,0.174648,0,0.0666667,0.147413,0,0.0666667,0.126579,0,0.0666667,0.20824,0,0.0666667,0.144299,0.5,0.4,0
0.75,6.75,0.784656,-2.99573,0.00236407,0.00236407,0.00236407,0.0812914,True,empty floor,sound_similarity,0,0.0666667,0.226583,0,0.0666667,0.00806837,0,0.0666667,0.105121,0,0.0666667,0.0784182,0,0.0666667,0.174648,0,0.0666667,0.147413,0,0.0666667,0.126579,0,0.0666667,0.20824,0,0.0666667,0.144299,0.5,0.4,0
0.5,6.75,0.700817,-2.99573,0.00236407,0.00236407,0.00236407,0.0812914,True,empty floor,sound_similarity,0,0.0666667,0.226583,0,0.0666667,0.00806837,0,0.0666667,0.105121,0,0.0666667,0.0784182,0,0.0666667,0.174648,0,0.0666667,0.147413,0,0.0666667,0.126579,0,0.0666667,0.20824,0,0.0666667,0.144299,0.5,0.4,0
0.25,6.75,0.701144,-2.99573,0.00236407,0.00236407,0.00236407,0.0609685,True,empty floor,sound_similarity,0,0.05,0.226583,0,0.05,0.00806837,0,0.05,0.105121,0,0.05,0.0784182,0,0.05,0.174648,0,0.05,0.147413,0,0.05,0.126579,0,0.05,0.20824,0,0.05,0.144299,1,0.55,0
0,6.75,0.785533,-2.99573,0.00236407,0.00236407,0.00236407,0.0609685,True,empty floor,sound_similarity,0,0.05,0.226583,0,0.05,0.00806837,0,0.05,0.105121,0,0.05,0.0784182,0,0.05,0.174648,0,0.05,0.147413,0,0.05,0.126579,0,0.05,0.20824,0,0.05,0.144299,1,0.55,0
-0.25,6.75,0.931408,-2.99543,0.00236407,0.00236407,0.00236407,0.0609685,True,empty floor,sound_similarity,0,0.05,0.226583,0,0.05,0.00806837,0,0.05,0.105121,0,0.05,0.0784182,0,0.05,0.174648,0,0.05,0.147413,0,0.05,0.126579,0,0.05,0.20824,0,0.05,0.144299,1,0.55,0
0.75,4.75,1.36261,-2.99573,0.00236407,0.00236407,0.00236407,0.0812914,True,empty floor,sound_similarity,0,0.0666667,0.226583,0,0.0666667,0.00806837,0,0.0666667,0.105121,0,0.0666667,0.0784182,0,0.0666667,0.174648,0,0.0666667,0.147413,0,0.0666667,0.126579,0,0.0666667,0.20824,0,0.0666667,0.144299,0.5,0.4,0
0.25,4.75,1.31629,-2.99573,0.00236407,0.00236407,0.00236407,0.0812914,True,empty floor,sound_similarity,0,0.0666667,0.226583,0,0.0666667,0.00806837,0,0.0666667,0.105121,0,0.0666667,0.0784182,0,0.0666667,0.174648,0,0.0666667,0.147413,0,0.0666667,0.126579,0,0.0666667,0.20824,0,0.0666667,0.144299,0.5,0.4,0
-2,1.75,4.92172,-2.99561,0.00236407,0.00236407,0.00236407,0.0812914,True,empty floor,sound_similarity,0,0.0666667,0.226583,0,0.0666667,0.00806837,0,0.0666667,0.105121,0,0.0666667,0.0784182,0,0.0666667,0.174648,0,0.0666667,0.147413,0,0.0666667,0.126579,0,0.0666667,0.20824,0,0.0666667,0.144299,0.5,0.4,0
-1.75,2.5,4.14668,-2.99547,0.00236407,0.00236407,0.00236407,0.0812914,True,empty floor,sound_similarity,0,0.0666667,0.226583,0,0.0666667,0.00806837,0,0.0666667,0.105121,0,0.0666667,0.0784182,0,0.0666667,0.174648,0,0.0666667,0.147413,0,0.0666667,0.126579,0,0.0666667,0.20824,0,0.0666667,0.144299,0.5,0.4,0
0.25,2.75,3.31265,-2.99573,0.00236407,0.00236407,0.00236407,0.0812914,True,empty floor,sound_similarity,0,0.0666667,0.226583,0,0.0666667,0.00806837,0,0.0666667,0.105121,0,0.0666667,0.0784182,0,0.0666667,0.174648,0,0.0666667,0.147413,0,0.0666667,0.126579,0,0.0666667,0.20824,0,0.0666667,0.144299,0.5,0.4,0
0,2.75,3.33153,-2.99573,0.00236407,0.00236407,0.00236407,0.0812914,True,empty floor,sound_similarity,0,0.0666667,0.226583,0,0.0666667,0.00806837,0,0.0666667,0.105121,0,0.0666667,0.0784182,0,0.0666667,0.174648,0,0.0666667,0.147413,0,0.0666667,0.126579,0,0.0666667,0.20824,0,0.0666667,0.144299,0.5,0.4,0
-0.25,2.75,3.36891,-2.99573,0.00236407,0.00236407,0.00236407,0.0812914,True,empty floor,sound_similarity,0,0.0666667,0.226583,0,0.0666667,0.00806837,0,0.0666667,0.105121,0,0.0666667,0.0784182,0,0.0666667,0.174648,0,0.0666667,0.147413,0,0.0666667,0.126579,0,0.0666667,0.20824,0,0.0666667,0.144299,0.5,0.4,0
-0.5,2.75,3.42418,-2.99573,0.00236407,0.00236407,0.00236407,0.0812914,True,empty floor,sound_similarity,0,0.0666667,0.226583,0,0.0666667,0.00806837,0,0.0666667,0.105121,0,0.0666667,0.0784182,0,0.0666667,0.174648,0,0.0666667,0.147413,0,0.0666667,0.126579,0,0.0666667,0.20824,0,0.0666667,0.144299,0.5,0.4,0
-0.75,2.75,3.4965,-2.99573,0.00236407,0.00236407,0.00236407,0.0812914,True,empty floor,sound_similarity,0,0.0666667,0.226583,0,0.0666667,0.00806837,0,0.0666667,0.105121,0,0.0666667,0.0784182,0,0.0666667,0.174648,0,0.0666667,0.147413,0,0.0666667,0.126579,0,0.0666667,0.20824,0,0.0666667,0.144299,0.5,0.4,0
-1,2.75,3.58482,-2.99572,0.00236407,0.00236407,0.00236407,0.0812914,True,empty floor,sound_similarity,0,0.0666667,0.226583,0,0.0666667,0.00806837,0,0.0666667,0.105121,0,0.0666667,0.0784182,0,0.0666667,0.174648,0,0.0666667,0.147413,0,0.0666667,0.126579,0,0.0666667,0.20824,0,0.0666667,0.144299,0.5,0.4,0
-1.25,2.75,3.68801,-2.99569,0.00236407,0.00236407,0.00236407,0.0812914,True,empty floor,sound_similarity,0,0.0666667,0.226583,0,0.0666667,0.00806837,0,0.0666667,0.105121,0,0.0666667,0.0784182,0,0.0666667,0.174648,0,0.0666667,0.147413,0,0.0666667,0.126579,0,0.0666667,0.20824,0,0.0666667,0.144299,0.5,0.4,0
-1.5,2.75,3.80485,-2.99558,0.00236407,0.00236407,0.00236407,0.0812914,True,empty floor,sound_similarity,0,0.0666667,0.226583,0,0.0666667,0.00806837,0,0.0666667,0.105121,0,0.0666667,0.0784182,0,0.0666667,0.174648,0,0.0666667,0.147413,0,0.0666667,0.126579,0,0.0666667,0.20824,0,0.0666667,0.144299,0.5,0.4,0
-2,2.75,4.07465,-2.99415,0.00236407,0.00236407,0.00236407,0.0812914,True,empty floor,sound_similarity,0,0.0666667,0.226583,0,0.0666667,0.00806837,0,0.0666667,0.105121,0,0.0666667,0.0784182,0,0.0666667,0.174648,0,0.0666667,0.147413,0,0.0666667,0.126579,0,0.0666667,0.20824,0,0.0666667,0.144299,0.5,0.4,0
-2.25,2.75,4.22531,-2.99156,0.00236407,0.00236407,0.00236407,0.0812914,True,empty floor,sound_similarity,0,0.0666667,0.226583,0,0.0666667,0.00806837,0,0.0666667,0.105121,0,0.0666667,0.0784182,0,0.0666667,0.174648,0,0.0666667,0.147413,0,0.0666667,0.126579,0,0.0666667,0.20824,0,0.0666667,0.144299,0.5,0.4,0
2,2.5,3.91319,-2.99573,0.00236407,0.00236407,0.00236407,0.0812914,True,empty floor,sound_similarity,0,0.0666667,0.226583,0,0.0666667,0.00806837,0,0.0666667,0.105121,0,0.0666667,0.0784182,0,0.0666667,0.174648,0,0.0666667,0.147413,0,0.0666667,0.126579,0,0.0666667,0.20824,0,0.0666667,0.144299,0.5,0.4,0
1.75,2.5,3.81622,-2.99573,0.00236407,0.00236407,0.00236407,0.0812914,True,empty floor,sound_similarity,0,0.0666667,0.226583,0,0.0666667,0.00806837,0,0.0666667,0.105121,0,0.0666667,0.0784182,0,0.0666667,0.174648,0,0.0666667,0.147413,0,0.0666667,0.126579,0,0.0666667,0.20824,0,0.0666667,0.144299,0.5,0.4,0
1.5,2.5,3.73349,-2.99573,0.00236407,0.00236407,0.00236407,0.0812914,True,empty floor,sound_similarity,0,0.0666667,0.226583,0,0.0666667,0.00806837,0,0.0666667,0.105121,0,0.0666667,0.0784182,0,0.0666667,0.174648,0,0.0666667,0.147413,0,0.0666667,0.126579,0,0.0666667,0.20824,0,0.0666667,0.144299,0.5,0.4,0
1.25,2.5,3.66598,-2.99573,0.00236407,0.00236407,0.00236407,0.0812914,True,empty floor,sound_similarity,0,0.0666667,0.226583,0,0.0666667,0.00806837,0,0.0666667,0.105121,0,0.0666667,0.0784182,0,0.0666667,0.174648,0,0.0666667,0.147413,0,0.0666667,0.126579,0,0.0666667,0.20824,0,0.0666667,0.144299,0.5,0.4,0
1,2.5,3.61454,-2.99573,0.00236407,0.00236407,0.00236407,0.0812914,True,empty floor,sound_similarity,0,0.0666667,0.226583,0,0.0666667,0.00806837,0,0.0666667,0.105121,0,0.0666667,0.0784182,0,0.0666667,0.174648,0,0.0666667,0.147413,0,0.0666667,0.126579,0,0.0666667,0.20824,0,0.0666667,0.144299,0.5,0.4,0
0.75,2.5,3.57985,-2.99573,0.00236407,0.00236407,0.00236407,0.0812914,True,empty floor,sound_similarity,0,0.0666667,0.226583,0,0.0666667,0.00806837,0,0.0666667,0.105121,0,0.0666667,0.0784182,0,0.0666667,0.174648,0,0.0666667,0.147413,0,0.0666667,0.126579,0,0.0666667,0.20824,0,0.0666667,0.144299,0.5,0.4,0
0.5,2.5,3.56242,-2.99573,0.00236407,0.00236407,0.00236407,0.0812914,True,empty floor,sound_similarity,0,0.0666667,0.226583,0,0.0666667,0.00806837,0,0.0666667,0.105121,0,0.0666667,0.0784182,0,0.0666667,0.174648,0,0.0666667,0.147413,0,0.0666667,0.126579,0,0.0666667,0.20824,0,0.0666667,0.144299,0.5,0.4,0
0.25,2.5,3.56248,-2.99573,0.00236407,0.00236407,0.00236407,0.0812914,True,empty floor,sound_similarity,0,0.0666667,0.226583,0,0.0666667,0.00806837,0,0.0666667,0.105121,0,0.0666667,0.0784182,0,0.0666667,0.174648,0,0.0666667,0.147413,0,0.0666667,0.126579,0,0.0666667,0.20824,0,0.0666667,0.144299,0.5,0.4,0
0,2.5,3.58005,-2.99573,0.00236407,0.00236407,0.00236407,0.0812914,True,empty floor,sound_similarity,0,0.0666667,0.226583,0,0.0666667,0.00806837,0,0.0666667,0.105121,0,0.0666667,0.0784182,0,0.0666667,0.174648,0,0.0666667,0.147413,0,0.0666667,0.126579,0,0.0666667,0.20824,0,0.0666667,0.144299,0.5,0.4,0
-0.25,2.5,3.61486,-2.99573,0.00236407,0.00236407,0.00236407,0.0812914,True,empty floor,sound_similarity,0,0.0666667,0.226583,0,0.0666667,0.00806837,0,0.0666667,0.105121,0,0.0666667,0.0784182,0,0.0666667,0.174648,0,0.0666667,0.147413,0,0.0666667,0.126579,0,0.0666667,0.20824,0,0.0666667,0.144299,0.5,0.4,0
-0.5,2.5,3.66642,-2.99573,0.00236407,0.00236407,0.00236407,0.0812914,True,empty floor,sound_similarity,0,0.0666667,0.226583,0,0.0666667,0.00806837,0,0.0666667,0.105121,0,0.0666667,0.0784182,0,0.0666667,0.174648,0,0.0666667,0.147413,0,0.0666667,0.126579,0,0.0666667,0.20824,0,0.0666667,0.144299,0.5,0.4,0
-0.75,2.5,3.73405,-2.99573,0.00236407,0.00236407,0.00236407,0.0812914,True,empty floor,sound_similarity,0,0.0666667,0.226583,0,0.0666667,0.00806837,0,0.0666667,0.105121,0,0.0666667,0.0784182,0,0.0666667,0.174648,0,0.0666667,0.147413,0,0.0666667,0.126579,0,0.0666667,0.20824,0,0.0666667,0.144299,0.5,0.4,0
-1,2.5,3.81688,-2.99573,0.00236407,0.00236407,0.00236407,0.0812914,True,empty floor,sound_similarity,0,0.0666667,0.226583,0,0.0666667,0.00806837,0,0.0666667,0.105121,0,0.0666667,0.0784182,0,0.0666667,0.174648,0,0.0666667,0.147413,0,0.0666667,0.126579,0,0.0666667,0.20824,0,0.0666667,0.144299,0.5,0.4,0
0.5,2.75,3.31258,-2.99573,0.00236407,0.00236407,0.00236407,0.0812914,True,empty floor,sound_similarity,0,0.0666667,0.226583,0,0.0666667,0.00806837,0,0.0666667,0.105121,0,0.0666667,0.0784182,0,0.0666667,0.174648,0,0.0666667,0.147413,0,0.0666667,0.126579,0,0.0666667,0.20824,0,0.0666667,0.144299,0.5,0.4,0
1.5,2.75,3.4959,-2.99573,0.00236407,0.00236407,0.00236407,0.0812914,True,empty floor,sound_similarity,0,0.0666667,0.226583,0,0.0666667,0.00806837,0,0.0666667,0.105121,0,0.0666667,0.0784182,0,0.0666667,0.174648,0,0.0666667,0.147413,0,0.0666667,0.126579,0,0.0666667,0.20824,0,0.0666667,0.144299,0.5,0.4,0
1.75,2.75,3.58412,-2.99573,0.00236407,0.00236407,0.00236407,0.0812914,True,empty floor,sound_similarity,0,0.0666667,0.226583,0,0.0666667,0.00806837,0,0.0666667,0.105121,0,0.0666667,0.0784182,0,0.0666667,0.174648,0,0.0666667,0.147413,0,0.0666667,0.126579,0,0.0666667,0.20824,0,0.0666667,0.144299,0.5,0.4,0
0.75,3,3.08303,-2.99573,0.00236407,0.00236407,0.00236407,0.0812914,True,empty floor,sound_similarity,0,0.0666667,0.226583,0,0.0666667,0.00806837,0,0.0666667,0.105121,0,0.0666667,0.0784182,0,0.0666667,0.174648,0,0.0666667,0.147413,0,0.0666667,0.126579,0,0.0666667,0.20824,0,0.0666667,0.144299,0.5,0.4,0
-1,3.25,3.12901,-2.99569,0.00236407,0.00236407,0.00236407,0.0812914,True,empty floor,sound_similarity,0,0.0666667,0.226583,0,0.0666667,0.00806837,0,0.0666667,0.105121,0,0.0666667,0.0784182,0,0.0666667,0.174648,0,0.0666667,0.147413,0,0.0666667,0.126579,0,0.0666667,0.20824,0,0.0666667,0.144299,0.5,0.4,0
-1.25,3.25,3.24671,-2.99554,0.00236407,0.00236407,0.00236407,0.0812914,True,empty floor,sound_similarity,0,0.0666667,0.226583,0,0.0666667,0.00806837,0,0.0666667,0.105121,0,0.0666667,0.0784182,0,0.0666667,0.174648,0,0.0666667,0.147413,0,0.0666667,0.126579,0,0.0666667,0.20824,0,0.0666667,0.144299,0.5,0.4,0
-1.5,3.25,3.37885,-2.99496,0.00236407,0.00236407,0.00236407,0.0812914,True,empty floor,sound_similarity,0,0.0666667,0.226583,0,0.0666667,0.00806837,0,0.0666667,0.105121,0,0.0666667,0.0784182,0,0.0666667,0.174648,0,0.0666667,0.147413,0,0.0666667,0.126579,0,0.0666667,0.20824,0,0.0666667,0.144299,0.5,0.4,0
-2,3.25,3.68002,-2.98807,0.00236407,0.00236407,0.00236407,0.0812914,True,empty floor,sound_similarity,0,0.0666667,0.226583,0,0.0666667,0.00806837,0,0.0666667,0.105121,0,0.0666667,0.0784182,0,0.0666667,0.174648,0,0.0666667,0.147413,0,0.0666667,0.126579,0,0.0666667,0.20824,0,0.0666667,0.144299,0.5,0.4,0
-2.25,3.25,3.84616,-2.97644,0.00236407,0.00236407,0.00236407,0.0812914,True,empty floor,sound_similarity,0,0.0666667,0.226583,0,0.0666667,0.00806837,0,0.0666667,0.105121,0,0.0666667,0.0784182,0,0.0666667,0.174648,0,0.0666667,0.147413,0,0.0666667,0.126579,0,0.0666667,0.20824,0,0.0666667,0.144299,0.5,0.4,0
2,3,3.46451,-2.99573,0.00236407,0.00236407,0.00236407,0.0812914,True,empty floor,sound_similarity,0,0.0666667,0.226583,0,0.0666667,0.00806837,0,0.0666667,0.105121,0,0.0666667,0.0784182,0,0.0666667,0.174648,0,0.0666667,0.147413,0,0.0666667,0.126579,0,0.0666667,0.20824,0,0.0666667,0.144299,0.5,0.4,0
1.75,3,3.35459,-2.99573,0.00236407,0.00236407,0.00236407,0.0812914,True,empty floor,sound_similarity,0,0.0666667,0.226583,0,0.0666667,0.00806837,0,0.0666667,0.105121,0,0.0666667,0.0784182,0,0.0666667,0.174648,0,0.0666667,0.147413,0,0.0666667,0.126579,0,0.0666667,0.20824,0,0.0666667,0.144299,0.5,0.4,0
1.5,3,3.26017,-2.99573,0.00236407,0.00236407,0.00236407,0.0609685,True,empty floor,sound_similarity,0,0.05,0.226583,0,0.05,0.00806837,0,0.05,0.105121,0,0.05,0.0784182,0,0.05,0.174648,0,0.05,0.147413,0,0.05,0.126579,0,0.05,0.20824,0,0.05,0.144299,1,0.55,0
1.25,3,3.18264,-2.99573,0.00236407,0.00236407,0.00236407,0.0812914,True,empty floor,sound_similarity,0,0.0666667,0.226583,0,0.0666667,0.00806837,0,0.0666667,0.105121,0,0.0666667,0.0784182,0,0.0666667,0.174648,0,0.0666667,0.147413,0,0.0666667,0.126579,0,0.0666667,0.20824,0,0.0666667,0.144299,0.5,0.4,0
1,3,3.12324,-2.99573,0.00236407,0.00236407,0.00236407,0.0812914,True,empty floor,sound_similarity,0,0.0666667,0.226583,0,0.0666667,0.00806837,0,0.0666667,0.105121,0,0.0666667,0.0784182,0,0.0666667,0.174648,0,0.0666667,0.147413,0,0.0666667,0.126579,0,0.0666667,0.20824,0,0.0666667,0.144299,0.5,0.4,0
0.5,3,3.06277,-2.99573,0.00236407,0.00236407,0.00236407,0.0812914,True,empty floor,sound_similarity,0,0.0666667,0.226583,0,0.0666667,0.00806837,0,0.0666667,0.105121,0,0.0666667,0.0784182,0,0.0666667,0.174648,0,0.0666667,0.147413,0,0.0666667,0.126579,0,0.0666667,0.20824,0,0.0666667,0.144299,0.5,0.4,0
2,2.75,3.6872,-2.99573,0.00236407,0.00236407,0.00236407,0.0812914,True,empty floor,sound_similarity,0,0.0666667,0.226583,0,0.0666667,0.00806837,0,0.0666667,0.105121,0,0.0666667,0.0784182,0,0.0666667,0.174648,0,0.0666667,0.147413,0,0.0666667,0.126579,0,0.0666667,0.20824,0,0.0666667,0.144299,0.5,0.4,0
0.25,3,3.06284,-2.99573,0.00236407,0.00236407,0.00236407,0.0812914,True,empty floor,sound_similarity,0,0.0666667,0.226583,0,0.0666667,0.00806837,0,0.0666667,0.105121,0,0.0666667,0.0784182,0,0.0666667,0.174648,0,0.0666667,0.147413,0,0.0666667,0.126579,0,0.0666667,0.20824,0,0.0666667,0.144299,0.5,0.4,0
0,3,3.08326,-2.99573,0.00236407,0.00236407,0.00236407,0.0812914,True,empty floor,sound_similarity,0,0.0666667,0.226583,0,0.0666667,0.00806837,0,0.0666667,0.105121,0,0.0666667,0.0784182,0,0.0666667,0.174648,0,0.0666667,0.147413,0,0.0666667,0.126579,0,0.0666667,0.20824,0,0.0666667,0.144299,0.5,0.4,0
-0.25,3,3.12361,-2.99573,0.00236407,0.00236407,0.00236407,0.0812914,True,empty floor,sound_similarity,0,0.0666667,0.226583,0,0.0666667,0.00806837,0,0.0666667,0.105121,0,0.0666667,0.0784182,0,0.0666667,0.174648,0,0.0666667,0.147413,0,0.0666667,0.126579,0,0.0666667,0.20824,0,0.0666667,0.144299,0.5,0.4,0
-0.5,3,3.18314,-2.99573,0.00236407,0.00236407,0.00236407,0.0812914,True,empty floor,sound_similarity,0,0.0666667,0.226583,0,0.0666667,0.00806837,0,0.0666667,0.105121,0,0.0666667,0.0784182,0,0.0666667,0.174648,0,0.0666667,0.147413,0,0.0666667,0.126579,0,0.0666667,0.20824,0,0.0666667,0.144299,0.5,0.4,0
-0.75,3,3.26081,-2.99573,0.00236407,0.00236407,0.00236407,0.0812914,True,empty floor,sound_similarity,0,0.0666667,0.226583,0,0.0666667,0.00806837,0,0.0666667,0.105121,0,0.0666667,0.0784182,0,0.0666667,0.174648,0,0.0666667,0.147413,0,0.0666667,0.126579,0,0.0666667,0.20824,0,0.0666667,0.144299,0.5,0.4,0
-1,3,3.35534,-2.99571,0.00236407,0.00236407,0.00236407,0.0812914,True,empty floor,sound_similarity,0,0.0666667,0.226583,0,0.0666667,0.00806837,0,0.0666667,0.105121,0,0.0666667,0.0784182,0,0.0666667,0.174648,0,0.0666667,0.147413,0,0.0666667,0.126579,0,0.0666667,0.20824,0,0.0666667,0.144299,0.5,0.4,0
-1.25,3,3.46537,-2.99565,0.00236407,0.00236407,0.00236407,0.0812914,True,empty floor,sound_similarity,0,0.0666667,0.226583,0,0.0666667,0.00806837,0,0.0666667,0.105121,0,0.0666667,0.0784182,0,0.0666667,0.174648,0,0.0666667,0.147413,0,0.0666667,0.126579,0,0.0666667,0.20824,0,0.0666667,0.144299,0.5,0.4,0
-1.5,3,3.58946,-2.9954,0.00236407,0.00236407,0.00236407,0.0812914,True,empty floor,sound_similarity,0,0.0666667,0.226583,0,0.0666667,0.00806837,0,0.0666667,0.105121,0,0.0666667,0.0784182,0,0.0666667,0.174648,0,0.0666667,0.147413,0,0.0666667,0.126579,0,0.0666667,0.20824,0,0.0666667,0.144299,0.5,0.4,0
-2,3,3.87429,-2.99234,0.00236407,0.00236407,0.00236407,0.0812914,True,empty floor,sound_similarity,0,0.0666667,0.226583,0,0.0666667,0.00806837,0,0.0666667,0.105121,0,0.0666667,0.0784182,0,0.0666667,0.174648,0,0.0666667,0.147413,0,0.0666667,0.126579,0,0.0666667,0.20824,0,0.0666667,0.144299,0.5,0.4,0
-2.25,3,4.03244,-2.98692,0.00236407,0.00236407,0.00236407,0.0812914,True,empty floor,sound_similarity,0,0.0666667,0.226583,0,0.0666667,0.00806837,0,0.0666667,0.105121,0,0.0666667,0.0784182,0,0.0666667,0.174648,0,0.0666667,0.147413,0,0.0666667,0.126579,0,0.0666667,0.20824,0,0.0666667,0.144299,0.5,0.4,0
-1.5,2.5,4.02424,-2.99565,0.00236407,0.00236407,0.00236407,0.0812914,True,empty floor,sound_similarity,0,0.0666667,0.226583,0,0.0666667,0.00806837,0,0.0666667,0.105121,0,0.0666667,0.0784182,0,0.0666667,0.174648,0,0.0666667,0.147413,0,0.0666667,0.126579,0,0.0666667,0.20824,0,0.0666667,0.144299,0.5,0.4,0
-2,2.5,4.28023,-2.99496,0.00236407,0.00236407,0.00236407,0.0812914,True,empty floor,sound_similarity,0,0.0666667,0.226583,0,0.0666667,0.00806837,0,0.0666667,0.105121,0,0.0666667,0.0784182,0,0.0666667,0.174648,0,0.0666667,0.147413,0,0.0666667,0.126579,0,0.0666667,0.20824,0,0.0666667,0.144299,0.5,0.4,0
-0.5,3.25,2.9436,-2.99573,0.00236407,0.00236407,0.00236407,0.0812914,True,empty floor,sound_similarity,0,0.0666667,0.226583,0,0.0666667,0.00806837,0,0.0666667,0.105121,0,0.0666667,0.0784182,0,0.0666667,0.174648,0,0.0666667,0.147413,0,0.0666667,0.126579,0,0.0666667,0.20824,0,0.0666667,0.144299,0.5,0.4,0
-2.25,2.5,4.4239,-2.99367,0.00236407,0.00236407,0.00236407,0.0812914,True,empty floor,sound_similarity,0,0.0666667,0.226583,0,0.0666667,0.00806837,0,0.0666667,0.105121,0,0.0666667,0.0784182,0,0.0666667,0.174648,0,0.0666667,0.147413,0,0.0666667,0.126579,0,0.0666667,0.20824,0,0.0666667,0.144299,0.5,0.4,0
-0.75,2,4.21347,-2.99573,0.00236407,0.00236407,0.00236407,0.0812914,True,empty floor,sound_similarity,0,0.0666667,0.226583,0,0.0666667,0.00806837,0,0.0666667,0.105121,0,0.0666667,0.0784182,0,0.0666667,0.174648,0,0.0666667,0.147413,0,0.0666667,0.126579,0,0.0666667,0.20824,0,0.0666667,0.144299,0.5,0.4,0
-1,2,4.28705,-2.99573,0.00236407,0.00236407,0.00236407,0.0812914,True,empty floor,sound_similarity,0,0.0666667,0.226583,0,0.0666667,0.00806837,0,0.0666667,0.105121,0,0.0666667,0.0784182,0,0.0666667,0.174648,0,0.0666667,0.147413,0,0.0666667,0.126579,0,0.0666667,0.20824,0,0.0666667,0.144299,0.5,0.4,0
-1.25,2,4.3737,-2.99573,0.00236407,0.00236407,0.00236407,0.0812914,True,empty floor,sound_similarity,0,0.0666667,0.226583,0,0.0666667,0.00806837,0,0.0666667,0.105121,0,0.0666667,0.0784182,0,0.0666667,0.174648,0,0.0666667,0.147413,0,0.0666667,0.126579,0,0.0666667,0.20824,0,0.0666667,0.144299,0.5,0.4,0
-1.5,2,4.47267,-2.99571,0.00236407,0.00236407,0.00236407,0.0812914,True,empty floor,sound_similarity,0,0.0666667,0.226583,0,0.0666667,0.00806837,0,0.0666667,0.105121,0,0.0666667,0.0784182,0,0.0666667,0.174648,0,0.0666667,0.147413,0,0.0666667,0.126579,0,0.0666667,0.20824,0,0.0666667,0.144299,0.5,0.4,0
-1.75,2,4.58314,-2.99566,0.00236407,0.00236407,0.00236407,0.0812914,True,empty floor,sound_similarity,0,0.0666667,0.226583,0,0.0666667,0.00806837,0,0.0666667,0.105121,0,0.0666667,0.0784182,0,0.0666667,0.174648,0,0.0666667,0.147413,0,0.0666667,0.126579,0,0.0666667,0.20824,0,0.0666667,0.144299,0.5,0.4,0
-2,2,4.70432,-2.99552,0.00236407,0.00236407,0.00236407,0.0812914,True,empty floor,sound_similarity,0,0.0666667,0.226583,0,0.0666667,0.00806837,0,0.0666667,0.105121,0,0.0666667,0.0784182,0,0.0666667,0.174648,0,0.0666667,0.147413,0,0.0666667,0.126579,0,0.0666667,0.20824,0,0.0666667,0.144299,0.5,0.4,0
-2.25,2,4.8354,-2.99516,0.00236407,0.00236407,0.00236407,0.0812914,True,empty floor,sound_similarity,0,0.0666667,0.226583,0,0.0666667,0.00806837,0,0.0666667,0.105121,0,0.0666667,0.0784182,0,0.0666667,0.174648,0,0.0666667,0.147413,0,0.0666667,0.126579,0,0.0666667,0.20824,0,0.0666667,0.144299,0.5,0.4,0
2,1.75,4.60608,-2.99573,0.00236407,0.00236407,0.00236407,0.0812914,True,empty floor,sound_similarity,0,0.0666667,0.226583,0,0.0666667,0.00806837,0,0.0666667,0.105121,0,0.0666667,0.0784182,0,0.0666667,0.174648,0,0.0666667,0.147413,0,0.0666667,0.126579,0,0.0666667,0.20824,0,0.0666667,0.144299,0.5,0.4,0
1.75,1.75,4.52398,-2.99573,0.00236407,0.00236407,0.00236407,0.0812914,True,empty floor,sound_similarity,0,0.0666667,0.226583,0,0.0666667,0.00806837,0,0.0666667,0.105121,0,0.0666667,0.0784182,0,0.0666667,0.174648,0,0.0666667,0.147413,0,0.0666667,0.126579,0,0.0666667,0.20824,0,0.0666667,0.144299,0.5,0.4,0
1.5,1.75,4.45442,-2.99573,0.00236407,0.00236407,0.00236407,0.0812914,True,empty floor,sound_similarity,0,0.0666667,0.226583,0,0.0666667,0.00806837,0,0.0666667,0.105121,0,0.0666667,0.0784182,0,0.0666667,0.174648,0,0.0666667,0.147413,0,0.0666667,0.126579,0,0.0666667,0.20824,0,0.0666667,0.144299,0.5,0.4,0
1.25,1.75,4.39799,-2.99573,0.00236407,0.00236407,0.00236407,0.0812914,True,empty floor,sound_similarity,0,0.0666667,0.226583,0,0.0666667,0.00806837,0,0.0666667,0.105121,0,0.0666667,0.0784182,0,0.0666667,0.174648,0,0.0666667,0.147413,0,0.0666667,0.126579,0,0.0666667,0.20824,0,0.0666667,0.144299,0.5,0.4,0
1,1.75,4.3552,-2.99573,0.00236407,0.00236407,0.00236407,0.0812914,True,empty floor,sound_similarity,0,0.0666667,0.226583,0,0.0666667,0.00806837,0,0.0666667,0.105121,0,0.0666667,0.0784182,0,0.0666667,0.174648,0,0.0666667,0.147413,0,0.0666667,0.126579,0,0.0666667,0.20824,0,0.0666667,0.144299,0.5,0.4,0
0.75,1.75,4.32646,-2.99573,0.00236407,0.00236407,0.00236407,0.0812914,True,empty floor,sound_similarity,0,0.0666667,0.226583,0,0.0666667,0.00806837,0,0.0666667,0.105121,0,0.0666667,0.0784182,0,0.0666667,0.174648,0,0.0666667,0.147413,0,0.0666667,0.126579,0,0.0666667,0.20824,0,0.0666667,0.144299,0.5,0.4,0
0.5,1.75,4.31204,-2.99573,0.00236407,0.00236407,0.00236407,0.0812914,True,empty floor,sound_similarity,0,0.0666667,0.226583,0,0.0666667,0.00806837,0,0.0666667,0.105121,0,0.0666667,0.0784182,0,0.0666667,0.174648,0,0.0666667,0.147413,0,0.0666667,0.126579,0,0.0666667,0.20824,0,0.0666667,0.144299,0.5,0.4,0
0.25,1.75,4.31209,-2.99573,0.00236407,0.00236407,0.00236407,0.0812914,True,empty floor,sound_similarity,0,0.0666667,0.226583,0,0.0666667,0.00806837,0,0.0666667,0.105121,0,0.0666667,0.0784182,0,0.0666667,0.174648,0,0.0666667,0.147413,0,0.0666667,0.126579,0,0.0666667,0.20824,0,0.0666667,0.144299,0.5,0.4,0
0,1.75,4.32662,-2.99573,0.00236407,0.00236407,0.00236407,0.0812914,True,empty floor,sound_similarity,0,0.0666667,0.226583,0,0.0666667,0.00806837,0,0.0666667,0.105121,0,0.0666667,0.0784182,0,0.0666667,0.174648,0,0.0666667,0.147413,0,0.0666667,0.126579,0,0.0666667,0.20824,0,0.0666667,0.144299,0.5,0.4,0
-0.25,1.75,4.35546,-2.99573,0.00236407,0.00236407,0.00236407,0.0812914,True,empty floor,sound_similarity,0,0.0666667,0.226583,0,0.0666667,0.00806837,0,0.0666667,0.105121,0,0.0666667,0.0784182,0,0.0666667,0.174648,0,0.0666667,0.147413,0,0.0666667,0.126579,0,0.0666667,0.20824,0,0.0666667,0.144299,0.5,0.4,0
-0.5,1.75,4.39836,-2.99573,0.00236407,0.00236407,0.00236407,0.0812914,True,empty floor,sound_similarity,0,0.0666667,0.226583,0,0.0666667,0.00806837,0,0.0666667,0.105121,0,0.0666667,0.0784182,0,0.0666667,0.174648,0,0.0666667,0.147413,0,0.0666667,0.126579,0,0.0666667,0.20824,0,0.0666667,0.144299,0.5,0.4,0
-0.75,1.75,4.45488,-2.99573,0.00236407,0.00236407,0.00236407,0.0812914,True,empty floor,sound_similarity,0,0.0666667,0.226583,0,0.0666667,0.00806837,0,0.0666667,0.105121,0,0.0666667,0.0784182,0,0.0666667,0.174648,0,0.0666667,0.147413,0,0.0666667,0.126579,0,0.0666667,0.20824,0,0.0666667,0.144299,0.5,0.4,0
-1,1.75,4.52454,-2.99573,0.00236407,0.00236407,0.00236407,0.0812914,True,empty floor,sound_similarity,0,0.0666667,0.226583,0,0.0666667,0.00806837,0,0.0666667,0.105121,0,0.0666667,0.0784182,0,0.0666667,0.174648,0,0.0666667,0.147413,0,0.0666667,0.126579,0,0.0666667,0.20824,0,0.0666667,0.144299,0.5,0.4,0
-1.25,1.75,4.60672,-2.99573,0.00236407,0.00236407,0.00236407,0.0812914,True,empty floor,sound_similarity,0,0.0666667,0.226583,0,0.0666667,0.00806837,0,0.0666667,0.105121,0,0.0666667,0.0784182,0,0.0666667,0.174648,0,0.0666667,0.147413,0,0.0666667,0.126579,0,0.0666667,0.20824,0,0.0666667,0.144299,0.5,0.4,0
-1.5,1.75,4.70078,-2.99572,0.00236407,0.00236407,0.00236407,0.0812914,True,empty floor,sound_similarity,0,0.0666667,0.226583,0,0.0666667,0.00806837,0,0.0666667,0.105121,0,0.0666667,0.0784182,0,0.0666667,0.174648,0,0.0666667,0.147413,0,0.0666667,0.126579,0,0.0666667,0.20824,0,0.0666667,0.144299,0.5,0.4,0
-1.75,1.75,4.80602,-2.99569,0.00236407,0.00236407,0.00236407,0.0812914,True,empty floor,sound_similarity,0,0.0666667,0.226583,0,0.0666667,0.00806837,0,0.0666667,0.105121,0,0.0666667,0.0784182,0,0.0666667,0.174648,0,0.0666667,0.147413,0,0.0666667,0.126579,0,0.0666667,0.20824,0,0.0666667,0.144299,0.5,0.4,0
-0.5,2,4.15366,-2.99573,0.00236407,0.00236407,0.00236407,0.0812914,True,empty floor,sound_similarity,0,0.0666667,0.226583,0,0.0666667,0.00806837,0,0.0666667,0.105121,0,0.0666667,0.0784182,0,0.0666667,0.174648,0,0.0666667,0.147413,0,0.0666667,0.126579,0,0.0666667,0.20824,0,0.0666667,0.144299,0.5,0.4,0
-0.25,2,4.10822,-2.99573,0.00236407,0.00236407,0.00236407,0.148292,True,microwave,sound_similarity,0,0.05,0.226583,0,0.05,0.00806837,0,0.05,0.105121,0,0.05,0.0784182,1,0.55,0.174648,0,0.05,0.147413,0,0.05,0.126579,0,0.05,0.20824,0,0.05,0.144299,0,0.05,0
0.75,2,4.07745,-2.99573,0.00236407,0.00236407,0.00236407,0.0812914,True,empty floor,sound_similarity,0,0.0666667,0.226583,0,0.0666667,0.00806837,0,0.0666667,0.105121,0,0.0666667,0.0784182,0,0.0666667,0.174648,0,0.0666667,0.147413,0,0.0666667,0.126579,0,0.0666667,0.20824,0,0.0666667,0.144299,0.5,0.4,0
-0.5,2.25,3.90964,-2.99573,0.00236407,0.00236407,0.00236407,0.0812914,True,empty floor,sound_similarity,0,0.0666667,0.226583,0,0.0666667,0.00806837,0,0.0666667,0.105121,0,0.0666667,0.0784182,0,0.0666667,0.174648,0,0.0666667,0.147413,0,0.0666667,0.126579,0,0.0666667,0.20824,0,0.0666667,0.144299,0.5,0.4,0
2,2.25,4.14194,-2.99573,0.00236407,0.00236407,0.00236407,0.0812914,True,empty floor,sound_similarity,0,0.0666667,0.226583,0,0.0666667,0.00806837,0,0.0666667,0.105121,0,0.0666667,0.0784182,0,0.0666667,0.174648,0,0.0666667,0.147413,0,0.0666667,0.126579,0,0.0666667,0.20824,0,0.0666667,0.144299,0.5,0.4,0
1.75,2.25,4.05045,-2.99573,0.00236407,0.00236407,0.00236407,0.0609685,True,empty floor,sound_similarity,0,0.05,0.226583,0,0.05,0.00806837,0,0.05,0.105121,0,0.05,0.0784182,0,0.05,0.174648,0,0.05,0.147413,0,0.05,0.126579,0,0.05,0.20824,0,0.05,0.144299,1,0.55,0
1.5,2.25,3.97261,-2.99573,0.00236407,0.00236407,0.00236407,0.0812914,True,empty floor,sound_similarity,0,0.0666667,0.226583,0,0.0666667,0.00806837,0,0.0666667,0.105121,0,0.0666667,0.0784182,0,0.0666667,0.174648,0,0.0666667,0.147413,0,0.0666667,0.126579,0,0.0666667,0.20824,0,0.0666667,0.144299,0.5,0.4,0
1.25,2.25,3.90923,-2.99573,0.00236407,0.00236407,0.00236407,0.0812914,True,empty floor,sound_similarity,0,0.0666667,0.226583,0,0.0666667,0.00806837,0,0.0666667,0.105121,0,0.0666667,0.0784182,0,0.0666667,0.174648,0,0.0666667,0.147413,0,0.0666667,0.126579,0,0.0666667,0.20824,0,0.0666667,0.144299,0.5,0.4,0
1,2.25,3.86103,-2.99573,0.00236407,0.00236407,0.00236407,0.0812914,True,empty floor,sound_similarity,0,0.0666667,0.226583,0,0.0666667,0.00806837,0,0.0666667,0.105121,0,0.0666667,0.0784182,0,0.0666667,0.174648,0,0.0666667,0.147413,0,0.0666667,0.126579,0,0.0666667,0.20824,0,0.0666667,0.144299,0.5,0.4,0
0.75,2.25,3.82857,-2.99573,0.00236407,0.00236407,0.00236407,0.0812914,True,empty floor,sound_similarity,0,0.0666667,0.226583,0,0.0666667,0.00806837,0,0.0666667,0.105121,0,0.0666667,0.0784182,0,0.0666667,0.174648,0,0.0666667,0.147413,0,0.0666667,0.126579,0,0.0666667,0.20824,0,0.0666667,0.144299,0.5,0.4,0
0.5,2.25,3.81228,-2.99573,0.00236407,0.00236407,0.00236407,0.0812914,True,empty floor,sound_similarity,0,0.0666667,0.226583,0,0.0666667,0.00806837,0,0.0666667,0.105121,0,0.0666667,0.0784182,0,0.0666667,0.174648,0,0.0666667,0.147413,0,0.0666667,0.126579,0,0.0666667,0.20824,0,0.0666667,0.144299,0.5,0.4,0
0.25,2.25,3.81234,-2.99573,0.00236407,0.00236407,0.00236407,0.0812914,True,empty floor,sound_similarity,0,0.0666667,0.226583,0,0.0666667,0.00806837,0,0.0666667,0.105121,0,0.0666667,0.0784182,0,0.0666667,0.174648,0,0.0666667,0.147413,0,0.0666667,0.126579,0,0.0666667,0.20824,0,0.0666667,0.144299,0.5,0.4,0
0,2.25,3.82875,-2.99573,0.00236407,0.00236407,0.00236407,0.0812914,True,empty floor,sound_similarity,0,0.0666667,0.226583,0,0.0666667,0.00806837,0,0.0666667,0.105121,0,0.0666667,0.0784182,0,0.0666667,0.174648,0,0.0666667,0.147413,0,0.0666667,0.126579,0,0.0666667,0.20824,0,0.0666667,0.144299,0.5,0.4,0
-0.25,2.25,3.86132,-2.99573,0.00236407,0.00236407,0.00236407,0.0812914,True,empty floor,sound_similarity,0,0.0666667,0.226583,0,0.0666667,0.00806837,0,0.0666667,0.105121,0,0.0666667,0.0784182,0,0.0666667,0.174648,0,0.0666667,0.147413,0,0.0666667,0.126579,0,0.0666667,0.20824,0,0.0666667,0.144299,0.5,0.4,0
-0.75,2.25,3.97313,-2.99573,0.00236407,0.00236407,0.00236407,0.0812914,True,empty floor,sound_similarity,0,0.0666667,0.226583,0,0.0666667,0.00806837,0,0.0666667,0.105121,0,0.0666667,0.0784182,0,0.0666667,0.174648,0,0.0666667,0.147413,0,0.0666667,0.126579,0,0.0666667,0.20824,0,0.0666667,0.144299,0.5,0.4,0
1,2,4.10794,-2.99573,0.00236407,0.00236407,0.00236407,0.0812914,True,empty floor,sound_similarity,0,0.0666667,0.226583,0,0.0666667,0.00806837,0,0.0666667,0.105121,0,0.0666667,0.0784182,0,0.0666667,0.174648,0,0.0666667,0.147413,0,0.0666667,0.126579,0,0.0666667,0.20824,0,0.0666667,0.144299,0.5,0.4,0
-1,2.25,4.05107,-2.99573,0.00236407,0.00236407,0.00236407,0.0812914,True,empty floor,sound_similarity,0,0.0666667,0.226583,0,0.0666667,0.00806837,0,0.0666667,0.105121,0,0.0666667,0.0784182,0,0.0666667,0.174648,0,0.0666667,0.147413,0,0.0666667,0.126579,0,0.0666667,0.20824,0,0.0666667,0.144299,0.5,0.4,0
-1.25,2.25,4.14266,-2.99572,0.00236407,0.00236407,0.00236407,0.0812914,True,empty floor,sound_similarity,0,0.0666667,0.226583,0,0.0666667,0.00806837,0,0.0666667,0.105121,0,0.0666667,0.0784182,0,0.0666667,0.174648,0,0.0666667,0.147413,0,0.0666667,0.126579,0,0.0666667,0.20824,0,0.0666667,0.144299,0.5,0.4,0
-1.5,2.25,4.24701,-2.99569,0.00236407,0.00236407,0.00236407,0.0812914,True,empty floor,sound_similarity,0,0.0666667,0.226583,0,0.0666667,0.00806837,0,0.0666667,0.105121,0,0.0666667,0.0784182,0,0.0666667,0.174648,0,0.0666667,0.147413,0,0.0666667,0.126579,0,0.0666667,0.20824,0,0.0666667,0.144299,0.5,0.4,0
-1.75,2.25,4.36321,-2.9956,0.00236407,0.00236407,0.00236407,0.0812914,True,empty floor,sound_similarity,0,0.0666667,0.226583,0,0.0666667,0.00806837,0,0.0666667,0.105121,0,0.0666667,0.0784182,0,0.0666667,0.174648,0,0.0666667,0.147413,0,0.0666667,0.126579,0,0.0666667,0.20824,0,0.0666667,0.144299,0.5,0.4,0
-2,2.25,4.49033,-2.99534,0.00236407,0.00236407,0.00236407,0.0812914,True,empty floor,sound_similarity,0,0.0666667,0.226583,0,0.0666667,0.00806837,0,0.0666667,0.105121,0,0.0666667,0.0784182,0,0.0666667,0.174648,0,0.0666667,0.147413,0,0.0666667,0.126579,0,0.0666667,0.20824,0,0.0666667,0.144299,0.5,0.4,0
-2.25,2.25,4.62747,-2.99467,0.00236407,0.00236407,0.00236407,0.0812914,True,empty floor,sound_similarity,0,0.0666667,0.226583,0,0.0666667,0.00806837,0,0.0666667,0.105121,0,0.0666667,0.0784182,0,0.0666667,0.174648,0,0.0666667,0.147413,0,0.0666667,0.126579,0,0.0666667,0.20824,0,0.0666667,0.144299,0.5,0.4,0
2,2,4.37302,-2.99573,0.00236407,0.00236407,0.00236407,0.0812914,True,empty floor,sound_similarity,0,0.0666667,0.226583,0,0.0666667,0.00806837,0,0.0666667,0.105121,0,0.0666667,0.0784182,0,0.0666667,0.174648,0,0.0666667,0.147413,0,0.0666667,0.126579,0,0.0666667,0.20824,0,0.0666667,0.144299,0.5,0.4,0
1.75,2,4.28646,-2.99573,0.00236407,0.00236407,0.00236407,0.0609685,True,empty floor,sound_similarity,0,0.05,0.226583,0,0.05,0.00806837,0,0.05,0.105121,0,0.05,0.0784182,0,0.05,0.174648,0,0.05,0.147413,0,0.05,0.126579,0,0.05,0.20824,0,0.05,0.144299,1,0.55,0
1.5,2,4.21298,-2.99573,0.00236407,0.00236407,0.00236407,0.0812914,True,empty floor,sound_similarity,0,0.0666667,0.226583,0,0.0666667,0.00806837,0,0.0666667,0.105121,0,0.0666667,0.0784182,0,0.0666667,0.174648,0,0.0666667,0.147413,0,0.0666667,0.126579,0,0.0666667,0.20824,0,0.0666667,0.144299,0.5,0.4,0
1.25,2,4.15327,-2.99573,0.00236407,0.00236407,0.00236407,0.0812914,True,empty floor,sound_similarity,0,0.0666667,0.226583,0,0.0666667,0.00806837,0,0.0666667,0.105121,0,0.0666667,0.0784182,0,0.0666667,0.174648,0,0.0666667,0.147413,0,0.0666667,0.126579,0,0.0666667,0.20824,0,0.0666667,0.144299,0.5,0.4,0
-0.75,3.25,3.02741,-2.99573,0.00236407,0.00236407,0.00236407,0.0812914,True,empty floor,sound_similarity,0,0.0666667,0.226583,0,0.0666667,0.00806837,0,0.0666667,0.105121,0,0.0666667,0.0784182,0,0.0666667,0.174648,0,0.0666667,0.147413,0,0.0666667,0.126579,0,0.0666667,0.20824,0,0.0666667,0.144299,0.5,0.4,0
-0.25,3.25,2.87912,-2.99573,0.00236407,0.00236407,0.00236407,0.0812914,True,empty floor,sound_similarity,0,0.0666667,0.226583,0,0.0666667,0.00806837,0,0.0666667,0.105121,0,0.0666667,0.0784182,0,0.0666667,0.174648,0,0.0666667,0.147413,0,0.0666667,0.126579,0,0.0666667,0.20824,0,0.0666667,0.144299,0.5,0.4,0
0,4.75,1.36312,-2.99573,0.00236407,0.00236407,0.00236407,0.0812914,True,empty floor,sound_similarity,0,0.0666667,0.226583,0,0.0666667,0.00806837,0,0.0666667,0.105121,0,0.0666667,0.0784182,0,0.0666667,0.174648,0,0.0666667,0.147413,0,0.0666667,0.126579,0,0.0666667,0.20824,0,0.0666667,0.144299,0.5,0.4,0
0,4,2.09427,-2.99573,0.00236407,0.00236407,0.00236407,0.0812914,True,empty floor,sound_similarity,0,0.0666667,0.226583,0,0.0666667,0.00806837,0,0.0666667,0.105121,0,0.0666667,0.0784182,0,0.0666667,0.174648,0,0.0666667,0.147413,0,0.0666667,0.126579,0,0.0666667,0.20824,0,0.0666667,0.144299,0.5,0.4,0
1.5,4.25,2.13086,-2.99573,0.00236407,0.00236407,0.00236407,0.0812914,True,empty floor,sound_similarity,0,0.0666667,0.226583,0,0.0666667,0.00806837,0,0.0666667,0.105121,0,0.0666667,0.0784182,0,0.0666667,0.174648,0,0.0666667,0.147413,0,0.0666667,0.126579,0,0.0666667,0.20824,0,0.0666667,0.144299,0.5,0.4,0
1.25,4.25,2.01023,-2.99573,0.00236407,0.00236407,0.00236407,0.0812914,True,empty floor,sound_similarity,0,0.0666667,0.226583,0,0.0666667,0.00806837,0,0.0666667,0.105121,0,0.0666667,0.0784182,0,0.0666667,0.174648,0,0.0666667,0.147413,0,0.0666667,0.126579,0,0.0666667,0.20824,0,0.0666667,0.144299,0.5,0.4,0
1,4.25,1.91481,-2.99573,0.00236407,0.00236407,0.00236407,0.0812914,True,empty floor,sound_similarity,0,0.0666667,0.226583,0,0.0666667,0.00806837,0,0.0666667,0.105121,0,0.0666667,0.0784182,0,0.0666667,0.174648,0,0.0666667,0.147413,0,0.0666667,0.126579,0,0.0666667,0.20824,0,0.0666667,0.144299,0.5,0.4,0
0.75,4.25,1.8485,-2.99573,0.00236407,0.00236407,0.00236407,0.0812914,True,empty floor,sound_similarity,0,0.0666667,0.226583,0,0.0666667,0.00806837,0,0.0666667,0.105121,0,0.0666667,0.0784182,0,0.0666667,0.174648,0,0.0666667,0.147413,0,0.0666667,0.126579,0,0.0666667,0.20824,0,0.0666667,0.144299,0.5,0.4,0
0.5,4.25,1.8145,-2.99573,0.00236407,0.00236407,0.00236407,0.0812914,True,empty floor,sound_similarity,0,0.0666667,0.226583,0,0.0666667,0.00806837,0,0.0666667,0.105121,0,0.0666667,0.0784182,0,0.0666667,0.174648,0,0.0666667,0.147413,0,0.0666667,0.126579,0,0.0666667,0.20824,0,0.0666667,0.144299,0.5,0.4,0
0.25,4.25,1.81463,-2.99573,0.00236407,0.00236407,0.00236407,0.0812914,True,empty floor,sound_similarity,0,0.0666667,0.226583,0,0.0666667,0.00806837,0,0.0666667,0.105121,0,0.0666667,0.0784182,0,0.0666667,0.174648,0,0.0666667,0.147413,0,0.0666667,0.126579,0,0.0666667,0.20824,0,0.0666667,0.144299,0.5,0.4,0
0,4.25,1.84887,-2.99573,0.00236407,0.00236407,0.00236407,0.0812914,True,empty floor,sound_similarity,0,0.0666667,0.226583,0,0.0666667,0.00806837,0,0.0666667,0.105121,0,0.0666667,0.0784182,0,0.0666667,0.174648,0,0.0666667,0.147413,0,0.0666667,0.126579,0,0.0666667,0.20824,0,0.0666667,0.144299,0.5,0.4,0
-0.25,4.25,1.91541,-2.99573,0.00236407,0.00236407,0.00236407,0.0812914,True,empty floor,sound_similarity,0,0.0666667,0.226583,0,0.0666667,0.00806837,0,0.0666667,0.105121,0,0.0666667,0.0784182,0,0.0666667,0.174648,0,0.0666667,0.147413,0,0.0666667,0.126579,0,0.0666667,0.20824,0,0.0666667,0.144299,0.5,0.4,0
-0.5,4.25,2.01103,-2.9957,0.00236407,0.00236407,0.00236407,0.0812914,True,empty floor,sound_similarity,0,0.0666667,0.226583,0,0.0666667,0.00806837,0,0.0666667,0.105121,0,0.0666667,0.0784182,0,0.0666667,0.174648,0,0.0666667,0.147413,0,0.0666667,0.126579,0,0.0666667,0.20824,0,0.0666667,0.144299,0.5,0.4,0
-0.75,4.25,2.13183,-2.99535,0.00236407,0.00236407,0.00236407,0.0812914,True,empty floor,sound_similarity,0,0.0666667,0.226583,0,0.0666667,0.00806837,0,0.0666667,0.105121,0,0.0666667,0.0784182,0,0.0666667,0.174648,0,0.0666667,0.147413,0,0.0666667,0.126579,0,0.0666667,0.20824,0,0.0666667,0.144299,0.5,0.4,0
-1,4.25,2.2738,-2.99297,0.00236407,0.00236407,0.00236407,0.0812914,True,empty floor,sound_similarity,0,0.0666667,0.226583,0,0.0666667,0.00806837,0,0.0666667,0.105121,0,0.0666667,0.0784182,0,0.0666667,0.174648,0,0.0666667,0.147413,0,0.0666667,0.126579,0,0.0666667,0.20824,0,0.0666667,0.144299,0.5,0.4,0
-1.25,4.25,2.43324,-2.98227,0.00236407,0.00236407,0.00236407,0.0812914,True,empty floor,sound_similarity,0,0.0666667,0.226583,0,0.0666667,0.00806837,0,0.0666667,0.105121,0,0.0666667,0.0784182,0,0.0666667,0.174648,0,0.0666667,0.147413,0,0.0666667,0.126579,0,0.0666667,0.20824,0,0.0666667,0.144299,0.5,0.4,0
-1.5,4.25,2.60693,-2.94835,0.00236407,0.00236407,0.00236407,0.0812914,True,empty floor,sound_similarity,0,0.0666667,0.226583,0,0.0666667,0.00806837,0,0.0666667,0.105121,0,0.0666667,0.0784182,0,0.0666667,0.174648,0,0.0666667,0.147413,0,0.0666667,0.126579,0,0.0666667,0.20824,0,0.0666667,0.144299,0.5,0.4,0
-1.75,4.25,2.79223,-2.86925,0.00236407,0.00236407,0.00236407,0.0812914,True,empty floor,sound_similarity,0,0.0666667,0.226583,0,0.0666667,0.00806837,0,0.0666667,0.105121,0,0.0666667,0.0784182,0,0.0666667,0.174648,0,0.0666667,0.147413,0,0.0666667,0.126579,0,0.0666667,0.20824,0,0.0666667,0.144299,0.5,0.4,0
-2,4.25,2.98697,-2.72851,0.00236407,0.00236407,0.00236407,0.0812914,True,empty floor,sound_similarity,0,0.0666667,0.226583,0,0.0666667,0.00806837,0,0.0666667,0.105121,0,0.0666667,0.0784182,0,0.0666667,0.174648,0,0.0666667,0.147413,0,0.0666667,0.126579,0,0.0666667,0.20824,0,0.0666667,0.144299,0.5,0.4,0
-2.25,4.25,3.18943,-2.5296,0.00236407,0.00236407,0.00236407,0.121937,False,tv,sound_similarity,0,0.1,0.226583,0,0.1,0.00806837,0,0.1,0.105121,0,0.1,0.0784182,0,0.1,0.174648,0,0.1,0.147413,0,0.1,0.126579,0,0.1,0.20824,0,0.1,0.144299,0,0.1,0
2,4,2.62341,-2.99573,0.00236407,0.00236407,0.00236407,0.0812914,True,empty floor,sound_similarity,0,0.0666667,0.226583,0,0.0666667,0.00806837,0,0.0666667,0.105121,0,0.0666667,0.0784182,0,0.0666667,0.174648,0,0.0666667,0.147413,0,0.0666667,0.126579,0,0.0666667,0.20824,0,0.0666667,0.144299,0.5,0.4,0
1.75,4,2.47644,-2.99573,0.00236407,0.00236407,0.00236407,0.0812914,True,empty floor,sound_similarity,0,0.0666667,0.226583,0,0.0666667,0.00806837,0,0.0666667,0.105121,0,0.0666667,0.0784182,0,0.0666667,0.174648,0,0.0666667,0.147413,0,0.0666667,0.126579,0,0.0666667,0.20824,0,0.0666667,0.144299,0.5,0.4,0
1.5,4,2.34696,-2.99573,0.00236407,0.00236407,0.00236407,0.0812914,True,empty floor,sound_similarity,0,0.0666667,0.226583,0,0.0666667,0.00806837,0,0.0666667,0.105121,0,0.0666667,0.0784182,0,0.0666667,0.174648,0,0.0666667,0.147413,0,0.0666667,0.126579,0,0.0666667,0.20824,0,0.0666667,0.144299,0.5,0.4,0
1.25,4,2.23801,-2.99573,0.00236407,0.00236407,0.00236407,0.0609685,True,empty floor,sound_similarity,0,0.05,0.226583,0,0.05,0.00806837,0,0.05,0.105121,0,0.05,0.0784182,0,0.05,0.174648,0,0.05,0.147413,0,0.05,0.126579,0,0.05,0.20824,0,0.05,0.144299,1,0.55,0
1,4,2.1527,-2.99573,0.00236407,0.00236407,0.00236407,0.0812914,True,empty floor,sound_similarity,0,0.0666667,0.226583,0,0.0666667,0.00806837,0,0.0666667,0.105121,0,0.0666667,0.0784182,0,0.0666667,0.174648,0,0.0666667,0.147413,0,0.0666667,0.126579,0,0.0666667,0.20824,0,0.0666667,0.144299,0.5,0.4,0
0.75,4,2.09394,-2.99573,0.00236407,0.00236407,0.00236407,0.0812914,True,empty floor,sound_similarity,0,0.0666667,0.226583,0,0.0666667,0.00806837,0,0.0666667,0.105121,0,0.0666667,0.0784182,0,0.0666667,0.174648,0,0.0666667,0.147413,0,0.0666667,0.126579,0,0.0666667,0.20824,0,0.0666667,0.144299,0.5,0.4,0
0.5,4,2.06399,-2.99573,0.00236407,0.00236407,0.00236407,0.0812914,True,empty floor,sound_similarity,0,0.0666667,0.226583,0,0.0666667,0.00806837,0,0.0666667,0.105121,0,0.0666667,0.0784182,0,0.0666667,0.174648,0,0.0666667,0.147413,0,0.0666667,0.126579,0,0.0666667,0.20824,0,0.0666667,0.144299,0.5,0.4,0
2,4.25,2.43201,-2.99573,0.00236407,0.00236407,0.00236407,0.0812914,True,empty floor,sound_similarity,0,0.0666667,0.226583,0,0.0666667,0.00806837,0,0.0666667,0.105121,0,0.0666667,0.0784182,0,0.0666667,0.174648,0,0.0666667,0.147413,0,0.0666667,0.126579,0,0.0666667,0.20824,0,0.0666667,0.144299,0.5,0.4,0
-2.25,4.5,3.05448,-2.12713,0.00236407,0.00236407,0.00236407,0.0812914,True,empty floor,sound_similarity,0,0.0666667,0.226583,0,0.0666667,0.00806837,0,0.0666667,0.105121,0,0.0666667,0.0784182,0,0.0666667,0.174648,0,0.0666667,0.147413,0,0.0666667,0.126579,0,0.0666667,0.20824,0,0.0666667,0.144299,0.5,0.4,0
-2,4.5,2.84243,-2.40952,0.00236407,0.00236407,0.00236407,0.121937,False,tv,sound_similarity,0,0.1,0.226583,0,0.1,0.00806837,0,0.1,0.105121,0,0.1,0.0784182,0,0.1,0.174648,0,0.1,0.147413,0,0.1,0.126579,0,0.1,0.20824,0,0.1,0.144299,0,0.1,0
1.5,4.5,1.92301,-2.99573,0.00236407,0.00236407,0.00236407,0.0812914,True,empty floor,sound_similarity,0,0.0666667,0.226583,0,0.0666667,0.00806837,0,0.0666667,0.105121,0,0.0666667,0.0784182,0,0.0666667,0.174648,0,0.0666667,0.147413,0,0.0666667,0.126579,0,0.0666667,0.20824,0,0.0666667,0.144299,0.5,0.4,0
-0.25,4.75,1.45208,-2.9957,0.00236407,0.00236407,0.00236407,0.0812914,True,empty floor,sound_similarity,0,0.0666667,0.226583,0,0.0666667,0.00806837,0,0.0666667,0.105121,0,0.0666667,0.0784182,0,0.0666667,0.174648,0,0.0666667,0.147413,0,0.0666667,0.126579,0,0.0666667,0.20824,0,0.0666667,0.144299,0.5,0.4,0
-0.5,4.75,1.57607,-2.99495,0.00236407,0.00236407,0.00236407,0.0812914,True,empty floor,sound_similarity,0,0.0666667,0.226583,0,0.0666667,0.00806837,0,0.0666667,0.105121,0,0.0666667,0.0784182,0,0.0666667,0.174648,0,0.0666667,0.147413,0,0.0666667,0.126579,0,0.0666667,0.20824,0,0.0666667,0.144299,0.5,0.4,0
-0.75,4.75,1.72756,-2.9868,0.00236407,0.00236407,0.00236407,0.0812914,True,empty floor,sound_similarity,0,0.0666667,0.226583,0,0.0666667,0.00806837,0,0.0666667,0.105121,0,0.0666667,0.0784182,0,0.0666667,0.174648,0,0.0666667,0.147413,0,0.0666667,0.126579,0,0.0666667,0.20824,0,0.0666667,0.144299,0.5,0.4,0
-1,4.75,1.89998,-2.94283,0.00236407,0.00236407,0.00236407,0.0812914,True,empty floor,sound_similarity,0,0.0666667,0.226583,0,0.0666667,0.00806837,0,0.0666667,0.105121,0,0.0666667,0.0784182,0,0.0666667,0.174648,0,0.0666667,0.147413,0,0.0666667,0.126579,0,0.0666667,0.20824,0,0.0666667,0.144299,0.5,0.4,0
-1.25,4.75,2.08815,-2.80947,0.00236407,0.00236407,0.00236407,0.0812914,True,empty floor,sound_similarity,0,0.0666667,0.226583,0,0.0666667,0.00806837,0,0.0666667,0.105121,0,0.0666667,0.0784182,0,0.0666667,0.174648,0,0.0666667,0.147413,0,0.0666667,0.126579,0,0.0666667,0.20824,0,0.0666667,0.144299,0.5,0.4,0
-1.5,4.75,2.2882,-2.5595,0.00236407,0.00236407,0.00236407,0.0812914,True,empty floor,sound_similarity,0,0.0666667,0.226583,0,0.0666667,0.00806837,0,0.0666667,0.105121,0,0.0666667,0.0784182,0,0.0666667,0.174648,0,0.0666667,0.147413,0,0.0666667,0.126579,0,0.0666667,0.20824,0,0.0666667,0.144299,0.5,0.4,0
-1.75,4.75,2.49726,-2.23466,0.00236407,0.00236407,0.00236407,0.0812914,True,empty floor,sound_similarity,0,0.0666667,0.226583,0,0.0666667,0.00806837,0,0.0666667,0.105121,0,0.0666667,0.0784182,0,0.0666667,0.174648,0,0.0666667,0.147413,0,0.0666667,0.126579,0,0.0666667,0.20824,0,0.0666667,0.144299,0.5,0.4,0
-2,4.75,2.71326,-1.90032,0.00236407,0.00236407,0.00236407,0.0812914,True,empty floor,sound_similarity,0,0.0666667,0.226583,0,0.0666667,0.00806837,0,0.0666667,0.105121,0,0.0666667,0.0784182,0,0.0666667,0.174648,0,0.0666667,0.147413,0,0.0666667,0.126579,0,0.0666667,0.20824,0,0.0666667,0.144299,0.5,0.4,0
-2.25,4.75,2.93466,-1.5966,0.00236407,0.00236407,0.00236407,0.0609685,True,empty floor,sound_similarity,0,0.05,0.226583,0,0.05,0.00806837,0,0.05,0.105121,0,0.05,0.0784182,0,0.05,0.174648,0,0.05,0.147413,0,0.05,0.126579,0,0.05,0.20824,0,0.05,0.144299,1,0.55,0
2,4.5,2.25212,-2.99573,0.00236407,0.00236407,0.00236407,0.0812914,True,empty floor,sound_similarity,0,0.0666667,0.226583,0,0.0666667,0.00806837,0,0.0666667,0.105121,0,0.0666667,0.0784182,0,0.0666667,0.174648,0,0.0666667,0.147413,0,0.0666667,0.126579,0,0.0666667,0.20824,0,0.0666667,0.144299,0.5,0.4,0
1.25,4.5,1.78841,-2.99573,0.00236407,0.00236407,0.00236407,0.0812914,True,empty floor,sound_similarity,0,0.0666667,0.226583,0,0.0666667,0.00806837,0,0.0666667,0.105121,0,0.0666667,0.0784182,0,0.0666667,0.174648,0,0.0666667,0.147413,0,0.0666667,0.126579,0,0.0666667,0.20824,0,0.0666667,0.144299,0.5,0.4,0
-1.75,4.5,2.63703,-2.66223,0.00236407,0.00236407,0.00236407,0.0812914,True,empty floor,sound_similarity,0,0.0666667,0.226583,0,0.0666667,0.00806837,0,0.0666667,0.105121,0,0.0666667,0.0784182,0,0.0666667,0.174648,0,0.0666667,0.147413,0,0.0666667,0.126579,0,0.0666667,0.20824,0,0.0666667,0.144299,0.5,0.4,0
1,4.5,1.68044,-2.99573,0.00236407,0.00236407,0.00236407,0.0812914,True,empty floor,sound_similarity,0,0.0666667,0.226583,0,0.0666667,0.00806837,0,0.0666667,0.105121,0,0.0666667,0.0784182,0,0.0666667,0.174648,0,0.0666667,0.147413,0,0.0666667,0.126579,0,0.0666667,0.20824,0,0.0666667,0.144299,0.5,0.4,0
0.5,4.5,1.56518,-2.99573,0.00236407,0.00236407,0.00236407,0.0812914,True,empty floor,sound_similarity,0,0.0666667,0.226583,0,0.0666667,0.00806837,0,0.0666667,0.105121,0,0.0666667,0.0784182,0,0.0666667,0.174648,0,0.0666667,0.147413,0,0.0666667,0.126579,0,0.0666667,0.20824,0,0.0666667,0.144299,0.5,0.4,0
0.25,4.5,1.56533,-2.99573,0.00236407,0.00236407,0.00236407,0.0812914,True,empty floor,sound_similarity,0,0.0666667,0.226583,0,0.0666667,0.00806837,0,0.0666667,0.105121,0,0.0666667,0.0784182,0,0.0666667,0.174648,0,0.0666667,0.147413,0,0.0666667,0.126579,0,0.0666667,0.20824,0,0.0666667,0.144299,0.5,0.4,0
0,4.5,1.6049,-2.99573,0.00236407,0.00236407,0.00236407,0.0812914,True,empty floor,sound_similarity,0,0.0666667,0.226583,0,0.0666667,0.00806837,0,0.0666667,0.105121,0,0.0666667,0.0784182,0,0.0666667,0.174648,0,0.0666667,0.147413,0,0.0666667,0.126579,0,0.0666667,0.20824,0,0.0666667,0.144299,0.5,0.4,0
-0.25,4.5,1.68112,-2.99573,0.00236407,0.00236407,0.00236407,0.0812914,True,empty floor,sound_similarity,0,0.0666667,0.226583,0,0.0666667,0.00806837,0,0.0666667,0.105121,0,0.0666667,0.0784182,0,0.0666667,0.174648,0,0.0666667,0.147413,0,0.0666667,0.126579,0,0.0666667,0.20824,0,0.0666667,0.144299,0.5,0.4,0
-0.5,4.5,1.78931,-2.99559,0.00236407,0.00236407,0.00236407,0.0812914,True,empty floor,sound_similarity,0,0.0666667,0.226583,0,0.0666667,0.00806837,0,0.0666667,0.105121,0,0.0666667,0.0784182,0,0.0666667,0.174648,0,0.0666667,0.147413,0,0.0666667,0.126579,0,0.0666667,0.20824,0,0.0666667,0.144299,0.5,0.4,0
-0.75,4.5,1.92408,-2.99407,0.00236407,0.00236407,0.00236407,0.0812914,True,empty floor,sound_similarity,0,0.0666667,0.226583,0,0.0666667,0.00806837,0,0.0666667,0.105121,0,0.0666667,0.0784182,0,0.0666667,0.174648,0,0.0666667,0.147413,0,0.0666667,0.126579,0,0.0666667,0.20824,0,0.0666667,0.144299,0.5,0.4,0
-1,4.5,2.08028,-2.98436,0.00236407,0.00236407,0.00236407,0.0812914,True,empty floor,sound_similarity,0,0.0666667,0.226583,0,0.0666667,0.00806837,0,0.0666667,0.105121,0,0.0666667,0.0784182,0,0.0666667,0.174648,0,0.0666667,0.147413,0,0.0666667,0.126579,0,0.0666667,0.20824,0,0.0666667,0.144299,0.5,0.4,0
-1.25,4.5,2.25344,-2.94609,0.00236407,0.00236407,0.00236407,0.0812914,True,empty floor,sound_similarity,0,0.0666667,0.226583,0,0.0666667,0.00806837,0,0.0666667,0.105121,0,0.0666667,0.0784182,0,0.0666667,0.174648,0,0.0666667,0.147413,0,0.0666667,0.126579,0,0.0666667,0.20824,0,0.0666667,0.144299,0.5,0.4,0
-1.5,4.5,2.43997,-2.84598,0.00236407,0.00236407,0.00236407,0.0812914,True,empty floor,sound_similarity,0,0.0666667,0.226583,0,0.0666667,0.00806837,0,0.0666667,0.105121,0,0.0666667,0.0784182,0,0.0666667,0.174648,0,0.0666667,0.147413,0,0.0666667,0.126579,0,0.0666667,0.20824,0,0.0666667,0.144299,0.5,0.4,0
0.25,4,2.0641,-2.99573,0.00236407,0.00236407,0.00236407,0.0812914,True,empty floor,sound_similarity,0,0.0666667,0.226583,0,0.0666667,0.00806837,0,0.0666667,0.105121,0,0.0666667,0.0784182,0,0.0666667,0.174648,0,0.0666667,0.147413,0,0.0666667,0.126579,0,0.0666667,0.20824,0,0.0666667,0.144299,0.5,0.4,0
-0.25,4,2.15324,-2.99573,0.00236407,0.00236407,0.00236407,0.0812914,True,empty floor,sound_similarity,0,0.0666667,0.226583,0,0.0666667,0.00806837,0,0.0666667,0.105121,0,0.0666667,0.0784182,0,0.0666667,0.174648,0,0.0666667,0.147413,0,0.0666667,0.126579,0,0.0666667,0.20824,0,0.0666667,0.144299,0.5,0.4,0
0,3.25,2.83529,-2.99573,0.00236407,0.00236407,0.00236407,0.0812914,True,empty floor,sound_similarity,0,0.0666667,0.226583,0,0.0666667,0.00806837,0,0.0666667,0.105121,0,0.0666667,0.0784182,0,0.0666667,0.174648,0,0.0666667,0.147413,0,0.0666667,0.126579,0,0.0666667,0.20824,0,0.0666667,0.144299,0.5,0.4,0
-0.5,4,2.23872,-2.99572,0.00236407,0.00236407,0.00236407,0.0812914,True,empty floor,sound_similarity,0,0.0666667,0.226583,0,0.0666667,0.00806837,0,0.0666667,0.105121,0,0.0666667,0.0784182,0,0.0666667,0.174648,0,0.0666667,0.147413,0,0.0666667,0.126579,0,0.0666667,0.20824,0,0.0666667,0.144299,0.5,0.4,0
1.25,3.5,2.70535,-2.99573,0.00236407,0.00236407,0.00236407,0.0812914,True,empty floor,sound_similarity,0,0.0666667,0.226583,0,0.0666667,0.00806837,0,0.0666667,0.105121,0,0.0666667,0.0784182,0,0.0666667,0.174648,0,0.0666667,0.147413,0,0.0666667,0.126579,0,0.0666667,0.20824,0,0.0666667,0.144299,0.5,0.4,0
1,3.5,2.63522,-2.99573,0.00236407,0.00236407,0.00236407,0.0812914,True,empty floor,sound_similarity,0,0.0666667,0.226583,0,0.0666667,0.00806837,0,0.0666667,0.105121,0,0.0666667,0.0784182,0,0.0666667,0.174648,0,0.0666667,0.147413,0,0.0666667,0.126579,0,0.0666667,0.20824,0,0.0666667,0.144299,0.5,0.4,0
0.75,3.5,2.58744,-2.99573,0.00236407,0.00236407,0.00236407,0.0812914,True,empty floor,sound_similarity,0,0.0666667,0.226583,0,0.0666667,0.00806837,0,0.0666667,0.105121,0,0.0666667,0.0784182,0,0.0666667,0.174648,0,0.0666667,0.147413,0,0.0666667,0.126579,0,0.0666667,0.20824,0,0.0666667,0.144299,0.5,0.4,0
0.5,3.5,2.56326,-2.99573,0.00236407,0.00236407,0.00236407,0.0812914,True,empty floor,sound_similarity,0,0.0666667,0.226583,0,0.0666667,0.00806837,0,0.0666667,0.105121,0,0.0666667,0.0784182,0,0.0666667,0.174648,0,0.0666667,0.147413,0,0.0666667,0.126579,0,0.0666667,0.20824,0,0.0666667,0.144299,0.5,0.4,0
0.25,3.5,2.56335,-2.99573,0.00236407,0.00236407,0.00236407,0.0812914,True,empty floor,sound_similarity,0,0.0666667,0.226583,0,0.0666667,0.00806837,0,0.0666667,0.105121,0,0.0666667,0.0784182,0,0.0666667,0.174648,0,0.0666667,0.147413,0,0.0666667,0.126579,0,0.0666667,0.20824,0,0.0666667,0.144299,0.5,0.4,0
0,3.5,2.58771,-2.99573,0.00236407,0.00236407,0.00236407,0.0812914,True,empty floor,sound_similarity,0,0.0666667,0.226583,0,0.0666667,0.00806837,0,0.0666667,0.105121,0,0.0666667,0.0784182,0,0.0666667,0.174648,0,0.0666667,0.147413,0,0.0666667,0.126579,0,0.0666667,0.20824,0,0.0666667,0.144299,0.5,0.4,0
-0.25,3.5,2.63566,-2.99573,0.00236407,0.00236407,0.00236407,0.0812914,True,empty floor,sound_similarity,0,0.0666667,0.226583,0,0.0666667,0.00806837,0,0.0666667,0.105121,0,0.0666667,0.0784182,0,0.0666667,0.174648,0,0.0666667,0.147413,0,0.0666667,0.126579,0,0.0666667,0.20824,0,0.0666667,0.144299,0.5,0.4,0
-0.5,3.5,2.70595,-2.99573,0.00236407,0.00236407,0.00236407,0.0812914,True,empty floor,sound_similarity,0,0.0666667,0.226583,0,0.0666667,0.00806837,0,0.0666667,0.105121,0,0.0666667,0.0784182,0,0.0666667,0.174648,0,0.0666667,0.147413,0,0.0666667,0.126579,0,0.0666667,0.20824,0,0.0666667,0.144299,0.5,0.4,0
-0.75,3.5,2.79689,-2.99572,0.00236407,0.00236407,0.00236407,0.0812914,True,empty floor,sound_similarity,0,0.0666667,0.226583,0,0.0666667,0.00806837,0,0.0666667,0.105121,0,0.0666667,0.0784182,0,0.0666667,0.174648,0,0.0666667,0.147413,0,0.0666667,0.126579,0,0.0666667,0.20824,0,0.0666667,0.144299,0.5,0.4,0
-1,3.5,2.90655,-2.99564,0.00236407,0.00236407,0.00236407,0.0812914,True,empty floor,sound_similarity,0,0.0666667,0.226583,0,0.0666667,0.00806837,0,0.0666667,0.105121,0,0.0666667,0.0784182,0,0.0666667,0.174648,0,0.0666667,0.147413,0,0.0666667,0.126579,0,0.0666667,0.20824,0,0.0666667,0.144299,0.5,0.4,0
-1.25,3.5,3.03291,-2.99526,0.00236407,0.00236407,0.00236407,0.0812914,True,empty floor,sound_similarity,0,0.0666667,0.226583,0,0.0666667,0.00806837,0,0.0666667,0.105121,0,0.0666667,0.0784182,0,0.0666667,0.174648,0,0.0666667,0.147413,0,0.0666667,0.126579,0,0.0666667,0.20824,0,0.0666667,0.144299,0.5,0.4,0
-1.5,3.5,3.17395,-2.9938,0.00236407,0.00236407,0.00236407,0.0812914,True,empty floor,sound_similarity,0,0.0666667,0.226583,0,0.0666667,0.00806837,0,0.0666667,0.105121,0,0.0666667,0.0784182,0,0.0666667,0.174648,0,0.0666667,0.147413,0,0.0666667,0.126579,0,0.0666667,0.20824,0,0.0666667,0.144299,0.5,0.4,0
-1.75,3.5,3.32783,-2.98927,0.00236407,0.00236407,0.00236407,0.0812914,True,empty floor,sound_similarity,0,0.0666667,0.226583,0,0.0666667,0.00806837,0,0.0666667,0.105121,0,0.0666667,0.0784182,0,0.0666667,0.174648,0,0.0666667,0.147413,0,0.0666667,0.126579,0,0.0666667,0.20824,0,0.0666667,0.144299,0.5,0.4,0
-2,3.5,3.49283,-2.9776,0.00236407,0.00236407,0.00236407,0.0812914,True,empty floor,sound_similarity,0,0.0666667,0.226583,0,0.0666667,0.00806837,0,0.0666667,0.105121,0,0.0666667,0.0784182,0,0.0666667,0.174648,0,0.0666667,0.147413,0,0.0666667,0.126579,0,0.0666667,0.20824,0,0.0666667,0.144299,0.5,0.4,0
-2.25,3.5,3.66747,-2.95227,0.00236407,0.00236407,0.00236407,0.0812914,True,empty floor,sound_similarity,0,0.0666667,0.226583,0,0.0666667,0.00806837,0,0.0666667,0.105121,0,0.0666667,0.0784182,0,0.0666667,0.174648,0,0.0666667,0.147413,0,0.0666667,0.126579,0,0.0666667,0.20824,0,0.0666667,0.144299,0.5,0.4,0
2,3.25,3.24579,-2.99573,0.00236407,0.00236407,0.00236407,0.0812914,True,empty floor,sound_similarity,0,0.0666667,0.226583,0,0.0666667,0.00806837,0,0.0666667,0.105121,0,0.0666667,0.0784182,0,0.0666667,0.174648,0,0.0666667,0.147413,0,0.0666667,0.126579,0,0.0666667,0.20824,0,0.0666667,0.144299,0.5,0.4,0
1.75,3.25,3.1282,-2.99573,0.00236407,0.00236407,0.00236407,0.0812914,True,empty floor,sound_similarity,0,0.0666667,0.226583,0,0.0666667,0.00806837,0,0.0666667,0.105121,0,0.0666667,0.0784182,0,0.0666667,0.174648,0,0.0666667,0.147413,0,0.0666667,0.126579,0,0.0666667,0.20824,0,0.0666667,0.144299,0.5,0.4,0
1.5,3.25,3.02673,-2.99573,0.00236407,0.00236407,0.00236407,0.0609685,True,empty floor,sound_similarity,0,0.05,0.226583,0,0.05,0.00806837,0,0.05,0.105121,0,0.05,0.0784182,0,0.05,0.174648,0,0.05,0.147413,0,0.05,0.126579,0,0.05,0.20824,0,0.05,0.144299,1,0.55,0
1.25,3.25,2.94305,-2.99573,0.00236407,0.00236407,0.00236407,0.0812914,True,empty floor,sound_similarity,0,0.0666667,0.226583,0,0.0666667,0.00806837,0,0.0666667,0.105121,0,0.0666667,0.0784182,0,0.0666667,0.174648,0,0.0666667,0.147413,0,0.0666667,0.126579,0,0.0666667,0.20824,0,0.0666667,0.144299,0.5,0.4,0
1,3.25,2.87872,-2.99573,0.00236407,0.00236407,0.00236407,0.0812914,True,empty floor,sound_similarity,0,0.0666667,0.226583,0,0.0666667,0.00806837,0,0.0666667,0.105121,0,0.0666667,0.0784182,0,0.0666667,0.174648,0,0.0666667,0.147413,0,0.0666667,0.126579,0,0.0666667,0.20824,0,0.0666667,0.144299,0.5,0.4,0
0.75,3.25,2.83504,-2.99573,0.00236407,0.00236407,0.00236407,0.0812914,True,empty floor,sound_similarity,0,0.0666667,0.226583,0,0.0666667,0.00806837,0,0.0666667,0.105121,0,0.0666667,0.0784182,0,0.0666667,0.174648,0,0.0666667,0.147413,0,0.0666667,0.126579,0,0.0666667,0.20824,0,0.0666667,0.144299,0.5,0.4,0
0.5,3.25,2.81299,-2.99573,0.00236407,0.00236407,0.00236407,0.0812914,True,empty floor,sound_similarity,0,0.0666667,0.226583,0,0.0666667,0.00806837,0,0.0666667,0.105121,0,0.0666667,0.0784182,0,0.0666667,0.174648,0,0.0666667,0.147413,0,0.0666667,0.126579,0,0.0666667,0.20824,0,0.0666667,0.144299,0.5,0.4,0
0.25,3.25,2.81307,-2.99573,0.00236407,0.00236407,0.00236407,0.0812914,True,empty floor,sound_similarity,0,0.0666667,0.226583,0,0.0666667,0.00806837,0,0.0666667,0.105121,0,0.0666667,0.0784182,0,0.0666667,0.174648,0,0.0666667,0.147413,0,0.0666667,0.126579,0,0.0666667,0.20824,0,0.0666667,0.144299,0.5,0.4,0
1.5,3.5,2.79615,-2.99573,0.00236407,0.00236407,0.00236407,0.0812914,True,empty floor,sound_similarity,0,0.0666667,0.226583,0,0.0666667,0.00806837,0,0.0666667,0.105121,0,0.0666667,0.0784182,0,0.0666667,0.174648,0,0.0666667,0.147413,0,0.0666667,0.126579,0,0.0666667,0.20824,0,0.0666667,0.144299,0.5,0.4,0
1.75,3.5,2.90569,-2.99573,0.00236407,0.00236407,0.00236407,0.0812914,True,empty floor,sound_similarity,0,0.0666667,0.226583,0,0.0666667,0.00806837,0,0.0666667,0.105121,0,0.0666667,0.0784182,0,0.0666667,0.174648,0,0.0666667,0.147413,0,0.0666667,0.126579,0,0.0666667,0.20824,0,0.0666667,0.144299,0.5,0.4,0
-2.25,3.75,3.49753,-2.89657,0.00236407,0.00236407,0.00236407,0.0812914,True,empty floor,sound_similarity,0,0.0666667,0.226583,0,0.0666667,0.00806837,0,0.0666667,0.105121,0,0.0666667,0.0784182,0,0.0666667,0.174648,0,0.0666667,0.147413,0,0.0666667,0.126579,0,0.0666667,0.20824,0,0.0666667,0.144299,0.5,0.4,0
1,3.75,2.39306,-2.99573,0.00236407,0.00236407,0.00236407,0.0812914,True,empty floor,sound_similarity,0,0.0666667,0.226583,0,0.0666667,0.00806837,0,0.0666667,0.105121,0,0.0666667,0.0784182,0,0.0666667,0.174648,0,0.0666667,0.147413,0,0.0666667,0.126579,0,0.0666667,0.20824,0,0.0666667,0.144299,0.5,0.4,0
-0.75,4,2.34784,-2.99562,0.00236407,0.00236407,0.00236407,0.0812914,True,empty floor,sound_similarity,0,0.0666667,0.226583,0,0.0666667,0.00806837,0,0.0666667,0.105121,0,0.0666667,0.0784182,0,0.0666667,0.174648,0,0.0666667,0.147413,0,0.0666667,0.126579,0,0.0666667,0.20824,0,0.0666667,0.144299,0.5,0.4,0
-1,4,2.47746,-2.99495,0.00236407,0.00236407,0.00236407,0.0812914,True,empty floor,sound_similarity,0,0.0666667,0.226583,0,0.0666667,0.00806837,0,0.0666667,0.105121,0,0.0666667,0.0784182,0,0.0666667,0.174648,0,0.0666667,0.147413,0,0.0666667,0.126579,0,0.0666667,0.20824,0,0.0666667,0.144299,0.5,0.4,0
-1.25,4,2.62455,-2.99176,0.00236407,0.00236407,0.00236407,0.0812914,True,empty floor,sound_similarity,0,0.0666667,0.226583,0,0.0666667,0.00806837,0,0.0666667,0.105121,0,0.0666667,0.0784182,0,0.0666667,0.174648,0,0.0666667,0.147413,0,0.0666667,0.126579,0,0.0666667,0.20824,0,0.0666667,0.144299,0.5,0.4,0
-1.5,4,2.78635,-2.98048,0.00236407,0.00236407,0.00236407,0.0812914,True,empty floor,sound_similarity,0,0.0666667,0.226583,0,0.0666667,0.00806837,0,0.0666667,0.105121,0,0.0666667,0.0784182,0,0.0666667,0.174648,0,0.0666667,0.147413,0,0.0666667,0.126579,0,0.0666667,0.20824,0,0.0666667,0.144299,0.5,0.4,0
-1.75,4,2.96044,-2.95001,0.00236407,0.00236407,0.00236407,0.0812914,True,empty floor,sound_similarity,0,0.0666667,0.226583,0,0.0666667,0.00806837,0,0.0666667,0.105121,0,0.0666667,0.0784182,0,0.0666667,0.174648,0,0.0666667,0.147413,0,0.0666667,0.126579,0,0.0666667,0.20824,0,0.0666667,0.144299,0.5,0.4,0
-2,4,3.14478,-2.88514,0.00236407,0.00236407,0.00236407,0.0650027,True,chair,sound_similarity,0,0.05,0.226583,1,0.55,0.00806837,0,0.05,0.105121,0,0.05,0.0784182,0,0.05,0.174648,0,0.05,0.147413,0,0.05,0.126579,0,0.05,0.20824,0,0.05,0.144299,0,0.05,0
-2.25,4,3.33768,-2.77352,0.00236407,0.00236407,0.00236407,0.0812914,True,empty floor,sound_similarity,0,0.0666667,0.226583,0,0.0666667,0.00806837,0,0.0666667,0.105121,0,0.0666667,0.0784182,0,0.0666667,0.174648,0,0.0666667,0.147413,0,0.0666667,0.126579,0,0.0666667,0.20824,0,0.0666667,0.144299,0.5,0.4,0
1.75,3.75,2.68801,-2.99573,0.00236407,0.00236407,0.00236407,0.0812914,True,empty floor,sound_similarity,0,0.0666667,0.226583,0,0.0666667,0.00806837,0,0.0666667,0.105121,0,0.0666667,0.0784182,0,0.0666667,0.174648,0,0.0666667,0.147413,0,0.0666667,0.126579,0,0.0666667,0.20824,0,0.0666667,0.144299,0.5,0.4,0
1.5,3.75,2.56921,-2.99573,0.00236407,0.00236407,0.00236407,0.0812914,True,empty floor,sound_similarity,0,0.0666667,0.226583,0,0.0666667,0.00806837,0,0.0666667,0.105121,0,0.0666667,0.0784182,0,0.0666667,0.174648,0,0.0666667,0.147413,0,0.0666667,0.126579,0,0.0666667,0.20824,0,0.0666667,0.144299,0.5,0.4,0
1.25,3.75,2.47008,-2.99573,0.00236407,0.00236407,0.00236407,0.0609685,True,empty floor,sound_similarity,0,0.05,0.226583,0,0.05,0.00806837,0,0.05,0.105121,0,0.05,0.0784182,0,0.05,0.174648,0,0.05,0.147413,0,0.05,0.126579,0,0.05,0.20824,0,0.05,0.144299,1,0.55,0
0.75,3.75,2.34035,-2.99573,0.00236407,0.00236407,0.00236407,0.0812914,True,empty floor,sound_similarity,0,0.0666667,0.226583,0,0.0666667,0.00806837,0,0.0666667,0.105121,0,0.0666667,0.0784182,0,0.0666667,0.174648,0,0.0666667,0.147413,0,0.0666667,0.126579,0,0.0666667,0.20824,0,0.0666667,0.144299,0.5,0.4,0
-2,3.75,3.31395,-2.95127,0.00236407,0.00236407,0.00236407,0.0812914,True,empty floor,sound_similarity,0,0.0666667,0.226583,0,0.0666667,0.00806837,0,0.0666667,0.105121,0,0.0666667,0.0784182,0,0.0666667,0.174648,0,0.0666667,0.147413,0,0.0666667,0.126579,0,0.0666667,0.20824,0,0.0666667,0.144299,0.5,0.4,0
0.5,3.75,2.31359,-2.99573,0.00236407,0.00236407,0.00236407,0.0812914,True,empty floor,sound_similarity,0,0.0666667,0.226583,0,0.0666667,0.00806837,0,0.0666667,0.105121,0,0.0666667,0.0784182,0,0.0666667,0.174648,0,0.0666667,0.147413,0,0.0666667,0.126579,0,0.0666667,0.20824,0,0.0666667,0.144299,0.5,0.4,0
0.25,3.75,2.31368,-2.99573,0.00236407,0.00236407,0.00236407,0.0812914,True,empty floor,sound_similarity,0,0.0666667,0.226583,0,0.0666667,0.00806837,0,0.0666667,0.105121,0,0.0666667,0.0784182,0,0.0666667,0.174648,0,0.0666667,0.147413,0,0.0666667,0.126579,0,0.0666667,0.20824,0,0.0666667,0.144299,0.5,0.4,0
0,3.75,2.34064,-2.99573,0.00236407,0.00236407,0.00236407,0.0812914,True,empty floor,sound_similarity,0,0.0666667,0.226583,0,0.0666667,0.00806837,0,0.0666667,0.105121,0,0.0666667,0.0784182,0,0.0666667,0.174648,0,0.0666667,0.147413,0,0.0666667,0.126579,0,0.0666667,0.20824,0,0.0666667,0.144299,0.5,0.4,0
-0.25,3.75,2.39354,-2.99573,0.00236407,0.00236407,0.00236407,0.0812914,True,empty floor,sound_similarity,0,0.0666667,0.226583,0,0.0666667,0.00806837,0,0.0666667,0.105121,0,0.0666667,0.0784182,0,0.0666667,0.174648,0,0.0666667,0.147413,0,0.0666667,0.126579,0,0.0666667,0.20824,0,0.0666667,0.144299,0.5,0.4,0
-0.5,3.75,2.47073,-2.99573,0.00236407,0.00236407,0.00236407,0.0812914,True,empty floor,sound_similarity,0,0.0666667,0.226583,0,0.0666667,0.00806837,0,0.0666667,0.105121,0,0.0666667,0.0784182,0,0.0666667,0.174648,0,0.0666667,0.147413,0,0.0666667,0.126579,0,0.0666667,0.20824,0,0.0666667,0.144299,0.5,0.4,0
-0.75,3.75,2.57001,-2.99569,0.00236407,0.00236407,0.00236407,0.0812914,True,empty floor,sound_similarity,0,0.0666667,0.226583,0,0.0666667,0.00806837,0,0.0666667,0.105121,0,0.0666667,0.0784182,0,0.0666667,0.174648,0,0.0666667,0.147413,0,0.0666667,0.126579,0,0.0666667,0.20824,0,0.0666667,0.144299,0.5,0.4,0
-1,3.75,2.68895,-2.99548,0.00236407,0.00236407,0.00236407,0.0812914,True,empty floor,sound_similarity,0,0.0666667,0.226583,0,0.0666667,0.00806837,0,0.0666667,0.105121,0,0.0666667,0.0784182,0,0.0666667,0.174648,0,0.0666667,0.147413,0,0.0666667,0.126579,0,0.0666667,0.20824,0,0.0666667,0.144299,0.5,0.4,0
-1.25,3.75,2.82505,-2.99443,0.00236407,0.00236407,0.00236407,0.0812914,True,empty floor,sound_similarity,0,0.0666667,0.226583,0,0.0666667,0.00806837,0,0.0666667,0.105121,0,0.0666667,0.0784182,0,0.0666667,0.174648,0,0.0666667,0.147413,0,0.0666667,0.126579,0,0.0666667,0.20824,0,0.0666667,0.144299,0.5,0.4,0
-1.5,3.75,2.97596,-2.99051,0.00236407,0.00236407,0.00236407,0.0812914,True,empty floor,sound_similarity,0,0.0666667,0.226583,0,0.0666667,0.00806837,0,0.0666667,0.105121,0,0.0666667,0.0784182,0,0.0666667,0.174648,0,0.0666667,0.147413,0,0.0666667,0.126579,0,0.0666667,0.20824,0,0.0666667,0.144299,0.5,0.4,0
-1.75,3.75,3.13956,-2.97894,0.00236407,0.00236407,0.00236407,0.0812914,True,empty floor,sound_similarity,0,0.0666667,0.226583,0,0.0666667,0.00806837,0,0.0666667,0.105121,0,0.0666667,0.0784182,0,0.0666667,0.174648,0,0.0666667,0.147413,0,0.0666667,0.126579,0,0.0666667,0.20824,0,0.0666667,0.144299,0.5,0.4,0
2,7.75,2.34369,-2.99573,0.00236407,0.00236407,0.00236407,0.0812914,True,empty floor,sound_similarity,0,0.0666667,0.226583,0,0.0666667,0.00806837,0,0.0666667,0.105121,0,0.0666667,0.0784182,0,0.0666667,0.174648,0,0.0666667,0.147413,0,0.0666667,0.126579,0,0.0666667,0.20824,0,0.0666667,0.144299,0.5,0.4,0
