x,y,dist_robot,snd_loglik,snd_post,vis_post,fused,vis_like,observed,mle_class,vis_phrase_source,ev_tv,post_tv,sim_tv,ev_chair,post_chair,sim_chair,ev_couch,post_couch,sim_couch,ev_toilet,post_toilet,sim_toilet,ev_microwave,post_microwave,sim_microwave,ev_oven,post_oven,sim_oven,ev_sink,post_sink,sim_sink,ev_refrigerator,post_refrigerator,sim_refrigerator,ev_clock,post_clock,sim_clock,ev_empty_floor,post_empty_floor,sim_empty_floor
-1.5,7.75,2.41416,-0.0307055,0.057118,0.00282577,0.0304101,0.117528,True,empty floor,sound_similarity,0,0.0666667,0.240691,0,0.0666667,0.118506,0,0.0666667,0.271224,0,0.0666667,0.145343,0,0.0666667,0.1565,0,0.0666667,0.265081,0,0.0666667,0.144166,0,0.0666667,0.233515,0,0.0666667,0.187891,0.5,0.4,0
-1.25,7.5,2.06131,-0.0447453,0.0568205,0.00282577,0.0303308,0.117528,True,empty floor,sound_similarity,0,0.0666667,0.240691,0,0.0666667,0.118506,0,0.0666667,0.271224,0,0.0666667,0.145343,0,0.0666667,0.1565,0,0.0666667,0.265081,0,0.0666667,0.144166,0,0.0666667,0.233515,0,0.0666667,0.187891,0.5,0.4,0
-1,7.25,1.70877,-0.0690472,0.0558912,0.00282577,0.0300818,0.117528,True,empty floor,sound_similarity,0,0.0666667,0.240691,0,0.0666667,0.118506,0,0.0666667,0.271224,0,0.0666667,0.145343,0,0.0666667,0.1565,0,0.0666667,0.265081,0,0.0666667,0.144166,0,0.0666667,0.233515,0,0.0666667,0.187891,0.5,0.4,0
-1.75,7.75,2.60629,-0.164014,0.0536978,0.00282577,0.0294856,0.117528,True,empty floor,sound_similarity,0,0.0666667,0.240691,0,0.0666667,0.118506,0,0.0666667,0.271224,0,0.0666667,0.145343,0,0.0666667,0.1565,0,0.0666667,0.265081,0,0.0666667,0.144166,0,0.0666667,0.233515,0,0.0666667,0.187891,0.5,0.4,0
-0.75,7,1.35674,-0.115922,0.0533872,0.00282577,0.0294002,0.117528,True,empty floor,sound_similarity,0,0.0666667,0.240691,0,0.0666667,0.118506,0,0.0666667,0.271224,0,0.0666667,0.145343,0,0.0666667,0.1565,0,0.0666667,0.265081,0,0.0666667,0.144166,0,0.0666667,0.233515,0,0.0666667,0.187891,0.5,0.4,0
-1.5,7.5,2.25579,-0.224227,0.050036,0.00282577,0.0284625,0.117528,True,empty floor,sound_similarity,0,0.0666667,0.240691,0,0.0666667,0.118506,0,0.0666667,0.271224,0,0.0666667,0.145343,0,0.0666667,0.1565,0,0.0666667,0.265081,0,0.0666667,0.144166,0,0.0666667,0.233515,0,0.0666667,0.187891,0.5,0.4,0
-1.25,7.75,2.23351,-0.00884843,0.0483188,0.00282577,0.0279698,0.117528,True,empty floor,sound_similarity,0,0.0666667,0.240691,0,0.0666667,0.118506,0,0.0666667,0.271224,0,0.0666667,0.145343,0,0.0666667,0.1565,0,0.0666667,0.265081,0,0.0666667,0.144166,0,0.0666667,0.233515,0,0.0666667,0.187891,0.5,0.4,0
-0.5,6.75,1.00579,-0.222744,0.0465452,0.00282577,0.0274517,0.117528,True,empty floor,sound_similarity,0,0.0666667,0.240691,0,0.0666667,0.118506,0,0.0666667,0.271224,0,0.0666667,0.145343,0,0.0666667,0.1565,0,0.0666667,0.265081,0,0.0666667,0.144166,0,0.0666667,0.233515,0,0.0666667,0.187891,0.5,0.4,0
-0.75,7.25,1.52653,-0.0145356,0.0462367,0.00282577,0.0273606,0.117528,True,empty floor,sound_similarity,0,0.0666667,0.240691,0,0.0666667,0.118506,0,0.0666667,0.271224,0,0.0666667,0.145343,0,0.0666667,0.1565,0,0.0666667,0.265081,0,0.0666667,0.144166,0,0.0666667,0.233515,0,0.0666667,0.187891,0.5,0.4,0
-0.5,7,1.1731,-0.0212519,0.0442893,0.00282577,0.0267782,0.117528,True,empty floor,sound_similarity,0,0.0666667,0.240691,0,0.0666667,0.118506,0,0.0666667,0.271224,0,0.0666667,0.145343,0,0.0666667,0.1565,0,0.0666667,0.265081,0,0.0666667,0.144166,0,0.0666667,0.233515,0,0.0666667,0.187891,0.5,0.4,0
-1.25,7.25,1.90643,-0.321243,0.0438189,0.00282577,0.0266356,0.117528,True,empty floor,sound_similarity,0,0.0666667,0.240691,0,0.0666667,0.118506,0,0.0666667,0.271224,0,0.0666667,0.145343,0,0.0666667,0.1565,0,0.0666667,0.265081,0,0.0666667,0.144166,0,0.0666667,0.233515,0,0.0666667,0.187891,0.5,0.4,0
-0.25,6.75,0.819779,-0.037138,0.0407063,0.00282577,0.0256722,0.117528,True,empty floor,sound_similarity,0,0.0666667,0.240691,0,0.0666667,0.118506,0,0.0666667,0.271224,0,0.0666667,0.145343,0,0.0666667,0.1565,0,0.0666667,0.265081,0,0.0666667,0.144166,0,0.0666667,0.233515,0,0.0666667,0.187891,0.5,0.4,0
-1.75,7.5,2.46032,-0.476102,0.0352953,0.00282577,0.0239051,0.117528,True,empty floor,sound_similarity,0,0.0666667,0.240691,0,0.0666667,0.118506,0,0.0666667,0.271224,0,0.0666667,0.145343,0,0.0666667,0.1565,0,0.0666667,0.265081,0,0.0666667,0.144166,0,0.0666667,0.233515,0,0.0666667,0.187891,0.5,0.4,0
-1,7,1.55895,-0.490731,0.0334665,0.00282577,0.0232775,0.117528,True,empty floor,sound_similarity,0,0.0666667,0.240691,0,0.0666667,0.118506,0,0.0666667,0.271224,0,0.0666667,0.145343,0,0.0666667,0.1565,0,0.0666667,0.265081,0,0.0666667,0.144166,0,0.0666667,0.233515,0,0.0666667,0.187891,0.5,0.4,0
0,6.5,0.466803,-0.0963832,0.0317147,0.00282577,0.0226601,0.117528,True,empty floor,sound_similarity,0,0.0666667,0.240691,0,0.0666667,0.118506,0,0.0666667,0.271224,0,0.0666667,0.145343,0,0.0666667,0.1565,0,0.0666667,0.265081,0,0.0666667,0.144166,0,0.0666667,0.233515,0,0.0666667,0.187891,0.5,0.4,0
-2.25,7.75,3.0161,-0.588387,0.0294282,0.00282577,0.021828,0.117528,True,empty floor,sound_similarity,0,0.0666667,0.240691,0,0.0666667,0.118506,0,0.0666667,0.271224,0,0.0666667,0.145343,0,0.0666667,0.1565,0,0.0666667,0.265081,0,0.0666667,0.144166,0,0.0666667,0.233515,0,0.0666667,0.187891,0.5,0.4,0
-1,7.75,2.06736,-0.166146,0.0279093,0.00282577,0.0212572,0.117528,True,empty floor,sound_similarity,0,0.0666667,0.240691,0,0.0666667,0.118506,0,0.0666667,0.271224,0,0.0666667,0.145343,0,0.0666667,0.1565,0,0.0666667,0.265081,0,0.0666667,0.144166,0,0.0666667,0.233515,0,0.0666667,0.187891,0.5,0.4,0
-0.25,6.5,0.657634,-0.547256,0.0273779,0.00282577,0.0210539,0.117528,True,empty floor,sound_similarity,0,0.0666667,0.240691,0,0.0666667,0.118506,0,0.0666667,0.271224,0,0.0666667,0.145343,0,0.0666667,0.1565,0,0.0666667,0.265081,0,0.0666667,0.144166,0,0.0666667,0.233515,0,0.0666667,0.187891,0.5,0.4,0
-1.5,7.25,2.11519,-0.651751,0.0258511,0.00282577,0.0204584,0.117528,True,empty floor,sound_similarity,0,0.0666667,0.240691,0,0.0666667,0.118506,0,0.0666667,0.271224,0,0.0666667,0.145343,0,0.0666667,0.1565,0,0.0666667,0.265081,0,0.0666667,0.144166,0,0.0666667,0.233515,0,0.0666667,0.187891,0.5,0.4,0
-0.75,7.5,1.71606,-0.233569,0.0226942,0.00282577,0.0191685,0.117528,True,empty floor,sound_similarity,0,0.0666667,0.240691,0,0.0666667,0.118506,0,0.0666667,0.271224,0,0.0666667,0.145343,0,0.0666667,0.1565,0,0.0666667,0.265081,0,0.0666667,0.144166,0,0.0666667,0.233515,0,0.0666667,0.187891,0.5,0.4,0
-2,7.5,2.67259,-0.754864,0.0215126,0.00282577,0.0186629,0.117528,True,empty floor,sound_similarity,0,0.0666667,0.240691,0,0.0666667,0.118506,0,0.0666667,0.271224,0,0.0666667,0.145343,0,0.0666667,0.1565,0,0.0666667,0.265081,0,0.0666667,0.144166,0,0.0666667,0.233515,0,0.0666667,0.187891,0.5,0.4,0
-0.75,6.75,1.21499,-0.821029,0.018144,0.00282577,0.0171395,0.117528,True,empty floor,sound_similarity,0,0.0666667,0.240691,0,0.0666667,0.118506,0,0.0666667,0.271224,0,0.0666667,0.145343,0,0.0666667,0.1565,0,0.0666667,0.265081,0,0.0666667,0.144166,0,0.0666667,0.233515,0,0.0666667,0.187891,0.5,0.4,0
-0.5,7.25,1.36592,-0.356615,0.0156869,0.00282577,0.0159367,0.117528,True,empty floor,sound_similarity,0,0.0666667,0.240691,0,0.0666667,0.118506,0,0.0666667,0.271224,0,0.0666667,0.145343,0,0.0666667,0.1565,0,0.0666667,0.265081,0,0.0666667,0.144166,0,0.0666667,0.233515,0,0.0666667,0.187891,0.5,0.4,0
-1.25,7,1.77339,-0.934071,0.0148121,0.00282577,0.015486,0.117528,True,empty floor,sound_similarity,0,0.0666667,0.240691,0,0.0666667,0.118506,0,0.0666667,0.271224,0,0.0666667,0.145343,0,0.0666667,0.1565,0,0.0666667,0.265081,0,0.0666667,0.144166,0,0.0666667,0.233515,0,0.0666667,0.187891,0.5,0.4,0
-1.75,7.25,2.33208,-0.995157,0.013177,0.00282577,0.0146063,0.117528,True,empty floor,sound_similarity,0,0.0666667,0.240691,0,0.0666667,0.118506,0,0.0666667,0.271224,0,0.0666667,0.145343,0,0.0666667,0.1565,0,0.0666667,0.265081,0,0.0666667,0.144166,0,0.0666667,0.233515,0,0.0666667,0.187891,0.5,0.4,0
-2.25,7.5,2.8909,-1.03332,0.0122182,0.00282577,0.0140648,0.117528,True,empty floor,sound_similarity,0,0.0666667,0.240691,0,0.0666667,0.118506,0,0.0666667,0.271224,0,0.0666667,0.145343,0,0.0666667,0.1565,0,0.0666667,0.265081,0,0.0666667,0.144166,0,0.0666667,0.233515,0,0.0666667,0.187891,0.5,0.4,0
-0.75,7.75,1.91948,-0.587068,0.00816175,0.00282577,0.0114954,0.117528,True,empty floor,sound_similarity,0,0.0666667,0.240691,0,0.0666667,0.118506,0,0.0666667,0.271224,0,0.0666667,0.145343,0,0.0666667,0.1565,0,0.0666667,0.265081,0,0.0666667,0.144166,0,0.0666667,0.233515,0,0.0666667,0.187891,0.5,0.4,0
-0.25,7,1.01813,-0.618658,0.00720357,0.00282577,0.0107995,0.117528,True,empty floor,sound_similarity,0,0.0666667,0.240691,0,0.0666667,0.118506,0,0.0666667,0.271224,0,0.0666667,0.145343,0,0.0666667,0.1565,0,0.0666667,0.265081,0,0.0666667,0.144166,0,0.0666667,0.233515,0,0.0666667,0.187891,0.5,0.4,0
-2,7.25,2.55503,-1.31766,0.00651281,0.00282577,0.0102687,0.117528,True,empty floor,sound_similarity,0,0.0666667,0.240691,0,0.0666667,0.118506,0,0.0666667,0.271224,0,0.0666667,0.145343,0,0.0666667,0.1565,0,0.0666667,0.265081,0,0.0666667,0.144166,0,0.0666667,0.233515,0,0.0666667,0.187891,0.5,0.4,0
-1.5,7,1.99612,-1.35176,0.00600883,0.00282577,0.0098634,0.117528,True,empty floor,sound_similarity,0,0.0666667,0.240691,0,0.0666667,0.118506,0,0.0666667,0.271224,0,0.0666667,0.145343,0,0.0666667,0.1565,0,0.0666667,0.265081,0,0.0666667,0.144166,0,0.0666667,0.233515,0,0.0666667,0.187891,0.5,0.4,0
-1,6.75,1.43728,-1.41283,0.0052025,0.00282577,0.00917778,0.117528,True,empty floor,sound_similarity,0,0.0666667,0.240691,0,0.0666667,0.118506,0,0.0666667,0.271224,0,0.0666667,0.145343,0,0.0666667,0.1565,0,0.0666667,0.265081,0,0.0666667,0.144166,0,0.0666667,0.233515,0,0.0666667,0.187891,0.5,0.4,0
-0.5,6.5,0.878669,-1.55312,0.00373823,0.00282577,0.00777973,0.117528,True,empty floor,sound_similarity,0,0.0666667,0.240691,0,0.0666667,0.118506,0,0.0666667,0.271224,0,0.0666667,0.145343,0,0.0666667,0.1565,0,0.0666667,0.265081,0,0.0666667,0.144166,0,0.0666667,0.233515,0,0.0666667,0.187891,0.5,0.4,0
-2.25,7.25,2.78258,-1.60352,0.0033556,0.00282577,0.00737083,0.117528,True,empty floor,sound_similarity,0,0.0666667,0.240691,0,0.0666667,0.118506,0,0.0666667,0.271224,0,0.0666667,0.145343,0,0.0666667,0.1565,0,0.0666667,0.265081,0,0.0666667,0.144166,0,0.0666667,0.233515,0,0.0666667,0.187891,0.5,0.4,0
-1.75,7,2.22465,-1.70743,0.00262161,0.00282577,0.00651501,0.117528,True,empty floor,sound_similarity,0,0.0666667,0.240691,0,0.0666667,0.118506,0,0.0666667,0.271224,0,0.0666667,0.145343,0,0.0666667,0.1565,0,0.0666667,0.265081,0,0.0666667,0.144166,0,0.0666667,0.233515,0,0.0666667,0.187891,0.5,0.4,0
-1.25,6.75,1.66744,-1.87939,0.0017374,0.00282577,0.00530373,0.117528,True,empty floor,sound_similarity,0,0.0666667,0.240691,0,0.0666667,0.118506,0,0.0666667,0.271224,0,0.0666667,0.145343,0,0.0666667,0.1565,0,0.0666667,0.265081,0,0.0666667,0.144166,0,0.0666667,0.233515,0,0.0666667,0.187891,0.5,0.4,0
0.25,6.25,0.117354,-1.22858,0.000674565,0.00423866,0.00495718,0.176292,False,tv,sound_similarity,0,0.1,0.240691,0,0.1,0.118506,0,0.1,0.271224,0,0.1,0.145343,0,0.1,0.1565,0,0.1,0.265081,0,0.1,0.144166,0,0.1,0.233515,0,0.1,0.187891,0,0.1,0
-2,7,2.45736,-1.99305,0.00131251,0.00282577,0.00460981,0.117528,True,empty floor,sound_similarity,0,0.0666667,0.240691,0,0.0666667,0.118506,0,0.0666667,0.271224,0,0.0666667,0.145343,0,0.0666667,0.1565,0,0.0666667,0.265081,0,0.0666667,0.144166,0,0.0666667,0.233515,0,0.0666667,0.187891,0.5,0.4,0
-0.5,7.75,1.79439,-1.33593,0.000919484,0.00282577,0.00385837,0.117528,True,empty floor,sound_similarity,0,0.0666667,0.240691,0,0.0666667,0.118506,0,0.0666667,0.271224,0,0.0666667,0.145343,0,0.0666667,0.1565,0,0.0666667,0.265081,0,0.0666667,0.144166,0,0.0666667,0.233515,0,0.0666667,0.187891,0.5,0.4,0
-0.25,7.25,1.23537,-1.3325,0.000908975,0.00282577,0.00383626,0.117528,True,empty floor,sound_similarity,0,0.0666667,0.240691,0,0.0666667,0.118506,0,0.0666667,0.271224,0,0.0666667,0.145343,0,0.0666667,0.1565,0,0.0666667,0.265081,0,0.0666667,0.144166,0,0.0666667,0.233515,0,0.0666667,0.187891,0.5,0.4,0
0,6.75,0.676358,-1.3234,0.000882081,0.00282577,0.00377908,0.117528,True,empty floor,sound_similarity,0,0.0666667,0.240691,0,0.0666667,0.118506,0,0.0666667,0.271224,0,0.0666667,0.145343,0,0.0666667,0.1565,0,0.0666667,0.265081,0,0.0666667,0.144166,0,0.0666667,0.233515,0,0.0666667,0.187891,0.5,0.4,0
0,6.25,0.321479,-2.16735,0.000877614,0.00282577,0.0037695,0.117528,True,empty floor,sound_similarity,0,0.0666667,0.240691,0,0.0666667,0.118506,0,0.0666667,0.271224,0,0.0666667,0.145343,0,0.0666667,0.1565,0,0.0666667,0.265081,0,0.0666667,0.144166,0,0.0666667,0.233515,0,0.0666667,0.187891,0.5,0.4,0
-0.75,6.5,1.11204,-2.20528,0.000790125,0.00282577,0.00357668,0.117528,True,empty floor,sound_similarity,0,0.0666667,0.240691,0,0.0666667,0.118506,0,0.0666667,0.271224,0,0.0666667,0.145343,0,0.0666667,0.1565,0,0.0666667,0.265081,0,0.0666667,0.144166,0,0.0666667,0.233515,0,0.0666667,0.187891,0.5,0.4,0
-1.5,6.75,1.90261,-2.21162,0.000769012,0.00282577,0.00352857,0.117528,True,empty floor,sound_similarity,0,0.0666667,0.240691,0,0.0666667,0.118506,0,0.0666667,0.271224,0,0.0666667,0.145343,0,0.0666667,0.1565,0,0.0666667,0.265081,0,0.0666667,0.144166,0,0.0666667,0.233515,0,0.0666667,0.187891,0.5,0.4,0
-2.25,7,2.69318,-2.21423,0.000759852,0.00282577,0.00350749,0.117528,True,empty floor,sound_similarity,0,0.0666667,0.240691,0,0.0666667,0.118506,0,0.0666667,0.271224,0,0.0666667,0.145343,0,0.0666667,0.1565,0,0.0666667,0.265081,0,0.0666667,0.144166,0,0.0666667,0.233515,0,0.0666667,0.187891,0.5,0.4,0
-1.75,6.75,2.14114,-2.43678,0.000437209,0.00282577,0.00266058,0.117528,True,empty floor,sound_similarity,0,0.0666667,0.240691,0,0.0666667,0.118506,0,0.0666667,0.271224,0,0.0666667,0.145343,0,0.0666667,0.1565,0,0.0666667,0.265081,0,0.0666667,0.144166,0,0.0666667,0.233515,0,0.0666667,0.187891,0.5,0.4,0
-1,6.5,1.35137,-2.54579,0.000335569,0.00282577,0.00233089,0.117528,True,empty floor,sound_similarity,0,0.0666667,0.240691,0,0.0666667,0.118506,0,0.0666667,0.271224,0,0.0666667,0.145343,0,0.0666667,0.1565,0,0.0666667,0.265081,0,0.0666667,0.144166,0,0.0666667,0.233515,0,0.0666667,0.187891,0.5,0.4,0
0.75,4.75,1.46536,-2.99573,9.67986e-05,0.00492657,0.0021826,0.204903,True,refrigerator,sound_similarity,0,0.05,0.240691,0,0.05,0.118506,0,0.05,0.271224,0,0.05,0.145343,0,0.05,0.1565,0,0.05,0.265081,0,0.05,0.144166,1,0.55,0.233515,0,0.05,0.187891,0,0.05,0
-2.25,6.75,2.62462,-2.68802,0.000227677,0.00282577,0.00191996,0.117528,True,empty floor,sound_similarity,0,0.0666667,0.240691,0,0.0666667,0.118506,0,0.0666667,0.271224,0,0.0666667,0.145343,0,0.0666667,0.1565,0,0.0666667,0.265081,0,0.0666667,0.144166,0,0.0666667,0.233515,0,0.0666667,0.187891,0.5,0.4,0
0.25,6,0.155615,-2.99573,9.93607e-05,0.00423866,0.00190252,0.176292,False,tv,sound_similarity,0,0.1,0.240691,0,0.1,0.118506,0,0.1,0.271224,0,0.1,0.145343,0,0.1,0.1565,0,0.1,0.265081,0,0.1,0.144166,0,0.1,0.233515,0,0.1,0.187891,0,0.1,0
-1.25,6.5,1.59399,-2.71795,0.000212995,0.00282577,0.00185702,0.117528,True,empty floor,sound_similarity,0,0.0666667,0.240691,0,0.0666667,0.118506,0,0.0666667,0.271224,0,0.0666667,0.145343,0,0.0666667,0.1565,0,0.0666667,0.265081,0,0.0666667,0.144166,0,0.0666667,0.233515,0,0.0666667,0.187891,0.5,0.4,0
-0.25,6.25,0.563849,-2.82935,0.00016541,0.00282577,0.00163648,0.117528,True,empty floor,sound_similarity,0,0.0666667,0.240691,0,0.0666667,0.118506,0,0.0666667,0.271224,0,0.0666667,0.145343,0,0.0666667,0.1565,0,0.0666667,0.265081,0,0.0666667,0.144166,0,0.0666667,0.233515,0,0.0666667,0.187891,0.5,0.4,0
-1.5,6.5,1.83858,-2.80941,0.000163873,0.00282577,0.00162886,0.117528,True,empty floor,sound_similarity,0,0.0666667,0.240691,0,0.0666667,0.118506,0,0.0666667,0.271224,0,0.0666667,0.145343,0,0.0666667,0.1565,0,0.0666667,0.265081,0,0.0666667,0.144166,0,0.0666667,0.233515,0,0.0666667,0.187891,0.5,0.4,0
-1.75,6.5,2.08445,-2.86166,0.000138493,0.00282577,0.00149742,0.117528,True,empty floor,sound_similarity,0,0.0666667,0.240691,0,0.0666667,0.118506,0,0.0666667,0.271224,0,0.0666667,0.145343,0,0.0666667,0.1565,0,0.0666667,0.265081,0,0.0666667,0.144166,0,0.0666667,0.233515,0,0.0666667,0.187891,0.5,0.4,0
0.5,6,0.244211,-2.99573,5.98466e-05,0.00423866,0.00147653,0.176292,False,tv,sound_similarity,0,0.1,0.240691,0,0.1,0.118506,0,0.1,0.271224,0,0.1,0.145343,0,0.1,0.1565,0,0.1,0.265081,0,0.1,0.144166,0,0.1,0.233515,0,0.1,0.187891,0,0.1,0
-2,6.5,2.33121,-2.89369,0.000123029,0.00282577,0.00141135,0.117528,True,empty floor,sound_similarity,0,0.0666667,0.240691,0,0.0666667,0.118506,0,0.0666667,0.271224,0,0.0666667,0.145343,0,0.0666667,0.1565,0,0.0666667,0.265081,0,0.0666667,0.144166,0,0.0666667,0.233515,0,0.0666667,0.187891,0.5,0.4,0
-0.5,6.25,0.810866,-2.92538,0.00011657,0.00282577,0.00137381,0.117528,True,empty floor,sound_similarity,0,0.0666667,0.240691,0,0.0666667,0.118506,0,0.0666667,0.271224,0,0.0666667,0.145343,0,0.0666667,0.1565,0,0.0666667,0.265081,0,0.0666667,0.144166,0,0.0666667,0.233515,0,0.0666667,0.187891,0.5,0.4,0
-2.25,6.5,2.57858,-2.91454,0.000112523,0.00282577,0.00134975,0.117528,True,empty floor,sound_similarity,0,0.0666667,0.240691,0,0.0666667,0.118506,0,0.0666667,0.271224,0,0.0666667,0.145343,0,0.0666667,0.1565,0,0.0666667,0.265081,0,0.0666667,0.144166,0,0.0666667,0.233515,0,0.0666667,0.187891,0.5,0.4,0
1.5,2,4.31491,-2.99573,0.000100399,0.00282577,0.00127496,0.117528,True,empty floor,sound_similarity,0,0.0666667,0.240691,0,0.0666667,0.118506,0,0.0666667,0.271224,0,0.0666667,0.145343,0,0.0666667,0.1565,0,0.0666667,0.265081,0,0.0666667,0.144166,0,0.0666667,0.233515,0,0.0666667,0.187891,0.5,0.4,0
1,3.75,2.49489,-2.99573,0.000100227,0.00282577,0.00127386,0.117528,True,empty floor,sound_similarity,0,0.0666667,0.240691,0,0.0666667,0.118506,0,0.0666667,0.271224,0,0.0666667,0.145343,0,0.0666667,0.1565,0,0.0666667,0.265081,0,0.0666667,0.144166,0,0.0666667,0.233515,0,0.0666667,0.187891,0.5,0.4,0
1.5,1.75,4.55564,-2.99573,0.000100171,0.00282577,0.00127351,0.117528,True,empty floor,sound_similarity,0,0.0666667,0.240691,0,0.0666667,0.118506,0,0.0666667,0.271224,0,0.0666667,0.145343,0,0.0666667,0.1565,0,0.0666667,0.265081,0,0.0666667,0.144166,0,0.0666667,0.233515,0,0.0666667,0.187891,0.5,0.4,0
1,3.5,2.73586,-2.99573,0.000100079,0.00282577,0.00127293,0.117528,True,empty floor,sound_similarity,0,0.0666667,0.240691,0,0.0666667,0.118506,0,0.0666667,0.271224,0,0.0666667,0.145343,0,0.0666667,0.1565,0,0.0666667,0.265081,0,0.0666667,0.144166,0,0.0666667,0.233515,0,0.0666667,0.187891,0.5,0.4,0
0.75,6,0.469108,-2.99573,0.000100078,0.00282577,0.00127292,0.117528,True,empty floor,sound_similarity,0,0.0666667,0.240691,0,0.0666667,0.118506,0,0.0666667,0.271224,0,0.0666667,0.145343,0,0.0666667,0.1565,0,0.0666667,0.265081,0,0.0666667,0.144166,0,0.0666667,0.233515,0,0.0666667,0.187891,0.5,0.4,0
1.25,3,3.285,-2.99573,0.000100018,0.00282577,0.00127254,0.117528,True,empty floor,sound_similarity,0,0.0666667,0.240691,0,0.0666667,0.118506,0,0.0666667,0.271224,0,0.0666667,0.145343,0,0.0666667,0.1565,0,0.0666667,0.265081,0,0.0666667,0.144166,0,0.0666667,0.233515,0,0.0666667,0.187891,0.5,0.4,0
1.5,2.25,4.07529,-2.99573,9.98568e-05,0.00282577,0.00127151,0.117528,True,empty floor,sound_similarity,0,0.0666667,0.240691,0,0.0666667,0.118506,0,0.0666667,0.271224,0,0.0666667,0.145343,0,0.0666667,0.1565,0,0.0666667,0.265081,0,0.0666667,0.144166,0,0.0666667,0.233515,0,0.0666667,0.187891,0.5,0.4,0
1.25,2.5,3.76658,-2.99573,9.96859e-05,0.00282577,0.00127042,0.117528,True,empty floor,sound_similarity,0,0.0666667,0.240691,0,0.0666667,0.118506,0,0.0666667,0.271224,0,0.0666667,0.145343,0,0.0666667,0.1565,0,0.0666667,0.265081,0,0.0666667,0.144166,0,0.0666667,0.233515,0,0.0666667,0.187891,0.5,0.4,0
1.25,7.75,1.8622,-2.99573,9.96491e-05,0.00282577,0.00127019,0.117528,True,empty floor,sound_similarity,0,0.0666667,0.240691,0,0.0666667,0.118506,0,0.0666667,0.271224,0,0.0666667,0.145343,0,0.0666667,0.1565,0,0.0666667,0.265081,0,0.0666667,0.144166,0,0.0666667,0.233515,0,0.0666667,0.187891,0.5,0.4,0
0.5,5.25,0.917045,-2.99573,9.93149e-05,0.00282577,0.00126806,0.117528,True,empty floor,sound_similarity,0,0.0666667,0.240691,0,0.0666667,0.118506,0,0.0666667,0.271224,0,0.0666667,0.145343,0,0.0666667,0.1565,0,0.0666667,0.265081,0,0.0666667,0.144166,0,0.0666667,0.233515,0,0.0666667,0.187891,0.5,0.4,0
2,5.75,1.74144,-2.99573,9.91413e-05,0.00282577,0.00126695,0.117528,True,empty floor,sound_similarity,0,0.0666667,0.240691,0,0.0666667,0.118506,0,0.0666667,0.271224,0,0.0666667,0.145343,0,0.0666667,0.1565,0,0.0666667,0.265081,0,0.0666667,0.144166,0,0.0666667,0.233515,0,0.0666667,0.187891,0.5,0.4,0
0.75,4.25,1.94761,-2.99573,9.864e-05,0.00282577,0.00126374,0.117528,True,empty floor,sound_similarity,0,0.0666667,0.240691,0,0.0666667,0.118506,0,0.0666667,0.271224,0,0.0666667,0.145343,0,0.0666667,0.1565,0,0.0666667,0.265081,0,0.0666667,0.144166,0,0.0666667,0.233515,0,0.0666667,0.187891,0.5,0.4,0
1,7.5,1.52244,-2.99573,9.84773e-05,0.00282577,0.0012627,0.117528,True,empty floor,sound_similarity,0,0.0666667,0.240691,0,0.0666667,0.118506,0,0.0666667,0.271224,0,0.0666667,0.145343,0,0.0666667,0.1565,0,0.0666667,0.265081,0,0.0666667,0.144166,0,0.0666667,0.233515,0,0.0666667,0.187891,0.5,0.4,0
1,3.25,2.97832,-2.99573,9.84243e-05,0.00282577,0.00126236,0.117528,True,empty floor,sound_similarity,0,0.0666667,0.240691,0,0.0666667,0.118506,0,0.0666667,0.271224,0,0.0666667,0.145343,0,0.0666667,0.1565,0,0.0666667,0.265081,0,0.0666667,0.144166,0,0.0666667,0.233515,0,0.0666667,0.187891,0.5,0.4,0
1.75,1.75,4.62756,-2.99573,9.83799e-05,0.00282577,0.00126207,0.117528,True,empty floor,sound_similarity,0,0.0666667,0.240691,0,0.0666667,0.118506,0,0.0666667,0.271224,0,0.0666667,0.145343,0,0.0666667,0.1565,0,0.0666667,0.265081,0,0.0666667,0.144166,0,0.0666667,0.233515,0,0.0666667,0.187891,0.5,0.4,0
1.25,2.25,4.00906,-2.99573,9.83186e-05,0.00282577,0.00126168,0.117528,True,empty floor,sound_similarity,0,0.0666667,0.240691,0,0.0666667,0.118506,0,0.0666667,0.271224,0,0.0666667,0.145343,0,0.0666667,0.1565,0,0.0666667,0.265081,0,0.0666667,0.144166,0,0.0666667,0.233515,0,0.0666667,0.187891,0.5,0.4,0
1.5,2.5,3.837,-2.99573,9.82531e-05,0.00282577,0.00126126,0.117528,True,empty floor,sound_similarity,0,0.0666667,0.240691,0,0.0666667,0.118506,0,0.0666667,0.271224,0,0.0666667,0.145343,0,0.0666667,0.1565,0,0.0666667,0.265081,0,0.0666667,0.144166,0,0.0666667,0.233515,0,0.0666667,0.187891,0.5,0.4,0
-0.75,6.25,1.05928,-2.95304,9.81713e-05,0.00282577,0.00126074,0.117528,True,empty floor,sound_similarity,0,0.0666667,0.240691,0,0.0666667,0.118506,0,0.0666667,0.271224,0,0.0666667,0.145343,0,0.0666667,0.1565,0,0.0666667,0.265081,0,0.0666667,0.144166,0,0.0666667,0.233515,0,0.0666667,0.187891,0.5,0.4,0
1,7.25,1.30509,-2.99573,9.81172e-05,0.00282577,0.00126039,0.117528,True,empty floor,sound_similarity,0,0.0666667,0.240691,0,0.0666667,0.118506,0,0.0666667,0.271224,0,0.0666667,0.145343,0,0.0666667,0.1565,0,0.0666667,0.265081,0,0.0666667,0.144166,0,0.0666667,0.233515,0,0.0666667,0.187891,0.5,0.4,0
1.25,3.25,3.04644,-2.99573,9.80511e-05,0.00282577,0.00125996,0.117528,True,empty floor,sound_similarity,0,0.0666667,0.240691,0,0.0666667,0.118506,0,0.0666667,0.271224,0,0.0666667,0.145343,0,0.0666667,0.1565,0,0.0666667,0.265081,0,0.0666667,0.144166,0,0.0666667,0.233515,0,0.0666667,0.187891,0.5,0.4,0
1,6,0.710975,-2.99573,9.76921e-05,0.00282577,0.00125765,0.117528,True,empty floor,sound_similarity,0,0.0666667,0.240691,0,0.0666667,0.118506,0,0.0666667,0.271224,0,0.0666667,0.145343,0,0.0666667,0.1565,0,0.0666667,0.265081,0,0.0666667,0.144166,0,0.0666667,0.233515,0,0.0666667,0.187891,0.5,0.4,0
1,4,2.25589,-2.99573,9.76811e-05,0.00282577,0.00125758,0.117528,True,empty floor,sound_similarity,0,0.0666667,0.240691,0,0.0666667,0.118506,0,0.0666667,0.271224,0,0.0666667,0.145343,0,0.0666667,0.1565,0,0.0666667,0.265081,0,0.0666667,0.144166,0,0.0666667,0.233515,0,0.0666667,0.187891,0.5,0.4,0
0.75,7,0.963475,-2.99573,9.74357e-05,0.00282577,0.001256,0.117528,True,empty floor,sound_similarity,0,0.0666667,0.240691,0,0.0666667,0.118506,0,0.0666667,0.271224,0,0.0666667,0.145343,0,0.0666667,0.1565,0,0.0666667,0.265081,0,0.0666667,0.144166,0,0.0666667,0.233515,0,0.0666667,0.187891,0.5,0.4,0
1.25,2,4.25241,-2.99573,9.65501e-05,0.00282577,0.00125028,0.117528,True,empty floor,sound_similarity,0,0.0666667,0.240691,0,0.0666667,0.118506,0,0.0666667,0.271224,0,0.0666667,0.145343,0,0.0666667,0.1565,0,0.0666667,0.265081,0,0.0666667,0.144166,0,0.0666667,0.233515,0,0.0666667,0.187891,0.5,0.4,0
1.75,2,4.39077,-2.99573,9.60652e-05,0.00282577,0.00124714,0.117528,True,empty floor,sound_similarity,0,0.0666667,0.240691,0,0.0666667,0.118506,0,0.0666667,0.271224,0,0.0666667,0.145343,0,0.0666667,0.1565,0,0.0666667,0.265081,0,0.0666667,0.144166,0,0.0666667,0.233515,0,0.0666667,0.187891,0.5,0.4,0
1,3,3.22193,-2.99573,9.59991e-05,0.00282577,0.00124671,0.117528,True,empty floor,sound_similarity,0,0.0666667,0.240691,0,0.0666667,0.118506,0,0.0666667,0.271224,0,0.0666667,0.145343,0,0.0666667,0.1565,0,0.0666667,0.265081,0,0.0666667,0.144166,0,0.0666667,0.233515,0,0.0666667,0.187891,0.5,0.4,0
1.75,5.75,1.49907,-2.99573,9.54146e-05,0.00282577,0.00124291,0.117528,True,empty floor,sound_similarity,0,0.0666667,0.240691,0,0.0666667,0.118506,0,0.0666667,0.271224,0,0.0666667,0.145343,0,0.0666667,0.1565,0,0.0666667,0.265081,0,0.0666667,0.144166,0,0.0666667,0.233515,0,0.0666667,0.187891,0.5,0.4,0
1.5,2.75,3.60029,-2.99573,9.52261e-05,0.00282577,0.00124168,0.117528,True,empty floor,sound_similarity,0,0.0666667,0.240691,0,0.0666667,0.118506,0,0.0666667,0.271224,0,0.0666667,0.145343,0,0.0666667,0.1565,0,0.0666667,0.265081,0,0.0666667,0.144166,0,0.0666667,0.233515,0,0.0666667,0.187891,0.5,0.4,0
0.75,4,2.19172,-2.99573,9.48097e-05,0.00282577,0.00123896,0.117528,True,empty floor,sound_similarity,0,0.0666667,0.240691,0,0.0666667,0.118506,0,0.0666667,0.271224,0,0.0666667,0.145343,0,0.0666667,0.1565,0,0.0666667,0.265081,0,0.0666667,0.144166,0,0.0666667,0.233515,0,0.0666667,0.187891,0.5,0.4,0
1.25,1.75,4.49649,-2.99573,9.45629e-05,0.00282577,0.00123735,0.117528,True,empty floor,sound_similarity,0,0.0666667,0.240691,0,0.0666667,0.118506,0,0.0666667,0.271224,0,0.0666667,0.145343,0,0.0666667,0.1565,0,0.0666667,0.265081,0,0.0666667,0.144166,0,0.0666667,0.233515,0,0.0666667,0.187891,0.5,0.4,0
1.25,3.5,2.80987,-2.99573,9.37632e-05,0.00282577,0.00123211,0.117528,True,empty floor,sound_similarity,0,0.0666667,0.240691,0,0.0666667,0.118506,0,0.0666667,0.271224,0,0.0666667,0.145343,0,0.0666667,0.1565,0,0.0666667,0.265081,0,0.0666667,0.144166,0,0.0666667,0.233515,0,0.0666667,0.187891,0.5,0.4,0
1.25,6,0.957031,-2.99573,9.32513e-05,0.00282577,0.00122874,0.117528,True,empty floor,sound_similarity,0,0.0666667,0.240691,0,0.0666667,0.118506,0,0.0666667,0.271224,0,0.0666667,0.145343,0,0.0666667,0.1565,0,0.0666667,0.265081,0,0.0666667,0.144166,0,0.0666667,0.233515,0,0.0666667,0.187891,0.5,0.4,0
0.5,5.5,0.674928,-2.99573,9.25587e-05,0.00282577,0.00122417,0.117528,True,empty floor,sound_similarity,0,0.0666667,0.240691,0,0.0666667,0.118506,0,0.0666667,0.271224,0,0.0666667,0.145343,0,0.0666667,0.1565,0,0.0666667,0.265081,0,0.0666667,0.144166,0,0.0666667,0.233515,0,0.0666667,0.187891,0.5,0.4,0
1.75,2.25,4.15553,-2.99573,9.25532e-05,0.00282577,0.00122413,0.117528,True,empty floor,sound_similarity,0,0.0666667,0.240691,0,0.0666667,0.118506,0,0.0666667,0.271224,0,0.0666667,0.145343,0,0.0666667,0.1565,0,0.0666667,0.265081,0,0.0666667,0.144166,0,0.0666667,0.233515,0,0.0666667,0.187891,0.5,0.4,0
0.5,6.5,0.404661,-2.99573,9.22978e-05,0.00282577,0.00122244,0.117528,True,empty floor,sound_similarity,0,0.0666667,0.240691,0,0.0666667,0.118506,0,0.0666667,0.271224,0,0.0666667,0.145343,0,0.0666667,0.1565,0,0.0666667,0.265081,0,0.0666667,0.144166,0,0.0666667,0.233515,0,0.0666667,0.187891,0.5,0.4,0
0.75,6.75,0.750819,-2.99573,9.12848e-05,0.00282577,0.00121571,0.117528,True,empty floor,sound_similarity,0,0.0666667,0.240691,0,0.0666667,0.118506,0,0.0666667,0.271224,0,0.0666667,0.145343,0,0.0666667,0.1565,0,0.0666667,0.265081,0,0.0666667,0.144166,0,0.0666667,0.233515,0,0.0666667,0.187891,0.5,0.4,0
1,4.25,2.01955,-2.99573,9.07031e-05,0.00282577,0.00121183,0.117528,True,empty floor,sound_similarity,0,0.0666667,0.240691,0,0.0666667,0.118506,0,0.0666667,0.271224,0,0.0666667,0.145343,0,0.0666667,0.1565,0,0.0666667,0.265081,0,0.0666667,0.144166,0,0.0666667,0.233515,0,0.0666667,0.187891,0.5,0.4,0
0.5,5,1.1625,-2.99573,9.06505e-05,0.00282577,0.00121148,0.117528,True,empty floor,sound_similarity,0,0.0666667,0.240691,0,0.0666667,0.118506,0,0.0666667,0.271224,0,0.0666667,0.145343,0,0.0666667,0.1565,0,0.0666667,0.265081,0,0.0666667,0.144166,0,0.0666667,0.233515,0,0.0666667,0.187891,0.5,0.4,0
0.75,3.75,2.43702,-2.99573,9.04549e-05,0.00282577,0.00121017,0.117528,True,empty floor,sound_similarity,0,0.0666667,0.240691,0,0.0666667,0.118506,0,0.0666667,0.271224,0,0.0666667,0.145343,0,0.0666667,0.1565,0,0.0666667,0.265081,0,0.0666667,0.144166,0,0.0666667,0.233515,0,0.0666667,0.187891,0.5,0.4,0
1,2.5,3.7117,-2.99573,9.0401e-05,0.00282577,0.00120981,0.117528,True,empty floor,sound_similarity,0,0.0666667,0.240691,0,0.0666667,0.118506,0,0.0666667,0.271224,0,0.0666667,0.145343,0,0.0666667,0.1565,0,0.0666667,0.265081,0,0.0666667,0.144166,0,0.0666667,0.233515,0,0.0666667,0.187891,0.5,0.4,0
1.5,3,3.36551,-2.99573,9.03555e-05,0.00282577,0.00120951,0.117528,True,empty floor,sound_similarity,0,0.0666667,0.240691,0,0.0666667,0.118506,0,0.0666667,0.271224,0,0.0666667,0.145343,0,0.0666667,0.1565,0,0.0666667,0.265081,0,0.0666667,0.144166,0,0.0666667,0.233515,0,0.0666667,0.187891,0.5,0.4,0
2,1.75,4.71166,-2.99573,9.02088e-05,0.00282577,0.00120853,0.117528,True,empty floor,sound_similarity,0,0.0666667,0.240691,0,0.0666667,0.118506,0,0.0666667,0.271224,0,0.0666667,0.145343,0,0.0666667,0.1565,0,0.0666667,0.265081,0,0.0666667,0.144166,0,0.0666667,0.233515,0,0.0666667,0.187891,0.5,0.4,0
1.5,6,1.20471,-2.99573,8.97489e-05,0.00282577,0.00120544,0.117528,True,empty floor,sound_similarity,0,0.0666667,0.240691,0,0.0666667,0.118506,0,0.0666667,0.271224,0,0.0666667,0.145343,0,0.0666667,0.1565,0,0.0666667,0.265081,0,0.0666667,0.144166,0,0.0666667,0.233515,0,0.0666667,0.187891,0.5,0.4,0
1.25,7.5,1.65174,-2.99573,8.92137e-05,0.00282577,0.00120184,0.117528,True,empty floor,sound_similarity,0,0.0666667,0.240691,0,0.0666667,0.118506,0,0.0666667,0.271224,0,0.0666667,0.145343,0,0.0666667,0.1565,0,0.0666667,0.265081,0,0.0666667,0.144166,0,0.0666667,0.233515,0,0.0666667,0.187891,0.5,0.4,0
1,7.75,1.74854,-2.99573,8.8563e-05,0.00282577,0.00119745,0.117528,True,empty floor,sound_similarity,0,0.0666667,0.240691,0,0.0666667,0.118506,0,0.0666667,0.271224,0,0.0666667,0.145343,0,0.0666667,0.1565,0,0.0666667,0.265081,0,0.0666667,0.144166,0,0.0666667,0.233515,0,0.0666667,0.187891,0.5,0.4,0
-1,6.25,1.3083,-2.9648,8.77955e-05,0.00282577,0.00119225,0.117528,True,empty floor,sound_similarity,0,0.0666667,0.240691,0,0.0666667,0.118506,0,0.0666667,0.271224,0,0.0666667,0.145343,0,0.0666667,0.1565,0,0.0666667,0.265081,0,0.0666667,0.144166,0,0.0666667,0.233515,0,0.0666667,0.187891,0.5,0.4,0
1,2.25,3.95754,-2.99573,8.76171e-05,0.00282577,0.00119104,0.117528,True,empty floor,sound_similarity,0,0.0666667,0.240691,0,0.0666667,0.118506,0,0.0666667,0.271224,0,0.0666667,0.145343,0,0.0666667,0.1565,0,0.0666667,0.265081,0,0.0666667,0.144166,0,0.0666667,0.233515,0,0.0666667,0.187891,0.5,0.4,0
1.75,2.5,3.92211,-2.99573,8.75935e-05,0.00282577,0.00119088,0.117528,True,empty floor,sound_similarity,0,0.0666667,0.240691,0,0.0666667,0.118506,0,0.0666667,0.271224,0,0.0666667,0.145343,0,0.0666667,0.1565,0,0.0666667,0.265081,0,0.0666667,0.144166,0,0.0666667,0.233515,0,0.0666667,0.187891,0.5,0.4,0
1.75,6,1.45319,-2.99573,8.71259e-05,0.00282577,0.0011877,0.117528,True,empty floor,sound_similarity,0,0.0666667,0.240691,0,0.0666667,0.118506,0,0.0666667,0.271224,0,0.0666667,0.145343,0,0.0666667,0.1565,0,0.0666667,0.265081,0,0.0666667,0.144166,0,0.0666667,0.233515,0,0.0666667,0.187891,0.5,0.4,0
1.5,5.75,1.25967,-2.99573,8.67102e-05,0.00282577,0.00118486,0.117528,True,empty floor,sound_similarity,0,0.0666667,0.240691,0,0.0666667,0.118506,0,0.0666667,0.271224,0,0.0666667,0.145343,0,0.0666667,0.1565,0,0.0666667,0.265081,0,0.0666667,0.144166,0,0.0666667,0.233515,0,0.0666667,0.187891,0.5,0.4,0
1.25,3.75,2.57583,-2.99573,8.63051e-05,0.00282577,0.00118209,0.117528,True,empty floor,sound_similarity,0,0.0666667,0.240691,0,0.0666667,0.118506,0,0.0666667,0.271224,0,0.0666667,0.145343,0,0.0666667,0.1565,0,0.0666667,0.265081,0,0.0666667,0.144166,0,0.0666667,0.233515,0,0.0666667,0.187891,0.5,0.4,0
0.75,3.5,2.68319,-2.99573,8.62129e-05,0.00282577,0.00118146,0.117528,True,empty floor,sound_similarity,0,0.0666667,0.240691,0,0.0666667,0.118506,0,0.0666667,0.271224,0,0.0666667,0.145343,0,0.0666667,0.1565,0,0.0666667,0.265081,0,0.0666667,0.144166,0,0.0666667,0.233515,0,0.0666667,0.187891,0.5,0.4,0
2,2,4.47932,-2.99573,8.53685e-05,0.00282577,0.00117566,0.117528,True,empty floor,sound_similarity,0,0.0666667,0.240691,0,0.0666667,0.118506,0,0.0666667,0.271224,0,0.0666667,0.145343,0,0.0666667,0.1565,0,0.0666667,0.265081,0,0.0666667,0.144166,0,0.0666667,0.233515,0,0.0666667,0.187891,0.5,0.4,0
2,6,1.70211,-2.99573,8.51319e-05,0.00282577,0.00117403,0.117528,True,empty floor,sound_similarity,0,0.0666667,0.240691,0,0.0666667,0.118506,0,0.0666667,0.271224,0,0.0666667,0.145343,0,0.0666667,0.1565,0,0.0666667,0.265081,0,0.0666667,0.144166,0,0.0666667,0.233515,0,0.0666667,0.187891,0.5,0.4,0
1,2,4.20388,-2.99573,8.49618e-05,0.00282577,0.00117285,0.117528,True,empty floor,sound_similarity,0,0.0666667,0.240691,0,0.0666667,0.118506,0,0.0666667,0.271224,0,0.0666667,0.145343,0,0.0666667,0.1565,0,0.0666667,0.265081,0,0.0666667,0.144166,0,0.0666667,0.233515,0,0.0666667,0.187891,0.5,0.4,0
1.5,3.25,3.13308,-2.99573,8.32098e-05,0.00282577,0.0011607,0.117528,True,empty floor,sound_similarity,0,0.0666667,0.240691,0,0.0666667,0.118506,0,0.0666667,0.271224,0,0.0666667,0.145343,0,0.0666667,0.1565,0,0.0666667,0.265081,0,0.0666667,0.144166,0,0.0666667,0.233515,0,0.0666667,0.187891,0.5,0.4,0
1,1.75,4.45062,-2.99573,8.24685e-05,0.00282577,0.00115552,0.117528,True,empty floor,sound_similarity,0,0.0666667,0.240691,0,0.0666667,0.118506,0,0.0666667,0.271224,0,0.0666667,0.145343,0,0.0666667,0.1565,0,0.0666667,0.265081,0,0.0666667,0.144166,0,0.0666667,0.233515,0,0.0666667,0.187891,0.5,0.4,0
0.75,3.25,2.93001,-2.99573,8.23193e-05,0.00282577,0.00115447,0.117528,True,empty floor,sound_similarity,0,0.0666667,0.240691,0,0.0666667,0.118506,0,0.0666667,0.271224,0,0.0666667,0.145343,0,0.0666667,0.1565,0,0.0666667,0.265081,0,0.0666667,0.144166,0,0.0666667,0.233515,0,0.0666667,0.187891,0.5,0.4,0
0.5,4.75,1.40956,-2.99573,8.18388e-05,0.00282577,0.00115109,0.117528,True,empty floor,sound_similarity,0,0.0666667,0.240691,0,0.0666667,0.118506,0,0.0666667,0.271224,0,0.0666667,0.145343,0,0.0666667,0.1565,0,0.0666667,0.265081,0,0.0666667,0.144166,0,0.0666667,0.233515,0,0.0666667,0.187891,0.5,0.4,0
0.75,5,1.22957,-2.99573,8.16729e-05,0.00282577,0.00114993,0.117528,True,empty floor,sound_similarity,0,0.0666667,0.240691,0,0.0666667,0.118506,0,0.0666667,0.271224,0,0.0666667,0.145343,0,0.0666667,0.1565,0,0.0666667,0.265081,0,0.0666667,0.144166,0,0.0666667,0.233515,0,0.0666667,0.187891,0.5,0.4,0
-1.25,6.25,1.55764,-2.97101,8.1034e-05,0.00282577,0.00114542,0.117528,True,empty floor,sound_similarity,0,0.0666667,0.240691,0,0.0666667,0.118506,0,0.0666667,0.271224,0,0.0666667,0.145343,0,0.0666667,0.1565,0,0.0666667,0.265081,0,0.0666667,0.144166,0,0.0666667,0.233515,0,0.0666667,0.187891,0.5,0.4,0
1.75,2.75,3.69087,-2.99573,8.09555e-05,0.00282577,0.00114487,0.117528,True,empty floor,sound_similarity,0,0.0666667,0.240691,0,0.0666667,0.118506,0,0.0666667,0.271224,0,0.0666667,0.145343,0,0.0666667,0.1565,0,0.0666667,0.265081,0,0.0666667,0.144166,0,0.0666667,0.233515,0,0.0666667,0.187891,0.5,0.4,0
1.5,7.75,2.00081,-2.99573,8.04675e-05,0.00282577,0.00114141,0.117528,True,empty floor,sound_similarity,0,0.0666667,0.240691,0,0.0666667,0.118506,0,0.0666667,0.271224,0,0.0666667,0.145343,0,0.0666667,0.1565,0,0.0666667,0.265081,0,0.0666667,0.144166,0,0.0666667,0.233515,0,0.0666667,0.187891,0.5,0.4,0
0.75,7.25,1.19073,-2.99573,7.99195e-05,0.00282577,0.00113752,0.117528,True,empty floor,sound_similarity,0,0.0666667,0.240691,0,0.0666667,0.118506,0,0.0666667,0.271224,0,0.0666667,0.145343,0,0.0666667,0.1565,0,0.0666667,0.265081,0,0.0666667,0.144166,0,0.0666667,0.233515,0,0.0666667,0.187891,0.5,0.4,0
2,2.25,4.24898,-2.99573,7.9253e-05,0.00282577,0.00113276,0.117528,True,empty floor,sound_similarity,0,0.0666667,0.240691,0,0.0666667,0.118506,0,0.0666667,0.271224,0,0.0666667,0.145343,0,0.0666667,0.1565,0,0.0666667,0.265081,0,0.0666667,0.144166,0,0.0666667,0.233515,0,0.0666667,0.187891,0.5,0.4,0
0.75,3,3.17732,-2.99573,7.88356e-05,0.00282577,0.00112978,0.117528,True,empty floor,sound_similarity,0,0.0666667,0.240691,0,0.0666667,0.118506,0,0.0666667,0.271224,0,0.0666667,0.145343,0,0.0666667,0.1565,0,0.0666667,0.265081,0,0.0666667,0.144166,0,0.0666667,0.233515,0,0.0666667,0.187891,0.5,0.4,0
1,4.5,1.78694,-2.99573,7.7232e-05,0.00282577,0.00111823,0.117528,True,empty floor,sound_similarity,0,0.0666667,0.240691,0,0.0666667,0.118506,0,0.0666667,0.271224,0,0.0666667,0.145343,0,0.0666667,0.1565,0,0.0666667,0.265081,0,0.0666667,0.144166,0,0.0666667,0.233515,0,0.0666667,0.187891,0.5,0.4,0
-1.5,6.25,1.80716,-2.97477,7.62693e-05,0.00282577,0.00111124,0.117528,True,empty floor,sound_similarity,0,0.0666667,0.240691,0,0.0666667,0.118506,0,0.0666667,0.271224,0,0.0666667,0.145343,0,0.0666667,0.1565,0,0.0666667,0.265081,0,0.0666667,0.144166,0,0.0666667,0.233515,0,0.0666667,0.187891,0.5,0.4,0
1.25,4,2.34509,-2.99573,7.48943e-05,0.00282577,0.00110117,0.117528,True,empty floor,sound_similarity,0,0.0666667,0.240691,0,0.0666667,0.118506,0,0.0666667,0.271224,0,0.0666667,0.145343,0,0.0666667,0.1565,0,0.0666667,0.265081,0,0.0666667,0.144166,0,0.0666667,0.233515,0,0.0666667,0.187891,0.5,0.4,0
0.5,4.5,1.6575,-2.99573,7.48894e-05,0.00282577,0.00110114,0.117528,True,empty floor,sound_similarity,0,0.0666667,0.240691,0,0.0666667,0.118506,0,0.0666667,0.271224,0,0.0666667,0.145343,0,0.0666667,0.1565,0,0.0666667,0.265081,0,0.0666667,0.144166,0,0.0666667,0.233515,0,0.0666667,0.187891,0.5,0.4,0
1,7,1.10168,-2.99573,7.45883e-05,0.00282577,0.00109892,0.117528,True,empty floor,sound_similarity,0,0.0666667,0.240691,0,0.0666667,0.118506,0,0.0666667,0.271224,0,0.0666667,0.145343,0,0.0666667,0.1565,0,0.0666667,0.265081,0,0.0666667,0.144166,0,0.0666667,0.233515,0,0.0666667,0.187891,0.5,0.4,0
1.5,3.5,2.90358,-2.99573,7.34594e-05,0.00282577,0.00109057,0.117528,True,empty floor,sound_similarity,0,0.0666667,0.240691,0,0.0666667,0.118506,0,0.0666667,0.271224,0,0.0666667,0.145343,0,0.0666667,0.1565,0,0.0666667,0.265081,0,0.0666667,0.144166,0,0.0666667,0.233515,0,0.0666667,0.187891,0.5,0.4,0
0.75,2.5,3.67305,-2.99573,7.30304e-05,0.00282577,0.00108739,0.117528,True,empty floor,sound_similarity,0,0.0666667,0.240691,0,0.0666667,0.118506,0,0.0666667,0.271224,0,0.0666667,0.145343,0,0.0666667,0.1565,0,0.0666667,0.265081,0,0.0666667,0.144166,0,0.0666667,0.233515,0,0.0666667,0.187891,0.5,0.4,0
-1.75,6.25,2.05679,-2.97725,7.27326e-05,0.00282577,0.00108517,0.117528,True,empty floor,sound_similarity,0,0.0666667,0.240691,0,0.0666667,0.118506,0,0.0666667,0.271224,0,0.0666667,0.145343,0,0.0666667,0.1565,0,0.0666667,0.265081,0,0.0666667,0.144166,0,0.0666667,0.233515,0,0.0666667,0.187891,0.5,0.4,0
1.75,3,3.46224,-2.99573,7.24907e-05,0.00282577,0.00108336,0.117528,True,empty floor,sound_similarity,0,0.0666667,0.240691,0,0.0666667,0.118506,0,0.0666667,0.271224,0,0.0666667,0.145343,0,0.0666667,0.1565,0,0.0666667,0.265081,0,0.0666667,0.144166,0,0.0666667,0.233515,0,0.0666667,0.187891,0.5,0.4,0
1,6.25,0.703591,-2.99573,1.73464e-05,0.00576033,0.00108031,0.23958,True,couch,sound_similarity,0,0.0333333,0.240691,0,0.0333333,0.118506,2,0.7,0.271224,0,0.0333333,0.145343,0,0.0333333,0.1565,0,0.0333333,0.265081,0,0.0333333,0.144166,0,0.0333333,0.233515,0,0.0333333,0.187891,0,0.0333333,0
2,2.5,4.02099,-2.99573,7.17932e-05,0.00282577,0.00107814,0.117528,True,empty floor,sound_similarity,0,0.0666667,0.240691,0,0.0666667,0.118506,0,0.0666667,0.271224,0,0.0666667,0.145343,0,0.0666667,0.1565,0,0.0666667,0.265081,0,0.0666667,0.144166,0,0.0666667,0.233515,0,0.0666667,0.187891,0.5,0.4,0
2,5.5,1.81468,-2.99573,7.02221e-05,0.00282577,0.00106627,0.117528,True,empty floor,sound_similarity,0,0.0666667,0.240691,0,0.0666667,0.118506,0,0.0666667,0.271224,0,0.0666667,0.145343,0,0.0666667,0.1565,0,0.0666667,0.265081,0,0.0666667,0.144166,0,0.0666667,0.233515,0,0.0666667,0.187891,0.5,0.4,0
-2,6.25,2.30651,-2.97901,7.0006e-05,0.00282577,0.00106463,0.117528,True,empty floor,sound_similarity,0,0.0666667,0.240691,0,0.0666667,0.118506,0,0.0666667,0.271224,0,0.0666667,0.145343,0,0.0666667,0.1565,0,0.0666667,0.265081,0,0.0666667,0.144166,0,0.0666667,0.233515,0,0.0666667,0.187891,0.5,0.4,0
1.25,5.75,1.02535,-2.99573,6.90369e-05,0.00282577,0.00105724,0.117528,True,empty floor,sound_similarity,0,0.0666667,0.240691,0,0.0666667,0.118506,0,0.0666667,0.271224,0,0.0666667,0.145343,0,0.0666667,0.1565,0,0.0666667,0.265081,0,0.0666667,0.144166,0,0.0666667,0.233515,0,0.0666667,0.187891,0.5,0.4,0
-2.25,6.25,2.55628,-2.9803,6.78414e-05,0.00282577,0.00104804,0.117528,True,empty floor,sound_similarity,0,0.0666667,0.240691,0,0.0666667,0.118506,0,0.0666667,0.271224,0,0.0666667,0.145343,0,0.0666667,0.1565,0,0.0666667,0.265081,0,0.0666667,0.144166,0,0.0666667,0.233515,0,0.0666667,0.187891,0.5,0.4,0
2,2.75,3.79578,-2.99573,6.30302e-05,0.00282577,0.0010102,0.117528,True,empty floor,sound_similarity,0,0.0666667,0.240691,0,0.0666667,0.118506,0,0.0666667,0.271224,0,0.0666667,0.145343,0,0.0666667,0.1565,0,0.0666667,0.265081,0,0.0666667,0.144166,0,0.0666667,0.233515,0,0.0666667,0.187891,0.5,0.4,0
0.75,7.5,1.42562,-2.99573,6.29203e-05,0.00282577,0.00100932,0.117528,True,empty floor,sound_similarity,0,0.0666667,0.240691,0,0.0666667,0.118506,0,0.0666667,0.271224,0,0.0666667,0.145343,0,0.0666667,0.1565,0,0.0666667,0.265081,0,0.0666667,0.144166,0,0.0666667,0.233515,0,0.0666667,0.187891,0.5,0.4,0
0,7,0.906651,-2.22054,6.25082e-05,0.00282577,0.00100601,0.117528,True,empty floor,sound_similarity,0,0.0666667,0.240691,0,0.0666667,0.118506,0,0.0666667,0.271224,0,0.0666667,0.145343,0,0.0666667,0.1565,0,0.0666667,0.265081,0,0.0666667,0.144166,0,0.0666667,0.233515,0,0.0666667,0.187891,0.5,0.4,0
0.5,3.75,2.40388,-2.99573,6.23194e-05,0.00282577,0.00100448,0.117528,True,empty floor,sound_similarity,0,0.0666667,0.240691,0,0.0666667,0.118506,0,0.0666667,0.271224,0,0.0666667,0.145343,0,0.0666667,0.1565,0,0.0666667,0.265081,0,0.0666667,0.144166,0,0.0666667,0.233515,0,0.0666667,0.187891,0.5,0.4,0
1.75,3.25,3.23676,-2.99573,6.22324e-05,0.00282577,0.00100378,0.117528,True,empty floor,sound_similarity,0,0.0666667,0.240691,0,0.0666667,0.118506,0,0.0666667,0.271224,0,0.0666667,0.145343,0,0.0666667,0.1565,0,0.0666667,0.265081,0,0.0666667,0.144166,0,0.0666667,0.233515,0,0.0666667,0.187891,0.5,0.4,0
1.5,3.75,2.67775,-2.99573,6.10918e-05,0.00282577,0.000994542,0.117528,True,empty floor,sound_similarity,0,0.0666667,0.240691,0,0.0666667,0.118506,0,0.0666667,0.271224,0,0.0666667,0.145343,0,0.0666667,0.1565,0,0.0666667,0.265081,0,0.0666667,0.144166,0,0.0666667,0.233515,0,0.0666667,0.187891,0.5,0.4,0
0.5,3.5,2.65313,-2.99573,5.97661e-05,0.00282577,0.000983692,0.117528,True,empty floor,sound_similarity,0,0.0666667,0.240691,0,0.0666667,0.118506,0,0.0666667,0.271224,0,0.0666667,0.145343,0,0.0666667,0.1565,0,0.0666667,0.265081,0,0.0666667,0.144166,0,0.0666667,0.233515,0,0.0666667,0.187891,0.5,0.4,0
1.25,4.25,2.11873,-2.99573,5.9329e-05,0.00282577,0.000980088,0.117528,True,empty floor,sound_similarity,0,0.0666667,0.240691,0,0.0666667,0.118506,0,0.0666667,0.271224,0,0.0666667,0.145343,0,0.0666667,0.1565,0,0.0666667,0.265081,0,0.0666667,0.144166,0,0.0666667,0.233515,0,0.0666667,0.187891,0.5,0.4,0
0.5,3.25,2.9025,-2.99573,5.76877e-05,0.00282577,0.000966437,0.117528,True,empty floor,sound_similarity,0,0.0666667,0.240691,0,0.0666667,0.118506,0,0.0666667,0.271224,0,0.0666667,0.145343,0,0.0666667,0.1565,0,0.0666667,0.265081,0,0.0666667,0.144166,0,0.0666667,0.233515,0,0.0666667,0.187891,0.5,0.4,0
1,4.75,1.55971,-2.99573,5.62527e-05,0.00282577,0.000954341,0.117528,True,empty floor,sound_similarity,0,0.0666667,0.240691,0,0.0666667,0.118506,0,0.0666667,0.271224,0,0.0666667,0.145343,0,0.0666667,0.1565,0,0.0666667,0.265081,0,0.0666667,0.144166,0,0.0666667,0.233515,0,0.0666667,0.187891,0.5,0.4,0
0.5,3,3.15198,-2.99573,5.5968e-05,0.00282577,0.000951922,0.117528,True,empty floor,sound_similarity,0,0.0666667,0.240691,0,0.0666667,0.118506,0,0.0666667,0.271224,0,0.0666667,0.145343,0,0.0666667,0.1565,0,0.0666667,0.265081,0,0.0666667,0.144166,0,0.0666667,0.233515,0,0.0666667,0.187891,0.5,0.4,0
1.75,5.5,1.58355,-2.99573,5.49675e-05,0.00282577,0.000943375,0.117528,True,empty floor,sound_similarity,0,0.0666667,0.240691,0,0.0666667,0.118506,0,0.0666667,0.271224,0,0.0666667,0.145343,0,0.0666667,0.1565,0,0.0666667,0.265081,0,0.0666667,0.144166,0,0.0666667,0.233515,0,0.0666667,0.187891,0.5,0.4,0
0.5,2.75,3.40153,-2.99573,5.45243e-05,0.00282577,0.000939564,0.117528,True,empty floor,sound_similarity,0,0.0666667,0.240691,0,0.0666667,0.118506,0,0.0666667,0.271224,0,0.0666667,0.145343,0,0.0666667,0.1565,0,0.0666667,0.265081,0,0.0666667,0.144166,0,0.0666667,0.233515,0,0.0666667,0.187891,0.5,0.4,0
-0.25,7.75,1.69713,-2.28125,5.37112e-05,0.00282577,0.000932533,0.117528,True,empty floor,sound_similarity,0,0.0666667,0.240691,0,0.0666667,0.118506,0,0.0666667,0.271224,0,0.0666667,0.145343,0,0.0666667,0.1565,0,0.0666667,0.265081,0,0.0666667,0.144166,0,0.0666667,0.233515,0,0.0666667,0.187891,0.5,0.4,0
0.5,6.75,0.635064,-2.99573,5.35435e-05,0.00282577,0.000931076,0.117528,True,empty floor,sound_similarity,0,0.0666667,0.240691,0,0.0666667,0.118506,0,0.0666667,0.271224,0,0.0666667,0.145343,0,0.0666667,0.1565,0,0.0666667,0.265081,0,0.0666667,0.144166,0,0.0666667,0.233515,0,0.0666667,0.187891,0.5,0.4,0
0.5,2.5,3.65114,-2.99573,5.32969e-05,0.00282577,0.000928929,0.117528,True,empty floor,sound_similarity,0,0.0666667,0.240691,0,0.0666667,0.118506,0,0.0666667,0.271224,0,0.0666667,0.145343,0,0.0666667,0.1565,0,0.0666667,0.265081,0,0.0666667,0.144166,0,0.0666667,0.233515,0,0.0666667,0.187891,0.5,0.4,0
2,3,3.57386,-2.99573,5.31779e-05,0.00282577,0.000927892,0.117528,True,empty floor,sound_similarity,0,0.0666667,0.240691,0,0.0666667,0.118506,0,0.0666667,0.271224,0,0.0666667,0.145343,0,0.0666667,0.1565,0,0.0666667,0.265081,0,0.0666667,0.144166,0,0.0666667,0.233515,0,0.0666667,0.187891,0.5,0.4,0
0.5,2.25,3.90081,-2.99573,5.22417e-05,0.00282577,0.000919688,0.117528,True,empty floor,sound_similarity,0,0.0666667,0.240691,0,0.0666667,0.118506,0,0.0666667,0.271224,0,0.0666667,0.145343,0,0.0666667,0.1565,0,0.0666667,0.265081,0,0.0666667,0.144166,0,0.0666667,0.233515,0,0.0666667,0.187891,0.5,0.4,0
1.75,3.5,3.01516,-2.99573,5.05289e-05,0.00282577,0.000904485,0.117528,True,empty floor,sound_similarity,0,0.0666667,0.240691,0,0.0666667,0.118506,0,0.0666667,0.271224,0,0.0666667,0.145343,0,0.0666667,0.1565,0,0.0666667,0.265081,0,0.0666667,0.144166,0,0.0666667,0.233515,0,0.0666667,0.187891,0.5,0.4,0
0.5,1.75,4.40025,-2.99573,5.05233e-05,0.00282577,0.000904435,0.117528,True,empty floor,sound_similarity,0,0.0666667,0.240691,0,0.0666667,0.118506,0,0.0666667,0.271224,0,0.0666667,0.145343,0,0.0666667,0.1565,0,0.0666667,0.265081,0,0.0666667,0.144166,0,0.0666667,0.233515,0,0.0666667,0.187891,0.5,0.4,0
0.75,7.75,1.66492,-2.99572,5.04237e-05,0.00282577,0.000903543,0.117528,True,empty floor,sound_similarity,0,0.0666667,0.240691,0,0.0666667,0.118506,0,0.0666667,0.271224,0,0.0666667,0.145343,0,0.0666667,0.1565,0,0.0666667,0.265081,0,0.0666667,0.144166,0,0.0666667,0.233515,0,0.0666667,0.187891,0.5,0.4,0
0.75,5.25,1.0007,-2.99573,4.95976e-05,0.00282577,0.000896111,0.117528,True,empty floor,sound_similarity,0,0.0666667,0.240691,0,0.0666667,0.118506,0,0.0666667,0.271224,0,0.0666667,0.145343,0,0.0666667,0.1565,0,0.0666667,0.265081,0,0.0666667,0.144166,0,0.0666667,0.233515,0,0.0666667,0.187891,0.5,0.4,0
1.5,4,2.4566,-2.99573,4.67317e-05,0.00282577,0.000869836,0.117528,True,empty floor,sound_similarity,0,0.0666667,0.240691,0,0.0666667,0.118506,0,0.0666667,0.271224,0,0.0666667,0.145343,0,0.0666667,0.1565,0,0.0666667,0.265081,0,0.0666667,0.144166,0,0.0666667,0.233515,0,0.0666667,0.187891,0.5,0.4,0
2,6.25,1.69904,-2.99573,4.34351e-05,0.00282577,0.000838595,0.117528,True,empty floor,sound_similarity,0,0.0666667,0.240691,0,0.0666667,0.118506,0,0.0666667,0.271224,0,0.0666667,0.145343,0,0.0666667,0.1565,0,0.0666667,0.265081,0,0.0666667,0.144166,0,0.0666667,0.233515,0,0.0666667,0.187891,0.5,0.4,0
2,3.25,3.3559,-2.99573,4.2685e-05,0.00282577,0.000831322,0.117528,True,empty floor,sound_similarity,0,0.0666667,0.240691,0,0.0666667,0.118506,0,0.0666667,0.271224,0,0.0666667,0.145343,0,0.0666667,0.1565,0,0.0666667,0.265081,0,0.0666667,0.144166,0,0.0666667,0.233515,0,0.0666667,0.187891,0.5,0.4,0
1.25,4.5,1.89831,-2.99573,4.09064e-05,0.00282577,0.000813818,0.117528,True,empty floor,sound_similarity,0,0.0666667,0.240691,0,0.0666667,0.118506,0,0.0666667,0.271224,0,0.0666667,0.145343,0,0.0666667,0.1565,0,0.0666667,0.265081,0,0.0666667,0.144166,0,0.0666667,0.233515,0,0.0666667,0.187891,0.5,0.4,0
0.75,2.25,3.92132,-2.99573,7.06282e-05,0.00211933,0.000802014,0.0881459,True,empty floor,sound_similarity,0,0.05,0.240691,0,0.05,0.118506,0,0.05,0.271224,0,0.05,0.145343,0,0.05,0.1565,0,0.05,0.265081,0,0.05,0.144166,0,0.05,0.233515,0,0.05,0.187891,1,0.55,0
1,5.75,0.80058,-2.99573,3.9471e-05,0.00282577,0.000799412,0.117528,True,empty floor,sound_similarity,0,0.0666667,0.240691,0,0.0666667,0.118506,0,0.0666667,0.271224,0,0.0666667,0.145343,0,0.0666667,0.1565,0,0.0666667,0.265081,0,0.0666667,0.144166,0,0.0666667,0.233515,0,0.0666667,0.187891,0.5,0.4,0
1.75,6.25,1.44959,-2.99573,3.91728e-05,0.00282577,0.000796387,0.117528,True,empty floor,sound_similarity,0,0.0666667,0.240691,0,0.0666667,0.118506,0,0.0666667,0.271224,0,0.0666667,0.145343,0,0.0666667,0.1565,0,0.0666667,0.265081,0,0.0666667,0.144166,0,0.0666667,0.233515,0,0.0666667,0.187891,0.5,0.4,0
0.5,4.25,1.90598,-2.99573,6.95904e-05,0.00211933,0.0007961,0.0881459,True,empty floor,sound_similarity,0,0.05,0.240691,0,0.05,0.118506,0,0.05,0.271224,0,0.05,0.145343,0,0.05,0.1565,0,0.05,0.265081,0,0.05,0.144166,0,0.05,0.233515,0,0.05,0.187891,1,0.55,0
0.75,2,4.16979,-2.99573,6.85022e-05,0.00211933,0.000789851,0.0881459,True,empty floor,sound_similarity,0,0.05,0.240691,0,0.05,0.118506,0,0.05,0.271224,0,0.05,0.145343,0,0.05,0.1565,0,0.05,0.265081,0,0.05,0.144166,0,0.05,0.233515,0,0.05,0.187891,1,0.55,0
1.75,3.75,2.79835,-2.99573,3.81733e-05,0.00282577,0.000786161,0.117528,True,empty floor,sound_similarity,0,0.0666667,0.240691,0,0.0666667,0.118506,0,0.0666667,0.271224,0,0.0666667,0.145343,0,0.0666667,0.1565,0,0.0666667,0.265081,0,0.0666667,0.144166,0,0.0666667,0.233515,0,0.0666667,0.187891,0.5,0.4,0
-2,5.75,2.33792,-2.99553,1.68036e-05,0.00423866,0.000782392,0.176292,False,tv,sound_similarity,0,0.1,0.240691,0,0.1,0.118506,0,0.1,0.271224,0,0.1,0.145343,0,0.1,0.1565,0,0.1,0.265081,0,0.1,0.144166,0,0.1,0.233515,0,0.1,0.187891,0,0.1,0
-2.25,6,2.55832,-2.99341,3.76423e-05,0.00282577,0.000780674,0.117528,True,empty floor,sound_similarity,0,0.0666667,0.240691,0,0.0666667,0.118506,0,0.0666667,0.271224,0,0.0666667,0.145343,0,0.0666667,0.1565,0,0.0666667,0.265081,0,0.0666667,0.144166,0,0.0666667,0.233515,0,0.0666667,0.187891,0.5,0.4,0
0.75,1.75,4.41844,-2.99573,6.66142e-05,0.00211933,0.00077889,0.0881459,True,empty floor,sound_similarity,0,0.05,0.240691,0,0.05,0.118506,0,0.05,0.271224,0,0.05,0.145343,0,0.05,0.1565,0,0.05,0.265081,0,0.05,0.144166,0,0.05,0.233515,0,0.05,0.187891,1,0.55,0
0.25,1.75,4.39622,-2.99573,3.71487e-05,0.00282577,0.000775539,0.117528,True,empty floor,sound_similarity,0,0.0666667,0.240691,0,0.0666667,0.118506,0,0.0666667,0.271224,0,0.0666667,0.145343,0,0.0666667,0.1565,0,0.0666667,0.265081,0,0.0666667,0.144166,0,0.0666667,0.233515,0,0.0666667,0.187891,0.5,0.4,0
0.25,2.25,3.89626,-2.99573,3.69548e-05,0.00282577,0.000773512,0.117528,True,empty floor,sound_similarity,0,0.0666667,0.240691,0,0.0666667,0.118506,0,0.0666667,0.271224,0,0.0666667,0.145343,0,0.0666667,0.1565,0,0.0666667,0.265081,0,0.0666667,0.144166,0,0.0666667,0.233515,0,0.0666667,0.187891,0.5,0.4,0
0.5,4,2.15481,-2.99573,6.5514e-05,0.00211933,0.000772431,0.0881459,True,empty floor,sound_similarity,0,0.05,0.240691,0,0.05,0.118506,0,0.05,0.271224,0,0.05,0.145343,0,0.05,0.1565,0,0.05,0.265081,0,0.05,0.144166,0,0.05,0.233515,0,0.05,0.187891,1,0.55,0
0.25,2.5,3.64629,-2.99573,3.68388e-05,0.00282577,0.000772297,0.117528,True,empty floor,sound_similarity,0,0.0666667,0.240691,0,0.0666667,0.118506,0,0.0666667,0.271224,0,0.0666667,0.145343,0,0.0666667,0.1565,0,0.0666667,0.265081,0,0.0666667,0.144166,0,0.0666667,0.233515,0,0.0666667,0.187891,0.5,0.4,0
0.25,2.75,3.39632,-2.99573,3.67065e-05,0.00282577,0.000770909,0.117528,True,empty floor,sound_similarity,0,0.0666667,0.240691,0,0.0666667,0.118506,0,0.0666667,0.271224,0,0.0666667,0.145343,0,0.0666667,0.1565,0,0.0666667,0.265081,0,0.0666667,0.144166,0,0.0666667,0.233515,0,0.0666667,0.187891,0.5,0.4,0
0.25,3,3.14635,-2.99573,3.65542e-05,0.00282577,0.000769308,0.117528,True,empty floor,sound_similarity,0,0.0666667,0.240691,0,0.0666667,0.118506,0,0.0666667,0.271224,0,0.0666667,0.145343,0,0.0666667,0.1565,0,0.0666667,0.265081,0,0.0666667,0.144166,0,0.0666667,0.233515,0,0.0666667,0.187891,0.5,0.4,0
-2,6,2.30877,-2.99369,3.6515e-05,0.00282577,0.000768895,0.117528,True,empty floor,sound_similarity,0,0.0666667,0.240691,0,0.0666667,0.118506,0,0.0666667,0.271224,0,0.0666667,0.145343,0,0.0666667,0.1565,0,0.0666667,0.265081,0,0.0666667,0.144166,0,0.0666667,0.233515,0,0.0666667,0.187891,0.5,0.4,0
0.25,3.25,2.89639,-2.99573,3.63771e-05,0.00282577,0.000767442,0.117528,True,empty floor,sound_similarity,0,0.0666667,0.240691,0,0.0666667,0.118506,0,0.0666667,0.271224,0,0.0666667,0.145343,0,0.0666667,0.1565,0,0.0666667,0.265081,0,0.0666667,0.144166,0,0.0666667,0.233515,0,0.0666667,0.187891,0.5,0.4,0
1.5,5.5,1.35912,-2.99573,3.63538e-05,0.00282577,0.000767197,0.117528,True,empty floor,sound_similarity,0,0.0666667,0.240691,0,0.0666667,0.118506,0,0.0666667,0.271224,0,0.0666667,0.145343,0,0.0666667,0.1565,0,0.0666667,0.265081,0,0.0666667,0.144166,0,0.0666667,0.233515,0,0.0666667,0.187891,0.5,0.4,0
0.25,3.5,2.64644,-2.99573,3.61687e-05,0.00282577,0.000765241,0.117528,True,empty floor,sound_similarity,0,0.0666667,0.240691,0,0.0666667,0.118506,0,0.0666667,0.271224,0,0.0666667,0.145343,0,0.0666667,0.1565,0,0.0666667,0.265081,0,0.0666667,0.144166,0,0.0666667,0.233515,0,0.0666667,0.187891,0.5,0.4,0
1.25,7.25,1.45385,-2.99573,6.409e-05,0.00211933,0.000763991,0.0881459,True,empty floor,sound_similarity,0,0.05,0.240691,0,0.05,0.118506,0,0.05,0.271224,0,0.05,0.145343,0,0.05,0.1565,0,0.05,0.265081,0,0.05,0.144166,0,0.05,0.233515,0,0.05,0.187891,1,0.55,0
0.25,3.75,2.3965,-2.99573,3.59201e-05,0.00282577,0.000762607,0.117528,True,empty floor,sound_similarity,0,0.0666667,0.240691,0,0.0666667,0.118506,0,0.0666667,0.271224,0,0.0666667,0.145343,0,0.0666667,0.1565,0,0.0666667,0.265081,0,0.0666667,0.144166,0,0.0666667,0.233515,0,0.0666667,0.187891,0.5,0.4,0
0.25,4,2.14657,-2.99573,3.56187e-05,0.00282577,0.0007594,0.117528,True,empty floor,sound_similarity,0,0.0666667,0.240691,0,0.0666667,0.118506,0,0.0666667,0.271224,0,0.0666667,0.145343,0,0.0666667,0.1565,0,0.0666667,0.265081,0,0.0666667,0.144166,0,0.0666667,0.233515,0,0.0666667,0.187891,0.5,0.4,0
0.25,4.25,1.89666,-2.99573,3.5246e-05,0.00282577,0.000755417,0.117528,True,empty floor,sound_similarity,0,0.0666667,0.240691,0,0.0666667,0.118506,0,0.0666667,0.271224,0,0.0666667,0.145343,0,0.0666667,0.1565,0,0.0666667,0.265081,0,0.0666667,0.144166,0,0.0666667,0.233515,0,0.0666667,0.187891,0.5,0.4,0
-1.75,6,2.05933,-2.99399,3.51495e-05,0.00282577,0.000754382,0.117528,True,empty floor,sound_similarity,0,0.0666667,0.240691,0,0.0666667,0.118506,0,0.0666667,0.271224,0,0.0666667,0.145343,0,0.0666667,0.1565,0,0.0666667,0.265081,0,0.0666667,0.144166,0,0.0666667,0.233515,0,0.0666667,0.187891,0.5,0.4,0
2,5.25,1.91794,-2.99573,3.51099e-05,0.00282577,0.000753957,0.117528,True,empty floor,sound_similarity,0,0.0666667,0.240691,0,0.0666667,0.118506,0,0.0666667,0.271224,0,0.0666667,0.145343,0,0.0666667,0.1565,0,0.0666667,0.265081,0,0.0666667,0.144166,0,0.0666667,0.233515,0,0.0666667,0.187891,0.5,0.4,0
0.5,7,0.876277,-2.9957,3.49404e-05,0.00282577,0.000752135,0.117528,True,empty floor,sound_similarity,0,0.0666667,0.240691,0,0.0666667,0.118506,0,0.0666667,0.271224,0,0.0666667,0.145343,0,0.0666667,0.1565,0,0.0666667,0.265081,0,0.0666667,0.144166,0,0.0666667,0.233515,0,0.0666667,0.187891,0.5,0.4,0
0.25,4.5,1.64678,-2.99573,3.47749e-05,0.00282577,0.000750352,0.117528,True,empty floor,sound_similarity,0,0.0666667,0.240691,0,0.0666667,0.118506,0,0.0666667,0.271224,0,0.0666667,0.145343,0,0.0666667,0.1565,0,0.0666667,0.265081,0,0.0666667,0.144166,0,0.0666667,0.233515,0,0.0666667,0.187891,0.5,0.4,0
0.25,4.75,1.39694,-2.99573,3.41636e-05,0.00282577,0.000743727,0.117528,True,empty floor,sound_similarity,0,0.0666667,0.240691,0,0.0666667,0.118506,0,0.0666667,0.271224,0,0.0666667,0.145343,0,0.0666667,0.1565,0,0.0666667,0.265081,0,0.0666667,0.144166,0,0.0666667,0.233515,0,0.0666667,0.187891,0.5,0.4,0
1.5,6.25,1.20037,-2.99573,3.3639e-05,0.00282577,0.000737995,0.117528,True,empty floor,sound_similarity,0,0.0666667,0.240691,0,0.0666667,0.118506,0,0.0666667,0.271224,0,0.0666667,0.145343,0,0.0666667,0.1565,0,0.0666667,0.265081,0,0.0666667,0.144166,0,0.0666667,0.233515,0,0.0666667,0.187891,0.5,0.4,0
-1.5,6,1.81004,-2.99431,3.34635e-05,0.00282577,0.000736067,0.117528,True,empty floor,sound_similarity,0,0.0666667,0.240691,0,0.0666667,0.118506,0,0.0666667,0.271224,0,0.0666667,0.145343,0,0.0666667,0.1565,0,0.0666667,0.265081,0,0.0666667,0.144166,0,0.0666667,0.233515,0,0.0666667,0.187891,0.5,0.4,0
0.25,5,1.14717,-2.99573,3.33481e-05,0.00282577,0.000734797,0.117528,True,empty floor,sound_similarity,0,0.0666667,0.240691,0,0.0666667,0.118506,0,0.0666667,0.271224,0,0.0666667,0.145343,0,0.0666667,0.1565,0,0.0666667,0.265081,0,0.0666667,0.144166,0,0.0666667,0.233515,0,0.0666667,0.187891,0.5,0.4,0
1.5,7.5,1.80656,-2.99573,5.74928e-05,0.00211933,0.000723602,0.0881459,True,empty floor,sound_similarity,0,0.05,0.240691,0,0.05,0.118506,0,0.05,0.271224,0,0.05,0.145343,0,0.05,0.1565,0,0.05,0.265081,0,0.05,0.144166,0,0.05,0.233515,0,0.05,0.187891,1,0.55,0
0.25,5.25,0.897524,-2.99573,3.22417e-05,0.00282577,0.000722505,0.117528,True,empty floor,sound_similarity,0,0.0666667,0.240691,0,0.0666667,0.118506,0,0.0666667,0.271224,0,0.0666667,0.145343,0,0.0666667,0.1565,0,0.0666667,0.265081,0,0.0666667,0.144166,0,0.0666667,0.233515,0,0.0666667,0.187891,0.5,0.4,0
2,7.75,2.33432,-2.99573,3.20269e-05,0.00282577,0.000720094,0.117528,True,empty floor,sound_similarity,0,0.0666667,0.240691,0,0.0666667,0.118506,0,0.0666667,0.271224,0,0.0666667,0.145343,0,0.0666667,0.1565,0,0.0666667,0.265081,0,0.0666667,0.144166,0,0.0666667,0.233515,0,0.0666667,0.187891,0.5,0.4,0
1.5,4.25,2.24153,-2.99573,3.19481e-05,0.00282577,0.000719207,0.117528,True,empty floor,sound_similarity,0,0.0666667,0.240691,0,0.0666667,0.118506,0,0.0666667,0.271224,0,0.0666667,0.145343,0,0.0666667,0.1565,0,0.0666667,0.265081,0,0.0666667,0.144166,0,0.0666667,0.233515,0,0.0666667,0.187891,0.5,0.4,0
1.75,7.5,1.98093,-2.99573,3.19372e-05,0.00282577,0.000719085,0.117528,True,empty floor,sound_similarity,0,0.0666667,0.240691,0,0.0666667,0.118506,0,0.0666667,0.271224,0,0.0666667,0.145343,0,0.0666667,0.1565,0,0.0666667,0.265081,0,0.0666667,0.144166,0,0.0666667,0.233515,0,0.0666667,0.187891,0.5,0.4,0
1.5,7.25,1.62761,-2.99573,3.18098e-05,0.00282577,0.000717649,0.117528,True,empty floor,sound_similarity,0,0.0666667,0.240691,0,0.0666667,0.118506,0,0.0666667,0.271224,0,0.0666667,0.145343,0,0.0666667,0.1565,0,0.0666667,0.265081,0,0.0666667,0.144166,0,0.0666667,0.233515,0,0.0666667,0.187891,0.5,0.4,0
1.25,7,1.27441,-2.99573,3.16146e-05,0.00282577,0.000715444,0.117528,True,empty floor,sound_similarity,0,0.0666667,0.240691,0,0.0666667,0.118506,0,0.0666667,0.271224,0,0.0666667,0.145343,0,0.0666667,0.1565,0,0.0666667,0.265081,0,0.0666667,0.144166,0,0.0666667,0.233515,0,0.0666667,0.187891,0.5,0.4,0
-1.25,6,1.56099,-2.99464,3.13341e-05,0.00282577,0.000712263,0.117528,True,empty floor,sound_similarity,0,0.0666667,0.240691,0,0.0666667,0.118506,0,0.0666667,0.271224,0,0.0666667,0.145343,0,0.0666667,0.1565,0,0.0666667,0.265081,0,0.0666667,0.144166,0,0.0666667,0.233515,0,0.0666667,0.187891,0.5,0.4,0
1,6.75,0.921494,-2.99573,3.12779e-05,0.00282577,0.000711623,0.117528,True,empty floor,sound_similarity,0,0.0666667,0.240691,0,0.0666667,0.118506,0,0.0666667,0.271224,0,0.0666667,0.145343,0,0.0666667,0.1565,0,0.0666667,0.265081,0,0.0666667,0.144166,0,0.0666667,0.233515,0,0.0666667,0.187891,0.5,0.4,0
1,5,1.34062,-2.99573,3.11985e-05,0.00282577,0.00071072,0.117528,True,empty floor,sound_similarity,0,0.0666667,0.240691,0,0.0666667,0.118506,0,0.0666667,0.271224,0,0.0666667,0.145343,0,0.0666667,0.1565,0,0.0666667,0.265081,0,0.0666667,0.144166,0,0.0666667,0.233515,0,0.0666667,0.187891,0.5,0.4,0
0.25,5.75,0.399575,-2.99573,3.10343e-05,0.00282577,0.000708847,0.117528,True,empty floor,sound_similarity,0,0.0666667,0.240691,0,0.0666667,0.118506,0,0.0666667,0.271224,0,0.0666667,0.145343,0,0.0666667,0.1565,0,0.0666667,0.265081,0,0.0666667,0.144166,0,0.0666667,0.233515,0,0.0666667,0.187891,0.5,0.4,0
0.25,5.5,0.648155,-2.99573,3.08531e-05,0.00282577,0.000706775,0.117528,True,empty floor,sound_similarity,0,0.0666667,0.240691,0,0.0666667,0.118506,0,0.0666667,0.271224,0,0.0666667,0.145343,0,0.0666667,0.1565,0,0.0666667,0.265081,0,0.0666667,0.144166,0,0.0666667,0.233515,0,0.0666667,0.187891,0.5,0.4,0
0.75,6.5,0.569362,-2.99573,3.05588e-05,0.00282577,0.000703396,0.117528,True,empty floor,sound_similarity,0,0.0666667,0.240691,0,0.0666667,0.118506,0,0.0666667,0.271224,0,0.0666667,0.145343,0,0.0666667,0.1565,0,0.0666667,0.265081,0,0.0666667,0.144166,0,0.0666667,0.233515,0,0.0666667,0.187891,0.5,0.4,0
1.75,7.75,2.15955,-2.99573,5.3075e-05,0.00211933,0.000695245,0.0881459,True,empty floor,sound_similarity,0,0.05,0.240691,0,0.05,0.118506,0,0.05,0.271224,0,0.05,0.145343,0,0.05,0.1565,0,0.05,0.265081,0,0.05,0.144166,0,0.05,0.233515,0,0.05,0.187891,1,0.55,0
-1,6,1.31229,-2.99499,2.85723e-05,0.00282577,0.000680149,0.117528,True,empty floor,sound_similarity,0,0.0666667,0.240691,0,0.0666667,0.118506,0,0.0666667,0.271224,0,0.0666667,0.145343,0,0.0666667,0.1565,0,0.0666667,0.265081,0,0.0666667,0.144166,0,0.0666667,0.233515,0,0.0666667,0.187891,0.5,0.4,0
1.25,5.25,1.30278,-2.99573,7.87841e-06,0.00537991,0.000679969,0.223758,True,couch,sound_similarity,0,0.05,0.240691,0,0.05,0.118506,1,0.55,0.271224,0,0.05,0.145343,0,0.05,0.1565,0,0.05,0.265081,0,0.05,0.144166,0,0.05,0.233515,0,0.05,0.187891,0,0.05,0
0.5,6.25,0.221799,-2.99573,2.79859e-05,0.00282577,0.000673133,0.117528,True,empty floor,sound_similarity,0,0.0666667,0.240691,0,0.0666667,0.118506,0,0.0666667,0.271224,0,0.0666667,0.145343,0,0.0666667,0.1565,0,0.0666667,0.265081,0,0.0666667,0.144166,0,0.0666667,0.233515,0,0.0666667,0.187891,0.5,0.4,0
0,1.75,4.4064,-2.99573,2.79724e-05,0.00282577,0.000672971,0.117528,True,empty floor,sound_similarity,0,0.0666667,0.240691,0,0.0666667,0.118506,0,0.0666667,0.271224,0,0.0666667,0.145343,0,0.0666667,0.1565,0,0.0666667,0.265081,0,0.0666667,0.144166,0,0.0666667,0.233515,0,0.0666667,0.187891,0.5,0.4,0
0,2.25,3.90774,-2.99573,2.70174e-05,0.00282577,0.000661384,0.117528,True,empty floor,sound_similarity,0,0.0666667,0.240691,0,0.0666667,0.118506,0,0.0666667,0.271224,0,0.0666667,0.145343,0,0.0666667,0.1565,0,0.0666667,0.265081,0,0.0666667,0.144166,0,0.0666667,0.233515,0,0.0666667,0.187891,0.5,0.4,0
0.5,5.75,0.441682,-2.99573,2.70111e-05,0.00282577,0.000661306,0.117528,True,empty floor,sound_similarity,0,0.0666667,0.240691,0,0.0666667,0.118506,0,0.0666667,0.271224,0,0.0666667,0.145343,0,0.0666667,0.1565,0,0.0666667,0.265081,0,0.0666667,0.144166,0,0.0666667,0.233515,0,0.0666667,0.187891,0.5,0.4,0
0,2.5,3.65855,-2.99573,2.6489e-05,0.00282577,0.000654884,0.117528,True,empty floor,sound_similarity,0,0.0666667,0.240691,0,0.0666667,0.118506,0,0.0666667,0.271224,0,0.0666667,0.145343,0,0.0666667,0.1565,0,0.0666667,0.265081,0,0.0666667,0.144166,0,0.0666667,0.233515,0,0.0666667,0.187891,0.5,0.4,0
1.75,4,2.58753,-2.99573,2.64286e-05,0.00282577,0.000654137,0.117528,True,empty floor,sound_similarity,0,0.0666667,0.240691,0,0.0666667,0.118506,0,0.0666667,0.271224,0,0.0666667,0.145343,0,0.0666667,0.1565,0,0.0666667,0.265081,0,0.0666667,0.144166,0,0.0666667,0.233515,0,0.0666667,0.187891,0.5,0.4,0
1.25,6.25,0.951558,-2.99573,2.64094e-05,0.00282577,0.000653899,0.117528,True,empty floor,sound_similarity,0,0.0666667,0.240691,0,0.0666667,0.118506,0,0.0666667,0.271224,0,0.0666667,0.145343,0,0.0666667,0.1565,0,0.0666667,0.265081,0,0.0666667,0.144166,0,0.0666667,0.233515,0,0.0666667,0.187891,0.5,0.4,0
0.5,7.25,1.12135,-2.99562,2.62616e-05,0.00282577,0.000652067,0.117528,True,empty floor,sound_similarity,0,0.0666667,0.240691,0,0.0666667,0.118506,0,0.0666667,0.271224,0,0.0666667,0.145343,0,0.0666667,0.1565,0,0.0666667,0.265081,0,0.0666667,0.144166,0,0.0666667,0.233515,0,0.0666667,0.187891,0.5,0.4,0
0,2.75,3.40948,-2.99573,2.59263e-05,0.00282577,0.000647891,0.117528,True,empty floor,sound_similarity,0,0.0666667,0.240691,0,0.0666667,0.118506,0,0.0666667,0.271224,0,0.0666667,0.145343,0,0.0666667,0.1565,0,0.0666667,0.265081,0,0.0666667,0.144166,0,0.0666667,0.233515,0,0.0666667,0.187891,0.5,0.4,0
0,3,3.16056,-2.99573,2.53321e-05,0.00282577,0.000640424,0.117528,True,empty floor,sound_similarity,0,0.0666667,0.240691,0,0.0666667,0.118506,0,0.0666667,0.271224,0,0.0666667,0.145343,0,0.0666667,0.1565,0,0.0666667,0.265081,0,0.0666667,0.144166,0,0.0666667,0.233515,0,0.0666667,0.187891,0.5,0.4,0
-2,3,3.89945,-2.99573,0.000100299,0.00141289,0.000637163,0.0587639,True,empty floor,sound_similarity,0,0.0333333,0.240691,0,0.0333333,0.118506,0,0.0333333,0.271224,0,0.0333333,0.145343,0,0.0333333,0.1565,0,0.0333333,0.265081,0,0.0333333,0.144166,0,0.0333333,0.233515,0,0.0333333,0.187891,2,0.7,0
-1.25,4,2.64957,-2.99573,0.000100293,0.00141289,0.000637143,0.0587639,True,empty floor,sound_similarity,0,0.0333333,0.240691,0,0.0333333,0.118506,0,0.0333333,0.271224,0,0.0333333,0.145343,0,0.0333333,0.1565,0,0.0333333,0.265081,0,0.0333333,0.144166,0,0.0333333,0.233515,0,0.0333333,0.187891,2,0.7,0
-0.5,5,1.3999,-2.99573,0.000100275,0.00141289,0.000637086,0.0587639,True,empty floor,sound_similarity,0,0.0333333,0.240691,0,0.0333333,0.118506,0,0.0333333,0.271224,0,0.0333333,0.145343,0,0.0333333,0.1565,0,0.0333333,0.265081,0,0.0333333,0.144166,0,0.0333333,0.233515,0,0.0333333,0.187891,2,0.7,0
-1,4.25,2.30113,-2.99573,0.000100179,0.00141289,0.000636782,0.0587639,True,empty floor,sound_similarity,0,0.0333333,0.240691,0,0.0333333,0.118506,0,0.0333333,0.271224,0,0.0333333,0.145343,0,0.0333333,0.1565,0,0.0333333,0.265081,0,0.0333333,0.144166,0,0.0333333,0.233515,0,0.0333333,0.187891,2,0.7,0
-2.25,2.5,4.45154,-2.99573,0.000100146,0.00141289,0.000636676,0.0587639,True,empty floor,sound_similarity,0,0.0333333,0.240691,0,0.0333333,0.118506,0,0.0333333,0.271224,0,0.0333333,0.145343,0,0.0333333,0.1565,0,0.0333333,0.265081,0,0.0333333,0.144166,0,0.0333333,0.233515,0,0.0333333,0.187891,2,0.7,0
-2.25,2.75,4.24921,-2.99573,9.98454e-05,0.00141289,0.00063572,0.0587639,True,empty floor,sound_similarity,0,0.0333333,0.240691,0,0.0333333,0.118506,0,0.0333333,0.271224,0,0.0333333,0.145343,0,0.0333333,0.1565,0,0.0333333,0.265081,0,0.0333333,0.144166,0,0.0333333,0.233515,0,0.0333333,0.187891,2,0.7,0
-1.5,3.5,3.20245,-2.99573,9.97261e-05,0.00141289,0.00063534,0.0587639,True,empty floor,sound_similarity,0,0.0333333,0.240691,0,0.0333333,0.118506,0,0.0333333,0.271224,0,0.0333333,0.145343,0,0.0333333,0.1565,0,0.0333333,0.265081,0,0.0333333,0.144166,0,0.0333333,0.233515,0,0.0333333,0.187891,2,0.7,0
-0.75,6,1.0642,-2.99531,2.48834e-05,0.00282577,0.000634726,0.117528,True,empty floor,sound_similarity,0,0.0666667,0.240691,0,0.0666667,0.118506,0,0.0666667,0.271224,0,0.0666667,0.145343,0,0.0666667,0.1565,0,0.0666667,0.265081,0,0.0666667,0.144166,0,0.0666667,0.233515,0,0.0666667,0.187891,0.5,0.4,0
-1.5,3.75,2.99921,-2.99573,9.95294e-05,0.00141289,0.000634713,0.0587639,True,empty floor,sound_similarity,0,0.0333333,0.240691,0,0.0333333,0.118506,0,0.0333333,0.271224,0,0.0333333,0.145343,0,0.0333333,0.1565,0,0.0333333,0.265081,0,0.0333333,0.144166,0,0.0333333,0.233515,0,0.0333333,0.187891,2,0.7,0
-2,2.75,4.1038,-2.99573,9.9369e-05,0.00141289,0.000634201,0.0587639,True,empty floor,sound_similarity,0,0.0333333,0.240691,0,0.0333333,0.118506,0,0.0333333,0.271224,0,0.0333333,0.145343,0,0.0333333,0.1565,0,0.0333333,0.265081,0,0.0333333,0.144166,0,0.0333333,0.233515,0,0.0333333,0.187891,2,0.7,0
0,3.25,2.91182,-2.99573,2.4714e-05,0.00282577,0.000632562,0.117528,True,empty floor,sound_similarity,0,0.0666667,0.240691,0,0.0666667,0.118506,0,0.0666667,0.271224,0,0.0666667,0.145343,0,0.0666667,0.1565,0,0.0666667,0.265081,0,0.0666667,0.144166,0,0.0666667,0.233515,0,0.0666667,0.187891,0.5,0.4,0
-0.75,4.75,1.74921,-2.99573,9.84529e-05,0.00141289,0.000631271,0.0587639,True,empty floor,sound_similarity,0,0.0333333,0.240691,0,0.0333333,0.118506,0,0.0333333,0.271224,0,0.0333333,0.145343,0,0.0333333,0.1565,0,0.0333333,0.265081,0,0.0333333,0.144166,0,0.0333333,0.233515,0,0.0333333,0.187891,2,0.7,0
-1.75,3.5,3.34967,-2.99573,9.84202e-05,0.00141289,0.000631166,0.0587639,True,empty floor,sound_similarity,0,0.0333333,0.240691,0,0.0333333,0.118506,0,0.0333333,0.271224,0,0.0333333,0.145343,0,0.0333333,0.1565,0,0.0333333,0.265081,0,0.0333333,0.144166,0,0.0333333,0.233515,0,0.0333333,0.187891,2,0.7,0
-0.25,5.25,1.05342,-2.99573,9.83908e-05,0.00141289,0.000631072,0.0587639,True,empty floor,sound_similarity,0,0.0333333,0.240691,0,0.0333333,0.118506,0,0.0333333,0.271224,0,0.0333333,0.145343,0,0.0333333,0.1565,0,0.0333333,0.265081,0,0.0333333,0.144166,0,0.0333333,0.233515,0,0.0333333,0.187891,2,0.7,0
-0.75,4.5,1.95453,-2.99573,9.8008e-05,0.00141289,0.000629843,0.0587639,True,empty floor,sound_similarity,0,0.0333333,0.240691,0,0.0333333,0.118506,0,0.0333333,0.271224,0,0.0333333,0.145343,0,0.0333333,0.1565,0,0.0333333,0.265081,0,0.0333333,0.144166,0,0.0333333,0.233515,0,0.0333333,0.187891,2,0.7,0
-1.25,3.75,2.85581,-2.99573,9.78633e-05,0.00141289,0.000629378,0.0587639,True,empty floor,sound_similarity,0,0.0333333,0.240691,0,0.0333333,0.118506,0,0.0333333,0.271224,0,0.0333333,0.145343,0,0.0333333,0.1565,0,0.0333333,0.265081,0,0.0333333,0.144166,0,0.0333333,0.233515,0,0.0333333,0.187891,2,0.7,0
-2.25,2.25,4.6585,-2.99573,9.77406e-05,0.00141289,0.000628983,0.0587639,True,empty floor,sound_similarity,0,0.0333333,0.240691,0,0.0333333,0.118506,0,0.0333333,0.271224,0,0.0333333,0.145343,0,0.0333333,0.1565,0,0.0333333,0.265081,0,0.0333333,0.144166,0,0.0333333,0.233515,0,0.0333333,0.187891,2,0.7,0
-2,3.25,3.70072,-2.99573,9.72087e-05,0.00141289,0.00062727,0.0587639,True,empty floor,sound_similarity,0,0.0333333,0.240691,0,0.0333333,0.118506,0,0.0333333,0.271224,0,0.0333333,0.145343,0,0.0333333,0.1565,0,0.0333333,0.265081,0,0.0333333,0.144166,0,0.0333333,0.233515,0,0.0333333,0.187891,2,0.7,0
0,3.5,2.66331,-2.99573,2.40882e-05,0.00282577,0.000624502,0.117528,True,empty floor,sound_similarity,0,0.0666667,0.240691,0,0.0666667,0.118506,0,0.0666667,0.271224,0,0.0666667,0.145343,0,0.0666667,0.1565,0,0.0666667,0.265081,0,0.0666667,0.144166,0,0.0666667,0.233515,0,0.0666667,0.187891,0.5,0.4,0
-1,4.5,2.09994,-2.99573,9.61169e-05,0.00141289,0.000623737,0.0587639,True,empty floor,sound_similarity,0,0.0333333,0.240691,0,0.0333333,0.118506,0,0.0333333,0.271224,0,0.0333333,0.145343,0,0.0333333,0.1565,0,0.0333333,0.265081,0,0.0333333,0.144166,0,0.0333333,0.233515,0,0.0333333,0.187891,2,0.7,0
-2.25,3,4.0522,-2.99573,9.60062e-05,0.00141289,0.000623378,0.0587639,True,empty floor,sound_similarity,0,0.0333333,0.240691,0,0.0333333,0.118506,0,0.0333333,0.271224,0,0.0333333,0.145343,0,0.0333333,0.1565,0,0.0333333,0.265081,0,0.0333333,0.144166,0,0.0333333,0.233515,0,0.0333333,0.187891,2,0.7,0
-2,2.5,4.31296,-2.99573,9.5587e-05,0.00141289,0.000622015,0.0587639,True,empty floor,sound_similarity,0,0.0333333,0.240691,0,0.0333333,0.118506,0,0.0333333,0.271224,0,0.0333333,0.145343,0,0.0333333,0.1565,0,0.0333333,0.265081,0,0.0333333,0.144166,0,0.0333333,0.233515,0,0.0333333,0.187891,2,0.7,0
-1.5,3.25,3.41191,-2.99573,9.49836e-05,0.00141289,0.000620049,0.0587639,True,empty floor,sound_similarity,0,0.0333333,0.240691,0,0.0333333,0.118506,0,0.0333333,0.271224,0,0.0333333,0.145343,0,0.0333333,0.1565,0,0.0333333,0.265081,0,0.0333333,0.144166,0,0.0333333,0.233515,0,0.0333333,0.187891,2,0.7,0
-1.25,4.25,2.45149,-2.99573,9.39599e-05,0.00141289,0.000616698,0.0587639,True,empty floor,sound_similarity,0,0.0333333,0.240691,0,0.0333333,0.118506,0,0.0333333,0.271224,0,0.0333333,0.145343,0,0.0333333,0.1565,0,0.0333333,0.265081,0,0.0333333,0.144166,0,0.0333333,0.233515,0,0.0333333,0.187891,2,0.7,0
0,3.75,2.41512,-2.99573,2.34882e-05,0.00282577,0.000616675,0.117528,True,empty floor,sound_similarity,0,0.0666667,0.240691,0,0.0666667,0.118506,0,0.0666667,0.271224,0,0.0666667,0.145343,0,0.0666667,0.1565,0,0.0666667,0.265081,0,0.0666667,0.144166,0,0.0666667,0.233515,0,0.0666667,0.187891,0.5,0.4,0
-1,4,2.51111,-2.99573,9.38632e-05,0.00141289,0.000616381,0.0587639,True,empty floor,sound_similarity,0,0.0333333,0.240691,0,0.0333333,0.118506,0,0.0333333,0.271224,0,0.0333333,0.145343,0,0.0333333,0.1565,0,0.0333333,0.265081,0,0.0333333,0.144166,0,0.0333333,0.233515,0,0.0333333,0.187891,2,0.7,0
-2.25,2,4.86951,-2.99573,9.34858e-05,0.00141289,0.000615141,0.0587639,True,empty floor,sound_similarity,0,0.0333333,0.240691,0,0.0333333,0.118506,0,0.0333333,0.271224,0,0.0333333,0.145343,0,0.0333333,0.1565,0,0.0333333,0.265081,0,0.0333333,0.144166,0,0.0333333,0.233515,0,0.0333333,0.187891,2,0.7,0
1.25,4.75,1.68616,-2.99573,2.32525e-05,0.00282577,0.000613573,0.117528,True,empty floor,sound_similarity,0,0.0666667,0.240691,0,0.0666667,0.118506,0,0.0666667,0.271224,0,0.0666667,0.145343,0,0.0666667,0.1565,0,0.0666667,0.265081,0,0.0666667,0.144166,0,0.0666667,0.233515,0,0.0666667,0.187891,0.5,0.4,0
-0.25,1.75,4.43068,-2.99573,2.30662e-05,0.00282577,0.00061111,0.117528,True,empty floor,sound_similarity,0,0.0666667,0.240691,0,0.0666667,0.118506,0,0.0666667,0.271224,0,0.0666667,0.145343,0,0.0666667,0.1565,0,0.0666667,0.265081,0,0.0666667,0.144166,0,0.0666667,0.233515,0,0.0666667,0.187891,0.5,0.4,0
-1.5,4,2.80354,-2.99573,9.21031e-05,0.00141289,0.000610575,0.0587639,True,empty floor,sound_similarity,0,0.0333333,0.240691,0,0.0333333,0.118506,0,0.0333333,0.271224,0,0.0333333,0.145343,0,0.0333333,0.1565,0,0.0333333,0.265081,0,0.0333333,0.144166,0,0.0333333,0.233515,0,0.0333333,0.187891,2,0.7,0
0,4,2.16734,-2.99573,2.29806e-05,0.00282577,0.000609975,0.117528,True,empty floor,sound_similarity,0,0.0666667,0.240691,0,0.0666667,0.118506,0,0.0666667,0.271224,0,0.0666667,0.145343,0,0.0666667,0.1565,0,0.0666667,0.265081,0,0.0666667,0.144166,0,0.0666667,0.233515,0,0.0666667,0.187891,0.5,0.4,0
-0.5,4.75,1.61095,-2.99573,9.11445e-05,0.00141289,0.000607389,0.0587639,True,empty floor,sound_similarity,0,0.0333333,0.240691,0,0.0333333,0.118506,0,0.0333333,0.271224,0,0.0333333,0.145343,0,0.0333333,0.1565,0,0.0333333,0.265081,0,0.0333333,0.144166,0,0.0333333,0.233515,0,0.0333333,0.187891,2,0.7,0
-0.25,2,4.18276,-2.99573,2.27378e-05,0.00282577,0.000606744,0.117528,True,empty floor,sound_similarity,0,0.0666667,0.240691,0,0.0666667,0.118506,0,0.0666667,0.271224,0,0.0666667,0.145343,0,0.0666667,0.1565,0,0.0666667,0.265081,0,0.0666667,0.144166,0,0.0666667,0.233515,0,0.0666667,0.187891,0.5,0.4,0
-1.75,3.75,3.15592,-2.99573,9.05308e-05,0.00141289,0.000605341,0.0587639,True,empty floor,sound_similarity,0,0.0333333,0.240691,0,0.0333333,0.118506,0,0.0333333,0.271224,0,0.0333333,0.145343,0,0.0333333,0.1565,0,0.0333333,0.265081,0,0.0333333,0.144166,0,0.0333333,0.233515,0,0.0333333,0.187891,2,0.7,0
-1.25,3.5,3.06857,-2.99573,9.03407e-05,0.00141289,0.000604705,0.0587639,True,empty floor,sound_similarity,0,0.0333333,0.240691,0,0.0333333,0.118506,0,0.0333333,0.271224,0,0.0333333,0.145343,0,0.0333333,0.1565,0,0.0333333,0.265081,0,0.0333333,0.144166,0,0.0333333,0.233515,0,0.0333333,0.187891,2,0.7,0
-2,2.25,4.52626,-2.99573,9.0054e-05,0.00141289,0.000603745,0.0587639,True,empty floor,sound_similarity,0,0.0333333,0.240691,0,0.0333333,0.118506,0,0.0333333,0.271224,0,0.0333333,0.145343,0,0.0333333,0.1565,0,0.0333333,0.265081,0,0.0333333,0.144166,0,0.0333333,0.233515,0,0.0333333,0.187891,2,0.7,0
-0.25,2.25,3.9351,-2.99573,2.24452e-05,0.00282577,0.000602827,0.117528,True,empty floor,sound_similarity,0,0.0666667,0.240691,0,0.0666667,0.118506,0,0.0666667,0.271224,0,0.0666667,0.145343,0,0.0666667,0.1565,0,0.0666667,0.265081,0,0.0666667,0.144166,0,0.0666667,0.233515,0,0.0666667,0.187891,0.5,0.4,0
-2,3.5,3.50854,-2.99573,8.9199e-05,0.00141289,0.000600872,0.0587639,True,empty floor,sound_similarity,0,0.0333333,0.240691,0,0.0333333,0.118506,0,0.0333333,0.271224,0,0.0333333,0.145343,0,0.0333333,0.1565,0,0.0333333,0.265081,0,0.0333333,0.144166,0,0.0333333,0.233515,0,0.0333333,0.187891,2,0.7,0
1.75,5.25,1.70091,-2.99573,2.22314e-05,0.00282577,0.00059995,0.117528,True,empty floor,sound_similarity,0,0.0666667,0.240691,0,0.0666667,0.118506,0,0.0666667,0.271224,0,0.0666667,0.145343,0,0.0666667,0.1565,0,0.0666667,0.265081,0,0.0666667,0.144166,0,0.0666667,0.233515,0,0.0666667,0.187891,0.5,0.4,0
-0.25,2.5,3.68776,-2.99573,2.22116e-05,0.00282577,0.000599682,0.117528,True,empty floor,sound_similarity,0,0.0666667,0.240691,0,0.0666667,0.118506,0,0.0666667,0.271224,0,0.0666667,0.145343,0,0.0666667,0.1565,0,0.0666667,0.265081,0,0.0666667,0.144166,0,0.0666667,0.233515,0,0.0666667,0.187891,0.5,0.4,0
-2.25,1.75,5.08405,-2.99573,8.81251e-05,0.00141289,0.000597244,0.0587639,True,empty floor,sound_similarity,0,0.0333333,0.240691,0,0.0333333,0.118506,0,0.0333333,0.271224,0,0.0333333,0.145343,0,0.0333333,0.1565,0,0.0333333,0.265081,0,0.0333333,0.144166,0,0.0333333,0.233515,0,0.0333333,0.187891,2,0.7,0
-2.25,3.25,3.86133,-2.99573,8.80642e-05,0.00141289,0.000597037,0.0587639,True,empty floor,sound_similarity,0,0.0333333,0.240691,0,0.0333333,0.118506,0,0.0333333,0.271224,0,0.0333333,0.145343,0,0.0333333,0.1565,0,0.0333333,0.265081,0,0.0333333,0.144166,0,0.0333333,0.233515,0,0.0333333,0.187891,2,0.7,0
-1.5,3,3.62651,-2.99573,8.75686e-05,0.00141289,0.000595355,0.0587639,True,empty floor,sound_similarity,0,0.0333333,0.240691,0,0.0333333,0.118506,0,0.0333333,0.271224,0,0.0333333,0.145343,0,0.0333333,0.1565,0,0.0333333,0.265081,0,0.0333333,0.144166,0,0.0333333,0.233515,0,0.0333333,0.187891,2,0.7,0
0.5,7.5,1.3682,-2.9955,2.16026e-05,0.00282577,0.000591404,0.117528,True,empty floor,sound_similarity,0,0.0666667,0.240691,0,0.0666667,0.118506,0,0.0666667,0.271224,0,0.0666667,0.145343,0,0.0666667,0.1565,0,0.0666667,0.265081,0,0.0666667,0.144166,0,0.0666667,0.233515,0,0.0666667,0.187891,0.5,0.4,0
-0.75,4.25,2.16925,-2.99573,8.62107e-05,0.00141289,0.000590721,0.0587639,True,empty floor,sound_similarity,0,0.0333333,0.240691,0,0.0333333,0.118506,0,0.0333333,0.271224,0,0.0333333,0.145343,0,0.0333333,0.1565,0,0.0333333,0.265081,0,0.0333333,0.144166,0,0.0333333,0.233515,0,0.0333333,0.187891,2,0.7,0
-1.75,2.5,4.18474,-2.99573,8.53894e-05,0.00141289,0.0005879,0.0587639,True,empty floor,sound_similarity,0,0.0333333,0.240691,0,0.0333333,0.118506,0,0.0333333,0.271224,0,0.0333333,0.145343,0,0.0333333,0.1565,0,0.0333333,0.265081,0,0.0333333,0.144166,0,0.0333333,0.233515,0,0.0333333,0.187891,2,0.7,0
-2,2,4.74315,-2.99573,8.36507e-05,0.00141289,0.000581884,0.0587639,True,empty floor,sound_similarity,0,0.0333333,0.240691,0,0.0333333,0.118506,0,0.0333333,0.271224,0,0.0333333,0.145343,0,0.0333333,0.1565,0,0.0333333,0.265081,0,0.0333333,0.144166,0,0.0333333,0.233515,0,0.0333333,0.187891,2,0.7,0
-1,3.75,2.72784,-2.99573,8.29953e-05,0.00141289,0.0005796,0.0587639,True,empty floor,sound_similarity,0,0.0333333,0.240691,0,0.0333333,0.118506,0,0.0333333,0.271224,0,0.0333333,0.145343,0,0.0333333,0.1565,0,0.0333333,0.265081,0,0.0333333,0.144166,0,0.0333333,0.233515,0,0.0333333,0.187891,2,0.7,0
0,5.75,0.499237,-2.99573,8.26267e-05,0.00141289,0.000578311,0.0587639,True,empty floor,sound_similarity,0,0.0333333,0.240691,0,0.0333333,0.118506,0,0.0333333,0.271224,0,0.0333333,0.145343,0,0.0333333,0.1565,0,0.0333333,0.265081,0,0.0333333,0.144166,0,0.0333333,0.233515,0,0.0333333,0.187891,2,0.7,0
-1.25,3.25,3.28657,-2.99573,8.07801e-05,0.00141289,0.000571813,0.0587639,True,empty floor,sound_similarity,0,0.0333333,0.240691,0,0.0333333,0.118506,0,0.0333333,0.271224,0,0.0333333,0.145343,0,0.0333333,0.1565,0,0.0333333,0.265081,0,0.0333333,0.144166,0,0.0333333,0.233515,0,0.0333333,0.187891,2,0.7,0
-0.25,5.5,0.851034,-2.99573,7.94195e-05,0.00141289,0.000566977,0.0587639,True,empty floor,sound_similarity,0,0.0333333,0.240691,0,0.0333333,0.118506,0,0.0333333,0.271224,0,0.0333333,0.145343,0,0.0333333,0.1565,0,0.0333333,0.265081,0,0.0333333,0.144166,0,0.0333333,0.233515,0,0.0333333,0.187891,2,0.7,0
-0.5,6,0.817281,-2.99556,1.98334e-05,0.00282577,0.000566669,0.117528,True,empty floor,sound_similarity,0,0.0666667,0.240691,0,0.0666667,0.118506,0,0.0666667,0.271224,0,0.0666667,0.145343,0,0.0666667,0.1565,0,0.0666667,0.265081,0,0.0666667,0.144166,0,0.0666667,0.233515,0,0.0666667,0.187891,0.5,0.4,0
-1.5,2.75,3.84539,-2.99573,7.91728e-05,0.00141289,0.000566095,0.0587639,True,empty floor,sound_similarity,0,0.0333333,0.240691,0,0.0333333,0.118506,0,0.0333333,0.271224,0,0.0333333,0.145343,0,0.0333333,0.1565,0,0.0333333,0.265081,0,0.0333333,0.144166,0,0.0333333,0.233515,0,0.0333333,0.187891,2,0.7,0
0,5.5,0.71392,-2.99573,7.81589e-05,0.00141289,0.000562459,0.0587639,True,empty floor,sound_similarity,0,0.0333333,0.240691,0,0.0333333,0.118506,0,0.0333333,0.271224,0,0.0333333,0.145343,0,0.0333333,0.1565,0,0.0333333,0.265081,0,0.0333333,0.144166,0,0.0333333,0.233515,0,0.0333333,0.187891,2,0.7,0
-0.5,5.25,1.20386,-2.99573,7.81211e-05,0.00141289,0.000562323,0.0587639,True,empty floor,sound_similarity,0,0.0333333,0.240691,0,0.0333333,0.118506,0,0.0333333,0.271224,0,0.0333333,0.145343,0,0.0333333,0.1565,0,0.0333333,0.265081,0,0.0333333,0.144166,0,0.0333333,0.233515,0,0.0333333,0.187891,2,0.7,0
-1.75,2.25,4.40426,-2.99573,7.79573e-05,0.00141289,0.000561733,0.0587639,True,empty floor,sound_similarity,0,0.0333333,0.240691,0,0.0333333,0.118506,0,0.0333333,0.271224,0,0.0333333,0.145343,0,0.0333333,0.1565,0,0.0333333,0.265081,0,0.0333333,0.144166,0,0.0333333,0.233515,0,0.0333333,0.187891,2,0.7,0
-0.75,5,1.55702,-2.99573,7.74197e-05,0.00141289,0.000559793,0.0587639,True,empty floor,sound_similarity,0,0.0333333,0.240691,0,0.0333333,0.118506,0,0.0333333,0.271224,0,0.0333333,0.145343,0,0.0333333,0.1565,0,0.0333333,0.265081,0,0.0333333,0.144166,0,0.0333333,0.233515,0,0.0333333,0.187891,2,0.7,0
-2,1.75,4.96316,-2.99573,7.70074e-05,0.00141289,0.0005583,0.0587639,True,empty floor,sound_similarity,0,0.0333333,0.240691,0,0.0333333,0.118506,0,0.0333333,0.271224,0,0.0333333,0.145343,0,0.0333333,0.1565,0,0.0333333,0.265081,0,0.0333333,0.144166,0,0.0333333,0.233515,0,0.0333333,0.187891,2,0.7,0
-1,4.75,1.91032,-2.99573,7.69808e-05,0.00141289,0.000558204,0.0587639,True,empty floor,sound_similarity,0,0.0333333,0.240691,0,0.0333333,0.118506,0,0.0333333,0.271224,0,0.0333333,0.145343,0,0.0333333,0.1565,0,0.0333333,0.265081,0,0.0333333,0.144166,0,0.0333333,0.233515,0,0.0333333,0.187891,2,0.7,0
1.5,4.5,2.03445,-2.99573,1.91773e-05,0.00282577,0.000557219,0.117528,True,empty floor,sound_similarity,0,0.0666667,0.240691,0,0.0666667,0.118506,0,0.0666667,0.271224,0,0.0666667,0.145343,0,0.0666667,0.1565,0,0.0666667,0.265081,0,0.0666667,0.144166,0,0.0666667,0.233515,0,0.0666667,0.187891,0.5,0.4,0
-1.25,4.5,2.2637,-2.99573,7.66803e-05,0.00141289,0.000557113,0.0587639,True,empty floor,sound_similarity,0,0.0333333,0.240691,0,0.0333333,0.118506,0,0.0333333,0.271224,0,0.0333333,0.145343,0,0.0333333,0.1565,0,0.0333333,0.265081,0,0.0333333,0.144166,0,0.0333333,0.233515,0,0.0333333,0.187891,2,0.7,0
-1.5,4.25,2.61713,-2.99573,7.64617e-05,0.00141289,0.000556319,0.0587639,True,empty floor,sound_similarity,0,0.0333333,0.240691,0,0.0333333,0.118506,0,0.0333333,0.271224,0,0.0333333,0.145343,0,0.0333333,0.1565,0,0.0333333,0.265081,0,0.0333333,0.144166,0,0.0333333,0.233515,0,0.0333333,0.187891,2,0.7,0
-1.75,4,2.97059,-2.99573,7.62955e-05,0.00141289,0.000555714,0.0587639,True,empty floor,sound_similarity,0,0.0333333,0.240691,0,0.0333333,0.118506,0,0.0333333,0.271224,0,0.0333333,0.145343,0,0.0333333,0.1565,0,0.0333333,0.265081,0,0.0333333,0.144166,0,0.0333333,0.233515,0,0.0333333,0.187891,2,0.7,0
-2,3.75,3.32407,-2.99573,7.61649e-05,0.00141289,0.000555238,0.0587639,True,empty floor,sound_similarity,0,0.0333333,0.240691,0,0.0333333,0.118506,0,0.0333333,0.271224,0,0.0333333,0.145343,0,0.0333333,0.1565,0,0.0333333,0.265081,0,0.0333333,0.144166,0,0.0333333,0.233515,0,0.0333333,0.187891,2,0.7,0
-2.25,3.5,3.67756,-2.99573,7.60596e-05,0.00141289,0.000554854,0.0587639,True,empty floor,sound_similarity,0,0.0333333,0.240691,0,0.0333333,0.118506,0,0.0333333,0.271224,0,0.0333333,0.145343,0,0.0333333,0.1565,0,0.0333333,0.265081,0,0.0333333,0.144166,0,0.0333333,0.233515,0,0.0333333,0.187891,2,0.7,0
0.5,7.75,1.61602,-2.99535,1.87982e-05,0.00282577,0.000551683,0.117528,True,empty floor,sound_similarity,0,0.0666667,0.240691,0,0.0666667,0.118506,0,0.0666667,0.271224,0,0.0666667,0.145343,0,0.0666667,0.1565,0,0.0666667,0.265081,0,0.0666667,0.144166,0,0.0666667,0.233515,0,0.0666667,0.187891,0.5,0.4,0
-2.25,5.75,2.58465,-2.99544,1.87326e-05,0.00282577,0.000550719,0.117528,True,empty floor,sound_similarity,0,0.0666667,0.240691,0,0.0666667,0.118506,0,0.0666667,0.271224,0,0.0666667,0.145343,0,0.0666667,0.1565,0,0.0666667,0.265081,0,0.0666667,0.144166,0,0.0666667,0.233515,0,0.0666667,0.187891,0.5,0.4,0
-0.25,5,1.27285,-2.99573,7.4203e-05,0.00141289,0.00054804,0.0587639,True,empty floor,sound_similarity,0,0.0333333,0.240691,0,0.0333333,0.118506,0,0.0333333,0.271224,0,0.0333333,0.145343,0,0.0333333,0.1565,0,0.0333333,0.265081,0,0.0333333,0.144166,0,0.0333333,0.233515,0,0.0333333,0.187891,2,0.7,0
1.25,5.5,1.14534,-2.99573,1.8429e-05,0.00282577,0.000546238,0.117528,True,empty floor,sound_similarity,0,0.0666667,0.240691,0,0.0666667,0.118506,0,0.0666667,0.271224,0,0.0666667,0.145343,0,0.0666667,0.1565,0,0.0666667,0.265081,0,0.0666667,0.144166,0,0.0666667,0.233515,0,0.0666667,0.187891,0.5,0.4,0
-0.5,4.5,1.83183,-2.99573,7.27004e-05,0.00141289,0.000542463,0.0587639,True,empty floor,sound_similarity,0,0.0333333,0.240691,0,0.0333333,0.118506,0,0.0333333,0.271224,0,0.0333333,0.145343,0,0.0333333,0.1565,0,0.0333333,0.265081,0,0.0333333,0.144166,0,0.0333333,0.233515,0,0.0333333,0.187891,2,0.7,0
0,7.25,1.14524,-2.62252,1.81602e-05,0.00282577,0.00054224,0.117528,True,empty floor,sound_similarity,0,0.0666667,0.240691,0,0.0666667,0.118506,0,0.0666667,0.271224,0,0.0666667,0.145343,0,0.0666667,0.1565,0,0.0666667,0.265081,0,0.0666667,0.144166,0,0.0666667,0.233515,0,0.0666667,0.187891,0.5,0.4,0
-0.75,4,2.39083,-2.99573,7.19107e-05,0.00141289,0.000539509,0.0587639,True,empty floor,sound_similarity,0,0.0333333,0.240691,0,0.0333333,0.118506,0,0.0333333,0.271224,0,0.0333333,0.145343,0,0.0333333,0.1565,0,0.0333333,0.265081,0,0.0333333,0.144166,0,0.0333333,0.233515,0,0.0333333,0.187891,2,0.7,0
-1,3.5,2.94984,-2.99573,7.14242e-05,0.00141289,0.00053768,0.0587639,True,empty floor,sound_similarity,0,0.0333333,0.240691,0,0.0333333,0.118506,0,0.0333333,0.271224,0,0.0333333,0.145343,0,0.0333333,0.1565,0,0.0333333,0.265081,0,0.0333333,0.144166,0,0.0333333,0.233515,0,0.0333333,0.187891,2,0.7,0
2,7.5,2.17014,-2.99573,1.78062e-05,0.00282577,0.00053693,0.117528,True,empty floor,sound_similarity,0,0.0666667,0.240691,0,0.0666667,0.118506,0,0.0666667,0.271224,0,0.0666667,0.145343,0,0.0666667,0.1565,0,0.0666667,0.265081,0,0.0666667,0.144166,0,0.0666667,0.233515,0,0.0666667,0.187891,0.5,0.4,0
-1.25,3,3.50885,-2.99573,7.10943e-05,0.00141289,0.000536438,0.0587639,True,empty floor,sound_similarity,0,0.0333333,0.240691,0,0.0333333,0.118506,0,0.0333333,0.271224,0,0.0333333,0.145343,0,0.0333333,0.1565,0,0.0333333,0.265081,0,0.0333333,0.144166,0,0.0333333,0.233515,0,0.0333333,0.187891,2,0.7,0
-1.5,2.5,4.06786,-2.99573,7.0856e-05,0.00141289,0.000535538,0.0587639,True,empty floor,sound_similarity,0,0.0333333,0.240691,0,0.0333333,0.118506,0,0.0333333,0.271224,0,0.0333333,0.145343,0,0.0333333,0.1565,0,0.0333333,0.265081,0,0.0333333,0.144166,0,0.0333333,0.233515,0,0.0333333,0.187891,2,0.7,0
-1.75,2,4.62687,-2.99573,7.06758e-05,0.00141289,0.000534856,0.0587639,True,empty floor,sound_similarity,0,0.0333333,0.240691,0,0.0333333,0.118506,0,0.0333333,0.271224,0,0.0333333,0.145343,0,0.0333333,0.1565,0,0.0333333,0.265081,0,0.0333333,0.144166,0,0.0333333,0.233515,0,0.0333333,0.187891,2,0.7,0
2,6.5,1.73242,-2.99573,1.60213e-05,0.00282577,0.000509307,0.117528,True,empty floor,sound_similarity,0,0.0666667,0.240691,0,0.0666667,0.118506,0,0.0666667,0.271224,0,0.0666667,0.145343,0,0.0666667,0.1565,0,0.0666667,0.265081,0,0.0666667,0.144166,0,0.0666667,0.233515,0,0.0666667,0.187891,0.5,0.4,0
-1.75,1.75,4.85215,-2.99573,6.39044e-05,0.00141289,0.000508589,0.0587639,True,empty floor,sound_similarity,0,0.0333333,0.240691,0,0.0333333,0.118506,0,0.0333333,0.271224,0,0.0333333,0.145343,0,0.0333333,0.1565,0,0.0333333,0.265081,0,0.0333333,0.144166,0,0.0333333,0.233515,0,0.0333333,0.187891,2,0.7,0
2,5,2.04669,-2.99573,1.59114e-05,0.00282577,0.000507558,0.117528,True,empty floor,sound_similarity,0,0.0666667,0.240691,0,0.0666667,0.118506,0,0.0666667,0.271224,0,0.0666667,0.145343,0,0.0666667,0.1565,0,0.0666667,0.265081,0,0.0666667,0.144166,0,0.0666667,0.233515,0,0.0666667,0.187891,0.5,0.4,0
1.75,7.25,1.81921,-2.99573,1.58543e-05,0.00282577,0.000506646,0.117528,True,empty floor,sound_similarity,0,0.0666667,0.240691,0,0.0666667,0.118506,0,0.0666667,0.271224,0,0.0666667,0.145343,0,0.0666667,0.1565,0,0.0666667,0.265081,0,0.0666667,0.144166,0,0.0666667,0.233515,0,0.0666667,0.187891,0.5,0.4,0
-1.5,2.25,4.29336,-2.99573,6.31857e-05,0.00141289,0.000505721,0.0587639,True,empty floor,sound_similarity,0,0.0333333,0.240691,0,0.0333333,0.118506,0,0.0333333,0.271224,0,0.0333333,0.145343,0,0.0333333,0.1565,0,0.0333333,0.265081,0,0.0333333,0.144166,0,0.0333333,0.233515,0,0.0333333,0.187891,2,0.7,0
-1.25,2.75,3.73463,-2.99573,6.22512e-05,0.00141289,0.000501967,0.0587639,True,empty floor,sound_similarity,0,0.0333333,0.240691,0,0.0333333,0.118506,0,0.0333333,0.271224,0,0.0333333,0.145343,0,0.0333333,0.1565,0,0.0333333,0.265081,0,0.0333333,0.144166,0,0.0333333,0.233515,0,0.0333333,0.187891,2,0.7,0
2,4,2.73509,-2.99573,1.52709e-05,0.00282577,0.000497238,0.117528,True,empty floor,sound_similarity,0,0.0666667,0.240691,0,0.0666667,0.118506,0,0.0666667,0.271224,0,0.0666667,0.145343,0,0.0666667,0.1565,0,0.0666667,0.265081,0,0.0666667,0.144166,0,0.0666667,0.233515,0,0.0666667,0.187891,0.5,0.4,0
-1,3.25,3.176,-2.99573,6.09878e-05,0.00141289,0.000496847,0.0587639,True,empty floor,sound_similarity,0,0.0333333,0.240691,0,0.0333333,0.118506,0,0.0333333,0.271224,0,0.0333333,0.145343,0,0.0333333,0.1565,0,0.0333333,0.265081,0,0.0333333,0.144166,0,0.0333333,0.233515,0,0.0333333,0.187891,2,0.7,0
-2.25,3.75,3.502,-2.99573,6.09491e-05,0.00141289,0.00049669,0.0587639,True,empty floor,sound_similarity,0,0.0333333,0.240691,0,0.0333333,0.118506,0,0.0333333,0.271224,0,0.0333333,0.145343,0,0.0333333,0.1565,0,0.0333333,0.265081,0,0.0333333,0.144166,0,0.0333333,0.233515,0,0.0333333,0.187891,2,0.7,0
-2,4,3.14864,-2.99573,5.93275e-05,0.00141289,0.000490038,0.0587639,True,empty floor,sound_similarity,0,0.0333333,0.240691,0,0.0333333,0.118506,0,0.0333333,0.271224,0,0.0333333,0.145343,0,0.0333333,0.1565,0,0.0333333,0.265081,0,0.0333333,0.144166,0,0.0333333,0.233515,0,0.0333333,0.187891,2,0.7,0
0.75,5.5,0.784825,-2.99573,1.48231e-05,0.00282577,0.000489893,0.117528,True,empty floor,sound_similarity,0,0.0666667,0.240691,0,0.0666667,0.118506,0,0.0666667,0.271224,0,0.0666667,0.145343,0,0.0666667,0.1565,0,0.0666667,0.265081,0,0.0666667,0.144166,0,0.0666667,0.233515,0,0.0666667,0.187891,0.5,0.4,0
-0.75,3.75,2.61754,-2.99573,5.91878e-05,0.00141289,0.000489461,0.0587639,True,empty floor,sound_similarity,0,0.0333333,0.240691,0,0.0333333,0.118506,0,0.0333333,0.271224,0,0.0333333,0.145343,0,0.0333333,0.1565,0,0.0333333,0.265081,0,0.0333333,0.144166,0,0.0333333,0.233515,0,0.0333333,0.187891,2,0.7,0
-1.75,5.75,2.09196,-2.9956,1.47252e-05,0.00282577,0.000488272,0.117528,True,empty floor,sound_similarity,0,0.0666667,0.240691,0,0.0666667,0.118506,0,0.0666667,0.271224,0,0.0666667,0.145343,0,0.0666667,0.1565,0,0.0666667,0.265081,0,0.0666667,0.144166,0,0.0666667,0.233515,0,0.0666667,0.187891,0.5,0.4,0
-1.75,4.25,2.79534,-2.99573,5.72993e-05,0.00141289,0.000481589,0.0587639,True,empty floor,sound_similarity,0,0.0333333,0.240691,0,0.0333333,0.118506,0,0.0333333,0.271224,0,0.0333333,0.145343,0,0.0333333,0.1565,0,0.0333333,0.265081,0,0.0333333,0.144166,0,0.0333333,0.233515,0,0.0333333,0.187891,2,0.7,0
-0.5,4.25,2.05938,-2.99573,5.6428e-05,0.00141289,0.000477913,0.0587639,True,empty floor,sound_similarity,0,0.0333333,0.240691,0,0.0333333,0.118506,0,0.0333333,0.271224,0,0.0333333,0.145343,0,0.0333333,0.1565,0,0.0333333,0.265081,0,0.0333333,0.144166,0,0.0333333,0.233515,0,0.0333333,0.187891,2,0.7,0
-1.5,2,4.52143,-2.99573,5.64036e-05,0.00141289,0.00047781,0.0587639,True,empty floor,sound_similarity,0,0.0333333,0.240691,0,0.0333333,0.118506,0,0.0333333,0.271224,0,0.0333333,0.145343,0,0.0333333,0.1565,0,0.0333333,0.265081,0,0.0333333,0.144166,0,0.0333333,0.233515,0,0.0333333,0.187891,2,0.7,0
-1.5,4.5,2.44211,-2.99573,5.46972e-05,0.00141289,0.000470527,0.0587639,True,empty floor,sound_similarity,0,0.0333333,0.240691,0,0.0333333,0.118506,0,0.0333333,0.271224,0,0.0333333,0.145343,0,0.0333333,0.1565,0,0.0333333,0.265081,0,0.0333333,0.144166,0,0.0333333,0.233515,0,0.0333333,0.187891,2,0.7,0
1.5,7,1.46954,-2.99573,1.34265e-05,0.00282577,0.000466244,0.117528,True,empty floor,sound_similarity,0,0.0666667,0.240691,0,0.0666667,0.118506,0,0.0666667,0.271224,0,0.0666667,0.145343,0,0.0666667,0.1565,0,0.0666667,0.265081,0,0.0666667,0.144166,0,0.0666667,0.233515,0,0.0666667,0.187891,0.5,0.4,0
-1,3,3.4055,-2.99573,5.22835e-05,0.00141289,0.000460028,0.0587639,True,empty floor,sound_similarity,0,0.0333333,0.240691,0,0.0333333,0.118506,0,0.0333333,0.271224,0,0.0333333,0.145343,0,0.0333333,0.1565,0,0.0333333,0.265081,0,0.0333333,0.144166,0,0.0333333,0.233515,0,0.0333333,0.187891,2,0.7,0
-0.25,4.75,1.50186,-2.99573,5.17125e-05,0.00141289,0.000457509,0.0587639,True,empty floor,sound_similarity,0,0.0333333,0.240691,0,0.0333333,0.118506,0,0.0333333,0.271224,0,0.0333333,0.145343,0,0.0333333,0.1565,0,0.0333333,0.265081,0,0.0333333,0.144166,0,0.0333333,0.233515,0,0.0333333,0.187891,2,0.7,0
-1.25,4.75,2.08899,-2.99573,5.12543e-05,0.00141289,0.000455477,0.0587639,True,empty floor,sound_similarity,0,0.0333333,0.240691,0,0.0333333,0.118506,0,0.0333333,0.271224,0,0.0333333,0.145343,0,0.0333333,0.1565,0,0.0333333,0.265081,0,0.0333333,0.144166,0,0.0333333,0.233515,0,0.0333333,0.187891,2,0.7,0
-1.5,1.75,4.75172,-2.99573,5.05605e-05,0.00141289,0.000452384,0.0587639,True,empty floor,sound_similarity,0,0.0333333,0.240691,0,0.0333333,0.118506,0,0.0333333,0.271224,0,0.0333333,0.145343,0,0.0333333,0.1565,0,0.0333333,0.265081,0,0.0333333,0.144166,0,0.0333333,0.233515,0,0.0333333,0.187891,2,0.7,0
1.5,5.25,1.49421,-2.99573,1.23791e-05,0.00282577,0.000447689,0.117528,True,empty floor,sound_similarity,0,0.0666667,0.240691,0,0.0666667,0.118506,0,0.0666667,0.271224,0,0.0666667,0.145343,0,0.0666667,0.1565,0,0.0666667,0.265081,0,0.0666667,0.144166,0,0.0666667,0.233515,0,0.0666667,0.187891,0.5,0.4,0
1,5.25,1.13438,-2.99573,1.23077e-05,0.00282577,0.000446395,0.117528,True,empty floor,sound_similarity,0,0.0666667,0.240691,0,0.0666667,0.118506,0,0.0666667,0.271224,0,0.0666667,0.145343,0,0.0666667,0.1565,0,0.0666667,0.265081,0,0.0666667,0.144166,0,0.0666667,0.233515,0,0.0666667,0.187891,0.5,0.4,0
-0.75,3.5,2.84815,-2.99573,4.91242e-05,0.00141289,0.000445912,0.0587639,True,empty floor,sound_similarity,0,0.0333333,0.240691,0,0.0333333,0.118506,0,0.0333333,0.271224,0,0.0333333,0.145343,0,0.0333333,0.1565,0,0.0333333,0.265081,0,0.0333333,0.144166,0,0.0333333,0.233515,0,0.0333333,0.187891,2,0.7,0
1.75,6.5,1.48858,-2.99573,1.22051e-05,0.00282577,0.000444532,0.117528,True,empty floor,sound_similarity,0,0.0666667,0.240691,0,0.0666667,0.118506,0,0.0666667,0.271224,0,0.0666667,0.145343,0,0.0666667,0.1565,0,0.0666667,0.265081,0,0.0666667,0.144166,0,0.0666667,0.233515,0,0.0666667,0.187891,0.5,0.4,0
-1.25,2.25,4.19444,-2.99573,4.82345e-05,0.00141289,0.000441856,0.0587639,True,empty floor,sound_similarity,0,0.0333333,0.240691,0,0.0333333,0.118506,0,0.0333333,0.271224,0,0.0333333,0.145343,0,0.0333333,0.1565,0,0.0333333,0.265081,0,0.0333333,0.144166,0,0.0333333,0.233515,0,0.0333333,0.187891,2,0.7,0
-1,5,1.73605,-2.99573,4.65256e-05,0.00141289,0.000433958,0.0587639,True,empty floor,sound_similarity,0,0.0333333,0.240691,0,0.0333333,0.118506,0,0.0333333,0.271224,0,0.0333333,0.145343,0,0.0333333,0.1565,0,0.0333333,0.265081,0,0.0333333,0.144166,0,0.0333333,0.233515,0,0.0333333,0.187891,2,0.7,0
-1,2.75,3.6377,-2.99573,4.53092e-05,0.00141289,0.000428247,0.0587639,True,empty floor,sound_similarity,0,0.0333333,0.240691,0,0.0333333,0.118506,0,0.0333333,0.271224,0,0.0333333,0.145343,0,0.0333333,0.1565,0,0.0333333,0.265081,0,0.0333333,0.144166,0,0.0333333,0.233515,0,0.0333333,0.187891,2,0.7,0
-2.25,4,3.33595,-2.99573,4.46665e-05,0.00141289,0.000425199,0.0587639,True,empty floor,sound_similarity,0,0.0333333,0.240691,0,0.0333333,0.118506,0,0.0333333,0.271224,0,0.0333333,0.145343,0,0.0333333,0.1565,0,0.0333333,0.265081,0,0.0333333,0.144166,0,0.0333333,0.233515,0,0.0333333,0.187891,2,0.7,0
-0.5,4,2.29162,-2.99573,4.4666e-05,0.00141289,0.000425197,0.0587639,True,empty floor,sound_similarity,0,0.0333333,0.240691,0,0.0333333,0.118506,0,0.0333333,0.271224,0,0.0333333,0.145343,0,0.0333333,0.1565,0,0.0333333,0.265081,0,0.0333333,0.144166,0,0.0333333,0.233515,0,0.0333333,0.187891,2,0.7,0
0.75,5.75,0.596243,-2.99573,1.10059e-05,0.00282577,0.000422128,0.117528,True,empty floor,sound_similarity,0,0.0666667,0.240691,0,0.0666667,0.118506,0,0.0666667,0.271224,0,0.0666667,0.145343,0,0.0666667,0.1565,0,0.0666667,0.265081,0,0.0666667,0.144166,0,0.0666667,0.233515,0,0.0666667,0.187891,0.5,0.4,0
-1.25,2,4.42762,-2.99573,4.29943e-05,0.00141289,0.000417164,0.0587639,True,empty floor,sound_similarity,0,0.0333333,0.240691,0,0.0333333,0.118506,0,0.0333333,0.271224,0,0.0333333,0.145343,0,0.0333333,0.1565,0,0.0333333,0.265081,0,0.0333333,0.144166,0,0.0333333,0.233515,0,0.0333333,0.187891,2,0.7,0
0,5.25,0.946111,-2.99573,4.22748e-05,0.00141289,0.000413659,0.0587639,True,empty floor,sound_similarity,0,0.0333333,0.240691,0,0.0333333,0.118506,0,0.0333333,0.271224,0,0.0333333,0.145343,0,0.0333333,0.1565,0,0.0333333,0.265081,0,0.0333333,0.144166,0,0.0333333,0.233515,0,0.0333333,0.187891,2,0.7,0
-0.75,3.25,3.08179,-2.99573,4.15633e-05,0.00141289,0.000410163,0.0587639,True,empty floor,sound_similarity,0,0.0333333,0.240691,0,0.0333333,0.118506,0,0.0333333,0.271224,0,0.0333333,0.145343,0,0.0333333,0.1565,0,0.0333333,0.265081,0,0.0333333,0.144166,0,0.0333333,0.233515,0,0.0333333,0.187891,2,0.7,0
-2,4.25,2.98388,-2.99573,4.13533e-05,0.00141289,0.000409126,0.0587639,True,empty floor,sound_similarity,0,0.0333333,0.240691,0,0.0333333,0.118506,0,0.0333333,0.271224,0,0.0333333,0.145343,0,0.0333333,0.1565,0,0.0333333,0.265081,0,0.0333333,0.144166,0,0.0333333,0.233515,0,0.0333333,0.187891,2,0.7,0
2,4.25,2.54368,-2.99573,1.02673e-05,0.00282577,0.000407718,0.117528,True,empty floor,sound_similarity,0,0.0666667,0.240691,0,0.0666667,0.118506,0,0.0666667,0.271224,0,0.0666667,0.145343,0,0.0666667,0.1565,0,0.0666667,0.265081,0,0.0666667,0.144166,0,0.0666667,0.233515,0,0.0666667,0.187891,0.5,0.4,0
1.75,5,1.84487,-2.99573,1.00999e-05,0.00282577,0.00040438,0.117528,True,empty floor,sound_similarity,0,0.0666667,0.240691,0,0.0666667,0.118506,0,0.0666667,0.271224,0,0.0666667,0.145343,0,0.0666667,0.1565,0,0.0666667,0.265081,0,0.0666667,0.144166,0,0.0666667,0.233515,0,0.0666667,0.187891,0.5,0.4,0
-1,2.5,3.87212,-2.99573,3.98342e-05,0.00141289,0.000401541,0.0587639,True,empty floor,sound_similarity,0,0.0333333,0.240691,0,0.0333333,0.118506,0,0.0333333,0.271224,0,0.0333333,0.145343,0,0.0333333,0.1565,0,0.0333333,0.265081,0,0.0333333,0.144166,0,0.0333333,0.233515,0,0.0333333,0.187891,2,0.7,0
-0.75,5.25,1.38342,-2.99573,3.9749e-05,0.00141289,0.000401111,0.0587639,True,empty floor,sound_similarity,0,0.0333333,0.240691,0,0.0333333,0.118506,0,0.0333333,0.271224,0,0.0333333,0.145343,0,0.0333333,0.1565,0,0.0333333,0.265081,0,0.0333333,0.144166,0,0.0333333,0.233515,0,0.0333333,0.187891,2,0.7,0
-1.25,1.75,4.66253,-2.99573,3.87354e-05,0.00141289,0.000395964,0.0587639,True,empty floor,sound_similarity,0,0.0333333,0.240691,0,0.0333333,0.118506,0,0.0333333,0.271224,0,0.0333333,0.145343,0,0.0333333,0.1565,0,0.0333333,0.265081,0,0.0333333,0.144166,0,0.0333333,0.233515,0,0.0333333,0.187891,2,0.7,0
-0.25,4.5,1.73667,-2.99573,3.81297e-05,0.00141289,0.000392856,0.0587639,True,empty floor,sound_similarity,0,0.0333333,0.240691,0,0.0333333,0.118506,0,0.0333333,0.271224,0,0.0333333,0.145343,0,0.0333333,0.1565,0,0.0333333,0.265081,0,0.0333333,0.144166,0,0.0333333,0.233515,0,0.0333333,0.187891,2,0.7,0
2,7.25,2.0236,-2.99573,9.47015e-06,0.00282577,0.000391571,0.117528,True,empty floor,sound_similarity,0,0.0666667,0.240691,0,0.0666667,0.118506,0,0.0666667,0.271224,0,0.0666667,0.145343,0,0.0666667,0.1565,0,0.0666667,0.265081,0,0.0666667,0.144166,0,0.0666667,0.233515,0,0.0666667,0.187891,0.5,0.4,0
-1.75,4.5,2.6322,-2.99573,3.73523e-05,0.00141289,0.000388831,0.0587639,True,empty floor,sound_similarity,0,0.0333333,0.240691,0,0.0333333,0.118506,0,0.0333333,0.271224,0,0.0333333,0.145343,0,0.0333333,0.1565,0,0.0333333,0.265081,0,0.0333333,0.144166,0,0.0333333,0.233515,0,0.0333333,0.187891,2,0.7,0
-0.5,3.75,2.52724,-2.99573,3.67165e-05,0.00141289,0.000385507,0.0587639,True,empty floor,sound_similarity,0,0.0333333,0.240691,0,0.0333333,0.118506,0,0.0333333,0.271224,0,0.0333333,0.145343,0,0.0333333,0.1565,0,0.0333333,0.265081,0,0.0333333,0.144166,0,0.0333333,0.233515,0,0.0333333,0.187891,2,0.7,0
2,4.75,2.19645,-2.99573,9.07559e-06,0.00282577,0.000383327,0.117528,True,empty floor,sound_similarity,0,0.0666667,0.240691,0,0.0666667,0.118506,0,0.0666667,0.271224,0,0.0666667,0.145343,0,0.0666667,0.1565,0,0.0666667,0.265081,0,0.0666667,0.144166,0,0.0666667,0.233515,0,0.0666667,0.187891,0.5,0.4,0
-0.75,3,3.31781,-2.99573,3.60053e-05,0.00141289,0.000381755,0.0587639,True,empty floor,sound_similarity,0,0.0333333,0.240691,0,0.0333333,0.118506,0,0.0333333,0.271224,0,0.0333333,0.145343,0,0.0333333,0.1565,0,0.0333333,0.265081,0,0.0333333,0.144166,0,0.0333333,0.233515,0,0.0333333,0.187891,2,0.7,0
-1,2.25,4.10838,-2.99573,3.55773e-05,0.00141289,0.000379479,0.0587639,True,empty floor,sound_similarity,0,0.0333333,0.240691,0,0.0333333,0.118506,0,0.0333333,0.271224,0,0.0333333,0.145343,0,0.0333333,0.1565,0,0.0333333,0.265081,0,0.0333333,0.144166,0,0.0333333,0.233515,0,0.0333333,0.187891,2,0.7,0
1.5,6.5,1.24717,-2.99573,8.85277e-06,0.00282577,0.000378592,0.117528,True,empty floor,sound_similarity,0,0.0666667,0.240691,0,0.0666667,0.118506,0,0.0666667,0.271224,0,0.0666667,0.145343,0,0.0666667,0.1565,0,0.0666667,0.265081,0,0.0666667,0.144166,0,0.0666667,0.233515,0,0.0666667,0.187891,0.5,0.4,0
0.75,6.25,0.45784,-2.99573,8.47409e-06,0.00282577,0.000370406,0.117528,True,empty floor,sound_similarity,0,0.0666667,0.240691,0,0.0666667,0.118506,0,0.0666667,0.271224,0,0.0666667,0.145343,0,0.0666667,0.1565,0,0.0666667,0.265081,0,0.0666667,0.144166,0,0.0666667,0.233515,0,0.0666667,0.187891,0.5,0.4,0
0,7.75,1.63269,-2.86875,8.33867e-06,0.00282577,0.000367434,0.117528,True,empty floor,sound_similarity,0,0.0666667,0.240691,0,0.0666667,0.118506,0,0.0666667,0.271224,0,0.0666667,0.145343,0,0.0666667,0.1565,0,0.0666667,0.265081,0,0.0666667,0.144166,0,0.0666667,0.233515,0,0.0666667,0.187891,0.5,0.4,0
1,5.5,0.949407,-2.99573,8.27106e-06,0.00282577,0.000365942,0.117528,True,empty floor,sound_similarity,0,0.0666667,0.240691,0,0.0666667,0.118506,0,0.0666667,0.271224,0,0.0666667,0.145343,0,0.0666667,0.1565,0,0.0666667,0.265081,0,0.0666667,0.144166,0,0.0666667,0.233515,0,0.0666667,0.187891,0.5,0.4,0
0,4.5,1.67376,-2.99573,2.2942e-05,0.00169546,0.000365677,0.0705167,True,empty floor,sound_similarity,0,0.04,0.240691,0,0.04,0.118506,0,0.04,0.271224,0,0.04,0.145343,0,0.04,0.1565,0,0.04,0.265081,0,0.04,0.144166,0,0.04,0.233515,0,0.04,0.187891,1.5,0.64,0
0,4.25,1.92013,-2.99573,2.2701e-05,0.00169546,0.000363752,0.0705167,True,empty floor,sound_similarity,0,0.04,0.240691,0,0.04,0.118506,0,0.04,0.271224,0,0.04,0.145343,0,0.04,0.1565,0,0.04,0.265081,0,0.04,0.144166,0,0.04,0.233515,0,0.04,0.187891,1.5,0.64,0
-1.5,4.75,2.28111,-2.99573,3.24941e-05,0.00141289,0.000362664,0.0587639,True,empty floor,sound_similarity,0,0.0333333,0.240691,0,0.0333333,0.118506,0,0.0333333,0.271224,0,0.0333333,0.145343,0,0.0333333,0.1565,0,0.0333333,0.265081,0,0.0333333,0.144166,0,0.0333333,0.233515,0,0.0333333,0.187891,2,0.7,0
-1,2,4.34617,-2.99573,3.22793e-05,0.00141289,0.000361463,0.0587639,True,empty floor,sound_similarity,0,0.0333333,0.240691,0,0.0333333,0.118506,0,0.0333333,0.271224,0,0.0333333,0.145343,0,0.0333333,0.1565,0,0.0333333,0.265081,0,0.0333333,0.144166,0,0.0333333,0.233515,0,0.0333333,0.187891,2,0.7,0
2,4.5,2.36323,-2.99573,8.05147e-06,0.00282577,0.000361051,0.117528,True,empty floor,sound_similarity,0,0.0666667,0.240691,0,0.0666667,0.118506,0,0.0666667,0.271224,0,0.0666667,0.145343,0,0.0666667,0.1565,0,0.0666667,0.265081,0,0.0666667,0.144166,0,0.0666667,0.233515,0,0.0666667,0.187891,0.5,0.4,0
-0.25,3.25,2.94843,-2.99573,2.23228e-05,0.00169546,0.000360709,0.0705167,True,empty floor,sound_similarity,0,0.04,0.240691,0,0.04,0.118506,0,0.04,0.271224,0,0.04,0.145343,0,0.04,0.1565,0,0.04,0.265081,0,0.04,0.144166,0,0.04,0.233515,0,0.04,0.187891,1.5,0.64,0
-0.75,2.75,3.55574,-2.99573,3.19496e-05,0.00141289,0.000359612,0.0587639,True,empty floor,sound_similarity,0,0.0333333,0.240691,0,0.0333333,0.118506,0,0.0333333,0.271224,0,0.0333333,0.145343,0,0.0333333,0.1565,0,0.0333333,0.265081,0,0.0333333,0.144166,0,0.0333333,0.233515,0,0.0333333,0.187891,2,0.7,0
-0.5,2,4.22316,-2.99573,2.20967e-05,0.00169546,0.000358878,0.0705167,True,empty floor,sound_similarity,0,0.04,0.240691,0,0.04,0.118506,0,0.04,0.271224,0,0.04,0.145343,0,0.04,0.1565,0,0.04,0.265081,0,0.04,0.144166,0,0.04,0.233515,0,0.04,0.187891,1.5,0.64,0
1.75,4.75,2.00972,-2.99573,7.95394e-06,0.00282577,0.000358858,0.117528,True,empty floor,sound_similarity,0,0.0666667,0.240691,0,0.0666667,0.118506,0,0.0666667,0.271224,0,0.0666667,0.145343,0,0.0666667,0.1565,0,0.0666667,0.265081,0,0.0666667,0.144166,0,0.0666667,0.233515,0,0.0666667,0.187891,0.5,0.4,0
-0.25,3,3.19432,-2.99573,2.20805e-05,0.00169546,0.000358746,0.0705167,True,empty floor,sound_similarity,0,0.04,0.240691,0,0.04,0.118506,0,0.04,0.271224,0,0.04,0.145343,0,0.04,0.1565,0,0.04,0.265081,0,0.04,0.144166,0,0.04,0.233515,0,0.04,0.187891,1.5,0.64,0
-0.25,2.75,3.44081,-2.99573,2.2072e-05,0.00169546,0.000358677,0.0705167,True,empty floor,sound_similarity,0,0.04,0.240691,0,0.04,0.118506,0,0.04,0.271224,0,0.04,0.145343,0,0.04,0.1565,0,0.04,0.265081,0,0.04,0.144166,0,0.04,0.233515,0,0.04,0.187891,1.5,0.64,0
-0.5,1.75,4.46884,-2.99573,2.18929e-05,0.00169546,0.000357219,0.0705167,True,empty floor,sound_similarity,0,0.04,0.240691,0,0.04,0.118506,0,0.04,0.271224,0,0.04,0.145343,0,0.04,0.1565,0,0.04,0.265081,0,0.04,0.144166,0,0.04,0.233515,0,0.04,0.187891,1.5,0.64,0
1.75,7,1.67928,-2.99573,7.88083e-06,0.00282577,0.000357205,0.117528,True,empty floor,sound_similarity,0,0.0666667,0.240691,0,0.0666667,0.118506,0,0.0666667,0.271224,0,0.0666667,0.145343,0,0.0666667,0.1565,0,0.0666667,0.265081,0,0.0666667,0.144166,0,0.0666667,0.233515,0,0.0666667,0.187891,0.5,0.4,0
1.5,5,1.65623,-2.99573,7.8726e-06,0.00282577,0.000357018,0.117528,True,empty floor,sound_similarity,0,0.0666667,0.240691,0,0.0666667,0.118506,0,0.0666667,0.271224,0,0.0666667,0.145343,0,0.0666667,0.1565,0,0.0666667,0.265081,0,0.0666667,0.144166,0,0.0666667,0.233515,0,0.0666667,0.187891,0.5,0.4,0
-0.5,3.5,2.76539,-2.99573,3.14483e-05,0.00141289,0.00035678,0.0587639,True,empty floor,sound_similarity,0,0.0333333,0.240691,0,0.0333333,0.118506,0,0.0333333,0.271224,0,0.0333333,0.145343,0,0.0333333,0.1565,0,0.0333333,0.265081,0,0.0333333,0.144166,0,0.0333333,0.233515,0,0.0333333,0.187891,2,0.7,0
-0.25,4.25,1.97522,-2.99573,3.06008e-05,0.00141289,0.00035194,0.0587639,True,empty floor,sound_similarity,0,0.0333333,0.240691,0,0.0333333,0.118506,0,0.0333333,0.271224,0,0.0333333,0.145343,0,0.0333333,0.1565,0,0.0333333,0.265081,0,0.0333333,0.144166,0,0.0333333,0.233515,0,0.0333333,0.187891,2,0.7,0
0.25,7.75,1.60503,-2.98647,7.58182e-06,0.00282577,0.000350363,0.117528,True,empty floor,sound_similarity,0,0.0666667,0.240691,0,0.0666667,0.118506,0,0.0666667,0.271224,0,0.0666667,0.145343,0,0.0666667,0.1565,0,0.0666667,0.265081,0,0.0666667,0.144166,0,0.0666667,0.233515,0,0.0666667,0.187891,0.5,0.4,0
1,6.5,0.780767,-2.99573,7.4315e-06,0.00282577,0.000346873,0.117528,True,empty floor,sound_similarity,0,0.0666667,0.240691,0,0.0666667,0.118506,0,0.0666667,0.271224,0,0.0666667,0.145343,0,0.0666667,0.1565,0,0.0666667,0.265081,0,0.0666667,0.144166,0,0.0666667,0.233515,0,0.0666667,0.187891,0.5,0.4,0
-1,1.75,4.58526,-2.99573,2.97253e-05,0.00141289,0.000346868,0.0587639,True,empty floor,sound_similarity,0,0.0333333,0.240691,0,0.0333333,0.118506,0,0.0333333,0.271224,0,0.0333333,0.145343,0,0.0333333,0.1565,0,0.0333333,0.265081,0,0.0333333,0.144166,0,0.0333333,0.233515,0,0.0333333,0.187891,2,0.7,0
-2.25,4.25,3.1809,-2.99573,2.96933e-05,0.00141289,0.000346682,0.0587639,True,empty floor,sound_similarity,0,0.0333333,0.240691,0,0.0333333,0.118506,0,0.0333333,0.271224,0,0.0333333,0.145343,0,0.0333333,0.1565,0,0.0333333,0.265081,0,0.0333333,0.144166,0,0.0333333,0.233515,0,0.0333333,0.187891,2,0.7,0
-0.5,5.5,1.03142,-2.99573,2.96867e-05,0.00141289,0.000346643,0.0587639,True,empty floor,sound_similarity,0,0.0333333,0.240691,0,0.0333333,0.118506,0,0.0333333,0.271224,0,0.0333333,0.145343,0,0.0333333,0.1565,0,0.0333333,0.265081,0,0.0333333,0.144166,0,0.0333333,0.233515,0,0.0333333,0.187891,2,0.7,0
0.25,7.5,1.35519,-2.98531,7.38685e-06,0.00282577,0.000345829,0.117528,True,empty floor,sound_similarity,0,0.0666667,0.240691,0,0.0666667,0.118506,0,0.0666667,0.271224,0,0.0666667,0.145343,0,0.0666667,0.1565,0,0.0666667,0.265081,0,0.0666667,0.144166,0,0.0666667,0.233515,0,0.0666667,0.187891,0.5,0.4,0
2,6.75,1.80023,-2.99573,7.3482e-06,0.00282577,0.000344923,0.117528,True,empty floor,sound_similarity,0,0.0666667,0.240691,0,0.0666667,0.118506,0,0.0666667,0.271224,0,0.0666667,0.145343,0,0.0666667,0.1565,0,0.0666667,0.265081,0,0.0666667,0.144166,0,0.0666667,0.233515,0,0.0666667,0.187891,0.5,0.4,0
-0.75,2.5,3.79523,-2.99573,2.89925e-05,0.00141289,0.000342566,0.0587639,True,empty floor,sound_similarity,0,0.0333333,0.240691,0,0.0333333,0.118506,0,0.0333333,0.271224,0,0.0333333,0.145343,0,0.0333333,0.1565,0,0.0333333,0.265081,0,0.0333333,0.144166,0,0.0333333,0.233515,0,0.0333333,0.187891,2,0.7,0
0,5,1.18557,-2.99573,2.8933e-05,0.00141289,0.000342214,0.0587639,True,empty floor,sound_similarity,0,0.0333333,0.240691,0,0.0333333,0.118506,0,0.0333333,0.271224,0,0.0333333,0.145343,0,0.0333333,0.1565,0,0.0333333,0.265081,0,0.0333333,0.144166,0,0.0333333,0.233515,0,0.0333333,0.187891,2,0.7,0
0.25,7.25,1.10544,-2.98339,7.14599e-06,0.00282577,0.000340144,0.117528,True,empty floor,sound_similarity,0,0.0666667,0.240691,0,0.0666667,0.118506,0,0.0666667,0.271224,0,0.0666667,0.145343,0,0.0666667,0.1565,0,0.0666667,0.265081,0,0.0666667,0.144166,0,0.0666667,0.233515,0,0.0666667,0.187891,0.5,0.4,0
-0.5,3.25,3.00547,-2.99573,2.79635e-05,0.00141289,0.000336432,0.0587639,True,empty floor,sound_similarity,0,0.0333333,0.240691,0,0.0333333,0.118506,0,0.0333333,0.271224,0,0.0333333,0.145343,0,0.0333333,0.1565,0,0.0333333,0.265081,0,0.0333333,0.144166,0,0.0333333,0.233515,0,0.0333333,0.187891,2,0.7,0
0.25,6.5,0.358228,-2.92235,6.93726e-06,0.00282577,0.000335139,0.117528,True,empty floor,sound_similarity,0,0.0666667,0.240691,0,0.0666667,0.118506,0,0.0666667,0.271224,0,0.0666667,0.145343,0,0.0666667,0.1565,0,0.0666667,0.265081,0,0.0666667,0.144166,0,0.0666667,0.233515,0,0.0666667,0.187891,0.5,0.4,0
0.25,7,0.855827,-2.97966,6.85502e-06,0.00282577,0.000333147,0.117528,True,empty floor,sound_similarity,0,0.0666667,0.240691,0,0.0666667,0.118506,0,0.0666667,0.271224,0,0.0666667,0.145343,0,0.0666667,0.1565,0,0.0666667,0.265081,0,0.0666667,0.144166,0,0.0666667,0.233515,0,0.0666667,0.187891,0.5,0.4,0
-0.75,2.25,4.03599,-2.99573,2.68334e-05,0.00141289,0.000329564,0.0587639,True,empty floor,sound_similarity,0,0.0333333,0.240691,0,0.0333333,0.118506,0,0.0333333,0.271224,0,0.0333333,0.145343,0,0.0333333,0.1565,0,0.0333333,0.265081,0,0.0333333,0.144166,0,0.0333333,0.233515,0,0.0333333,0.187891,2,0.7,0
1.25,6.5,1.00996,-2.99573,6.66669e-06,0.00282577,0.000328539,0.117528,True,empty floor,sound_similarity,0,0.0666667,0.240691,0,0.0666667,0.118506,0,0.0666667,0.271224,0,0.0666667,0.145343,0,0.0666667,0.1565,0,0.0666667,0.265081,0,0.0666667,0.144166,0,0.0666667,0.233515,0,0.0666667,0.187891,0.5,0.4,0
-1.25,5,1.93092,-2.99573,2.66218e-05,0.00141289,0.000328262,0.0587639,True,empty floor,sound_similarity,0,0.0333333,0.240691,0,0.0333333,0.118506,0,0.0333333,0.271224,0,0.0333333,0.145343,0,0.0333333,0.1565,0,0.0333333,0.265081,0,0.0333333,0.144166,0,0.0333333,0.233515,0,0.0333333,0.187891,2,0.7,0
-0.25,4,2.21629,-2.99573,2.64579e-05,0.00141289,0.00032725,0.0587639,True,empty floor,sound_similarity,0,0.0333333,0.240691,0,0.0333333,0.118506,0,0.0333333,0.271224,0,0.0333333,0.145343,0,0.0333333,0.1565,0,0.0333333,0.265081,0,0.0333333,0.144166,0,0.0333333,0.233515,0,0.0333333,0.187891,2,0.7,0
1.5,6.75,1.33978,-2.99573,6.61342e-06,0.00282577,0.000327224,0.117528,True,empty floor,sound_similarity,0,0.0666667,0.240691,0,0.0666667,0.118506,0,0.0666667,0.271224,0,0.0666667,0.145343,0,0.0666667,0.1565,0,0.0666667,0.265081,0,0.0666667,0.144166,0,0.0666667,0.233515,0,0.0666667,0.187891,0.5,0.4,0
0.25,6.75,0.606534,-2.97005,6.56434e-06,0.00282577,0.000326007,0.117528,True,empty floor,sound_similarity,0,0.0666667,0.240691,0,0.0666667,0.118506,0,0.0666667,0.271224,0,0.0666667,0.145343,0,0.0666667,0.1565,0,0.0666667,0.265081,0,0.0666667,0.144166,0,0.0666667,0.233515,0,0.0666667,0.187891,0.5,0.4,0
-0.5,3,3.24704,-2.99573,2.56532e-05,0.00141289,0.000322235,0.0587639,True,empty floor,sound_similarity,0,0.0333333,0.240691,0,0.0333333,0.118506,0,0.0333333,0.271224,0,0.0333333,0.145343,0,0.0333333,0.1565,0,0.0333333,0.265081,0,0.0333333,0.144166,0,0.0333333,0.233515,0,0.0333333,0.187891,2,0.7,0
2,7,1.89879,-2.99573,6.39909e-06,0.00282577,0.000321878,0.117528,True,empty floor,sound_similarity,0,0.0666667,0.240691,0,0.0666667,0.118506,0,0.0666667,0.271224,0,0.0666667,0.145343,0,0.0666667,0.1565,0,0.0666667,0.265081,0,0.0666667,0.144166,0,0.0666667,0.233515,0,0.0666667,0.187891,0.5,0.4,0
-2,4.5,2.83162,-2.99573,2.55955e-05,0.00141289,0.000321872,0.0587639,True,empty floor,sound_similarity,0,0.0333333,0.240691,0,0.0333333,0.118506,0,0.0333333,0.271224,0,0.0333333,0.145343,0,0.0333333,0.1565,0,0.0333333,0.265081,0,0.0333333,0.144166,0,0.0333333,0.233515,0,0.0333333,0.187891,2,0.7,0
1.75,6.75,1.56698,-2.99573,6.39211e-06,0.00282577,0.000321702,0.117528,True,empty floor,sound_similarity,0,0.0666667,0.240691,0,0.0666667,0.118506,0,0.0666667,0.271224,0,0.0666667,0.145343,0,0.0666667,0.1565,0,0.0666667,0.265081,0,0.0666667,0.144166,0,0.0666667,0.233515,0,0.0666667,0.187891,0.5,0.4,0
-0.75,2,4.27781,-2.99573,2.52556e-05,0.00141289,0.000319728,0.0587639,True,empty floor,sound_similarity,0,0.0333333,0.240691,0,0.0333333,0.118506,0,0.0333333,0.271224,0,0.0333333,0.145343,0,0.0333333,0.1565,0,0.0333333,0.265081,0,0.0333333,0.144166,0,0.0333333,0.233515,0,0.0333333,0.187891,2,0.7,0
0,4.75,1.42864,-2.99573,2.43954e-05,0.00141289,0.000314236,0.0587639,True,empty floor,sound_similarity,0,0.0333333,0.240691,0,0.0333333,0.118506,0,0.0333333,0.271224,0,0.0333333,0.145343,0,0.0333333,0.1565,0,0.0333333,0.265081,0,0.0333333,0.144166,0,0.0333333,0.233515,0,0.0333333,0.187891,2,0.7,0
-0.25,3.75,2.45914,-2.99573,2.41739e-05,0.00141289,0.000312806,0.0587639,True,empty floor,sound_similarity,0,0.0333333,0.240691,0,0.0333333,0.118506,0,0.0333333,0.271224,0,0.0333333,0.145343,0,0.0333333,0.1565,0,0.0333333,0.265081,0,0.0333333,0.144166,0,0.0333333,0.233515,0,0.0333333,0.187891,2,0.7,0
-0.5,2.75,3.4898,-2.99573,2.41234e-05,0.00141289,0.000312479,0.0587639,True,empty floor,sound_similarity,0,0.0333333,0.240691,0,0.0333333,0.118506,0,0.0333333,0.271224,0,0.0333333,0.145343,0,0.0333333,0.1565,0,0.0333333,0.265081,0,0.0333333,0.144166,0,0.0333333,0.233515,0,0.0333333,0.187891,2,0.7,0
-0.75,1.75,4.52052,-2.99573,2.41047e-05,0.00141289,0.000312358,0.0587639,True,empty floor,sound_similarity,0,0.0333333,0.240691,0,0.0333333,0.118506,0,0.0333333,0.271224,0,0.0333333,0.145343,0,0.0333333,0.1565,0,0.0333333,0.265081,0,0.0333333,0.144166,0,0.0333333,0.233515,0,0.0333333,0.187891,2,0.7,0
-0.5,2.5,3.73352,-2.99573,2.31209e-05,0.00141289,0.000305917,0.0587639,True,empty floor,sound_similarity,0,0.0333333,0.240691,0,0.0333333,0.118506,0,0.0333333,0.271224,0,0.0333333,0.145343,0,0.0333333,0.1565,0,0.0333333,0.265081,0,0.0333333,0.144166,0,0.0333333,0.233515,0,0.0333333,0.187891,2,0.7,0
-0.25,3.5,2.7033,-2.99573,2.294e-05,0.00141289,0.000304718,0.0587639,True,empty floor,sound_similarity,0,0.0333333,0.240691,0,0.0333333,0.118506,0,0.0333333,0.271224,0,0.0333333,0.145343,0,0.0333333,0.1565,0,0.0333333,0.265081,0,0.0333333,0.144166,0,0.0333333,0.233515,0,0.0333333,0.187891,2,0.7,0
-0.5,2.25,3.97802,-2.99573,2.24816e-05,0.00141289,0.000301658,0.0587639,True,empty floor,sound_similarity,0,0.0333333,0.240691,0,0.0333333,0.118506,0,0.0333333,0.271224,0,0.0333333,0.145343,0,0.0333333,0.1565,0,0.0333333,0.265081,0,0.0333333,0.144166,0,0.0333333,0.233515,0,0.0333333,0.187891,2,0.7,0
-1.75,4.75,2.48356,-2.99573,2.10645e-05,0.00141289,0.000291996,0.0587639,True,empty floor,sound_similarity,0,0.0333333,0.240691,0,0.0333333,0.118506,0,0.0333333,0.271224,0,0.0333333,0.145343,0,0.0333333,0.1565,0,0.0333333,0.265081,0,0.0333333,0.144166,0,0.0333333,0.233515,0,0.0333333,0.187891,2,0.7,0
-1,5.25,1.58222,-2.99573,1.97407e-05,0.00141289,0.000282672,0.0587639,True,empty floor,sound_similarity,0,0.0333333,0.240691,0,0.0333333,0.118506,0,0.0333333,0.271224,0,0.0333333,0.145343,0,0.0333333,0.1565,0,0.0333333,0.265081,0,0.0333333,0.144166,0,0.0333333,0.233515,0,0.0333333,0.187891,2,0.7,0
-2.25,4.5,3.03853,-2.99573,1.81531e-05,0.00141289,0.000271067,0.0587639,True,empty floor,sound_similarity,0,0.0333333,0.240691,0,0.0333333,0.118506,0,0.0333333,0.271224,0,0.0333333,0.145343,0,0.0333333,0.1565,0,0.0333333,0.265081,0,0.0333333,0.144166,0,0.0333333,0.233515,0,0.0333333,0.187891,2,0.7,0
-1.5,5.75,1.84708,-2.99566,1.25377e-05,0.00169546,0.000270328,0.0705167,True,empty floor,sound_similarity,0,0.04,0.240691,0,0.04,0.118506,0,0.04,0.271224,0,0.04,0.145343,0,0.04,0.1565,0,0.04,0.265081,0,0.04,0.144166,0,0.04,0.233515,0,0.04,0.187891,1.5,0.64,0
-1.5,5,2.1373,-2.99573,1.62564e-05,0.00141289,0.000256516,0.0587639,True,empty floor,sound_similarity,0,0.0333333,0.240691,0,0.0333333,0.118506,0,0.0333333,0.271224,0,0.0333333,0.145343,0,0.0333333,0.1565,0,0.0333333,0.265081,0,0.0333333,0.144166,0,0.0333333,0.233515,0,0.0333333,0.187891,2,0.7,0
-0.25,5.75,0.681039,-2.99573,1.54878e-05,0.00141289,0.000250378,0.0587639,True,empty floor,sound_similarity,0,0.0333333,0.240691,0,0.0333333,0.118506,0,0.0333333,0.271224,0,0.0333333,0.145343,0,0.0333333,0.1565,0,0.0333333,0.265081,0,0.0333333,0.144166,0,0.0333333,0.233515,0,0.0333333,0.187891,2,0.7,0
-1.25,5.75,1.60378,-2.9957,1.03386e-05,0.00169546,0.000245478,0.0705167,True,empty floor,sound_similarity,0,0.04,0.240691,0,0.04,0.118506,0,0.04,0.271224,0,0.04,0.145343,0,0.04,0.1565,0,0.04,0.265081,0,0.04,0.144166,0,0.04,0.233515,0,0.04,0.187891,1.5,0.64,0
-2,4.75,2.694,-2.99573,1.45576e-05,0.00141289,0.000242743,0.0587639,True,empty floor,sound_similarity,0,0.0333333,0.240691,0,0.0333333,0.118506,0,0.0333333,0.271224,0,0.0333333,0.145343,0,0.0333333,0.1565,0,0.0333333,0.265081,0,0.0333333,0.144166,0,0.0333333,0.233515,0,0.0333333,0.187891,2,0.7,0
-2.25,5.5,2.63455,-2.9957,9.89804e-06,0.00169546,0.000240191,0.0705167,True,empty floor,sound_similarity,0,0.04,0.240691,0,0.04,0.118506,0,0.04,0.271224,0,0.04,0.145343,0,0.04,0.1565,0,0.04,0.265081,0,0.04,0.144166,0,0.04,0.233515,0,0.04,0.187891,1.5,0.64,0
-0.25,6,0.573036,-2.9957,1.30554e-05,0.00141289,0.000229878,0.0587639,True,empty floor,sound_similarity,0,0.0333333,0.240691,0,0.0333333,0.118506,0,0.0333333,0.271224,0,0.0333333,0.145343,0,0.0333333,0.1565,0,0.0333333,0.265081,0,0.0333333,0.144166,0,0.0333333,0.233515,0,0.0333333,0.187891,2,0.7,0
-0.75,5.5,1.23629,-2.99573,1.24809e-05,0.00141289,0.000224763,0.0587639,True,empty floor,sound_similarity,0,0.0333333,0.240691,0,0.0333333,0.118506,0,0.0333333,0.271224,0,0.0333333,0.145343,0,0.0333333,0.1565,0,0.0333333,0.265081,0,0.0333333,0.144166,0,0.0333333,0.233515,0,0.0333333,0.187891,2,0.7,0
-1.5,5.25,2.01435,-2.99573,8.39375e-06,0.00169546,0.000221188,0.0705167,True,empty floor,sound_similarity,0,0.04,0.240691,0,0.04,0.118506,0,0.04,0.271224,0,0.04,0.145343,0,0.04,0.1565,0,0.04,0.265081,0,0.04,0.144166,0,0.04,0.233515,0,0.04,0.187891,1.5,0.64,0
-1,5.75,1.36292,-2.99572,8.32996e-06,0.00169546,0.000220346,0.0705167,True,empty floor,sound_similarity,0,0.04,0.240691,0,0.04,0.118506,0,0.04,0.271224,0,0.04,0.145343,0,0.04,0.1565,0,0.04,0.265081,0,0.04,0.144166,0,0.04,0.233515,0,0.04,0.187891,1.5,0.64,0
-1.25,5.25,1.79388,-2.99573,1.15892e-05,0.00141289,0.000216585,0.0587639,True,empty floor,sound_similarity,0,0.0333333,0.240691,0,0.0333333,0.118506,0,0.0333333,0.271224,0,0.0333333,0.145343,0,0.0333333,0.1565,0,0.0333333,0.265081,0,0.0333333,0.144166,0,0.0333333,0.233515,0,0.0333333,0.187891,2,0.7,0
-1,5.5,1.45533,-2.99573,7.92074e-06,0.00169546,0.000214865,0.0705167,True,empty floor,sound_similarity,0,0.04,0.240691,0,0.04,0.118506,0,0.04,0.271224,0,0.04,0.145343,0,0.04,0.1565,0,0.04,0.265081,0,0.04,0.144166,0,0.04,0.233515,0,0.04,0.187891,1.5,0.64,0
-1.75,5,2.35215,-2.99573,1.11685e-05,0.00141289,0.000212618,0.0587639,True,empty floor,sound_similarity,0,0.0333333,0.240691,0,0.0333333,0.118506,0,0.0333333,0.271224,0,0.0333333,0.145343,0,0.0333333,0.1565,0,0.0333333,0.265081,0,0.0333333,0.144166,0,0.0333333,0.233515,0,0.0333333,0.187891,2,0.7,0
-1.75,5.5,2.1533,-2.99572,7.72506e-06,0.00169546,0.000212194,0.0705167,True,empty floor,sound_similarity,0,0.04,0.240691,0,0.04,0.118506,0,0.04,0.271224,0,0.04,0.145343,0,0.04,0.1565,0,0.04,0.265081,0,0.04,0.144166,0,0.04,0.233515,0,0.04,0.187891,1.5,0.64,0
-2.25,4.75,2.91071,-2.99573,1.09249e-05,0.00141289,0.000210286,0.0587639,True,empty floor,sound_similarity,0,0.0333333,0.240691,0,0.0333333,0.118506,0,0.0333333,0.271224,0,0.0333333,0.145343,0,0.0333333,0.1565,0,0.0333333,0.265081,0,0.0333333,0.144166,0,0.0333333,0.233515,0,0.0333333,0.187891,2,0.7,0
-2.25,5,2.79942,-2.99573,7.52539e-06,0.00169546,0.000209434,0.0705167,True,empty floor,sound_similarity,0,0.04,0.240691,0,0.04,0.118506,0,0.04,0.271224,0,0.04,0.145343,0,0.04,0.1565,0,0.04,0.265081,0,0.04,0.144166,0,0.04,0.233515,0,0.04,0.187891,1.5,0.64,0
-1.75,5.25,2.24102,-2.99573,7.20176e-06,0.00169546,0.000204881,0.0705167,True,empty floor,sound_similarity,0,0.04,0.240691,0,0.04,0.118506,0,0.04,0.271224,0,0.04,0.145343,0,0.04,0.1565,0,0.04,0.265081,0,0.04,0.144166,0,0.04,0.233515,0,0.04,0.187891,1.5,0.64,0
-0.5,5.75,0.896321,-2.99573,7.11637e-06,0.00169546,0.000203663,0.0705167,True,empty floor,sound_similarity,0,0.04,0.240691,0,0.04,0.118506,0,0.04,0.271224,0,0.04,0.145343,0,0.04,0.1565,0,0.04,0.265081,0,0.04,0.144166,0,0.04,0.233515,0,0.04,0.187891,1.5,0.64,0
-2.25,5.25,2.70672,-2.99573,7.07533e-06,0.00169546,0.000203075,0.0705167,True,empty floor,sound_similarity,0,0.04,0.240691,0,0.04,0.118506,0,0.04,0.271224,0,0.04,0.145343,0,0.04,0.1565,0,0.04,0.265081,0,0.04,0.144166,0,0.04,0.233515,0,0.04,0.187891,1.5,0.64,0
-1.5,5.5,1.91628,-2.99573,7.02525e-06,0.00169546,0.000202355,0.0705167,True,empty floor,sound_similarity,0,0.04,0.240691,0,0.04,0.118506,0,0.04,0.271224,0,0.04,0.145343,0,0.04,0.1565,0,0.04,0.265081,0,0.04,0.144166,0,0.04,0.233515,0,0.04,0.187891,1.5,0.64,0
-0.75,5.75,1.12604,-2.99573,6.91246e-06,0.00169546,0.000200724,0.0705167,True,empty floor,sound_similarity,0,0.04,0.240691,0,0.04,0.118506,0,0.04,0.271224,0,0.04,0.145343,0,0.04,0.1565,0,0.04,0.265081,0,0.04,0.144166,0,0.04,0.233515,0,0.04,0.187891,1.5,0.64,0
-1.25,5.5,1.68302,-2.99573,6.87441e-06,0.00169546,0.000200171,0.0705167,True,empty floor,sound_similarity,0,0.04,0.240691,0,0.04,0.118506,0,0.04,0.271224,0,0.04,0.145343,0,0.04,0.1565,0,0.04,0.265081,0,0.04,0.144166,0,0.04,0.233515,0,0.04,0.187891,1.5,0.64,0
0,6,0.337333,-2.99573,6.43434e-06,0.00169546,0.000193658,0.0705167,True,empty floor,sound_similarity,0,0.04,0.240691,0,0.04,0.118506,0,0.04,0.271224,0,0.04,0.145343,0,0.04,0.1565,0,0.04,0.265081,0,0.04,0.144166,0,0.04,0.233515,0,0.04,0.187891,1.5,0.64,0
