x,y,dist_robot,snd_loglik,snd_post,vis_post,fused,vis_like,observed,mle_class,vis_phrase_source,ev_tv,post_tv,sim_tv,ev_chair,post_chair,sim_chair,ev_couch,post_couch,sim_couch,ev_toilet,post_toilet,sim_toilet,ev_microwave,post_microwave,sim_microwave,ev_oven,post_oven,sim_oven,ev_sink,post_sink,sim_sink,ev_refrigerator,post_refrigerator,sim_refrigerator,ev_clock,post_clock,sim_clock,ev_empty_floor,post_empty_floor,sim_empty_floor
0,6.75,0.22671,-0.450524,0.096356,0.00314582,0.0434509,0.117528,True,empty floor,sound_similarity,0,0.0666667,0.240691,0,0.0666667,0.118506,0,0.0666667,0.271224,0,0.0666667,0.145343,0,0.0666667,0.1565,0,0.0666667,0.265081,0,0.0666667,0.144166,0,0.0666667,0.233515,0,0.0666667,0.187891,0.5,0.4,0
-0.25,6.75,0.182378,-2.99573,0.0273324,0.00314582,0.0231419,0.117528,True,empty floor,sound_similarity,0,0.0666667,0.240691,0,0.0666667,0.118506,0,0.0666667,0.271224,0,0.0666667,0.145343,0,0.0666667,0.1565,0,0.0666667,0.265081,0,0.0666667,0.144166,0,0.0666667,0.233515,0,0.0666667,0.187891,0.5,0.4,0
1.25,7.5,1.67886,-0.00534762,0.023706,0.00314582,0.021552,0.117528,True,empty floor,sound_similarity,0,0.0666667,0.240691,0,0.0666667,0.118506,0,0.0666667,0.271224,0,0.0666667,0.145343,0,0.0666667,0.1565,0,0.0666667,0.265081,0,0.0666667,0.144166,0,0.0666667,0.233515,0,0.0666667,0.187891,0.5,0.4,0
1,7.5,1.47494,-0.0674569,0.0231174,0.00314582,0.0212828,0.117528,True,empty floor,sound_similarity,0,0.0666667,0.240691,0,0.0666667,0.118506,0,0.0666667,0.271224,0,0.0666667,0.145343,0,0.0666667,0.1565,0,0.0666667,0.265081,0,0.0666667,0.144166,0,0.0666667,0.233515,0,0.0666667,0.187891,0.5,0.4,0
1,7.25,1.33539,-0.0760162,0.0226381,0.00314582,0.021061,0.117528,True,empty floor,sound_similarity,0,0.0666667,0.240691,0,0.0666667,0.118506,0,0.0666667,0.271224,0,0.0666667,0.145343,0,0.0666667,0.1565,0,0.0666667,0.265081,0,0.0666667,0.144166,0,0.0666667,0.233515,0,0.0666667,0.187891,0.5,0.4,0
1.5,7.75,2.02581,-0.00367123,0.0214547,0.00314582,0.0205031,0.117528,True,empty floor,sound_similarity,0,0.0666667,0.240691,0,0.0666667,0.118506,0,0.0666667,0.271224,0,0.0666667,0.145343,0,0.0666667,0.1565,0,0.0666667,0.265081,0,0.0666667,0.144166,0,0.0666667,0.233515,0,0.0666667,0.187891,0.5,0.4,0
0,6.5,0.185008,-2.99573,0.0212952,0.00314582,0.0204268,0.117528,True,empty floor,sound_similarity,0,0.0666667,0.240691,0,0.0666667,0.118506,0,0.0666667,0.271224,0,0.0666667,0.145343,0,0.0666667,0.1565,0,0.0666667,0.265081,0,0.0666667,0.144166,0,0.0666667,0.233515,0,0.0666667,0.187891,0.5,0.4,0
1.25,7.75,1.8264,-0.118376,0.021131,0.00314582,0.0203479,0.117528,True,empty floor,sound_similarity,0,0.0666667,0.240691,0,0.0666667,0.118506,0,0.0666667,0.271224,0,0.0666667,0.145343,0,0.0666667,0.1565,0,0.0666667,0.265081,0,0.0666667,0.144166,0,0.0666667,0.233515,0,0.0666667,0.187891,0.5,0.4,0
0.75,7.25,1.12479,-0.0149771,0.0208332,0.00314582,0.020204,0.117528,True,empty floor,sound_similarity,0,0.0666667,0.240691,0,0.0666667,0.118506,0,0.0666667,0.271224,0,0.0666667,0.145343,0,0.0666667,0.1565,0,0.0666667,0.265081,0,0.0666667,0.144166,0,0.0666667,0.233515,0,0.0666667,0.187891,0.5,0.4,0
-0.25,6.5,0.126855,-2.99573,0.018383,0.00314582,0.0189788,0.117528,True,empty floor,sound_similarity,0,0.0666667,0.240691,0,0.0666667,0.118506,0,0.0666667,0.271224,0,0.0666667,0.145343,0,0.0666667,0.1565,0,0.0666667,0.265081,0,0.0666667,0.144166,0,0.0666667,0.233515,0,0.0666667,0.187891,0.5,0.4,0
-1.5,7.75,1.77095,-2.99573,0.0383522,0.00188749,0.0164477,0.0705167,True,empty floor,sound_similarity,0,0.04,0.240691,0,0.04,0.118506,0,0.04,0.271224,0,0.04,0.145343,0,0.04,0.1565,0,0.04,0.265081,0,0.04,0.144166,0,0.04,0.233515,0,0.04,0.187891,1.5,0.64,0
-1.25,7.5,1.41853,-2.99573,0.0381524,0.00188749,0.0164048,0.0705167,True,empty floor,sound_similarity,0,0.04,0.240691,0,0.04,0.118506,0,0.04,0.271224,0,0.04,0.145343,0,0.04,0.1565,0,0.04,0.265081,0,0.04,0.144166,0,0.04,0.233515,0,0.04,0.187891,1.5,0.64,0
-1,7.25,1.06686,-2.99573,0.0375284,0.00188749,0.0162701,0.0705167,True,empty floor,sound_similarity,0,0.04,0.240691,0,0.04,0.118506,0,0.04,0.271224,0,0.04,0.145343,0,0.04,0.1565,0,0.04,0.265081,0,0.04,0.144166,0,0.04,0.233515,0,0.04,0.187891,1.5,0.64,0
-1.75,7.75,1.96676,-2.99573,0.0360556,0.00188749,0.0159477,0.0705167,True,empty floor,sound_similarity,0,0.04,0.240691,0,0.04,0.118506,0,0.04,0.271224,0,0.04,0.145343,0,0.04,0.1565,0,0.04,0.265081,0,0.04,0.144166,0,0.04,0.233515,0,0.04,0.187891,1.5,0.64,0
-0.75,7,0.717049,-2.99573,0.0358471,0.00188749,0.0159015,0.0705167,True,empty floor,sound_similarity,0,0.04,0.240691,0,0.04,0.118506,0,0.04,0.271224,0,0.04,0.145343,0,0.04,0.1565,0,0.04,0.265081,0,0.04,0.144166,0,0.04,0.233515,0,0.04,0.187891,1.5,0.64,0
0.75,7,0.998987,-0.375984,0.0123468,0.00314582,0.0155538,0.117528,True,empty floor,sound_similarity,0,0.0666667,0.240691,0,0.0666667,0.118506,0,0.0666667,0.271224,0,0.0666667,0.145343,0,0.0666667,0.1565,0,0.0666667,0.265081,0,0.0666667,0.144166,0,0.0666667,0.233515,0,0.0666667,0.187891,0.5,0.4,0
-0.75,6.75,0.60991,-2.99573,0.0121829,0.00314582,0.0154502,0.117528,True,empty floor,sound_similarity,0,0.0666667,0.240691,0,0.0666667,0.118506,0,0.0666667,0.271224,0,0.0666667,0.145343,0,0.0666667,0.1565,0,0.0666667,0.265081,0,0.0666667,0.144166,0,0.0666667,0.233515,0,0.0666667,0.187891,0.5,0.4,0
-1.5,7.5,1.61836,-2.99573,0.0335969,0.00188749,0.0153943,0.0705167,True,empty floor,sound_similarity,0,0.04,0.240691,0,0.04,0.118506,0,0.04,0.271224,0,0.04,0.145343,0,0.04,0.1565,0,0.04,0.265081,0,0.04,0.144166,0,0.04,0.233515,0,0.04,0.187891,1.5,0.64,0
-1.25,7.75,1.59041,-2.99573,0.0324439,0.00188749,0.0151279,0.0705167,True,empty floor,sound_similarity,0,0.04,0.240691,0,0.04,0.118506,0,0.04,0.271224,0,0.04,0.145343,0,0.04,0.1565,0,0.04,0.265081,0,0.04,0.144166,0,0.04,0.233515,0,0.04,0.187891,1.5,0.64,0
-0.5,6.75,0.374334,-2.99573,0.031253,0.00188749,0.0148476,0.0705167,True,empty floor,sound_similarity,0,0.04,0.240691,0,0.04,0.118506,0,0.04,0.271224,0,0.04,0.145343,0,0.04,0.1565,0,0.04,0.265081,0,0.04,0.144166,0,0.04,0.233515,0,0.04,0.187891,1.5,0.64,0
-0.75,7.25,0.883929,-2.99573,0.0310459,0.00188749,0.0147983,0.0705167,True,empty floor,sound_similarity,0,0.04,0.240691,0,0.04,0.118506,0,0.04,0.271224,0,0.04,0.145343,0,0.04,0.1565,0,0.04,0.265081,0,0.04,0.144166,0,0.04,0.233515,0,0.04,0.187891,1.5,0.64,0
-0.5,7,0.531315,-2.99573,0.0297383,0.00188749,0.0144833,0.0705167,True,empty floor,sound_similarity,0,0.04,0.240691,0,0.04,0.118506,0,0.04,0.271224,0,0.04,0.145343,0,0.04,0.1565,0,0.04,0.265081,0,0.04,0.144166,0,0.04,0.233515,0,0.04,0.187891,1.5,0.64,0
-1.25,7.25,1.27282,-2.99573,0.0294224,0.00188749,0.0144062,0.0705167,True,empty floor,sound_similarity,0,0.04,0.240691,0,0.04,0.118506,0,0.04,0.271224,0,0.04,0.145343,0,0.04,0.1565,0,0.04,0.265081,0,0.04,0.144166,0,0.04,0.233515,0,0.04,0.187891,1.5,0.64,0
1,7.75,1.64092,-0.475409,0.00920534,0.00314582,0.0134301,0.117528,True,empty floor,sound_similarity,0,0.0666667,0.240691,0,0.0666667,0.118506,0,0.0666667,0.271224,0,0.0666667,0.145343,0,0.0666667,0.1565,0,0.0666667,0.265081,0,0.0666667,0.144166,0,0.0666667,0.233515,0,0.0666667,0.187891,0.5,0.4,0
0.5,7,0.777714,-0.0192317,0.00903028,0.00314582,0.0133018,0.117528,True,empty floor,sound_similarity,0,0.0666667,0.240691,0,0.0666667,0.118506,0,0.0666667,0.271224,0,0.0666667,0.145343,0,0.0666667,0.1565,0,0.0666667,0.265081,0,0.0666667,0.144166,0,0.0666667,0.233515,0,0.0666667,0.187891,0.5,0.4,0
-1.75,7.5,1.83056,-2.99573,0.0236992,0.00188749,0.0129294,0.0705167,True,empty floor,sound_similarity,0,0.04,0.240691,0,0.04,0.118506,0,0.04,0.271224,0,0.04,0.145343,0,0.04,0.1565,0,0.04,0.265081,0,0.04,0.144166,0,0.04,0.233515,0,0.04,0.187891,1.5,0.64,0
-1,7,0.933287,-2.99573,0.0224713,0.00188749,0.01259,0.0705167,True,empty floor,sound_similarity,0,0.04,0.240691,0,0.04,0.118506,0,0.04,0.271224,0,0.04,0.145343,0,0.04,0.1565,0,0.04,0.265081,0,0.04,0.144166,0,0.04,0.233515,0,0.04,0.187891,1.5,0.64,0
1.75,7.75,2.2354,-0.0293805,0.0134417,0.00235937,0.0121716,0.0881459,True,empty floor,sound_similarity,0,0.05,0.240691,0,0.05,0.118506,0,0.05,0.271224,0,0.05,0.145343,0,0.05,0.1565,0,0.05,0.265081,0,0.05,0.144166,0,0.05,0.233515,0,0.05,0.187891,1,0.55,0
-2.25,7.75,2.3889,-2.99573,0.0197597,0.00188749,0.011806,0.0705167,True,empty floor,sound_similarity,0,0.04,0.240691,0,0.04,0.118506,0,0.04,0.271224,0,0.04,0.145343,0,0.04,0.1565,0,0.04,0.265081,0,0.04,0.144166,0,0.04,0.233515,0,0.04,0.187891,1.5,0.64,0
1.5,7.5,1.89386,-0.110111,0.0123915,0.00235937,0.0116865,0.0881459,True,empty floor,sound_similarity,0,0.05,0.240691,0,0.05,0.118506,0,0.05,0.271224,0,0.05,0.145343,0,0.05,0.1565,0,0.05,0.265081,0,0.05,0.144166,0,0.05,0.233515,0,0.05,0.187891,1,0.55,0
-1,7.75,1.43092,-2.99573,0.0187398,0.00188749,0.0114972,0.0705167,True,empty floor,sound_similarity,0,0.04,0.240691,0,0.04,0.118506,0,0.04,0.271224,0,0.04,0.145343,0,0.04,0.1565,0,0.04,0.265081,0,0.04,0.144166,0,0.04,0.233515,0,0.04,0.187891,1.5,0.64,0
2,7.75,2.45258,-0.13129,0.00661683,0.00314582,0.0113864,0.117528,True,empty floor,sound_similarity,0,0.0666667,0.240691,0,0.0666667,0.118506,0,0.0666667,0.271224,0,0.0666667,0.145343,0,0.0666667,0.1565,0,0.0666667,0.265081,0,0.0666667,0.144166,0,0.0666667,0.233515,0,0.0666667,0.187891,0.5,0.4,0
0.75,7.5,1.28737,-0.4743,0.0065545,0.00314582,0.0113326,0.117528,True,empty floor,sound_similarity,0,0.0666667,0.240691,0,0.0666667,0.118506,0,0.0666667,0.271224,0,0.0666667,0.145343,0,0.0666667,0.1565,0,0.0666667,0.265081,0,0.0666667,0.144166,0,0.0666667,0.233515,0,0.0666667,0.187891,0.5,0.4,0
-1.5,7.25,1.49229,-2.99573,0.0173578,0.00188749,0.0110652,0.0705167,True,empty floor,sound_similarity,0,0.04,0.240691,0,0.04,0.118506,0,0.04,0.271224,0,0.04,0.145343,0,0.04,0.1565,0,0.04,0.265081,0,0.04,0.144166,0,0.04,0.233515,0,0.04,0.187891,1.5,0.64,0
-0.75,7.5,1.08328,-2.99573,0.0152381,0.00188749,0.0103676,0.0705167,True,empty floor,sound_similarity,0,0.04,0.240691,0,0.04,0.118506,0,0.04,0.271224,0,0.04,0.145343,0,0.04,0.1565,0,0.04,0.265081,0,0.04,0.144166,0,0.04,0.233515,0,0.04,0.187891,1.5,0.64,0
-2,7.5,2.0513,-2.99573,0.0144447,0.00188749,0.0100941,0.0705167,True,empty floor,sound_similarity,0,0.04,0.240691,0,0.04,0.118506,0,0.04,0.271224,0,0.04,0.145343,0,0.04,0.1565,0,0.04,0.265081,0,0.04,0.144166,0,0.04,0.233515,0,0.04,0.187891,1.5,0.64,0
1.25,7.25,1.5577,-0.313981,0.00919224,0.00235937,0.0100654,0.0881459,True,empty floor,sound_similarity,0,0.05,0.240691,0,0.05,0.118506,0,0.05,0.271224,0,0.05,0.145343,0,0.05,0.1565,0,0.05,0.265081,0,0.05,0.144166,0,0.05,0.233515,0,0.05,0.187891,1,0.55,0
1.75,7.5,2.11657,-0.286577,0.00483842,0.00314582,0.00973669,0.117528,True,empty floor,sound_similarity,0,0.0666667,0.240691,0,0.0666667,0.118506,0,0.0666667,0.271224,0,0.0666667,0.145343,0,0.0666667,0.1565,0,0.0666667,0.265081,0,0.0666667,0.144166,0,0.0666667,0.233515,0,0.0666667,0.187891,0.5,0.4,0
-2,7.25,1.95337,-2.99573,0.00437306,0.00314582,0.00925661,0.117528,True,empty floor,sound_similarity,0,0.0666667,0.240691,0,0.0666667,0.118506,0,0.0666667,0.271224,0,0.0666667,0.145343,0,0.0666667,0.1565,0,0.0666667,0.265081,0,0.0666667,0.144166,0,0.0666667,0.233515,0,0.0666667,0.187891,0.5,0.4,0
-1.5,7,1.39991,-2.99573,0.00403466,0.00314582,0.00889125,0.117528,True,empty floor,sound_similarity,0,0.0666667,0.240691,0,0.0666667,0.118506,0,0.0666667,0.271224,0,0.0666667,0.145343,0,0.0666667,0.1565,0,0.0666667,0.265081,0,0.0666667,0.144166,0,0.0666667,0.233515,0,0.0666667,0.187891,0.5,0.4,0
1,7,1.2313,-0.816021,0.00392408,0.00314582,0.00876856,0.117528,True,empty floor,sound_similarity,0,0.0666667,0.240691,0,0.0666667,0.118506,0,0.0666667,0.271224,0,0.0666667,0.145343,0,0.0666667,0.1565,0,0.0666667,0.265081,0,0.0666667,0.144166,0,0.0666667,0.233515,0,0.0666667,0.187891,0.5,0.4,0
-0.5,7.25,0.741259,-2.99573,0.010533,0.00188749,0.0086196,0.0705167,True,empty floor,sound_similarity,0,0.04,0.240691,0,0.04,0.118506,0,0.04,0.271224,0,0.04,0.145343,0,0.04,0.1565,0,0.04,0.265081,0,0.04,0.144166,0,0.04,0.233515,0,0.04,0.187891,1.5,0.64,0
-1.25,7,1.16314,-2.99573,0.00994568,0.00188749,0.00837583,0.0705167,True,empty floor,sound_similarity,0,0.04,0.240691,0,0.04,0.118506,0,0.04,0.271224,0,0.04,0.145343,0,0.04,0.1565,0,0.04,0.265081,0,0.04,0.144166,0,0.04,0.233515,0,0.04,0.187891,1.5,0.64,0
-1,6.75,0.85373,-2.99573,0.00349324,0.00314582,0.00827321,0.117528,True,empty floor,sound_similarity,0,0.0666667,0.240691,0,0.0666667,0.118506,0,0.0666667,0.271224,0,0.0666667,0.145343,0,0.0666667,0.1565,0,0.0666667,0.265081,0,0.0666667,0.144166,0,0.0666667,0.233515,0,0.0666667,0.187891,0.5,0.4,0
-1.75,7.25,1.72011,-2.99573,0.00884775,0.00188749,0.0079,0.0705167,True,empty floor,sound_similarity,0,0.04,0.240691,0,0.04,0.118506,0,0.04,0.271224,0,0.04,0.145343,0,0.04,0.1565,0,0.04,0.265081,0,0.04,0.144166,0,0.04,0.233515,0,0.04,0.187891,1.5,0.64,0
-2.25,7.5,2.27809,-2.99573,0.00820395,0.00188749,0.00760715,0.0705167,True,empty floor,sound_similarity,0,0.04,0.240691,0,0.04,0.118506,0,0.04,0.271224,0,0.04,0.145343,0,0.04,0.1565,0,0.04,0.265081,0,0.04,0.144166,0,0.04,0.233515,0,0.04,0.187891,1.5,0.64,0
0.5,7.25,0.933814,-0.472355,0.00274636,0.00314582,0.00733565,0.117528,True,empty floor,sound_similarity,0,0.0666667,0.240691,0,0.0666667,0.118506,0,0.0666667,0.271224,0,0.0666667,0.145343,0,0.0666667,0.1565,0,0.0666667,0.265081,0,0.0666667,0.144166,0,0.0666667,0.233515,0,0.0666667,0.187891,0.5,0.4,0
1.5,7.25,1.78733,-0.591596,0.00262022,0.00314582,0.00716521,0.117528,True,empty floor,sound_similarity,0,0.0666667,0.240691,0,0.0666667,0.118506,0,0.0666667,0.271224,0,0.0666667,0.145343,0,0.0666667,0.1565,0,0.0666667,0.265081,0,0.0666667,0.144166,0,0.0666667,0.233515,0,0.0666667,0.187891,0.5,0.4,0
-0.5,6.5,0.350651,-2.99573,0.00251005,0.00314582,0.00701295,0.117528,True,empty floor,sound_similarity,0,0.0666667,0.240691,0,0.0666667,0.118506,0,0.0666667,0.271224,0,0.0666667,0.145343,0,0.0666667,0.1565,0,0.0666667,0.265081,0,0.0666667,0.144166,0,0.0666667,0.233515,0,0.0666667,0.187891,0.5,0.4,0
-2.25,7.25,2.19032,-2.99573,0.00225313,0.00314582,0.00664435,0.117528,True,empty floor,sound_similarity,0,0.0666667,0.240691,0,0.0666667,0.118506,0,0.0666667,0.271224,0,0.0666667,0.145343,0,0.0666667,0.1565,0,0.0666667,0.265081,0,0.0666667,0.144166,0,0.0666667,0.233515,0,0.0666667,0.187891,0.5,0.4,0
-0.75,7.75,1.30026,-2.99573,0.00548025,0.00188749,0.00621743,0.0705167,True,empty floor,sound_similarity,0,0.04,0.240691,0,0.04,0.118506,0,0.04,0.271224,0,0.04,0.145343,0,0.04,0.1565,0,0.04,0.265081,0,0.04,0.144166,0,0.04,0.233515,0,0.04,0.187891,1.5,0.64,0
2,7.5,2.34478,-0.486685,0.0018087,0.00314582,0.0059531,0.117528,True,empty floor,sound_similarity,0,0.0666667,0.240691,0,0.0666667,0.118506,0,0.0666667,0.271224,0,0.0666667,0.145343,0,0.0666667,0.1565,0,0.0666667,0.265081,0,0.0666667,0.144166,0,0.0666667,0.233515,0,0.0666667,0.187891,0.5,0.4,0
-1.75,7,1.64061,-2.99573,0.00176029,0.00314582,0.00587289,0.117528,True,empty floor,sound_similarity,0,0.0666667,0.240691,0,0.0666667,0.118506,0,0.0666667,0.271224,0,0.0666667,0.145343,0,0.0666667,0.1565,0,0.0666667,0.265081,0,0.0666667,0.144166,0,0.0666667,0.233515,0,0.0666667,0.187891,0.5,0.4,0
-0.25,7,0.418845,-2.99573,0.00483688,0.00188749,0.00584108,0.0705167,True,empty floor,sound_similarity,0,0.04,0.240691,0,0.04,0.118506,0,0.04,0.271224,0,0.04,0.145343,0,0.04,0.1565,0,0.04,0.265081,0,0.04,0.144166,0,0.04,0.233515,0,0.04,0.187891,1.5,0.64,0
0.75,7.75,1.47461,-1.20414,0.00122251,0.00314582,0.00489424,0.117528,True,empty floor,sound_similarity,0,0.0666667,0.240691,0,0.0666667,0.118506,0,0.0666667,0.271224,0,0.0666667,0.145343,0,0.0666667,0.1565,0,0.0666667,0.265081,0,0.0666667,0.144166,0,0.0666667,0.233515,0,0.0666667,0.187891,0.5,0.4,0
-1.25,6.75,1.10033,-2.99573,0.00116659,0.00314582,0.00478099,0.117528,True,empty floor,sound_similarity,0,0.0666667,0.240691,0,0.0666667,0.118506,0,0.0666667,0.271224,0,0.0666667,0.145343,0,0.0666667,0.1565,0,0.0666667,0.265081,0,0.0666667,0.144166,0,0.0666667,0.233515,0,0.0666667,0.187891,0.5,0.4,0
0.25,6.25,0.534035,-2.99573,0.00045294,0.00471874,0.0044686,0.176292,False,tv,sound_similarity,0,0.1,0.240691,0,0.1,0.118506,0,0.1,0.271224,0,0.1,0.145343,0,0.1,0.1565,0,0.1,0.265081,0,0.1,0.144166,0,0.1,0.233515,0,0.1,0.187891,0,0.1,0
-2,7,1.88374,-2.99573,0.000881291,0.00314582,0.00415546,0.117528,True,empty floor,sound_similarity,0,0.0666667,0.240691,0,0.0666667,0.118506,0,0.0666667,0.271224,0,0.0666667,0.145343,0,0.0666667,0.1565,0,0.0666667,0.265081,0,0.0666667,0.144166,0,0.0666667,0.233515,0,0.0666667,0.187891,0.5,0.4,0
1.25,7,1.46944,-1.19142,0.000785663,0.00314582,0.00392354,0.117528,True,empty floor,sound_similarity,0,0.0666667,0.240691,0,0.0666667,0.118506,0,0.0666667,0.271224,0,0.0666667,0.145343,0,0.0666667,0.1565,0,0.0666667,0.265081,0,0.0666667,0.144166,0,0.0666667,0.233515,0,0.0666667,0.187891,0.5,0.4,0
1.75,7.25,2.0218,-0.857687,0.000767475,0.00314582,0.00387785,0.117528,True,empty floor,sound_similarity,0,0.0666667,0.240691,0,0.0666667,0.118506,0,0.0666667,0.271224,0,0.0666667,0.145343,0,0.0666667,0.1565,0,0.0666667,0.265081,0,0.0666667,0.144166,0,0.0666667,0.233515,0,0.0666667,0.187891,0.5,0.4,0
0.25,7,0.580261,-0.468053,0.000723063,0.00314582,0.00376398,0.117528,True,empty floor,sound_similarity,0,0.0666667,0.240691,0,0.0666667,0.118506,0,0.0666667,0.271224,0,0.0666667,0.145343,0,0.0666667,0.1565,0,0.0666667,0.265081,0,0.0666667,0.144166,0,0.0666667,0.233515,0,0.0666667,0.187891,0.5,0.4,0
0.5,6.75,0.680198,-1.5248,0.000683522,0.00314582,0.00365962,0.117528,True,empty floor,sound_similarity,0,0.0666667,0.240691,0,0.0666667,0.118506,0,0.0666667,0.271224,0,0.0666667,0.145343,0,0.0666667,0.1565,0,0.0666667,0.265081,0,0.0666667,0.144166,0,0.0666667,0.233515,0,0.0666667,0.187891,0.5,0.4,0
0,6.25,0.376906,-2.99573,0.000589278,0.00314582,0.00339797,0.117528,True,empty floor,sound_similarity,0,0.0666667,0.240691,0,0.0666667,0.118506,0,0.0666667,0.271224,0,0.0666667,0.145343,0,0.0666667,0.1565,0,0.0666667,0.265081,0,0.0666667,0.144166,0,0.0666667,0.233515,0,0.0666667,0.187891,0.5,0.4,0
-0.75,6.5,0.595668,-2.99573,0.000530533,0.00314582,0.00322415,0.117528,True,empty floor,sound_similarity,0,0.0666667,0.240691,0,0.0666667,0.118506,0,0.0666667,0.271224,0,0.0666667,0.145343,0,0.0666667,0.1565,0,0.0666667,0.265081,0,0.0666667,0.144166,0,0.0666667,0.233515,0,0.0666667,0.187891,0.5,0.4,0
-1.5,6.75,1.34818,-2.99573,0.000516357,0.00314582,0.00318079,0.117528,True,empty floor,sound_similarity,0,0.0666667,0.240691,0,0.0666667,0.118506,0,0.0666667,0.271224,0,0.0666667,0.145343,0,0.0666667,0.1565,0,0.0666667,0.265081,0,0.0666667,0.144166,0,0.0666667,0.233515,0,0.0666667,0.187891,0.5,0.4,0
-2.25,7,2.12846,-2.99573,0.000510207,0.00314582,0.00316179,0.117528,True,empty floor,sound_similarity,0,0.0666667,0.240691,0,0.0666667,0.118506,0,0.0666667,0.271224,0,0.0666667,0.145343,0,0.0666667,0.1565,0,0.0666667,0.265081,0,0.0666667,0.144166,0,0.0666667,0.233515,0,0.0666667,0.187891,0.5,0.4,0
0.25,6.75,0.441059,-0.636246,0.000494575,0.00314582,0.00311297,0.117528,True,empty floor,sound_similarity,0,0.0666667,0.240691,0,0.0666667,0.118506,0,0.0666667,0.271224,0,0.0666667,0.145343,0,0.0666667,0.1565,0,0.0666667,0.265081,0,0.0666667,0.144166,0,0.0666667,0.233515,0,0.0666667,0.187891,0.5,0.4,0
0.75,6.75,0.925097,-1.99161,0.000458348,0.00314582,0.0029968,0.117528,True,empty floor,sound_similarity,0,0.0666667,0.240691,0,0.0666667,0.118506,0,0.0666667,0.271224,0,0.0666667,0.145343,0,0.0666667,0.1565,0,0.0666667,0.265081,0,0.0666667,0.144166,0,0.0666667,0.233515,0,0.0666667,0.187891,0.5,0.4,0
0.5,7.5,1.12436,-1.47561,0.000304481,0.00314582,0.00244253,0.117528,True,empty floor,sound_similarity,0,0.0666667,0.240691,0,0.0666667,0.118506,0,0.0666667,0.271224,0,0.0666667,0.145343,0,0.0666667,0.1565,0,0.0666667,0.265081,0,0.0666667,0.144166,0,0.0666667,0.233515,0,0.0666667,0.187891,0.5,0.4,0
-1.75,6.75,1.5967,-2.99573,0.000293566,0.00314582,0.00239835,0.117528,True,empty floor,sound_similarity,0,0.0666667,0.240691,0,0.0666667,0.118506,0,0.0666667,0.271224,0,0.0666667,0.145343,0,0.0666667,0.1565,0,0.0666667,0.265081,0,0.0666667,0.144166,0,0.0666667,0.233515,0,0.0666667,0.187891,0.5,0.4,0
2,7.25,2.25961,-1.09536,0.000285142,0.00314582,0.00236369,0.117528,True,empty floor,sound_similarity,0,0.0666667,0.240691,0,0.0666667,0.118506,0,0.0666667,0.271224,0,0.0666667,0.145343,0,0.0666667,0.1565,0,0.0666667,0.265081,0,0.0666667,0.144166,0,0.0666667,0.233515,0,0.0666667,0.187891,0.5,0.4,0
-1,6.5,0.843614,-2.99573,0.000225319,0.00314582,0.00210116,0.117528,True,empty floor,sound_similarity,0,0.0666667,0.240691,0,0.0666667,0.118506,0,0.0666667,0.271224,0,0.0666667,0.145343,0,0.0666667,0.1565,0,0.0666667,0.265081,0,0.0666667,0.144166,0,0.0666667,0.233515,0,0.0666667,0.187891,0.5,0.4,0
-0.5,7.75,1.20781,-2.99573,0.000617392,0.00188749,0.00208685,0.0705167,True,empty floor,sound_similarity,0,0.04,0.240691,0,0.04,0.118506,0,0.04,0.271224,0,0.04,0.145343,0,0.04,0.1565,0,0.04,0.265081,0,0.04,0.144166,0,0.04,0.233515,0,0.04,0.187891,1.5,0.64,0
-0.25,7.25,0.665283,-2.99573,0.000610341,0.00188749,0.0020749,0.0705167,True,empty floor,sound_similarity,0,0.04,0.240691,0,0.04,0.118506,0,0.04,0.271224,0,0.04,0.145343,0,0.04,0.1565,0,0.04,0.265081,0,0.04,0.144166,0,0.04,0.233515,0,0.04,0.187891,1.5,0.64,0
0.75,4.75,2.05389,-2.99573,6.49959e-05,0.00548457,0.00196748,0.204903,True,refrigerator,sound_similarity,0,0.05,0.240691,0,0.05,0.118506,0,0.05,0.271224,0,0.05,0.145343,0,0.05,0.1565,0,0.05,0.265081,0,0.05,0.144166,1,0.55,0.233515,0,0.05,0.187891,0,0.05,0
1.5,7,1.71096,-1.48671,0.000184954,0.00314582,0.00190367,0.117528,True,empty floor,sound_similarity,0,0.0666667,0.240691,0,0.0666667,0.118506,0,0.0666667,0.271224,0,0.0666667,0.145343,0,0.0666667,0.1565,0,0.0666667,0.265081,0,0.0666667,0.144166,0,0.0666667,0.233515,0,0.0666667,0.187891,0.5,0.4,0
-2.25,6.75,2.0948,-2.99573,0.000152875,0.00314582,0.00173072,0.117528,True,empty floor,sound_similarity,0,0.0666667,0.240691,0,0.0666667,0.118506,0,0.0666667,0.271224,0,0.0666667,0.145343,0,0.0666667,0.1565,0,0.0666667,0.265081,0,0.0666667,0.144166,0,0.0666667,0.233515,0,0.0666667,0.187891,0.5,0.4,0
0.25,6,0.719739,-2.99573,6.67162e-05,0.00471874,0.00171501,0.176292,False,tv,sound_similarity,0,0.1,0.240691,0,0.1,0.118506,0,0.1,0.271224,0,0.1,0.145343,0,0.1,0.1565,0,0.1,0.265081,0,0.1,0.144166,0,0.1,0.233515,0,0.1,0.187891,0,0.1,0
-1.25,6.5,1.0925,-2.99573,0.000143016,0.00314582,0.00167399,0.117528,True,empty floor,sound_similarity,0,0.0666667,0.240691,0,0.0666667,0.118506,0,0.0666667,0.271224,0,0.0666667,0.145343,0,0.0666667,0.1565,0,0.0666667,0.265081,0,0.0666667,0.144166,0,0.0666667,0.233515,0,0.0666667,0.187891,0.5,0.4,0
-0.25,6.25,0.352026,-2.99573,0.000111065,0.00314582,0.00147519,0.117528,True,empty floor,sound_similarity,0,0.0666667,0.240691,0,0.0666667,0.118506,0,0.0666667,0.271224,0,0.0666667,0.145343,0,0.0666667,0.1565,0,0.0666667,0.265081,0,0.0666667,0.144166,0,0.0666667,0.233515,0,0.0666667,0.187891,0.5,0.4,0
-1.5,6.5,1.34179,-2.99573,0.000110033,0.00314582,0.00146832,0.117528,True,empty floor,sound_similarity,0,0.0666667,0.240691,0,0.0666667,0.118506,0,0.0666667,0.271224,0,0.0666667,0.145343,0,0.0666667,0.1565,0,0.0666667,0.265081,0,0.0666667,0.144166,0,0.0666667,0.233515,0,0.0666667,0.187891,0.5,0.4,0
1,6.75,1.17215,-2.24227,9.5126e-05,0.00314582,0.00136524,0.117528,True,empty floor,sound_similarity,0,0.0666667,0.240691,0,0.0666667,0.118506,0,0.0666667,0.271224,0,0.0666667,0.145343,0,0.0666667,0.1565,0,0.0666667,0.265081,0,0.0666667,0.144166,0,0.0666667,0.233515,0,0.0666667,0.187891,0.5,0.4,0
-1.75,6.5,1.59131,-2.99573,9.29915e-05,0.00314582,0.00134984,0.117528,True,empty floor,sound_similarity,0,0.0666667,0.240691,0,0.0666667,0.118506,0,0.0666667,0.271224,0,0.0666667,0.145343,0,0.0666667,0.1565,0,0.0666667,0.265081,0,0.0666667,0.144166,0,0.0666667,0.233515,0,0.0666667,0.187891,0.5,0.4,0
0.5,6,0.886657,-2.99573,4.01843e-05,0.00471874,0.001331,0.176292,False,tv,sound_similarity,0,0.1,0.240691,0,0.1,0.118506,0,0.1,0.271224,0,0.1,0.145343,0,0.1,0.1565,0,0.1,0.265081,0,0.1,0.144166,0,0.1,0.233515,0,0.1,0.187891,0,0.1,0
-2,6.5,1.84096,-2.99573,8.26081e-05,0.00314582,0.00127225,0.117528,True,empty floor,sound_similarity,0,0.0666667,0.240691,0,0.0666667,0.118506,0,0.0666667,0.271224,0,0.0666667,0.145343,0,0.0666667,0.1565,0,0.0666667,0.265081,0,0.0666667,0.144166,0,0.0666667,0.233515,0,0.0666667,0.187891,0.5,0.4,0
-0.5,6.25,0.480403,-2.99573,7.82717e-05,0.00314582,0.0012384,0.117528,True,empty floor,sound_similarity,0,0.0666667,0.240691,0,0.0666667,0.118506,0,0.0666667,0.271224,0,0.0666667,0.145343,0,0.0666667,0.1565,0,0.0666667,0.265081,0,0.0666667,0.144166,0,0.0666667,0.233515,0,0.0666667,0.187891,0.5,0.4,0
-2.25,6.5,2.0907,-2.99573,7.55542e-05,0.00314582,0.00121672,0.117528,True,empty floor,sound_similarity,0,0.0666667,0.240691,0,0.0666667,0.118506,0,0.0666667,0.271224,0,0.0666667,0.145343,0,0.0666667,0.1565,0,0.0666667,0.265081,0,0.0666667,0.144166,0,0.0666667,0.233515,0,0.0666667,0.187891,0.5,0.4,0
1.75,7,1.95461,-1.71436,6.88776e-05,0.00314582,0.00116171,0.117528,True,empty floor,sound_similarity,0,0.0666667,0.240691,0,0.0666667,0.118506,0,0.0666667,0.271224,0,0.0666667,0.145343,0,0.0666667,0.1565,0,0.0666667,0.265081,0,0.0666667,0.144166,0,0.0666667,0.233515,0,0.0666667,0.187891,0.5,0.4,0
1.5,2,4.88201,-2.99573,6.74134e-05,0.00314582,0.0011493,0.117528,True,empty floor,sound_similarity,0,0.0666667,0.240691,0,0.0666667,0.118506,0,0.0666667,0.271224,0,0.0666667,0.145343,0,0.0666667,0.1565,0,0.0666667,0.265081,0,0.0666667,0.144166,0,0.0666667,0.233515,0,0.0666667,0.187891,0.5,0.4,0
1,3.75,3.06886,-2.99573,6.72976e-05,0.00314582,0.00114831,0.117528,True,empty floor,sound_similarity,0,0.0666667,0.240691,0,0.0666667,0.118506,0,0.0666667,0.271224,0,0.0666667,0.145343,0,0.0666667,0.1565,0,0.0666667,0.265081,0,0.0666667,0.144166,0,0.0666667,0.233515,0,0.0666667,0.187891,0.5,0.4,0
1.5,1.75,5.11779,-2.99573,6.72606e-05,0.00314582,0.00114799,0.117528,True,empty floor,sound_similarity,0,0.0666667,0.240691,0,0.0666667,0.118506,0,0.0666667,0.271224,0,0.0666667,0.145343,0,0.0666667,0.1565,0,0.0666667,0.265081,0,0.0666667,0.144166,0,0.0666667,0.233515,0,0.0666667,0.187891,0.5,0.4,0
1,3.5,3.30163,-2.99573,6.71987e-05,0.00314582,0.00114747,0.117528,True,empty floor,sound_similarity,0,0.0666667,0.240691,0,0.0666667,0.118506,0,0.0666667,0.271224,0,0.0666667,0.145343,0,0.0666667,0.1565,0,0.0666667,0.265081,0,0.0666667,0.144166,0,0.0666667,0.233515,0,0.0666667,0.187891,0.5,0.4,0
0.75,6,1.08595,-2.99573,6.71977e-05,0.00314582,0.00114746,0.117528,True,empty floor,sound_similarity,0,0.0666667,0.240691,0,0.0666667,0.118506,0,0.0666667,0.271224,0,0.0666667,0.145343,0,0.0666667,0.1565,0,0.0666667,0.265081,0,0.0666667,0.144166,0,0.0666667,0.233515,0,0.0666667,0.187891,0.5,0.4,0
1.25,3,3.85805,-2.99573,6.71579e-05,0.00314582,0.00114712,0.117528,True,empty floor,sound_similarity,0,0.0666667,0.240691,0,0.0666667,0.118506,0,0.0666667,0.271224,0,0.0666667,0.145343,0,0.0666667,0.1565,0,0.0666667,0.265081,0,0.0666667,0.144166,0,0.0666667,0.233515,0,0.0666667,0.187891,0.5,0.4,0
1.5,2.25,4.6477,-2.99573,6.70493e-05,0.00314582,0.00114619,0.117528,True,empty floor,sound_similarity,0,0.0666667,0.240691,0,0.0666667,0.118506,0,0.0666667,0.271224,0,0.0666667,0.145343,0,0.0666667,0.1565,0,0.0666667,0.265081,0,0.0666667,0.144166,0,0.0666667,0.233515,0,0.0666667,0.187891,0.5,0.4,0
1.25,2.5,4.32726,-2.99573,6.69345e-05,0.00314582,0.00114521,0.117528,True,empty floor,sound_similarity,0,0.0666667,0.240691,0,0.0666667,0.118506,0,0.0666667,0.271224,0,0.0666667,0.145343,0,0.0666667,0.1565,0,0.0666667,0.265081,0,0.0666667,0.144166,0,0.0666667,0.233515,0,0.0666667,0.187891,0.5,0.4,0
0.5,5.25,1.49487,-2.99573,6.66855e-05,0.00314582,0.00114308,0.117528,True,empty floor,sound_similarity,0,0.0666667,0.240691,0,0.0666667,0.118506,0,0.0666667,0.271224,0,0.0666667,0.145343,0,0.0666667,0.1565,0,0.0666667,0.265081,0,0.0666667,0.144166,0,0.0666667,0.233515,0,0.0666667,0.187891,0.5,0.4,0
2,5.75,2.31901,-2.9956,6.65869e-05,0.00314582,0.00114223,0.117528,True,empty floor,sound_similarity,0,0.0666667,0.240691,0,0.0666667,0.118506,0,0.0666667,0.271224,0,0.0666667,0.145343,0,0.0666667,0.1565,0,0.0666667,0.265081,0,0.0666667,0.144166,0,0.0666667,0.233515,0,0.0666667,0.187891,0.5,0.4,0
0.75,4.25,2.51179,-2.99573,6.62323e-05,0.00314582,0.00113919,0.117528,True,empty floor,sound_similarity,0,0.0666667,0.240691,0,0.0666667,0.118506,0,0.0666667,0.271224,0,0.0666667,0.145343,0,0.0666667,0.1565,0,0.0666667,0.265081,0,0.0666667,0.144166,0,0.0666667,0.233515,0,0.0666667,0.187891,0.5,0.4,0
1,3.25,3.53675,-2.99573,6.60875e-05,0.00314582,0.00113794,0.117528,True,empty floor,sound_similarity,0,0.0666667,0.240691,0,0.0666667,0.118506,0,0.0666667,0.271224,0,0.0666667,0.145343,0,0.0666667,0.1565,0,0.0666667,0.265081,0,0.0666667,0.144166,0,0.0666667,0.233515,0,0.0666667,0.187891,0.5,0.4,0
1.75,1.75,5.20432,-2.99573,6.60576e-05,0.00314582,0.00113768,0.117528,True,empty floor,sound_similarity,0,0.0666667,0.240691,0,0.0666667,0.118506,0,0.0666667,0.271224,0,0.0666667,0.145343,0,0.0666667,0.1565,0,0.0666667,0.265081,0,0.0666667,0.144166,0,0.0666667,0.233515,0,0.0666667,0.187891,0.5,0.4,0
1.25,2.25,4.56432,-2.99573,6.60165e-05,0.00314582,0.00113733,0.117528,True,empty floor,sound_similarity,0,0.0666667,0.240691,0,0.0666667,0.118506,0,0.0666667,0.271224,0,0.0666667,0.145343,0,0.0666667,0.1565,0,0.0666667,0.265081,0,0.0666667,0.144166,0,0.0666667,0.233515,0,0.0666667,0.187891,0.5,0.4,0
1.5,2.5,4.41512,-2.99573,6.59725e-05,0.00314582,0.00113695,0.117528,True,empty floor,sound_similarity,0,0.0666667,0.240691,0,0.0666667,0.118506,0,0.0666667,0.271224,0,0.0666667,0.145343,0,0.0666667,0.1565,0,0.0666667,0.265081,0,0.0666667,0.144166,0,0.0666667,0.233515,0,0.0666667,0.187891,0.5,0.4,0
-0.75,6.25,0.680185,-2.99573,6.59176e-05,0.00314582,0.00113648,0.117528,True,empty floor,sound_similarity,0,0.0666667,0.240691,0,0.0666667,0.118506,0,0.0666667,0.271224,0,0.0666667,0.145343,0,0.0666667,0.1565,0,0.0666667,0.265081,0,0.0666667,0.144166,0,0.0666667,0.233515,0,0.0666667,0.187891,0.5,0.4,0
1.25,3.25,3.62653,-2.99573,6.58369e-05,0.00314582,0.00113578,0.117528,True,empty floor,sound_similarity,0,0.0666667,0.240691,0,0.0666667,0.118506,0,0.0666667,0.271224,0,0.0666667,0.145343,0,0.0666667,0.1565,0,0.0666667,0.265081,0,0.0666667,0.144166,0,0.0666667,0.233515,0,0.0666667,0.187891,0.5,0.4,0
1,6,1.30286,-2.99572,6.55975e-05,0.00314582,0.00113371,0.117528,True,empty floor,sound_similarity,0,0.0666667,0.240691,0,0.0666667,0.118506,0,0.0666667,0.271224,0,0.0666667,0.145343,0,0.0666667,0.1565,0,0.0666667,0.265081,0,0.0666667,0.144166,0,0.0666667,0.233515,0,0.0666667,0.187891,0.5,0.4,0
1,4,2.83903,-2.99573,6.55884e-05,0.00314582,0.00113363,0.117528,True,empty floor,sound_similarity,0,0.0666667,0.240691,0,0.0666667,0.118506,0,0.0666667,0.271224,0,0.0666667,0.145343,0,0.0666667,0.1565,0,0.0666667,0.265081,0,0.0666667,0.144166,0,0.0666667,0.233515,0,0.0666667,0.187891,0.5,0.4,0
1.25,2,4.80269,-2.99573,6.4829e-05,0.00314582,0.00112705,0.117528,True,empty floor,sound_similarity,0,0.0666667,0.240691,0,0.0666667,0.118506,0,0.0666667,0.271224,0,0.0666667,0.145343,0,0.0666667,0.1565,0,0.0666667,0.265081,0,0.0666667,0.144166,0,0.0666667,0.233515,0,0.0666667,0.187891,0.5,0.4,0
1.75,2,4.97264,-2.99573,6.45035e-05,0.00314582,0.00112422,0.117528,True,empty floor,sound_similarity,0,0.0666667,0.240691,0,0.0666667,0.118506,0,0.0666667,0.271224,0,0.0666667,0.145343,0,0.0666667,0.1565,0,0.0666667,0.265081,0,0.0666667,0.144166,0,0.0666667,0.233515,0,0.0666667,0.187891,0.5,0.4,0
1,3,3.77378,-2.99573,6.44591e-05,0.00314582,0.00112383,0.117528,True,empty floor,sound_similarity,0,0.0666667,0.240691,0,0.0666667,0.118506,0,0.0666667,0.271224,0,0.0666667,0.145343,0,0.0666667,0.1565,0,0.0666667,0.265081,0,0.0666667,0.144166,0,0.0666667,0.233515,0,0.0666667,0.187891,0.5,0.4,0
0.5,6.5,0.667457,-2.97894,6.41098e-05,0.00314582,0.00112078,0.117528,True,empty floor,sound_similarity,0,0.0666667,0.240691,0,0.0666667,0.118506,0,0.0666667,0.271224,0,0.0666667,0.145343,0,0.0666667,0.1565,0,0.0666667,0.265081,0,0.0666667,0.144166,0,0.0666667,0.233515,0,0.0666667,0.187891,0.5,0.4,0
1.75,5.75,2.08798,-2.99568,6.4073e-05,0.00314582,0.00112046,0.117528,True,empty floor,sound_similarity,0,0.0666667,0.240691,0,0.0666667,0.118506,0,0.0666667,0.271224,0,0.0666667,0.145343,0,0.0666667,0.1565,0,0.0666667,0.265081,0,0.0666667,0.144166,0,0.0666667,0.233515,0,0.0666667,0.187891,0.5,0.4,0
1.5,2.75,4.18455,-2.99573,6.394e-05,0.00314582,0.0011193,0.117528,True,empty floor,sound_similarity,0,0.0666667,0.240691,0,0.0666667,0.118506,0,0.0666667,0.271224,0,0.0666667,0.145343,0,0.0666667,0.1565,0,0.0666667,0.265081,0,0.0666667,0.144166,0,0.0666667,0.233515,0,0.0666667,0.187891,0.5,0.4,0
0.75,4,2.74626,-2.99573,6.36604e-05,0.00314582,0.00111685,0.117528,True,empty floor,sound_similarity,0,0.0666667,0.240691,0,0.0666667,0.118506,0,0.0666667,0.271224,0,0.0666667,0.145343,0,0.0666667,0.1565,0,0.0666667,0.265081,0,0.0666667,0.144166,0,0.0666667,0.233515,0,0.0666667,0.187891,0.5,0.4,0
1.25,1.75,5.04219,-2.99573,6.34947e-05,0.00314582,0.00111539,0.117528,True,empty floor,sound_similarity,0,0.0666667,0.240691,0,0.0666667,0.118506,0,0.0666667,0.271224,0,0.0666667,0.145343,0,0.0666667,0.1565,0,0.0666667,0.265081,0,0.0666667,0.144166,0,0.0666667,0.233515,0,0.0666667,0.187891,0.5,0.4,0
1.25,3.5,3.39763,-2.99573,6.29577e-05,0.00314582,0.00111067,0.117528,True,empty floor,sound_similarity,0,0.0666667,0.240691,0,0.0666667,0.118506,0,0.0666667,0.271224,0,0.0666667,0.145343,0,0.0666667,0.1565,0,0.0666667,0.265081,0,0.0666667,0.144166,0,0.0666667,0.233515,0,0.0666667,0.187891,0.5,0.4,0
1.25,6,1.52989,-2.99566,6.26235e-05,0.00314582,0.00110772,0.117528,True,empty floor,sound_similarity,0,0.0666667,0.240691,0,0.0666667,0.118506,0,0.0666667,0.271224,0,0.0666667,0.145343,0,0.0666667,0.1565,0,0.0666667,0.265081,0,0.0666667,0.144166,0,0.0666667,0.233515,0,0.0666667,0.187891,0.5,0.4,0
0.5,5.5,1.27547,-2.99573,6.2149e-05,0.00314582,0.00110351,0.117528,True,empty floor,sound_similarity,0,0.0666667,0.240691,0,0.0666667,0.118506,0,0.0666667,0.271224,0,0.0666667,0.145343,0,0.0666667,0.1565,0,0.0666667,0.265081,0,0.0666667,0.144166,0,0.0666667,0.233515,0,0.0666667,0.187891,0.5,0.4,0
1.75,2.25,4.74281,-2.99573,6.21453e-05,0.00314582,0.00110348,0.117528,True,empty floor,sound_similarity,0,0.0666667,0.240691,0,0.0666667,0.118506,0,0.0666667,0.271224,0,0.0666667,0.145343,0,0.0666667,0.1565,0,0.0666667,0.265081,0,0.0666667,0.144166,0,0.0666667,0.233515,0,0.0666667,0.187891,0.5,0.4,0
1,4.25,2.6129,-2.99573,6.0903e-05,0.00314582,0.00109239,0.117528,True,empty floor,sound_similarity,0,0.0666667,0.240691,0,0.0666667,0.118506,0,0.0666667,0.271224,0,0.0666667,0.145343,0,0.0666667,0.1565,0,0.0666667,0.265081,0,0.0666667,0.144166,0,0.0666667,0.233515,0,0.0666667,0.187891,0.5,0.4,0
0.5,5,1.72264,-2.99573,6.08677e-05,0.00314582,0.00109208,0.117528,True,empty floor,sound_similarity,0,0.0666667,0.240691,0,0.0666667,0.118506,0,0.0666667,0.271224,0,0.0666667,0.145343,0,0.0666667,0.1565,0,0.0666667,0.265081,0,0.0666667,0.144166,0,0.0666667,0.233515,0,0.0666667,0.187891,0.5,0.4,0
0.75,3.75,2.98325,-2.99573,6.07364e-05,0.00314582,0.0010909,0.117528,True,empty floor,sound_similarity,0,0.0666667,0.240691,0,0.0666667,0.118506,0,0.0666667,0.271224,0,0.0666667,0.145343,0,0.0666667,0.1565,0,0.0666667,0.265081,0,0.0666667,0.144166,0,0.0666667,0.233515,0,0.0666667,0.187891,0.5,0.4,0
1,2.5,4.2523,-2.99573,6.07002e-05,0.00314582,0.00109057,0.117528,True,empty floor,sound_similarity,0,0.0666667,0.240691,0,0.0666667,0.118506,0,0.0666667,0.271224,0,0.0666667,0.145343,0,0.0666667,0.1565,0,0.0666667,0.265081,0,0.0666667,0.144166,0,0.0666667,0.233515,0,0.0666667,0.187891,0.5,0.4,0
1.5,3,3.95635,-2.99573,6.06696e-05,0.00314582,0.0010903,0.117528,True,empty floor,sound_similarity,0,0.0666667,0.240691,0,0.0666667,0.118506,0,0.0666667,0.271224,0,0.0666667,0.145343,0,0.0666667,0.1565,0,0.0666667,0.265081,0,0.0666667,0.144166,0,0.0666667,0.233515,0,0.0666667,0.187891,0.5,0.4,0
2,1.75,5.30123,-2.99573,6.05711e-05,0.00314582,0.00108941,0.117528,True,empty floor,sound_similarity,0,0.0666667,0.240691,0,0.0666667,0.118506,0,0.0666667,0.271224,0,0.0666667,0.145343,0,0.0666667,0.1565,0,0.0666667,0.265081,0,0.0666667,0.144166,0,0.0666667,0.233515,0,0.0666667,0.187891,0.5,0.4,0
1.5,6,1.76315,-2.99548,6.02938e-05,0.00314582,0.00108692,0.117528,True,empty floor,sound_similarity,0,0.0666667,0.240691,0,0.0666667,0.118506,0,0.0666667,0.271224,0,0.0666667,0.145343,0,0.0666667,0.1565,0,0.0666667,0.265081,0,0.0666667,0.144166,0,0.0666667,0.233515,0,0.0666667,0.187891,0.5,0.4,0
-1,6.25,0.905271,-2.99573,5.89507e-05,0.00314582,0.00107474,0.117528,True,empty floor,sound_similarity,0,0.0666667,0.240691,0,0.0666667,0.118506,0,0.0666667,0.271224,0,0.0666667,0.145343,0,0.0666667,0.1565,0,0.0666667,0.265081,0,0.0666667,0.144166,0,0.0666667,0.233515,0,0.0666667,0.187891,0.5,0.4,0
1,2.25,4.49332,-2.99573,5.88309e-05,0.00314582,0.00107365,0.117528,True,empty floor,sound_similarity,0,0.0666667,0.240691,0,0.0666667,0.118506,0,0.0666667,0.271224,0,0.0666667,0.145343,0,0.0666667,0.1565,0,0.0666667,0.265081,0,0.0666667,0.144166,0,0.0666667,0.233515,0,0.0666667,0.187891,0.5,0.4,0
1.75,2.5,4.51514,-2.99573,5.88151e-05,0.00314582,0.0010735,0.117528,True,empty floor,sound_similarity,0,0.0666667,0.240691,0,0.0666667,0.118506,0,0.0666667,0.271224,0,0.0666667,0.145343,0,0.0666667,0.1565,0,0.0666667,0.265081,0,0.0666667,0.144166,0,0.0666667,0.233515,0,0.0666667,0.187891,0.5,0.4,0
1.75,6,2.00046,-2.99509,5.85773e-05,0.00314582,0.00107133,0.117528,True,empty floor,sound_similarity,0,0.0666667,0.240691,0,0.0666667,0.118506,0,0.0666667,0.271224,0,0.0666667,0.145343,0,0.0666667,0.1565,0,0.0666667,0.265081,0,0.0666667,0.144166,0,0.0666667,0.233515,0,0.0666667,0.187891,0.5,0.4,0
1.5,5.75,1.86186,-2.99572,5.82236e-05,0.00314582,0.00106809,0.117528,True,empty floor,sound_similarity,0,0.0666667,0.240691,0,0.0666667,0.118506,0,0.0666667,0.271224,0,0.0666667,0.145343,0,0.0666667,0.1565,0,0.0666667,0.265081,0,0.0666667,0.144166,0,0.0666667,0.233515,0,0.0666667,0.187891,0.5,0.4,0
1.25,3.75,3.17191,-2.99573,5.795e-05,0.00314582,0.00106558,0.117528,True,empty floor,sound_similarity,0,0.0666667,0.240691,0,0.0666667,0.118506,0,0.0666667,0.271224,0,0.0666667,0.145343,0,0.0666667,0.1565,0,0.0666667,0.265081,0,0.0666667,0.144166,0,0.0666667,0.233515,0,0.0666667,0.187891,0.5,0.4,0
0.75,3.5,3.2222,-2.99573,5.78881e-05,0.00314582,0.00106501,0.117528,True,empty floor,sound_similarity,0,0.0666667,0.240691,0,0.0666667,0.118506,0,0.0666667,0.271224,0,0.0666667,0.145343,0,0.0666667,0.1565,0,0.0666667,0.265081,0,0.0666667,0.144166,0,0.0666667,0.233515,0,0.0666667,0.187891,0.5,0.4,0
2,2,5.07398,-2.99573,5.73211e-05,0.00314582,0.00105978,0.117528,True,empty floor,sound_similarity,0,0.0666667,0.240691,0,0.0666667,0.118506,0,0.0666667,0.271224,0,0.0666667,0.145343,0,0.0666667,0.1565,0,0.0666667,0.265081,0,0.0666667,0.144166,0,0.0666667,0.233515,0,0.0666667,0.187891,0.5,0.4,0
2,6,2.24053,-2.99444,5.73121e-05,0.00314582,0.0010597,0.117528,True,empty floor,sound_similarity,0,0.0666667,0.240691,0,0.0666667,0.118506,0,0.0666667,0.271224,0,0.0666667,0.145343,0,0.0666667,0.1565,0,0.0666667,0.265081,0,0.0666667,0.144166,0,0.0666667,0.233515,0,0.0666667,0.187891,0.5,0.4,0
1,2,4.73526,-2.99573,5.7048e-05,0.00314582,0.00105726,0.117528,True,empty floor,sound_similarity,0,0.0666667,0.240691,0,0.0666667,0.118506,0,0.0666667,0.271224,0,0.0666667,0.145343,0,0.0666667,0.1565,0,0.0666667,0.265081,0,0.0666667,0.144166,0,0.0666667,0.233515,0,0.0666667,0.187891,0.5,0.4,0
1.5,3.25,3.73093,-2.99573,5.58716e-05,0.00314582,0.0010463,0.117528,True,empty floor,sound_similarity,0,0.0666667,0.240691,0,0.0666667,0.118506,0,0.0666667,0.271224,0,0.0666667,0.145343,0,0.0666667,0.1565,0,0.0666667,0.265081,0,0.0666667,0.144166,0,0.0666667,0.233515,0,0.0666667,0.187891,0.5,0.4,0
1,1.75,4.97801,-2.99573,5.53739e-05,0.00314582,0.00104163,0.117528,True,empty floor,sound_similarity,0,0.0666667,0.240691,0,0.0666667,0.118506,0,0.0666667,0.271224,0,0.0666667,0.145343,0,0.0666667,0.1565,0,0.0666667,0.265081,0,0.0666667,0.144166,0,0.0666667,0.233515,0,0.0666667,0.187891,0.5,0.4,0
0.75,3.25,3.46272,-2.99573,5.52737e-05,0.00314582,0.00104068,0.117528,True,empty floor,sound_similarity,0,0.0666667,0.240691,0,0.0666667,0.118506,0,0.0666667,0.271224,0,0.0666667,0.145343,0,0.0666667,0.1565,0,0.0666667,0.265081,0,0.0666667,0.144166,0,0.0666667,0.233515,0,0.0666667,0.187891,0.5,0.4,0
0,7,0.439963,-2.86017,5.51393e-05,0.00314582,0.00103942,0.117528,True,empty floor,sound_similarity,0,0.0666667,0.240691,0,0.0666667,0.118506,0,0.0666667,0.271224,0,0.0666667,0.145343,0,0.0666667,0.1565,0,0.0666667,0.265081,0,0.0666667,0.144166,0,0.0666667,0.233515,0,0.0666667,0.187891,0.5,0.4,0
0.5,4.75,1.95584,-2.99573,5.4951e-05,0.00314582,0.00103764,0.117528,True,empty floor,sound_similarity,0,0.0666667,0.240691,0,0.0666667,0.118506,0,0.0666667,0.271224,0,0.0666667,0.145343,0,0.0666667,0.1565,0,0.0666667,0.265081,0,0.0666667,0.144166,0,0.0666667,0.233515,0,0.0666667,0.187891,0.5,0.4,0
0.75,5,1.8332,-2.99573,5.48397e-05,0.00314582,0.00103659,0.117528,True,empty floor,sound_similarity,0,0.0666667,0.240691,0,0.0666667,0.118506,0,0.0666667,0.271224,0,0.0666667,0.145343,0,0.0666667,0.1565,0,0.0666667,0.265081,0,0.0666667,0.144166,0,0.0666667,0.233515,0,0.0666667,0.187891,0.5,0.4,0
0.5,7.75,1.33467,-2.2657,5.45883e-05,0.00314582,0.00103421,0.117528,True,empty floor,sound_similarity,0,0.0666667,0.240691,0,0.0666667,0.118506,0,0.0666667,0.271224,0,0.0666667,0.145343,0,0.0666667,0.1565,0,0.0666667,0.265081,0,0.0666667,0.144166,0,0.0666667,0.233515,0,0.0666667,0.187891,0.5,0.4,0
-1.25,6.25,1.14078,-2.99573,5.44107e-05,0.00314582,0.00103253,0.117528,True,empty floor,sound_similarity,0,0.0666667,0.240691,0,0.0666667,0.118506,0,0.0666667,0.271224,0,0.0666667,0.145343,0,0.0666667,0.1565,0,0.0666667,0.265081,0,0.0666667,0.144166,0,0.0666667,0.233515,0,0.0666667,0.187891,0.5,0.4,0
1.75,2.75,4.28995,-2.99573,5.4358e-05,0.00314582,0.00103203,0.117528,True,empty floor,sound_similarity,0,0.0666667,0.240691,0,0.0666667,0.118506,0,0.0666667,0.271224,0,0.0666667,0.145343,0,0.0666667,0.1565,0,0.0666667,0.265081,0,0.0666667,0.144166,0,0.0666667,0.233515,0,0.0666667,0.187891,0.5,0.4,0
2,2.25,4.84896,-2.99573,5.32148e-05,0.00314582,0.00102112,0.117528,True,empty floor,sound_similarity,0,0.0666667,0.240691,0,0.0666667,0.118506,0,0.0666667,0.271224,0,0.0666667,0.145343,0,0.0666667,0.1565,0,0.0666667,0.265081,0,0.0666667,0.144166,0,0.0666667,0.233515,0,0.0666667,0.187891,0.5,0.4,0
0.75,3,3.70449,-2.99573,5.29345e-05,0.00314582,0.00101842,0.117528,True,empty floor,sound_similarity,0,0.0666667,0.240691,0,0.0666667,0.118506,0,0.0666667,0.271224,0,0.0666667,0.145343,0,0.0666667,0.1565,0,0.0666667,0.265081,0,0.0666667,0.144166,0,0.0666667,0.233515,0,0.0666667,0.187891,0.5,0.4,0
1,4.5,2.39153,-2.99573,5.18578e-05,0.00314582,0.00100801,0.117528,True,empty floor,sound_similarity,0,0.0666667,0.240691,0,0.0666667,0.118506,0,0.0666667,0.271224,0,0.0666667,0.145343,0,0.0666667,0.1565,0,0.0666667,0.265081,0,0.0666667,0.144166,0,0.0666667,0.233515,0,0.0666667,0.187891,0.5,0.4,0
-1.5,6.25,1.38139,-2.99573,5.12114e-05,0.00314582,0.00100171,0.117528,True,empty floor,sound_similarity,0,0.0666667,0.240691,0,0.0666667,0.118506,0,0.0666667,0.271224,0,0.0666667,0.145343,0,0.0666667,0.1565,0,0.0666667,0.265081,0,0.0666667,0.144166,0,0.0666667,0.233515,0,0.0666667,0.187891,0.5,0.4,0
1.25,4,2.95012,-2.99573,5.02881e-05,0.00314582,0.000992641,0.117528,True,empty floor,sound_similarity,0,0.0666667,0.240691,0,0.0666667,0.118506,0,0.0666667,0.271224,0,0.0666667,0.145343,0,0.0666667,0.1565,0,0.0666667,0.265081,0,0.0666667,0.144166,0,0.0666667,0.233515,0,0.0666667,0.187891,0.5,0.4,0
0.5,4.5,2.19275,-2.99573,5.02849e-05,0.00314582,0.000992609,0.117528,True,empty floor,sound_similarity,0,0.0666667,0.240691,0,0.0666667,0.118506,0,0.0666667,0.271224,0,0.0666667,0.145343,0,0.0666667,0.1565,0,0.0666667,0.265081,0,0.0666667,0.144166,0,0.0666667,0.233515,0,0.0666667,0.187891,0.5,0.4,0
1.5,3.5,3.50885,-2.99573,4.93247e-05,0.00314582,0.000983086,0.117528,True,empty floor,sound_similarity,0,0.0666667,0.240691,0,0.0666667,0.118506,0,0.0666667,0.271224,0,0.0666667,0.145343,0,0.0666667,0.1565,0,0.0666667,0.265081,0,0.0666667,0.144166,0,0.0666667,0.233515,0,0.0666667,0.187891,0.5,0.4,0
0.75,2.5,4.19093,-2.99573,4.90366e-05,0.00314582,0.000980211,0.117528,True,empty floor,sound_similarity,0,0.0666667,0.240691,0,0.0666667,0.118506,0,0.0666667,0.271224,0,0.0666667,0.145343,0,0.0666667,0.1565,0,0.0666667,0.265081,0,0.0666667,0.144166,0,0.0666667,0.233515,0,0.0666667,0.187891,0.5,0.4,0
-1.75,6.25,1.62484,-2.99573,4.88367e-05,0.00314582,0.000978211,0.117528,True,empty floor,sound_similarity,0,0.0666667,0.240691,0,0.0666667,0.118506,0,0.0666667,0.271224,0,0.0666667,0.145343,0,0.0666667,0.1565,0,0.0666667,0.265081,0,0.0666667,0.144166,0,0.0666667,0.233515,0,0.0666667,0.187891,0.5,0.4,0
1.75,3,4.06765,-2.99573,4.86742e-05,0.00314582,0.000976583,0.117528,True,empty floor,sound_similarity,0,0.0666667,0.240691,0,0.0666667,0.118506,0,0.0666667,0.271224,0,0.0666667,0.145343,0,0.0666667,0.1565,0,0.0666667,0.265081,0,0.0666667,0.144166,0,0.0666667,0.233515,0,0.0666667,0.187891,0.5,0.4,0
1,6.25,1.21021,-2.99486,1.1668e-05,0.00641276,0.000974693,0.23958,True,couch,sound_similarity,0,0.0333333,0.240691,0,0.0333333,0.118506,2,0.7,0.271224,0,0.0333333,0.145343,0,0.0333333,0.1565,0,0.0333333,0.265081,0,0.0333333,0.144166,0,0.0333333,0.233515,0,0.0333333,0.187891,0,0.0333333,0
2,2.5,4.62651,-2.99573,4.82059e-05,0.00314582,0.000971873,0.117528,True,empty floor,sound_similarity,0,0.0666667,0.240691,0,0.0666667,0.118506,0,0.0666667,0.271224,0,0.0666667,0.145343,0,0.0666667,0.1565,0,0.0666667,0.265081,0,0.0666667,0.144166,0,0.0666667,0.233515,0,0.0666667,0.187891,0.5,0.4,0
2,5.5,2.42087,-2.99572,4.71523e-05,0.00314582,0.000961194,0.117528,True,empty floor,sound_similarity,0,0.0666667,0.240691,0,0.0666667,0.118506,0,0.0666667,0.271224,0,0.0666667,0.145343,0,0.0666667,0.1565,0,0.0666667,0.265081,0,0.0666667,0.144166,0,0.0666667,0.233515,0,0.0666667,0.187891,0.5,0.4,0
-2,6.25,1.87002,-2.99573,4.70059e-05,0.00314582,0.0009597,0.117528,True,empty floor,sound_similarity,0,0.0666667,0.240691,0,0.0666667,0.118506,0,0.0666667,0.271224,0,0.0666667,0.145343,0,0.0666667,0.1565,0,0.0666667,0.265081,0,0.0666667,0.144166,0,0.0666667,0.233515,0,0.0666667,0.187891,0.5,0.4,0
1.25,5.75,1.64268,-2.99573,4.63554e-05,0.00314582,0.000953037,0.117528,True,empty floor,sound_similarity,0,0.0666667,0.240691,0,0.0666667,0.118506,0,0.0666667,0.271224,0,0.0666667,0.145343,0,0.0666667,0.1565,0,0.0666667,0.265081,0,0.0666667,0.144166,0,0.0666667,0.233515,0,0.0666667,0.187891,0.5,0.4,0
-2.25,6.25,2.11633,-2.99573,4.55525e-05,0.00314582,0.000944747,0.117528,True,empty floor,sound_similarity,0,0.0666667,0.240691,0,0.0666667,0.118506,0,0.0666667,0.271224,0,0.0666667,0.145343,0,0.0666667,0.1565,0,0.0666667,0.265081,0,0.0666667,0.144166,0,0.0666667,0.233515,0,0.0666667,0.187891,0.5,0.4,0
2,2.75,4.40701,-2.99573,4.23219e-05,0.00314582,0.00091063,0.117528,True,empty floor,sound_similarity,0,0.0666667,0.240691,0,0.0666667,0.118506,0,0.0666667,0.271224,0,0.0666667,0.145343,0,0.0666667,0.1565,0,0.0666667,0.265081,0,0.0666667,0.144166,0,0.0666667,0.233515,0,0.0666667,0.187891,0.5,0.4,0
0.5,3.75,2.91661,-2.99573,4.18447e-05,0.00314582,0.000905481,0.117528,True,empty floor,sound_similarity,0,0.0666667,0.240691,0,0.0666667,0.118506,0,0.0666667,0.271224,0,0.0666667,0.145343,0,0.0666667,0.1565,0,0.0666667,0.265081,0,0.0666667,0.144166,0,0.0666667,0.233515,0,0.0666667,0.187891,0.5,0.4,0
1.75,3.25,3.84876,-2.99573,4.17862e-05,0.00314582,0.000904849,0.117528,True,empty floor,sound_similarity,0,0.0666667,0.240691,0,0.0666667,0.118506,0,0.0666667,0.271224,0,0.0666667,0.145343,0,0.0666667,0.1565,0,0.0666667,0.265081,0,0.0666667,0.144166,0,0.0666667,0.233515,0,0.0666667,0.187891,0.5,0.4,0
1.5,3.75,3.29077,-2.99573,4.10204e-05,0.00314582,0.000896519,0.117528,True,empty floor,sound_similarity,0,0.0666667,0.240691,0,0.0666667,0.118506,0,0.0666667,0.271224,0,0.0666667,0.145343,0,0.0666667,0.1565,0,0.0666667,0.265081,0,0.0666667,0.144166,0,0.0666667,0.233515,0,0.0666667,0.187891,0.5,0.4,0
0.5,3.5,3.16061,-2.99573,4.01303e-05,0.00314582,0.000886738,0.117528,True,empty floor,sound_similarity,0,0.0666667,0.240691,0,0.0666667,0.118506,0,0.0666667,0.271224,0,0.0666667,0.145343,0,0.0666667,0.1565,0,0.0666667,0.265081,0,0.0666667,0.144166,0,0.0666667,0.233515,0,0.0666667,0.187891,0.5,0.4,0
1.25,4.25,2.7332,-2.99573,3.98367e-05,0.00314582,0.000883489,0.117528,True,empty floor,sound_similarity,0,0.0666667,0.240691,0,0.0666667,0.118506,0,0.0666667,0.271224,0,0.0666667,0.145343,0,0.0666667,0.1565,0,0.0666667,0.265081,0,0.0666667,0.144166,0,0.0666667,0.233515,0,0.0666667,0.187891,0.5,0.4,0
2,7,2.19969,-1.88999,3.93687e-05,0.00314582,0.000878285,0.117528,True,empty floor,sound_similarity,0,0.0666667,0.240691,0,0.0666667,0.118506,0,0.0666667,0.271224,0,0.0666667,0.145343,0,0.0666667,0.1565,0,0.0666667,0.265081,0,0.0666667,0.144166,0,0.0666667,0.233515,0,0.0666667,0.187891,0.5,0.4,0
0.5,3.25,3.40548,-2.99573,3.87347e-05,0.00314582,0.000871183,0.117528,True,empty floor,sound_similarity,0,0.0666667,0.240691,0,0.0666667,0.118506,0,0.0666667,0.271224,0,0.0666667,0.145343,0,0.0666667,0.1565,0,0.0666667,0.265081,0,0.0666667,0.144166,0,0.0666667,0.233515,0,0.0666667,0.187891,0.5,0.4,0
1,4.75,2.17637,-2.99573,3.77712e-05,0.00314582,0.00086028,0.117528,True,empty floor,sound_similarity,0,0.0666667,0.240691,0,0.0666667,0.118506,0,0.0666667,0.271224,0,0.0666667,0.145343,0,0.0666667,0.1565,0,0.0666667,0.265081,0,0.0666667,0.144166,0,0.0666667,0.233515,0,0.0666667,0.187891,0.5,0.4,0
0.5,3,3.65104,-2.99573,3.758e-05,0.00314582,0.0008581,0.117528,True,empty floor,sound_similarity,0,0.0666667,0.240691,0,0.0666667,0.118506,0,0.0666667,0.271224,0,0.0666667,0.145343,0,0.0666667,0.1565,0,0.0666667,0.265081,0,0.0666667,0.144166,0,0.0666667,0.233515,0,0.0666667,0.187891,0.5,0.4,0
1.75,5.5,2.20057,-2.99573,3.69085e-05,0.00314582,0.000850399,0.117528,True,empty floor,sound_similarity,0,0.0666667,0.240691,0,0.0666667,0.118506,0,0.0666667,0.271224,0,0.0666667,0.145343,0,0.0666667,0.1565,0,0.0666667,0.265081,0,0.0666667,0.144166,0,0.0666667,0.233515,0,0.0666667,0.187891,0.5,0.4,0
0.5,2.75,3.89717,-2.99573,3.66106e-05,0.00314582,0.00084696,0.117528,True,empty floor,sound_similarity,0,0.0666667,0.240691,0,0.0666667,0.118506,0,0.0666667,0.271224,0,0.0666667,0.145343,0,0.0666667,0.1565,0,0.0666667,0.265081,0,0.0666667,0.144166,0,0.0666667,0.233515,0,0.0666667,0.187891,0.5,0.4,0
0.5,2.5,4.14376,-2.99573,3.57865e-05,0.00314582,0.000837373,0.117528,True,empty floor,sound_similarity,0,0.0666667,0.240691,0,0.0666667,0.118506,0,0.0666667,0.271224,0,0.0666667,0.145343,0,0.0666667,0.1565,0,0.0666667,0.265081,0,0.0666667,0.144166,0,0.0666667,0.233515,0,0.0666667,0.187891,0.5,0.4,0
2,3,4.19094,-2.99573,3.57066e-05,0.00314582,0.000836438,0.117528,True,empty floor,sound_similarity,0,0.0666667,0.240691,0,0.0666667,0.118506,0,0.0666667,0.271224,0,0.0666667,0.145343,0,0.0666667,0.1565,0,0.0666667,0.265081,0,0.0666667,0.144166,0,0.0666667,0.233515,0,0.0666667,0.187891,0.5,0.4,0
0.25,7.25,0.777092,-1.99912,3.53706e-05,0.00314582,0.000832493,0.117528,True,empty floor,sound_similarity,0,0.0666667,0.240691,0,0.0666667,0.118506,0,0.0666667,0.271224,0,0.0666667,0.145343,0,0.0666667,0.1565,0,0.0666667,0.265081,0,0.0666667,0.144166,0,0.0666667,0.233515,0,0.0666667,0.187891,0.5,0.4,0
0.5,2.25,4.39074,-2.99573,3.5078e-05,0.00314582,0.000829042,0.117528,True,empty floor,sound_similarity,0,0.0666667,0.240691,0,0.0666667,0.118506,0,0.0666667,0.271224,0,0.0666667,0.145343,0,0.0666667,0.1565,0,0.0666667,0.265081,0,0.0666667,0.144166,0,0.0666667,0.233515,0,0.0666667,0.187891,0.5,0.4,0
1.75,3.5,3.63389,-2.99573,3.39279e-05,0.00314582,0.000815338,0.117528,True,empty floor,sound_similarity,0,0.0666667,0.240691,0,0.0666667,0.118506,0,0.0666667,0.271224,0,0.0666667,0.145343,0,0.0666667,0.1565,0,0.0666667,0.265081,0,0.0666667,0.144166,0,0.0666667,0.233515,0,0.0666667,0.187891,0.5,0.4,0
0.5,1.75,4.88562,-2.99573,3.39241e-05,0.00314582,0.000815293,0.117528,True,empty floor,sound_similarity,0,0.0666667,0.240691,0,0.0666667,0.118506,0,0.0666667,0.271224,0,0.0666667,0.145343,0,0.0666667,0.1565,0,0.0666667,0.265081,0,0.0666667,0.144166,0,0.0666667,0.233515,0,0.0666667,0.187891,0.5,0.4,0
0.75,5.25,1.62104,-2.99573,3.33025e-05,0.00314582,0.000807789,0.117528,True,empty floor,sound_similarity,0,0.0666667,0.240691,0,0.0666667,0.118506,0,0.0666667,0.271224,0,0.0666667,0.145343,0,0.0666667,0.1565,0,0.0666667,0.265081,0,0.0666667,0.144166,0,0.0666667,0.233515,0,0.0666667,0.187891,0.5,0.4,0
1.5,4,3.07756,-2.99573,3.13782e-05,0.00314582,0.000784104,0.117528,True,empty floor,sound_similarity,0,0.0666667,0.240691,0,0.0666667,0.118506,0,0.0666667,0.271224,0,0.0666667,0.145343,0,0.0666667,0.1565,0,0.0666667,0.265081,0,0.0666667,0.144166,0,0.0666667,0.233515,0,0.0666667,0.187891,0.5,0.4,0
2,6.25,2.18795,-2.98415,2.98549e-05,0.00314582,0.000764834,0.117528,True,empty floor,sound_similarity,0,0.0666667,0.240691,0,0.0666667,0.118506,0,0.0666667,0.271224,0,0.0666667,0.145343,0,0.0666667,0.1565,0,0.0666667,0.265081,0,0.0666667,0.144166,0,0.0666667,0.233515,0,0.0666667,0.187891,0.5,0.4,0
2,3.25,3.97883,-2.99573,2.8661e-05,0.00314582,0.000749386,0.117528,True,empty floor,sound_similarity,0,0.0666667,0.240691,0,0.0666667,0.118506,0,0.0666667,0.271224,0,0.0666667,0.145343,0,0.0666667,0.1565,0,0.0666667,0.265081,0,0.0666667,0.144166,0,0.0666667,0.233515,0,0.0666667,0.187891,0.5,0.4,0
1.25,4.5,2.52241,-2.99573,2.74668e-05,0.00314582,0.000733607,0.117528,True,empty floor,sound_similarity,0,0.0666667,0.240691,0,0.0666667,0.118506,0,0.0666667,0.271224,0,0.0666667,0.145343,0,0.0666667,0.1565,0,0.0666667,0.265081,0,0.0666667,0.144166,0,0.0666667,0.233515,0,0.0666667,0.187891,0.5,0.4,0
1.75,6.25,1.94139,-2.98781,2.67272e-05,0.00314582,0.000723663,0.117528,True,empty floor,sound_similarity,0,0.0666667,0.240691,0,0.0666667,0.118506,0,0.0666667,0.271224,0,0.0666667,0.145343,0,0.0666667,0.1565,0,0.0666667,0.265081,0,0.0666667,0.144166,0,0.0666667,0.233515,0,0.0666667,0.187891,0.5,0.4,0
0.75,2.25,4.43528,-2.99573,4.74236e-05,0.00235937,0.000722966,0.0881459,True,empty floor,sound_similarity,0,0.05,0.240691,0,0.05,0.118506,0,0.05,0.271224,0,0.05,0.145343,0,0.05,0.1565,0,0.05,0.265081,0,0.05,0.144166,0,0.05,0.233515,0,0.05,0.187891,1,0.55,0
1,5.75,1.43362,-2.99573,2.6503e-05,0.00314582,0.000720621,0.117528,True,empty floor,sound_similarity,0,0.0666667,0.240691,0,0.0666667,0.118506,0,0.0666667,0.271224,0,0.0666667,0.145343,0,0.0666667,0.1565,0,0.0666667,0.265081,0,0.0666667,0.144166,0,0.0666667,0.233515,0,0.0666667,0.187891,0.5,0.4,0
0.5,4.25,2.43228,-2.99573,4.67268e-05,0.00235937,0.000717635,0.0881459,True,empty floor,sound_similarity,0,0.05,0.240691,0,0.05,0.118506,0,0.05,0.271224,0,0.05,0.145343,0,0.05,0.1565,0,0.05,0.265081,0,0.05,0.144166,0,0.05,0.233515,0,0.05,0.187891,1,0.55,0
0.75,2,4.68023,-2.99573,4.59962e-05,0.00235937,0.000712003,0.0881459,True,empty floor,sound_similarity,0,0.05,0.240691,0,0.05,0.118506,0,0.05,0.271224,0,0.05,0.145343,0,0.05,0.1565,0,0.05,0.265081,0,0.05,0.144166,0,0.05,0.233515,0,0.05,0.187891,1,0.55,0
1.75,3.75,3.42379,-2.99573,2.56316e-05,0.00314582,0.000708676,0.117528,True,empty floor,sound_similarity,0,0.0666667,0.240691,0,0.0666667,0.118506,0,0.0666667,0.271224,0,0.0666667,0.145343,0,0.0666667,0.1565,0,0.0666667,0.265081,0,0.0666667,0.144166,0,0.0666667,0.233515,0,0.0666667,0.187891,0.5,0.4,0
-2,5.75,2.02179,-2.99573,1.12829e-05,0.00471874,0.000705279,0.176292,False,tv,sound_similarity,0,0.1,0.240691,0,0.1,0.118506,0,0.1,0.271224,0,0.1,0.145343,0,0.1,0.1565,0,0.1,0.265081,0,0.1,0.144166,0,0.1,0.233515,0,0.1,0.187891,0,0.1,0
-2.25,6,2.17064,-2.99573,2.52751e-05,0.00314582,0.000703729,0.117528,True,empty floor,sound_similarity,0,0.0666667,0.240691,0,0.0666667,0.118506,0,0.0666667,0.271224,0,0.0666667,0.145343,0,0.0666667,0.1565,0,0.0666667,0.265081,0,0.0666667,0.144166,0,0.0666667,0.233515,0,0.0666667,0.187891,0.5,0.4,0
0.75,1.75,4.92569,-2.99573,4.47284e-05,0.00235937,0.000702122,0.0881459,True,empty floor,sound_similarity,0,0.05,0.240691,0,0.05,0.118506,0,0.05,0.271224,0,0.05,0.145343,0,0.05,0.1565,0,0.05,0.265081,0,0.05,0.144166,0,0.05,0.233515,0,0.05,0.187891,1,0.55,0
0.25,1.75,4.8581,-2.99573,2.49437e-05,0.00314582,0.000699101,0.117528,True,empty floor,sound_similarity,0,0.0666667,0.240691,0,0.0666667,0.118506,0,0.0666667,0.271224,0,0.0666667,0.145343,0,0.0666667,0.1565,0,0.0666667,0.265081,0,0.0666667,0.144166,0,0.0666667,0.233515,0,0.0666667,0.187891,0.5,0.4,0
0.25,2.25,4.3601,-2.99573,2.48135e-05,0.00314582,0.000697274,0.117528,True,empty floor,sound_similarity,0,0.0666667,0.240691,0,0.0666667,0.118506,0,0.0666667,0.271224,0,0.0666667,0.145343,0,0.0666667,0.1565,0,0.0666667,0.265081,0,0.0666667,0.144166,0,0.0666667,0.233515,0,0.0666667,0.187891,0.5,0.4,0
0.5,4,2.67372,-2.99573,4.39897e-05,0.00235937,0.0006963,0.0881459,True,empty floor,sound_similarity,0,0.05,0.240691,0,0.05,0.118506,0,0.05,0.271224,0,0.05,0.145343,0,0.05,0.1565,0,0.05,0.265081,0,0.05,0.144166,0,0.05,0.233515,0,0.05,0.187891,1,0.55,0
0.25,2.5,4.11128,-2.99573,2.47356e-05,0.00314582,0.000696179,0.117528,True,empty floor,sound_similarity,0,0.0666667,0.240691,0,0.0666667,0.118506,0,0.0666667,0.271224,0,0.0666667,0.145343,0,0.0666667,0.1565,0,0.0666667,0.265081,0,0.0666667,0.144166,0,0.0666667,0.233515,0,0.0666667,0.187891,0.5,0.4,0
0.25,2.75,3.86262,-2.99573,2.46467e-05,0.00314582,0.000694927,0.117528,True,empty floor,sound_similarity,0,0.0666667,0.240691,0,0.0666667,0.118506,0,0.0666667,0.271224,0,0.0666667,0.145343,0,0.0666667,0.1565,0,0.0666667,0.265081,0,0.0666667,0.144166,0,0.0666667,0.233515,0,0.0666667,0.187891,0.5,0.4,0
0.25,3,3.61414,-2.99573,2.45445e-05,0.00314582,0.000693484,0.117528,True,empty floor,sound_similarity,0,0.0666667,0.240691,0,0.0666667,0.118506,0,0.0666667,0.271224,0,0.0666667,0.145343,0,0.0666667,0.1565,0,0.0666667,0.265081,0,0.0666667,0.144166,0,0.0666667,0.233515,0,0.0666667,0.187891,0.5,0.4,0
-2,6,1.93127,-2.99573,2.45182e-05,0.00314582,0.000693112,0.117528,True,empty floor,sound_similarity,0,0.0666667,0.240691,0,0.0666667,0.118506,0,0.0666667,0.271224,0,0.0666667,0.145343,0,0.0666667,0.1565,0,0.0666667,0.265081,0,0.0666667,0.144166,0,0.0666667,0.233515,0,0.0666667,0.187891,0.5,0.4,0
0.25,3.25,3.36588,-2.99573,2.44256e-05,0.00314582,0.000691802,0.117528,True,empty floor,sound_similarity,0,0.0666667,0.240691,0,0.0666667,0.118506,0,0.0666667,0.271224,0,0.0666667,0.145343,0,0.0666667,0.1565,0,0.0666667,0.265081,0,0.0666667,0.144166,0,0.0666667,0.233515,0,0.0666667,0.187891,0.5,0.4,0
1.5,5.5,1.9873,-2.99573,2.441e-05,0.00314582,0.000691581,0.117528,True,empty floor,sound_similarity,0,0.0666667,0.240691,0,0.0666667,0.118506,0,0.0666667,0.271224,0,0.0666667,0.145343,0,0.0666667,0.1565,0,0.0666667,0.265081,0,0.0666667,0.144166,0,0.0666667,0.233515,0,0.0666667,0.187891,0.5,0.4,0
0.25,3.5,3.1179,-2.99573,2.42857e-05,0.00314582,0.000689818,0.117528,True,empty floor,sound_similarity,0,0.0666667,0.240691,0,0.0666667,0.118506,0,0.0666667,0.271224,0,0.0666667,0.145343,0,0.0666667,0.1565,0,0.0666667,0.265081,0,0.0666667,0.144166,0,0.0666667,0.233515,0,0.0666667,0.187891,0.5,0.4,0
0.25,3.75,2.87028,-2.99573,2.41187e-05,0.00314582,0.000687443,0.117528,True,empty floor,sound_similarity,0,0.0666667,0.240691,0,0.0666667,0.118506,0,0.0666667,0.271224,0,0.0666667,0.145343,0,0.0666667,0.1565,0,0.0666667,0.265081,0,0.0666667,0.144166,0,0.0666667,0.233515,0,0.0666667,0.187891,0.5,0.4,0
0.25,4,2.6231,-2.99573,2.39163e-05,0.00314582,0.000684552,0.117528,True,empty floor,sound_similarity,0,0.0666667,0.240691,0,0.0666667,0.118506,0,0.0666667,0.271224,0,0.0666667,0.145343,0,0.0666667,0.1565,0,0.0666667,0.265081,0,0.0666667,0.144166,0,0.0666667,0.233515,0,0.0666667,0.187891,0.5,0.4,0
0.25,4.25,2.37652,-2.99573,2.36661e-05,0.00314582,0.000680962,0.117528,True,empty floor,sound_similarity,0,0.0666667,0.240691,0,0.0666667,0.118506,0,0.0666667,0.271224,0,0.0666667,0.145343,0,0.0666667,0.1565,0,0.0666667,0.265081,0,0.0666667,0.144166,0,0.0666667,0.233515,0,0.0666667,0.187891,0.5,0.4,0
-1.75,6,1.69497,-2.99573,2.36013e-05,0.00314582,0.000680029,0.117528,True,empty floor,sound_similarity,0,0.0666667,0.240691,0,0.0666667,0.118506,0,0.0666667,0.271224,0,0.0666667,0.145343,0,0.0666667,0.1565,0,0.0666667,0.265081,0,0.0666667,0.144166,0,0.0666667,0.233515,0,0.0666667,0.187891,0.5,0.4,0
2,5.25,2.54332,-2.99573,2.35748e-05,0.00314582,0.000679647,0.117528,True,empty floor,sound_similarity,0,0.0666667,0.240691,0,0.0666667,0.118506,0,0.0666667,0.271224,0,0.0666667,0.145343,0,0.0666667,0.1565,0,0.0666667,0.265081,0,0.0666667,0.144166,0,0.0666667,0.233515,0,0.0666667,0.187891,0.5,0.4,0
0.25,4.5,2.13073,-2.99573,2.33498e-05,0.00314582,0.000676396,0.117528,True,empty floor,sound_similarity,0,0.0666667,0.240691,0,0.0666667,0.118506,0,0.0666667,0.271224,0,0.0666667,0.145343,0,0.0666667,0.1565,0,0.0666667,0.265081,0,0.0666667,0.144166,0,0.0666667,0.233515,0,0.0666667,0.187891,0.5,0.4,0
0.25,4.75,1.88605,-2.99573,2.29393e-05,0.00314582,0.000670425,0.117528,True,empty floor,sound_similarity,0,0.0666667,0.240691,0,0.0666667,0.118506,0,0.0666667,0.271224,0,0.0666667,0.145343,0,0.0666667,0.1565,0,0.0666667,0.265081,0,0.0666667,0.144166,0,0.0666667,0.233515,0,0.0666667,0.187891,0.5,0.4,0
1.5,6.25,1.69584,-2.99094,2.28071e-05,0.00314582,0.000668489,0.117528,True,empty floor,sound_similarity,0,0.0666667,0.240691,0,0.0666667,0.118506,0,0.0666667,0.271224,0,0.0666667,0.145343,0,0.0666667,0.1565,0,0.0666667,0.265081,0,0.0666667,0.144166,0,0.0666667,0.233515,0,0.0666667,0.187891,0.5,0.4,0
-1.5,6,1.46324,-2.99573,2.24693e-05,0.00314582,0.00066352,0.117528,True,empty floor,sound_similarity,0,0.0666667,0.240691,0,0.0666667,0.118506,0,0.0666667,0.271224,0,0.0666667,0.145343,0,0.0666667,0.1565,0,0.0666667,0.265081,0,0.0666667,0.144166,0,0.0666667,0.233515,0,0.0666667,0.187891,0.5,0.4,0
0.25,5,1.64297,-2.99573,2.23917e-05,0.00314582,0.000662374,0.117528,True,empty floor,sound_similarity,0,0.0666667,0.240691,0,0.0666667,0.118506,0,0.0666667,0.271224,0,0.0666667,0.145343,0,0.0666667,0.1565,0,0.0666667,0.265081,0,0.0666667,0.144166,0,0.0666667,0.233515,0,0.0666667,0.187891,0.5,0.4,0
0.75,6.5,0.91577,-2.96322,2.19088e-05,0.00314582,0.000655192,0.117528,True,empty floor,sound_similarity,0,0.0666667,0.240691,0,0.0666667,0.118506,0,0.0666667,0.271224,0,0.0666667,0.145343,0,0.0666667,0.1565,0,0.0666667,0.265081,0,0.0666667,0.144166,0,0.0666667,0.233515,0,0.0666667,0.187891,0.5,0.4,0
0.25,5.25,1.40232,-2.99573,2.16489e-05,0.00314582,0.000651294,0.117528,True,empty floor,sound_similarity,0,0.0666667,0.240691,0,0.0666667,0.118506,0,0.0666667,0.271224,0,0.0666667,0.145343,0,0.0666667,0.1565,0,0.0666667,0.265081,0,0.0666667,0.144166,0,0.0666667,0.233515,0,0.0666667,0.187891,0.5,0.4,0
1.5,4.25,2.87028,-2.99573,2.14517e-05,0.00314582,0.000648321,0.117528,True,empty floor,sound_similarity,0,0.0666667,0.240691,0,0.0666667,0.118506,0,0.0666667,0.271224,0,0.0666667,0.145343,0,0.0666667,0.1565,0,0.0666667,0.265081,0,0.0666667,0.144166,0,0.0666667,0.233515,0,0.0666667,0.187891,0.5,0.4,0
-1.25,6,1.23863,-2.99573,2.10395e-05,0.00314582,0.000642062,0.117528,True,empty floor,sound_similarity,0,0.0666667,0.240691,0,0.0666667,0.118506,0,0.0666667,0.271224,0,0.0666667,0.145343,0,0.0666667,0.1565,0,0.0666667,0.265081,0,0.0666667,0.144166,0,0.0666667,0.233515,0,0.0666667,0.187891,0.5,0.4,0
1,5,1.96945,-2.99573,2.09484e-05,0.00314582,0.000640671,0.117528,True,empty floor,sound_similarity,0,0.0666667,0.240691,0,0.0666667,0.118506,0,0.0666667,0.271224,0,0.0666667,0.145343,0,0.0666667,0.1565,0,0.0666667,0.265081,0,0.0666667,0.144166,0,0.0666667,0.233515,0,0.0666667,0.187891,0.5,0.4,0
0.25,5.75,0.935871,-2.99573,2.08381e-05,0.00314582,0.000638982,0.117528,True,empty floor,sound_similarity,0,0.0666667,0.240691,0,0.0666667,0.118506,0,0.0666667,0.271224,0,0.0666667,0.145343,0,0.0666667,0.1565,0,0.0666667,0.265081,0,0.0666667,0.144166,0,0.0666667,0.233515,0,0.0666667,0.187891,0.5,0.4,0
0.25,5.5,1.16563,-2.99573,2.07165e-05,0.00314582,0.000637114,0.117528,True,empty floor,sound_similarity,0,0.0666667,0.240691,0,0.0666667,0.118506,0,0.0666667,0.271224,0,0.0666667,0.145343,0,0.0666667,0.1565,0,0.0666667,0.265081,0,0.0666667,0.144166,0,0.0666667,0.233515,0,0.0666667,0.187891,0.5,0.4,0
-1,6,1.02584,-2.99573,1.9185e-05,0.00314582,0.000613113,0.117528,True,empty floor,sound_similarity,0,0.0666667,0.240691,0,0.0666667,0.118506,0,0.0666667,0.271224,0,0.0666667,0.145343,0,0.0666667,0.1565,0,0.0666667,0.265081,0,0.0666667,0.144166,0,0.0666667,0.233515,0,0.0666667,0.187891,0.5,0.4,0
1.25,5.25,1.94655,-2.99573,5.29e-06,0.00598925,0.00061295,0.223758,True,couch,sound_similarity,0,0.05,0.240691,0,0.05,0.118506,1,0.55,0.271224,0,0.05,0.145343,0,0.05,0.1565,0,0.05,0.265081,0,0.05,0.144166,0,0.05,0.233515,0,0.05,0.187891,0,0.05,0
0.5,6.25,0.743861,-2.99572,1.87917e-05,0.00314582,0.000606796,0.117528,True,empty floor,sound_similarity,0,0.0666667,0.240691,0,0.0666667,0.118506,0,0.0666667,0.271224,0,0.0666667,0.145343,0,0.0666667,0.1565,0,0.0666667,0.265081,0,0.0666667,0.144166,0,0.0666667,0.233515,0,0.0666667,0.187891,0.5,0.4,0
0,1.75,4.84335,-2.99573,1.87822e-05,0.00314582,0.000606642,0.117528,True,empty floor,sound_similarity,0,0.0666667,0.240691,0,0.0666667,0.118506,0,0.0666667,0.271224,0,0.0666667,0.145343,0,0.0666667,0.1565,0,0.0666667,0.265081,0,0.0666667,0.144166,0,0.0666667,0.233515,0,0.0666667,0.187891,0.5,0.4,0
0,2.25,4.34366,-2.99573,1.8141e-05,0.00314582,0.000596197,0.117528,True,empty floor,sound_similarity,0,0.0666667,0.240691,0,0.0666667,0.118506,0,0.0666667,0.271224,0,0.0666667,0.145343,0,0.0666667,0.1565,0,0.0666667,0.265081,0,0.0666667,0.144166,0,0.0666667,0.233515,0,0.0666667,0.187891,0.5,0.4,0
0.5,5.75,1.06957,-2.99573,1.81367e-05,0.00314582,0.000596127,0.117528,True,empty floor,sound_similarity,0,0.0666667,0.240691,0,0.0666667,0.118506,0,0.0666667,0.271224,0,0.0666667,0.145343,0,0.0666667,0.1565,0,0.0666667,0.265081,0,0.0666667,0.144166,0,0.0666667,0.233515,0,0.0666667,0.187891,0.5,0.4,0
1.25,6.25,1.4518,-2.99333,1.7819e-05,0.00314582,0.000590882,0.117528,True,empty floor,sound_similarity,0,0.0666667,0.240691,0,0.0666667,0.118506,0,0.0666667,0.271224,0,0.0666667,0.145343,0,0.0666667,0.1565,0,0.0666667,0.265081,0,0.0666667,0.144166,0,0.0666667,0.233515,0,0.0666667,0.187891,0.5,0.4,0
0,2.5,4.09384,-2.99573,1.77862e-05,0.00314582,0.000590338,0.117528,True,empty floor,sound_similarity,0,0.0666667,0.240691,0,0.0666667,0.118506,0,0.0666667,0.271224,0,0.0666667,0.145343,0,0.0666667,0.1565,0,0.0666667,0.265081,0,0.0666667,0.144166,0,0.0666667,0.233515,0,0.0666667,0.187891,0.5,0.4,0
1.75,4,3.21939,-2.99573,1.77456e-05,0.00314582,0.000589665,0.117528,True,empty floor,sound_similarity,0,0.0666667,0.240691,0,0.0666667,0.118506,0,0.0666667,0.271224,0,0.0666667,0.145343,0,0.0666667,0.1565,0,0.0666667,0.265081,0,0.0666667,0.144166,0,0.0666667,0.233515,0,0.0666667,0.187891,0.5,0.4,0
0,2.75,3.84405,-2.99573,1.74083e-05,0.00314582,0.000584034,0.117528,True,empty floor,sound_similarity,0,0.0666667,0.240691,0,0.0666667,0.118506,0,0.0666667,0.271224,0,0.0666667,0.145343,0,0.0666667,0.1565,0,0.0666667,0.265081,0,0.0666667,0.144166,0,0.0666667,0.233515,0,0.0666667,0.187891,0.5,0.4,0
0,3,3.59428,-2.99573,1.70094e-05,0.00314582,0.000577303,0.117528,True,empty floor,sound_similarity,0,0.0666667,0.240691,0,0.0666667,0.118506,0,0.0666667,0.271224,0,0.0666667,0.145343,0,0.0666667,0.1565,0,0.0666667,0.265081,0,0.0666667,0.144166,0,0.0666667,0.233515,0,0.0666667,0.187891,0.5,0.4,0
-0.75,6,0.833955,-2.99573,1.67081e-05,0.00314582,0.000572167,0.117528,True,empty floor,sound_similarity,0,0.0666667,0.240691,0,0.0666667,0.118506,0,0.0666667,0.271224,0,0.0666667,0.145343,0,0.0666667,0.1565,0,0.0666667,0.265081,0,0.0666667,0.144166,0,0.0666667,0.233515,0,0.0666667,0.187891,0.5,0.4,0
0,3.25,3.34455,-2.99573,1.65943e-05,0.00314582,0.000570216,0.117528,True,empty floor,sound_similarity,0,0.0666667,0.240691,0,0.0666667,0.118506,0,0.0666667,0.271224,0,0.0666667,0.145343,0,0.0666667,0.1565,0,0.0666667,0.265081,0,0.0666667,0.144166,0,0.0666667,0.233515,0,0.0666667,0.187891,0.5,0.4,0
0,3.5,3.09487,-2.99573,1.61741e-05,0.00314582,0.00056295,0.117528,True,empty floor,sound_similarity,0,0.0666667,0.240691,0,0.0666667,0.118506,0,0.0666667,0.271224,0,0.0666667,0.145343,0,0.0666667,0.1565,0,0.0666667,0.265081,0,0.0666667,0.144166,0,0.0666667,0.233515,0,0.0666667,0.187891,0.5,0.4,0
0,3.75,2.84523,-2.99573,1.57713e-05,0.00314582,0.000555895,0.117528,True,empty floor,sound_similarity,0,0.0666667,0.240691,0,0.0666667,0.118506,0,0.0666667,0.271224,0,0.0666667,0.145343,0,0.0666667,0.1565,0,0.0666667,0.265081,0,0.0666667,0.144166,0,0.0666667,0.233515,0,0.0666667,0.187891,0.5,0.4,0
1.25,4.75,2.31942,-2.99573,1.5613e-05,0.00314582,0.000553099,0.117528,True,empty floor,sound_similarity,0,0.0666667,0.240691,0,0.0666667,0.118506,0,0.0666667,0.271224,0,0.0666667,0.145343,0,0.0666667,0.1565,0,0.0666667,0.265081,0,0.0666667,0.144166,0,0.0666667,0.233515,0,0.0666667,0.187891,0.5,0.4,0
-0.25,1.75,4.84147,-2.99573,1.54879e-05,0.00314582,0.000550879,0.117528,True,empty floor,sound_similarity,0,0.0666667,0.240691,0,0.0666667,0.118506,0,0.0666667,0.271224,0,0.0666667,0.145343,0,0.0666667,0.1565,0,0.0666667,0.265081,0,0.0666667,0.144166,0,0.0666667,0.233515,0,0.0666667,0.187891,0.5,0.4,0
0,4,2.59568,-2.99573,1.54304e-05,0.00314582,0.000549855,0.117528,True,empty floor,sound_similarity,0,0.0666667,0.240691,0,0.0666667,0.118506,0,0.0666667,0.271224,0,0.0666667,0.145343,0,0.0666667,0.1565,0,0.0666667,0.265081,0,0.0666667,0.144166,0,0.0666667,0.233515,0,0.0666667,0.187891,0.5,0.4,0
-0.25,2,4.59152,-2.99573,1.52674e-05,0.00314582,0.000546943,0.117528,True,empty floor,sound_similarity,0,0.0666667,0.240691,0,0.0666667,0.118506,0,0.0666667,0.271224,0,0.0666667,0.145343,0,0.0666667,0.1565,0,0.0666667,0.265081,0,0.0666667,0.144166,0,0.0666667,0.233515,0,0.0666667,0.187891,0.5,0.4,0
-0.25,2.25,4.34157,-2.99573,1.50709e-05,0.00314582,0.000543412,0.117528,True,empty floor,sound_similarity,0,0.0666667,0.240691,0,0.0666667,0.118506,0,0.0666667,0.271224,0,0.0666667,0.145343,0,0.0666667,0.1565,0,0.0666667,0.265081,0,0.0666667,0.144166,0,0.0666667,0.233515,0,0.0666667,0.187891,0.5,0.4,0
1.75,5.25,2.33459,-2.99573,1.49274e-05,0.00314582,0.000540818,0.117528,True,empty floor,sound_similarity,0,0.0666667,0.240691,0,0.0666667,0.118506,0,0.0666667,0.271224,0,0.0666667,0.145343,0,0.0666667,0.1565,0,0.0666667,0.265081,0,0.0666667,0.144166,0,0.0666667,0.233515,0,0.0666667,0.187891,0.5,0.4,0
-0.25,2.5,4.09162,-2.99573,1.49141e-05,0.00314582,0.000540577,0.117528,True,empty floor,sound_similarity,0,0.0666667,0.240691,0,0.0666667,0.118506,0,0.0666667,0.271224,0,0.0666667,0.145343,0,0.0666667,0.1565,0,0.0666667,0.265081,0,0.0666667,0.144166,0,0.0666667,0.233515,0,0.0666667,0.187891,0.5,0.4,0
-0.5,6,0.680894,-2.99573,1.33172e-05,0.00314582,0.000510818,0.117528,True,empty floor,sound_similarity,0,0.0666667,0.240691,0,0.0666667,0.118506,0,0.0666667,0.271224,0,0.0666667,0.145343,0,0.0666667,0.1565,0,0.0666667,0.265081,0,0.0666667,0.144166,0,0.0666667,0.233515,0,0.0666667,0.187891,0.5,0.4,0
-0.25,7.75,1.16273,-2.99572,3.60658e-05,0.00188749,0.000504381,0.0705167,True,empty floor,sound_similarity,0,0.04,0.240691,0,0.04,0.118506,0,0.04,0.271224,0,0.04,0.145343,0,0.04,0.1565,0,0.04,0.265081,0,0.04,0.144166,0,0.04,0.233515,0,0.04,0.187891,1.5,0.64,0
1.5,4.5,2.67033,-2.99573,1.28767e-05,0.00314582,0.000502299,0.117528,True,empty floor,sound_similarity,0,0.0666667,0.240691,0,0.0666667,0.118506,0,0.0666667,0.271224,0,0.0666667,0.145343,0,0.0666667,0.1565,0,0.0666667,0.265081,0,0.0666667,0.144166,0,0.0666667,0.233515,0,0.0666667,0.187891,0.5,0.4,0
2,6.5,2.16317,-2.91184,1.27368e-05,0.00314582,0.000499562,0.117528,True,empty floor,sound_similarity,0,0.0666667,0.240691,0,0.0666667,0.118506,0,0.0666667,0.271224,0,0.0666667,0.145343,0,0.0666667,0.1565,0,0.0666667,0.265081,0,0.0666667,0.144166,0,0.0666667,0.233515,0,0.0666667,0.187891,0.5,0.4,0
-2.25,5.75,2.25155,-2.99573,1.25781e-05,0.00314582,0.00049644,0.117528,True,empty floor,sound_similarity,0,0.0666667,0.240691,0,0.0666667,0.118506,0,0.0666667,0.271224,0,0.0666667,0.145343,0,0.0666667,0.1565,0,0.0666667,0.265081,0,0.0666667,0.144166,0,0.0666667,0.233515,0,0.0666667,0.187891,0.5,0.4,0
0,7.25,0.678776,-2.98163,1.2546e-05,0.00314582,0.000495807,0.117528,True,empty floor,sound_similarity,0,0.0666667,0.240691,0,0.0666667,0.118506,0,0.0666667,0.271224,0,0.0666667,0.145343,0,0.0666667,0.1565,0,0.0666667,0.265081,0,0.0666667,0.144166,0,0.0666667,0.233515,0,0.0666667,0.187891,0.5,0.4,0
1.5,6.75,1.6689,-2.48248,1.24365e-05,0.00314582,0.000493637,0.117528,True,empty floor,sound_similarity,0,0.0666667,0.240691,0,0.0666667,0.118506,0,0.0666667,0.271224,0,0.0666667,0.145343,0,0.0666667,0.1565,0,0.0666667,0.265081,0,0.0666667,0.144166,0,0.0666667,0.233515,0,0.0666667,0.187891,0.5,0.4,0
1.25,5.5,1.7836,-2.99573,1.23742e-05,0.00314582,0.000492401,0.117528,True,empty floor,sound_similarity,0,0.0666667,0.240691,0,0.0666667,0.118506,0,0.0666667,0.271224,0,0.0666667,0.145343,0,0.0666667,0.1565,0,0.0666667,0.265081,0,0.0666667,0.144166,0,0.0666667,0.233515,0,0.0666667,0.187891,0.5,0.4,0
2,6.75,2.16714,-2.59109,1.11167e-05,0.00314582,0.00046671,0.117528,True,empty floor,sound_similarity,0,0.0666667,0.240691,0,0.0666667,0.118506,0,0.0666667,0.271224,0,0.0666667,0.145343,0,0.0666667,0.1565,0,0.0666667,0.265081,0,0.0666667,0.144166,0,0.0666667,0.233515,0,0.0666667,0.187891,0.5,0.4,0
2,5,2.68352,-2.99573,1.06838e-05,0.00314582,0.000457532,0.117528,True,empty floor,sound_similarity,0,0.0666667,0.240691,0,0.0666667,0.118506,0,0.0666667,0.271224,0,0.0666667,0.145343,0,0.0666667,0.1565,0,0.0666667,0.265081,0,0.0666667,0.144166,0,0.0666667,0.233515,0,0.0666667,0.187891,0.5,0.4,0
1.75,6.75,1.9179,-2.54581,1.05884e-05,0.00314582,0.000455485,0.117528,True,empty floor,sound_similarity,0,0.0666667,0.240691,0,0.0666667,0.118506,0,0.0666667,0.271224,0,0.0666667,0.145343,0,0.0666667,0.1565,0,0.0666667,0.265081,0,0.0666667,0.144166,0,0.0666667,0.233515,0,0.0666667,0.187891,0.5,0.4,0
2,4,3.37381,-2.99573,1.02537e-05,0.00314582,0.00044823,0.117528,True,empty floor,sound_similarity,0,0.0666667,0.240691,0,0.0666667,0.118506,0,0.0666667,0.271224,0,0.0666667,0.145343,0,0.0666667,0.1565,0,0.0666667,0.265081,0,0.0666667,0.144166,0,0.0666667,0.233515,0,0.0666667,0.187891,0.5,0.4,0
0.75,5.5,1.42125,-2.99573,9.95305e-06,0.00314582,0.000441609,0.117528,True,empty floor,sound_similarity,0,0.0666667,0.240691,0,0.0666667,0.118506,0,0.0666667,0.271224,0,0.0666667,0.145343,0,0.0666667,0.1565,0,0.0666667,0.265081,0,0.0666667,0.144166,0,0.0666667,0.233515,0,0.0666667,0.187891,0.5,0.4,0
-1.75,5.75,1.79743,-2.99573,9.88729e-06,0.00314582,0.000440147,0.117528,True,empty floor,sound_similarity,0,0.0666667,0.240691,0,0.0666667,0.118506,0,0.0666667,0.271224,0,0.0666667,0.145343,0,0.0666667,0.1565,0,0.0666667,0.265081,0,0.0666667,0.144166,0,0.0666667,0.233515,0,0.0666667,0.187891,0.5,0.4,0
1.75,6.5,1.91342,-2.91879,9.56827e-06,0.00314582,0.000432988,0.117528,True,empty floor,sound_similarity,0,0.0666667,0.240691,0,0.0666667,0.118506,0,0.0666667,0.271224,0,0.0666667,0.145343,0,0.0666667,0.1565,0,0.0666667,0.265081,0,0.0666667,0.144166,0,0.0666667,0.233515,0,0.0666667,0.187891,0.5,0.4,0
0.25,7.5,0.998019,-2.72848,8.4881e-06,0.00314582,0.000407817,0.117528,True,empty floor,sound_similarity,0,0.0666667,0.240691,0,0.0666667,0.118506,0,0.0666667,0.271224,0,0.0666667,0.145343,0,0.0666667,0.1565,0,0.0666667,0.265081,0,0.0666667,0.144166,0,0.0666667,0.233515,0,0.0666667,0.187891,0.5,0.4,0
1.5,5.25,2.13476,-2.99573,8.31201e-06,0.00314582,0.000403564,0.117528,True,empty floor,sound_similarity,0,0.0666667,0.240691,0,0.0666667,0.118506,0,0.0666667,0.271224,0,0.0666667,0.145343,0,0.0666667,0.1565,0,0.0666667,0.265081,0,0.0666667,0.144166,0,0.0666667,0.233515,0,0.0666667,0.187891,0.5,0.4,0
1,5.25,1.77367,-2.99573,8.26405e-06,0.00314582,0.000402398,0.117528,True,empty floor,sound_similarity,0,0.0666667,0.240691,0,0.0666667,0.118506,0,0.0666667,0.271224,0,0.0666667,0.145343,0,0.0666667,0.1565,0,0.0666667,0.265081,0,0.0666667,0.144166,0,0.0666667,0.233515,0,0.0666667,0.187891,0.5,0.4,0
-2,3,4.03408,-2.99573,6.73463e-05,0.00104861,0.000382909,0.0391759,True,empty floor,sound_similarity,0,0.0222222,0.240691,0,0.0222222,0.118506,0,0.0222222,0.271224,0,0.0222222,0.145343,0,0.0222222,0.1565,0,0.0222222,0.265081,0,0.0222222,0.144166,0,0.0222222,0.233515,0,0.0222222,0.187891,3.5,0.8,0
-1.25,4,2.81013,-2.99573,6.73423e-05,0.00104861,0.000382897,0.0391759,True,empty floor,sound_similarity,0,0.0222222,0.240691,0,0.0222222,0.118506,0,0.0222222,0.271224,0,0.0222222,0.145343,0,0.0222222,0.1565,0,0.0222222,0.265081,0,0.0222222,0.144166,0,0.0222222,0.233515,0,0.0222222,0.187891,3.5,0.8,0
-0.5,5,1.62633,-2.99573,6.73301e-05,0.00104861,0.000382863,0.0391759,True,empty floor,sound_similarity,0,0.0222222,0.240691,0,0.0222222,0.118506,0,0.0222222,0.271224,0,0.0222222,0.145343,0,0.0222222,0.1565,0,0.0222222,0.265081,0,0.0222222,0.144166,0,0.0222222,0.233515,0,0.0222222,0.187891,3.5,0.8,0
-1,4.25,2.48639,-2.99573,6.7266e-05,0.00104861,0.00038268,0.0391759,True,empty floor,sound_similarity,0,0.0222222,0.240691,0,0.0222222,0.118506,0,0.0222222,0.271224,0,0.0222222,0.145343,0,0.0222222,0.1565,0,0.0222222,0.265081,0,0.0222222,0.144166,0,0.0222222,0.233515,0,0.0222222,0.187891,3.5,0.8,0
-2.25,2.5,4.59307,-2.99573,6.72435e-05,0.00104861,0.000382616,0.0391759,True,empty floor,sound_similarity,0,0.0222222,0.240691,0,0.0222222,0.118506,0,0.0222222,0.271224,0,0.0222222,0.145343,0,0.0222222,0.1565,0,0.0222222,0.265081,0,0.0222222,0.144166,0,0.0222222,0.233515,0,0.0222222,0.187891,3.5,0.8,0
-2.25,2.75,4.37189,-2.99573,6.70417e-05,0.00104861,0.000382042,0.0391759,True,empty floor,sound_similarity,0,0.0222222,0.240691,0,0.0222222,0.118506,0,0.0222222,0.271224,0,0.0222222,0.145343,0,0.0222222,0.1565,0,0.0222222,0.265081,0,0.0222222,0.144166,0,0.0222222,0.233515,0,0.0222222,0.187891,3.5,0.8,0
-1.5,3.5,3.36814,-2.99573,6.69616e-05,0.00104861,0.000381813,0.0391759,True,empty floor,sound_similarity,0,0.0222222,0.240691,0,0.0222222,0.118506,0,0.0222222,0.271224,0,0.0222222,0.145343,0,0.0222222,0.1565,0,0.0222222,0.265081,0,0.0222222,0.144166,0,0.0222222,0.233515,0,0.0222222,0.187891,3.5,0.8,0
-1.5,3.75,3.14031,-2.99573,6.68295e-05,0.00104861,0.000381437,0.0391759,True,empty floor,sound_similarity,0,0.0222222,0.240691,0,0.0222222,0.118506,0,0.0222222,0.271224,0,0.0222222,0.145343,0,0.0222222,0.1565,0,0.0222222,0.265081,0,0.0222222,0.144166,0,0.0222222,0.233515,0,0.0222222,0.187891,3.5,0.8,0
-2,2.75,4.25812,-2.99573,6.67218e-05,0.00104861,0.000381129,0.0391759,True,empty floor,sound_similarity,0,0.0222222,0.240691,0,0.0222222,0.118506,0,0.0222222,0.271224,0,0.0222222,0.145343,0,0.0222222,0.1565,0,0.0222222,0.265081,0,0.0222222,0.144166,0,0.0222222,0.233515,0,0.0222222,0.187891,3.5,0.8,0
0.75,5.75,1.23981,-2.99573,7.38997e-06,0.00314582,0.000380523,0.117528,True,empty floor,sound_similarity,0,0.0666667,0.240691,0,0.0666667,0.118506,0,0.0666667,0.271224,0,0.0666667,0.145343,0,0.0666667,0.1565,0,0.0666667,0.265081,0,0.0666667,0.144166,0,0.0666667,0.233515,0,0.0666667,0.187891,0.5,0.4,0
-0.75,4.75,1.93252,-2.99573,6.61067e-05,0.00104861,0.000379368,0.0391759,True,empty floor,sound_similarity,0,0.0222222,0.240691,0,0.0222222,0.118506,0,0.0222222,0.271224,0,0.0222222,0.145343,0,0.0222222,0.1565,0,0.0222222,0.265081,0,0.0222222,0.144166,0,0.0222222,0.233515,0,0.0222222,0.187891,3.5,0.8,0
-1.75,3.5,3.47509,-2.99573,6.60847e-05,0.00104861,0.000379305,0.0391759,True,empty floor,sound_similarity,0,0.0222222,0.240691,0,0.0222222,0.118506,0,0.0222222,0.271224,0,0.0222222,0.145343,0,0.0222222,0.1565,0,0.0222222,0.265081,0,0.0222222,0.144166,0,0.0222222,0.233515,0,0.0222222,0.187891,3.5,0.8,0
-0.25,5.25,1.34359,-2.99573,6.6065e-05,0.00104861,0.000379248,0.0391759,True,empty floor,sound_similarity,0,0.0222222,0.240691,0,0.0222222,0.118506,0,0.0222222,0.271224,0,0.0222222,0.145343,0,0.0222222,0.1565,0,0.0222222,0.265081,0,0.0222222,0.144166,0,0.0222222,0.233515,0,0.0222222,0.187891,3.5,0.8,0
-0.75,4.5,2.17197,-2.99573,6.5808e-05,0.00104861,0.00037851,0.0391759,True,empty floor,sound_similarity,0,0.0222222,0.240691,0,0.0222222,0.118506,0,0.0222222,0.271224,0,0.0222222,0.145343,0,0.0222222,0.1565,0,0.0222222,0.265081,0,0.0222222,0.144166,0,0.0222222,0.233515,0,0.0222222,0.187891,3.5,0.8,0
-1.25,3.75,3.04215,-2.99573,6.57108e-05,0.00104861,0.000378231,0.0391759,True,empty floor,sound_similarity,0,0.0222222,0.240691,0,0.0222222,0.118506,0,0.0222222,0.271224,0,0.0222222,0.145343,0,0.0222222,0.1565,0,0.0222222,0.265081,0,0.0222222,0.144166,0,0.0222222,0.233515,0,0.0222222,0.187891,3.5,0.8,0
-2.25,2.25,4.81707,-2.99573,6.56284e-05,0.00104861,0.000377993,0.0391759,True,empty floor,sound_similarity,0,0.0222222,0.240691,0,0.0222222,0.118506,0,0.0222222,0.271224,0,0.0222222,0.145343,0,0.0222222,0.1565,0,0.0222222,0.265081,0,0.0222222,0.144166,0,0.0222222,0.233515,0,0.0222222,0.187891,3.5,0.8,0
-2,3.25,3.81326,-2.99573,6.52712e-05,0.00104861,0.000376963,0.0391759,True,empty floor,sound_similarity,0,0.0222222,0.240691,0,0.0222222,0.118506,0,0.0222222,0.271224,0,0.0222222,0.145343,0,0.0222222,0.1565,0,0.0222222,0.265081,0,0.0222222,0.144166,0,0.0222222,0.233515,0,0.0222222,0.187891,3.5,0.8,0
-1,4.5,2.25263,-2.99573,6.45382e-05,0.00104861,0.000374841,0.0391759,True,empty floor,sound_similarity,0,0.0222222,0.240691,0,0.0222222,0.118506,0,0.0222222,0.271224,0,0.0222222,0.145343,0,0.0222222,0.1565,0,0.0222222,0.265081,0,0.0222222,0.144166,0,0.0222222,0.233515,0,0.0222222,0.187891,3.5,0.8,0
-2.25,3,4.15399,-2.99573,6.44638e-05,0.00104861,0.000374625,0.0391759,True,empty floor,sound_similarity,0,0.0222222,0.240691,0,0.0222222,0.118506,0,0.0222222,0.271224,0,0.0222222,0.145343,0,0.0222222,0.1565,0,0.0222222,0.265081,0,0.0222222,0.144166,0,0.0222222,0.233515,0,0.0222222,0.187891,3.5,0.8,0
-2,2.5,4.48491,-2.99573,6.41824e-05,0.00104861,0.000373806,0.0391759,True,empty floor,sound_similarity,0,0.0222222,0.240691,0,0.0222222,0.118506,0,0.0222222,0.271224,0,0.0222222,0.145343,0,0.0222222,0.1565,0,0.0222222,0.265081,0,0.0222222,0.144166,0,0.0222222,0.233515,0,0.0222222,0.187891,3.5,0.8,0
-1.5,3.25,3.59892,-2.99573,6.37772e-05,0.00104861,0.000372624,0.0391759,True,empty floor,sound_similarity,0,0.0222222,0.240691,0,0.0222222,0.118506,0,0.0222222,0.271224,0,0.0222222,0.145343,0,0.0222222,0.1565,0,0.0222222,0.265081,0,0.0222222,0.144166,0,0.0222222,0.233515,0,0.0222222,0.187891,3.5,0.8,0
-1.25,4.25,2.58148,-2.99573,6.30898e-05,0.00104861,0.000370611,0.0391759,True,empty floor,sound_similarity,0,0.0222222,0.240691,0,0.0222222,0.118506,0,0.0222222,0.271224,0,0.0222222,0.145343,0,0.0222222,0.1565,0,0.0222222,0.265081,0,0.0222222,0.144166,0,0.0222222,0.233515,0,0.0222222,0.187891,3.5,0.8,0
-1,4,2.72305,-2.99573,6.30249e-05,0.00104861,0.00037042,0.0391759,True,empty floor,sound_similarity,0,0.0222222,0.240691,0,0.0222222,0.118506,0,0.0222222,0.271224,0,0.0222222,0.145343,0,0.0222222,0.1565,0,0.0222222,0.265081,0,0.0222222,0.144166,0,0.0222222,0.233515,0,0.0222222,0.187891,3.5,0.8,0
-2.25,2,5.04351,-2.99573,6.27715e-05,0.00104861,0.000369674,0.0391759,True,empty floor,sound_similarity,0,0.0222222,0.240691,0,0.0222222,0.118506,0,0.0222222,0.271224,0,0.0222222,0.145343,0,0.0222222,0.1565,0,0.0222222,0.265081,0,0.0222222,0.144166,0,0.0222222,0.233515,0,0.0222222,0.187891,3.5,0.8,0
2,4.25,3.18587,-2.99573,6.89404e-06,0.00314582,0.000367533,0.117528,True,empty floor,sound_similarity,0,0.0666667,0.240691,0,0.0666667,0.118506,0,0.0666667,0.271224,0,0.0666667,0.145343,0,0.0666667,0.1565,0,0.0666667,0.265081,0,0.0666667,0.144166,0,0.0666667,0.233515,0,0.0666667,0.187891,0.5,0.4,0
-1.5,4,2.91611,-2.99573,6.18431e-05,0.00104861,0.000366931,0.0391759,True,empty floor,sound_similarity,0,0.0222222,0.240691,0,0.0222222,0.118506,0,0.0222222,0.271224,0,0.0222222,0.145343,0,0.0222222,0.1565,0,0.0222222,0.265081,0,0.0222222,0.144166,0,0.0222222,0.233515,0,0.0222222,0.187891,3.5,0.8,0
1.5,6.5,1.66374,-2.92708,6.82556e-06,0.00314582,0.000365703,0.117528,True,empty floor,sound_similarity,0,0.0666667,0.240691,0,0.0666667,0.118506,0,0.0666667,0.271224,0,0.0666667,0.145343,0,0.0666667,0.1565,0,0.0666667,0.265081,0,0.0666667,0.144166,0,0.0666667,0.233515,0,0.0666667,0.187891,0.5,0.4,0
-0.5,4.75,1.87157,-2.99573,6.11994e-05,0.00104861,0.000365016,0.0391759,True,empty floor,sound_similarity,0,0.0222222,0.240691,0,0.0222222,0.118506,0,0.0222222,0.271224,0,0.0222222,0.145343,0,0.0222222,0.1565,0,0.0222222,0.265081,0,0.0222222,0.144166,0,0.0222222,0.233515,0,0.0222222,0.187891,3.5,0.8,0
1.75,5,2.4866,-2.99573,6.78161e-06,0.00314582,0.000364524,0.117528,True,empty floor,sound_similarity,0,0.0666667,0.240691,0,0.0666667,0.118506,0,0.0666667,0.271224,0,0.0666667,0.145343,0,0.0666667,0.1565,0,0.0666667,0.265081,0,0.0666667,0.144166,0,0.0666667,0.233515,0,0.0666667,0.187891,0.5,0.4,0
-1.75,3.75,3.25475,-2.99573,6.07873e-05,0.00104861,0.000363785,0.0391759,True,empty floor,sound_similarity,0,0.0222222,0.240691,0,0.0222222,0.118506,0,0.0222222,0.271224,0,0.0222222,0.145343,0,0.0222222,0.1565,0,0.0222222,0.265081,0,0.0222222,0.144166,0,0.0222222,0.233515,0,0.0222222,0.187891,3.5,0.8,0
-1.25,3.5,3.27681,-2.99573,6.06597e-05,0.00104861,0.000363403,0.0391759,True,empty floor,sound_similarity,0,0.0222222,0.240691,0,0.0222222,0.118506,0,0.0222222,0.271224,0,0.0222222,0.145343,0,0.0222222,0.1565,0,0.0222222,0.265081,0,0.0222222,0.144166,0,0.0222222,0.233515,0,0.0222222,0.187891,3.5,0.8,0
-2,2.25,4.71405,-2.99573,6.04672e-05,0.00104861,0.000362826,0.0391759,True,empty floor,sound_similarity,0,0.0222222,0.240691,0,0.0222222,0.118506,0,0.0222222,0.271224,0,0.0222222,0.145343,0,0.0222222,0.1565,0,0.0222222,0.265081,0,0.0222222,0.144166,0,0.0222222,0.233515,0,0.0222222,0.187891,3.5,0.8,0
-2,3.5,3.59626,-2.99573,5.98931e-05,0.00104861,0.000361099,0.0391759,True,empty floor,sound_similarity,0,0.0222222,0.240691,0,0.0222222,0.118506,0,0.0222222,0.271224,0,0.0222222,0.145343,0,0.0222222,0.1565,0,0.0222222,0.265081,0,0.0222222,0.144166,0,0.0222222,0.233515,0,0.0222222,0.187891,3.5,0.8,0
-2.25,1.75,5.27208,-2.99573,5.9172e-05,0.00104861,0.000358919,0.0391759,True,empty floor,sound_similarity,0,0.0222222,0.240691,0,0.0222222,0.118506,0,0.0222222,0.271224,0,0.0222222,0.145343,0,0.0222222,0.1565,0,0.0222222,0.265081,0,0.0222222,0.144166,0,0.0222222,0.233515,0,0.0222222,0.187891,3.5,0.8,0
-2.25,3.25,3.9399,-2.99573,5.91311e-05,0.00104861,0.000358795,0.0391759,True,empty floor,sound_similarity,0,0.0222222,0.240691,0,0.0222222,0.118506,0,0.0222222,0.271224,0,0.0222222,0.145343,0,0.0222222,0.1565,0,0.0222222,0.265081,0,0.0222222,0.144166,0,0.0222222,0.233515,0,0.0222222,0.187891,3.5,0.8,0
-1.5,3,3.83211,-2.99573,5.87984e-05,0.00104861,0.000357784,0.0391759,True,empty floor,sound_similarity,0,0.0222222,0.240691,0,0.0222222,0.118506,0,0.0222222,0.271224,0,0.0222222,0.145343,0,0.0222222,0.1565,0,0.0222222,0.265081,0,0.0222222,0.144166,0,0.0222222,0.233515,0,0.0222222,0.187891,3.5,0.8,0
-0.75,4.25,2.41356,-2.99573,5.78866e-05,0.00104861,0.000354999,0.0391759,True,empty floor,sound_similarity,0,0.0222222,0.240691,0,0.0222222,0.118506,0,0.0222222,0.271224,0,0.0222222,0.145343,0,0.0222222,0.1565,0,0.0222222,0.265081,0,0.0222222,0.144166,0,0.0222222,0.233515,0,0.0222222,0.187891,3.5,0.8,0
-1.75,2.5,4.38834,-2.99573,5.73351e-05,0.00104861,0.000353304,0.0391759,True,empty floor,sound_similarity,0,0.0222222,0.240691,0,0.0222222,0.118506,0,0.0222222,0.271224,0,0.0222222,0.145343,0,0.0222222,0.1565,0,0.0222222,0.265081,0,0.0222222,0.144166,0,0.0222222,0.233515,0,0.0222222,0.187891,3.5,0.8,0
-2,2,4.94521,-2.99573,5.61677e-05,0.00104861,0.000349689,0.0391759,True,empty floor,sound_similarity,0,0.0222222,0.240691,0,0.0222222,0.118506,0,0.0222222,0.271224,0,0.0222222,0.145343,0,0.0222222,0.1565,0,0.0222222,0.265081,0,0.0222222,0.144166,0,0.0222222,0.233515,0,0.0222222,0.187891,3.5,0.8,0
-1,3.75,2.96189,-2.99573,5.57276e-05,0.00104861,0.000348316,0.0391759,True,empty floor,sound_similarity,0,0.0222222,0.240691,0,0.0222222,0.118506,0,0.0222222,0.271224,0,0.0222222,0.145343,0,0.0222222,0.1565,0,0.0222222,0.265081,0,0.0222222,0.144166,0,0.0222222,0.233515,0,0.0222222,0.187891,3.5,0.8,0
0,5.75,0.85599,-2.99573,5.54801e-05,0.00104861,0.000347542,0.0391759,True,empty floor,sound_similarity,0,0.0222222,0.240691,0,0.0222222,0.118506,0,0.0222222,0.271224,0,0.0222222,0.145343,0,0.0222222,0.1565,0,0.0222222,0.265081,0,0.0222222,0.144166,0,0.0222222,0.233515,0,0.0222222,0.187891,3.5,0.8,0
2,4.75,2.83886,-2.99573,6.09385e-06,0.00314582,0.000345546,0.117528,True,empty floor,sound_similarity,0,0.0666667,0.240691,0,0.0666667,0.118506,0,0.0666667,0.271224,0,0.0666667,0.145343,0,0.0666667,0.1565,0,0.0666667,0.265081,0,0.0666667,0.144166,0,0.0666667,0.233515,0,0.0666667,0.187891,0.5,0.4,0
-1.25,3.25,3.51359,-2.99573,5.42402e-05,0.00104861,0.000343636,0.0391759,True,empty floor,sound_similarity,0,0.0222222,0.240691,0,0.0222222,0.118506,0,0.0222222,0.271224,0,0.0222222,0.145343,0,0.0222222,0.1565,0,0.0222222,0.265081,0,0.0222222,0.144166,0,0.0222222,0.233515,0,0.0222222,0.187891,3.5,0.8,0
0.25,7.75,1.23013,-2.91551,5.98393e-06,0.00314582,0.000342415,0.117528,True,empty floor,sound_similarity,0,0.0666667,0.240691,0,0.0666667,0.118506,0,0.0666667,0.271224,0,0.0666667,0.145343,0,0.0666667,0.1565,0,0.0666667,0.265081,0,0.0666667,0.144166,0,0.0666667,0.233515,0,0.0666667,0.187891,0.5,0.4,0
-0.25,5.5,1.09426,-2.99573,5.33266e-05,0.00104861,0.00034073,0.0391759,True,empty floor,sound_similarity,0,0.0222222,0.240691,0,0.0222222,0.118506,0,0.0222222,0.271224,0,0.0222222,0.145343,0,0.0222222,0.1565,0,0.0222222,0.265081,0,0.0222222,0.144166,0,0.0222222,0.233515,0,0.0222222,0.187891,3.5,0.8,0
-1.5,2.75,4.06729,-2.99573,5.3161e-05,0.00104861,0.0003402,0.0391759,True,empty floor,sound_similarity,0,0.0222222,0.240691,0,0.0222222,0.118506,0,0.0222222,0.271224,0,0.0222222,0.145343,0,0.0222222,0.1565,0,0.0222222,0.265081,0,0.0222222,0.144166,0,0.0222222,0.233515,0,0.0222222,0.187891,3.5,0.8,0
0,5.5,1.10252,-2.99573,5.24802e-05,0.00104861,0.000338015,0.0391759,True,empty floor,sound_similarity,0,0.0222222,0.240691,0,0.0222222,0.118506,0,0.0222222,0.271224,0,0.0222222,0.145343,0,0.0222222,0.1565,0,0.0222222,0.265081,0,0.0222222,0.144166,0,0.0222222,0.233515,0,0.0222222,0.187891,3.5,0.8,0
-0.5,5.25,1.38279,-2.99573,5.24548e-05,0.00104861,0.000337933,0.0391759,True,empty floor,sound_similarity,0,0.0222222,0.240691,0,0.0222222,0.118506,0,0.0222222,0.271224,0,0.0222222,0.145343,0,0.0222222,0.1565,0,0.0222222,0.265081,0,0.0222222,0.144166,0,0.0222222,0.233515,0,0.0222222,0.187891,3.5,0.8,0
-1.75,2.25,4.62227,-2.99573,5.23448e-05,0.00104861,0.000337579,0.0391759,True,empty floor,sound_similarity,0,0.0222222,0.240691,0,0.0222222,0.118506,0,0.0222222,0.271224,0,0.0222222,0.145343,0,0.0222222,0.1565,0,0.0222222,0.265081,0,0.0222222,0.144166,0,0.0222222,0.233515,0,0.0222222,0.187891,3.5,0.8,0
-0.75,5,1.69611,-2.99573,5.19839e-05,0.00104861,0.000336413,0.0391759,True,empty floor,sound_similarity,0,0.0222222,0.240691,0,0.0222222,0.118506,0,0.0222222,0.271224,0,0.0222222,0.145343,0,0.0222222,0.1565,0,0.0222222,0.265081,0,0.0222222,0.144166,0,0.0222222,0.233515,0,0.0222222,0.187891,3.5,0.8,0
-2,1.75,5.17812,-2.99573,5.1707e-05,0.00104861,0.000335516,0.0391759,True,empty floor,sound_similarity,0,0.0222222,0.240691,0,0.0222222,0.118506,0,0.0222222,0.271224,0,0.0222222,0.145343,0,0.0222222,0.1565,0,0.0222222,0.265081,0,0.0222222,0.144166,0,0.0222222,0.233515,0,0.0222222,0.187891,3.5,0.8,0
-1,4.75,2.02275,-2.99573,5.16891e-05,0.00104861,0.000335458,0.0391759,True,empty floor,sound_similarity,0,0.0222222,0.240691,0,0.0222222,0.118506,0,0.0222222,0.271224,0,0.0222222,0.145343,0,0.0222222,0.1565,0,0.0222222,0.265081,0,0.0222222,0.144166,0,0.0222222,0.233515,0,0.0222222,0.187891,3.5,0.8,0
-1.25,4.5,2.35716,-2.99573,5.14874e-05,0.00104861,0.000334802,0.0391759,True,empty floor,sound_similarity,0,0.0222222,0.240691,0,0.0222222,0.118506,0,0.0222222,0.271224,0,0.0222222,0.145343,0,0.0222222,0.1565,0,0.0222222,0.265081,0,0.0222222,0.144166,0,0.0222222,0.233515,0,0.0222222,0.187891,3.5,0.8,0
-1.5,4.25,2.69646,-2.99573,5.13406e-05,0.00104861,0.000334325,0.0391759,True,empty floor,sound_similarity,0,0.0222222,0.240691,0,0.0222222,0.118506,0,0.0222222,0.271224,0,0.0222222,0.145343,0,0.0222222,0.1565,0,0.0222222,0.265081,0,0.0222222,0.144166,0,0.0222222,0.233515,0,0.0222222,0.187891,3.5,0.8,0
-1.75,4,3.03901,-2.99573,5.1229e-05,0.00104861,0.000333961,0.0391759,True,empty floor,sound_similarity,0,0.0222222,0.240691,0,0.0222222,0.118506,0,0.0222222,0.271224,0,0.0222222,0.145343,0,0.0222222,0.1565,0,0.0222222,0.265081,0,0.0222222,0.144166,0,0.0222222,0.233515,0,0.0222222,0.187891,3.5,0.8,0
0.75,6.25,0.972865,-2.99555,5.69204e-06,0.00314582,0.000333959,0.117528,True,empty floor,sound_similarity,0,0.0666667,0.240691,0,0.0666667,0.118506,0,0.0666667,0.271224,0,0.0666667,0.145343,0,0.0666667,0.1565,0,0.0666667,0.265081,0,0.0666667,0.144166,0,0.0666667,0.233515,0,0.0666667,0.187891,0.5,0.4,0
-2,3.75,3.38383,-2.99573,5.11413e-05,0.00104861,0.000333675,0.0391759,True,empty floor,sound_similarity,0,0.0222222,0.240691,0,0.0222222,0.118506,0,0.0222222,0.271224,0,0.0222222,0.145343,0,0.0222222,0.1565,0,0.0222222,0.265081,0,0.0222222,0.144166,0,0.0222222,0.233515,0,0.0222222,0.187891,3.5,0.8,0
-2.25,3.5,3.73028,-2.99573,5.10706e-05,0.00104861,0.000333445,0.0391759,True,empty floor,sound_similarity,0,0.0222222,0.240691,0,0.0222222,0.118506,0,0.0222222,0.271224,0,0.0222222,0.145343,0,0.0222222,0.1565,0,0.0222222,0.265081,0,0.0222222,0.144166,0,0.0222222,0.233515,0,0.0222222,0.187891,3.5,0.8,0
0,7.75,1.1705,-2.9938,5.62099e-06,0.00314582,0.000331868,0.117528,True,empty floor,sound_similarity,0,0.0666667,0.240691,0,0.0666667,0.118506,0,0.0666667,0.271224,0,0.0666667,0.145343,0,0.0666667,0.1565,0,0.0666667,0.265081,0,0.0666667,0.144166,0,0.0666667,0.233515,0,0.0666667,0.187891,0.5,0.4,0
1,5.5,1.59314,-2.99573,5.55364e-06,0.00314582,0.000329874,0.117528,True,empty floor,sound_similarity,0,0.0666667,0.240691,0,0.0666667,0.118506,0,0.0666667,0.271224,0,0.0666667,0.145343,0,0.0666667,0.1565,0,0.0666667,0.265081,0,0.0666667,0.144166,0,0.0666667,0.233515,0,0.0666667,0.187891,0.5,0.4,0
-0.25,5,1.59313,-2.99573,4.9824e-05,0.00104861,0.00032935,0.0391759,True,empty floor,sound_similarity,0,0.0222222,0.240691,0,0.0222222,0.118506,0,0.0222222,0.271224,0,0.0222222,0.145343,0,0.0222222,0.1565,0,0.0222222,0.265081,0,0.0222222,0.144166,0,0.0222222,0.233515,0,0.0222222,0.187891,3.5,0.8,0
1,6.5,1.16481,-2.94901,5.48253e-06,0.00314582,0.000327756,0.117528,True,empty floor,sound_similarity,0,0.0666667,0.240691,0,0.0666667,0.118506,0,0.0666667,0.271224,0,0.0666667,0.145343,0,0.0666667,0.1565,0,0.0666667,0.265081,0,0.0666667,0.144166,0,0.0666667,0.233515,0,0.0666667,0.187891,0.5,0.4,0
-0.5,4.5,2.11792,-2.99573,4.8815e-05,0.00104861,0.000325998,0.0391759,True,empty floor,sound_similarity,0,0.0222222,0.240691,0,0.0222222,0.118506,0,0.0222222,0.271224,0,0.0222222,0.145343,0,0.0222222,0.1565,0,0.0222222,0.265081,0,0.0222222,0.144166,0,0.0222222,0.233515,0,0.0222222,0.187891,3.5,0.8,0
2,4.5,3.00698,-2.99573,5.4062e-06,0.00314582,0.000325466,0.117528,True,empty floor,sound_similarity,0,0.0666667,0.240691,0,0.0666667,0.118506,0,0.0666667,0.271224,0,0.0666667,0.145343,0,0.0666667,0.1565,0,0.0666667,0.265081,0,0.0666667,0.144166,0,0.0666667,0.233515,0,0.0666667,0.187891,0.5,0.4,0
-0.75,4,2.65671,-2.99573,4.82848e-05,0.00104861,0.000324223,0.0391759,True,empty floor,sound_similarity,0,0.0222222,0.240691,0,0.0222222,0.118506,0,0.0222222,0.271224,0,0.0222222,0.145343,0,0.0222222,0.1565,0,0.0222222,0.265081,0,0.0222222,0.144166,0,0.0222222,0.233515,0,0.0222222,0.187891,3.5,0.8,0
1.75,4.75,2.65349,-2.99573,5.34071e-06,0.00314582,0.000323489,0.117528,True,empty floor,sound_similarity,0,0.0666667,0.240691,0,0.0666667,0.118506,0,0.0666667,0.271224,0,0.0666667,0.145343,0,0.0666667,0.1565,0,0.0666667,0.265081,0,0.0666667,0.144166,0,0.0666667,0.233515,0,0.0666667,0.187891,0.5,0.4,0
-1,3.5,3.20244,-2.99573,4.79581e-05,0.00104861,0.000323124,0.0391759,True,empty floor,sound_similarity,0,0.0222222,0.240691,0,0.0222222,0.118506,0,0.0222222,0.271224,0,0.0222222,0.145343,0,0.0222222,0.1565,0,0.0222222,0.265081,0,0.0222222,0.144166,0,0.0222222,0.233515,0,0.0222222,0.187891,3.5,0.8,0
-1.25,3,3.75209,-2.99573,4.77366e-05,0.00104861,0.000322377,0.0391759,True,empty floor,sound_similarity,0,0.0222222,0.240691,0,0.0222222,0.118506,0,0.0222222,0.271224,0,0.0222222,0.145343,0,0.0222222,0.1565,0,0.0222222,0.265081,0,0.0222222,0.144166,0,0.0222222,0.233515,0,0.0222222,0.187891,3.5,0.8,0
-1.5,2.5,4.30415,-2.99573,4.75766e-05,0.00104861,0.000321836,0.0391759,True,empty floor,sound_similarity,0,0.0222222,0.240691,0,0.0222222,0.118506,0,0.0222222,0.271224,0,0.0222222,0.145343,0,0.0222222,0.1565,0,0.0222222,0.265081,0,0.0222222,0.144166,0,0.0222222,0.233515,0,0.0222222,0.187891,3.5,0.8,0
1.5,5,2.30001,-2.99573,5.28609e-06,0.00314582,0.00032183,0.117528,True,empty floor,sound_similarity,0,0.0666667,0.240691,0,0.0666667,0.118506,0,0.0666667,0.271224,0,0.0666667,0.145343,0,0.0666667,0.1565,0,0.0666667,0.265081,0,0.0666667,0.144166,0,0.0666667,0.233515,0,0.0666667,0.187891,0.5,0.4,0
-1.75,2,4.8578,-2.99573,4.74556e-05,0.00104861,0.000321427,0.0391759,True,empty floor,sound_similarity,0,0.0222222,0.240691,0,0.0222222,0.118506,0,0.0222222,0.271224,0,0.0222222,0.145343,0,0.0222222,0.1565,0,0.0222222,0.265081,0,0.0222222,0.144166,0,0.0222222,0.233515,0,0.0222222,0.187891,3.5,0.8,0
1.25,6.5,1.41418,-2.93703,5.03827e-06,0.00314582,0.000314196,0.117528,True,empty floor,sound_similarity,0,0.0666667,0.240691,0,0.0666667,0.118506,0,0.0666667,0.271224,0,0.0666667,0.145343,0,0.0666667,0.1565,0,0.0666667,0.265081,0,0.0666667,0.144166,0,0.0666667,0.233515,0,0.0666667,0.187891,0.5,0.4,0
-2.25,5.25,2.48197,-2.99573,4.75077e-06,0.00318893,0.00030928,0.119138,True,empty floor,sound_similarity,1,0.314286,0.240691,0,0.0285714,0.118506,0,0.0285714,0.271224,0,0.0285714,0.145343,0,0.0285714,0.1565,0,0.0285714,0.265081,0,0.0285714,0.144166,0,0.0285714,0.233515,0,0.0285714,0.187891,1.5,0.457143,0
-1.75,1.75,5.09471,-2.99573,4.29089e-05,0.00104861,0.000305641,0.0391759,True,empty floor,sound_similarity,0,0.0222222,0.240691,0,0.0222222,0.118506,0,0.0222222,0.271224,0,0.0222222,0.145343,0,0.0222222,0.1565,0,0.0222222,0.265081,0,0.0222222,0.144166,0,0.0222222,0.233515,0,0.0222222,0.187891,3.5,0.8,0
-1.5,2.25,4.54241,-2.99573,4.24263e-05,0.00104861,0.000303918,0.0391759,True,empty floor,sound_similarity,0,0.0222222,0.240691,0,0.0222222,0.118506,0,0.0222222,0.271224,0,0.0222222,0.145343,0,0.0222222,0.1565,0,0.0222222,0.265081,0,0.0222222,0.144166,0,0.0222222,0.233515,0,0.0222222,0.187891,3.5,0.8,0
0.25,6.5,0.421146,-2.99215,4.69192e-06,0.00314582,0.000303204,0.117528,True,empty floor,sound_similarity,0,0.0666667,0.240691,0,0.0666667,0.118506,0,0.0666667,0.271224,0,0.0666667,0.145343,0,0.0666667,0.1565,0,0.0666667,0.265081,0,0.0666667,0.144166,0,0.0666667,0.233515,0,0.0666667,0.187891,0.5,0.4,0
-1.25,2.75,3.99199,-2.99573,4.17989e-05,0.00104861,0.000301662,0.0391759,True,empty floor,sound_similarity,0,0.0222222,0.240691,0,0.0222222,0.118506,0,0.0222222,0.271224,0,0.0222222,0.145343,0,0.0222222,0.1565,0,0.0222222,0.265081,0,0.0222222,0.144166,0,0.0222222,0.233515,0,0.0222222,0.187891,3.5,0.8,0
-1,3.25,3.44434,-2.99573,4.09505e-05,0.00104861,0.000298585,0.0391759,True,empty floor,sound_similarity,0,0.0222222,0.240691,0,0.0222222,0.118506,0,0.0222222,0.271224,0,0.0222222,0.145343,0,0.0222222,0.1565,0,0.0222222,0.265081,0,0.0222222,0.144166,0,0.0222222,0.233515,0,0.0222222,0.187891,3.5,0.8,0
-2.25,3.75,3.52592,-2.99573,4.09246e-05,0.00104861,0.00029849,0.0391759,True,empty floor,sound_similarity,0,0.0222222,0.240691,0,0.0222222,0.118506,0,0.0222222,0.271224,0,0.0222222,0.145343,0,0.0222222,0.1565,0,0.0222222,0.265081,0,0.0222222,0.144166,0,0.0222222,0.233515,0,0.0222222,0.187891,3.5,0.8,0
-2,4,3.17686,-2.99573,3.98357e-05,0.00104861,0.000294493,0.0391759,True,empty floor,sound_similarity,0,0.0222222,0.240691,0,0.0222222,0.118506,0,0.0222222,0.271224,0,0.0222222,0.145343,0,0.0222222,0.1565,0,0.0222222,0.265081,0,0.0222222,0.144166,0,0.0222222,0.233515,0,0.0222222,0.187891,3.5,0.8,0
-0.75,3.75,2.90103,-2.99573,3.97419e-05,0.00104861,0.000294146,0.0391759,True,empty floor,sound_similarity,0,0.0222222,0.240691,0,0.0222222,0.118506,0,0.0222222,0.271224,0,0.0222222,0.145343,0,0.0222222,0.1565,0,0.0222222,0.265081,0,0.0222222,0.144166,0,0.0222222,0.233515,0,0.0222222,0.187891,3.5,0.8,0
-1.75,4.25,2.82891,-2.99573,3.84739e-05,0.00104861,0.000289415,0.0391759,True,empty floor,sound_similarity,0,0.0222222,0.240691,0,0.0222222,0.118506,0,0.0222222,0.271224,0,0.0222222,0.145343,0,0.0222222,0.1565,0,0.0222222,0.265081,0,0.0222222,0.144166,0,0.0222222,0.233515,0,0.0222222,0.187891,3.5,0.8,0
-0.5,4.25,2.36504,-2.99573,3.78888e-05,0.00104861,0.000287206,0.0391759,True,empty floor,sound_similarity,0,0.0222222,0.240691,0,0.0222222,0.118506,0,0.0222222,0.271224,0,0.0222222,0.145343,0,0.0222222,0.1565,0,0.0222222,0.265081,0,0.0222222,0.144166,0,0.0222222,0.233515,0,0.0222222,0.187891,3.5,0.8,0
-1.5,2,4.78188,-2.99573,3.78725e-05,0.00104861,0.000287144,0.0391759,True,empty floor,sound_similarity,0,0.0222222,0.240691,0,0.0222222,0.118506,0,0.0222222,0.271224,0,0.0222222,0.145343,0,0.0222222,0.1565,0,0.0222222,0.265081,0,0.0222222,0.144166,0,0.0222222,0.233515,0,0.0222222,0.187891,3.5,0.8,0
-1.5,4.5,2.48255,-2.99573,3.67267e-05,0.00104861,0.000282767,0.0391759,True,empty floor,sound_similarity,0,0.0222222,0.240691,0,0.0222222,0.118506,0,0.0222222,0.271224,0,0.0222222,0.145343,0,0.0222222,0.1565,0,0.0222222,0.265081,0,0.0222222,0.144166,0,0.0222222,0.233515,0,0.0222222,0.187891,3.5,0.8,0
-1,3,3.68732,-2.99573,3.5106e-05,0.00104861,0.000276458,0.0391759,True,empty floor,sound_similarity,0,0.0222222,0.240691,0,0.0222222,0.118506,0,0.0222222,0.271224,0,0.0222222,0.145343,0,0.0222222,0.1565,0,0.0222222,0.265081,0,0.0222222,0.144166,0,0.0222222,0.233515,0,0.0222222,0.187891,3.5,0.8,0
-0.25,4.75,1.8428,-2.99573,3.47226e-05,0.00104861,0.000274944,0.0391759,True,empty floor,sound_similarity,0,0.0222222,0.240691,0,0.0222222,0.118506,0,0.0222222,0.271224,0,0.0222222,0.145343,0,0.0222222,0.1565,0,0.0222222,0.265081,0,0.0222222,0.144166,0,0.0222222,0.233515,0,0.0222222,0.187891,3.5,0.8,0
-1.25,4.75,2.13854,-2.99573,3.44149e-05,0.00104861,0.000273723,0.0391759,True,empty floor,sound_similarity,0,0.0222222,0.240691,0,0.0222222,0.118506,0,0.0222222,0.271224,0,0.0222222,0.145343,0,0.0222222,0.1565,0,0.0222222,0.265081,0,0.0222222,0.144166,0,0.0222222,0.233515,0,0.0222222,0.187891,3.5,0.8,0
-1.5,1.75,5.02237,-2.99573,3.39491e-05,0.00104861,0.000271864,0.0391759,True,empty floor,sound_similarity,0,0.0222222,0.240691,0,0.0222222,0.118506,0,0.0222222,0.271224,0,0.0222222,0.145343,0,0.0222222,0.1565,0,0.0222222,0.265081,0,0.0222222,0.144166,0,0.0222222,0.233515,0,0.0222222,0.187891,3.5,0.8,0
-0.75,3.5,3.14623,-2.99573,3.29846e-05,0.00104861,0.000267975,0.0391759,True,empty floor,sound_similarity,0,0.0222222,0.240691,0,0.0222222,0.118506,0,0.0222222,0.271224,0,0.0222222,0.145343,0,0.0222222,0.1565,0,0.0222222,0.265081,0,0.0222222,0.144166,0,0.0222222,0.233515,0,0.0222222,0.187891,3.5,0.8,0
-1.25,2.25,4.47512,-2.99573,3.23873e-05,0.00104861,0.000265537,0.0391759,True,empty floor,sound_similarity,0,0.0222222,0.240691,0,0.0222222,0.118506,0,0.0222222,0.271224,0,0.0222222,0.145343,0,0.0222222,0.1565,0,0.0222222,0.265081,0,0.0222222,0.144166,0,0.0222222,0.233515,0,0.0222222,0.187891,3.5,0.8,0
-1,5,1.79824,-2.99573,3.12398e-05,0.00104861,0.000260791,0.0391759,True,empty floor,sound_similarity,0,0.0222222,0.240691,0,0.0222222,0.118506,0,0.0222222,0.271224,0,0.0222222,0.145343,0,0.0222222,0.1565,0,0.0222222,0.265081,0,0.0222222,0.144166,0,0.0222222,0.233515,0,0.0222222,0.187891,3.5,0.8,0
-1,2.75,3.93118,-2.99573,3.04231e-05,0.00104861,0.000257359,0.0391759,True,empty floor,sound_similarity,0,0.0222222,0.240691,0,0.0222222,0.118506,0,0.0222222,0.271224,0,0.0222222,0.145343,0,0.0222222,0.1565,0,0.0222222,0.265081,0,0.0222222,0.144166,0,0.0222222,0.233515,0,0.0222222,0.187891,3.5,0.8,0
-2.25,4,3.32781,-2.99573,2.99915e-05,0.00104861,0.000255528,0.0391759,True,empty floor,sound_similarity,0,0.0222222,0.240691,0,0.0222222,0.118506,0,0.0222222,0.271224,0,0.0222222,0.145343,0,0.0222222,0.1565,0,0.0222222,0.265081,0,0.0222222,0.144166,0,0.0222222,0.233515,0,0.0222222,0.187891,3.5,0.8,0
-0.5,4,2.61271,-2.99573,2.99912e-05,0.00104861,0.000255526,0.0391759,True,empty floor,sound_similarity,0,0.0222222,0.240691,0,0.0222222,0.118506,0,0.0222222,0.271224,0,0.0222222,0.145343,0,0.0222222,0.1565,0,0.0222222,0.265081,0,0.0222222,0.144166,0,0.0222222,0.233515,0,0.0222222,0.187891,3.5,0.8,0
-1.25,2,4.718,-2.99573,2.88687e-05,0.00104861,0.000250699,0.0391759,True,empty floor,sound_similarity,0,0.0222222,0.240691,0,0.0222222,0.118506,0,0.0222222,0.271224,0,0.0222222,0.145343,0,0.0222222,0.1565,0,0.0222222,0.265081,0,0.0222222,0.144166,0,0.0222222,0.233515,0,0.0222222,0.187891,3.5,0.8,0
0,5.25,1.35033,-2.99573,2.83856e-05,0.00104861,0.000248592,0.0391759,True,empty floor,sound_similarity,0,0.0222222,0.240691,0,0.0222222,0.118506,0,0.0222222,0.271224,0,0.0222222,0.145343,0,0.0222222,0.1565,0,0.0222222,0.265081,0,0.0222222,0.144166,0,0.0222222,0.233515,0,0.0222222,0.187891,3.5,0.8,0
-0.75,3.25,3.39214,-2.99573,2.79079e-05,0.00104861,0.000246491,0.0391759,True,empty floor,sound_similarity,0,0.0222222,0.240691,0,0.0222222,0.118506,0,0.0222222,0.271224,0,0.0222222,0.145343,0,0.0222222,0.1565,0,0.0222222,0.265081,0,0.0222222,0.144166,0,0.0222222,0.233515,0,0.0222222,0.187891,3.5,0.8,0
-2,4.25,2.97651,-2.99573,2.77669e-05,0.00104861,0.000245868,0.0391759,True,empty floor,sound_similarity,0,0.0222222,0.240691,0,0.0222222,0.118506,0,0.0222222,0.271224,0,0.0222222,0.145343,0,0.0222222,0.1565,0,0.0222222,0.265081,0,0.0222222,0.144166,0,0.0222222,0.233515,0,0.0222222,0.187891,3.5,0.8,0
-1,2.5,4.17576,-2.99573,2.67469e-05,0.00104861,0.00024131,0.0391759,True,empty floor,sound_similarity,0,0.0222222,0.240691,0,0.0222222,0.118506,0,0.0222222,0.271224,0,0.0222222,0.145343,0,0.0222222,0.1565,0,0.0222222,0.265081,0,0.0222222,0.144166,0,0.0222222,0.233515,0,0.0222222,0.187891,3.5,0.8,0
-0.75,5.25,1.46423,-2.99573,2.66897e-05,0.00104861,0.000241052,0.0391759,True,empty floor,sound_similarity,0,0.0222222,0.240691,0,0.0222222,0.118506,0,0.0222222,0.271224,0,0.0222222,0.145343,0,0.0222222,0.1565,0,0.0222222,0.265081,0,0.0222222,0.144166,0,0.0222222,0.233515,0,0.0222222,0.187891,3.5,0.8,0
-1.25,1.75,4.96159,-2.99573,2.6009e-05,0.00104861,0.000237958,0.0391759,True,empty floor,sound_similarity,0,0.0222222,0.240691,0,0.0222222,0.118506,0,0.0222222,0.271224,0,0.0222222,0.145343,0,0.0222222,0.1565,0,0.0222222,0.265081,0,0.0222222,0.144166,0,0.0222222,0.233515,0,0.0222222,0.187891,3.5,0.8,0
-0.25,4.5,2.09254,-2.99573,2.56024e-05,0.00104861,0.00023609,0.0391759,True,empty floor,sound_similarity,0,0.0222222,0.240691,0,0.0222222,0.118506,0,0.0222222,0.271224,0,0.0222222,0.145343,0,0.0222222,0.1565,0,0.0222222,0.265081,0,0.0222222,0.144166,0,0.0222222,0.233515,0,0.0222222,0.187891,3.5,0.8,0
0,4.25,2.34621,-2.99573,1.52427e-05,0.00134821,0.000234214,0.0503691,True,empty floor,sound_similarity,0,0.0285714,0.240691,0,0.0285714,0.118506,0,0.0285714,0.271224,0,0.0285714,0.145343,0,0.0285714,0.1565,0,0.0285714,0.265081,0,0.0285714,0.144166,0,0.0285714,0.233515,0,0.0285714,0.187891,2.5,0.742857,0
-1.75,4.5,2.62582,-2.99573,2.50804e-05,0.00104861,0.000233671,0.0391759,True,empty floor,sound_similarity,0,0.0222222,0.240691,0,0.0222222,0.118506,0,0.0222222,0.271224,0,0.0222222,0.145343,0,0.0222222,0.1565,0,0.0222222,0.265081,0,0.0222222,0.144166,0,0.0222222,0.233515,0,0.0222222,0.187891,3.5,0.8,0
-0.5,3.75,2.86078,-2.99573,2.46535e-05,0.00104861,0.000231674,0.0391759,True,empty floor,sound_similarity,0,0.0222222,0.240691,0,0.0222222,0.118506,0,0.0222222,0.271224,0,0.0222222,0.145343,0,0.0222222,0.1565,0,0.0222222,0.265081,0,0.0222222,0.144166,0,0.0222222,0.233515,0,0.0222222,0.187891,3.5,0.8,0
-0.25,2.75,3.84169,-2.99573,1.48203e-05,0.00134821,0.000230947,0.0503691,True,empty floor,sound_similarity,0,0.0285714,0.240691,0,0.0285714,0.118506,0,0.0285714,0.271224,0,0.0285714,0.145343,0,0.0285714,0.1565,0,0.0285714,0.265081,0,0.0285714,0.144166,0,0.0285714,0.233515,0,0.0285714,0.187891,2.5,0.742857,0
-0.75,3,3.6386,-2.99573,2.41759e-05,0.00104861,0.000229419,0.0391759,True,empty floor,sound_similarity,0,0.0222222,0.240691,0,0.0222222,0.118506,0,0.0222222,0.271224,0,0.0222222,0.145343,0,0.0222222,0.1565,0,0.0222222,0.265081,0,0.0222222,0.144166,0,0.0222222,0.233515,0,0.0222222,0.187891,3.5,0.8,0
-1,2.25,4.42095,-2.99573,2.38885e-05,0.00104861,0.000228052,0.0391759,True,empty floor,sound_similarity,0,0.0222222,0.240691,0,0.0222222,0.118506,0,0.0222222,0.271224,0,0.0222222,0.145343,0,0.0222222,0.1565,0,0.0222222,0.265081,0,0.0222222,0.144166,0,0.0222222,0.233515,0,0.0222222,0.187891,3.5,0.8,0
-1.5,4.75,2.27601,-2.99573,2.18183e-05,0.00104861,0.000217946,0.0391759,True,empty floor,sound_similarity,0,0.0222222,0.240691,0,0.0222222,0.118506,0,0.0222222,0.271224,0,0.0222222,0.145343,0,0.0222222,0.1565,0,0.0222222,0.265081,0,0.0222222,0.144166,0,0.0222222,0.233515,0,0.0222222,0.187891,3.5,0.8,0
-1,2,4.66665,-2.99573,2.16741e-05,0.00104861,0.000217224,0.0391759,True,empty floor,sound_similarity,0,0.0222222,0.240691,0,0.0222222,0.118506,0,0.0222222,0.271224,0,0.0222222,0.145343,0,0.0222222,0.1565,0,0.0222222,0.265081,0,0.0222222,0.144166,0,0.0222222,0.233515,0,0.0222222,0.187891,3.5,0.8,0
-0.75,2.75,3.88552,-2.99573,2.14527e-05,0.00104861,0.000216112,0.0391759,True,empty floor,sound_similarity,0,0.0222222,0.240691,0,0.0222222,0.118506,0,0.0222222,0.271224,0,0.0222222,0.145343,0,0.0222222,0.1565,0,0.0222222,0.265081,0,0.0222222,0.144166,0,0.0222222,0.233515,0,0.0222222,0.187891,3.5,0.8,0
-0.5,3.5,3.10917,-2.99573,2.11161e-05,0.00104861,0.00021441,0.0391759,True,empty floor,sound_similarity,0,0.0222222,0.240691,0,0.0222222,0.118506,0,0.0222222,0.271224,0,0.0222222,0.145343,0,0.0222222,0.1565,0,0.0222222,0.265081,0,0.0222222,0.144166,0,0.0222222,0.233515,0,0.0222222,0.187891,3.5,0.8,0
-0.25,4.25,2.34234,-2.99573,2.05471e-05,0.00104861,0.000211501,0.0391759,True,empty floor,sound_similarity,0,0.0222222,0.240691,0,0.0222222,0.118506,0,0.0222222,0.271224,0,0.0222222,0.145343,0,0.0222222,0.1565,0,0.0222222,0.265081,0,0.0222222,0.144166,0,0.0222222,0.233515,0,0.0222222,0.187891,3.5,0.8,0
-1,1.75,4.91279,-2.99573,1.99592e-05,0.00104861,0.000208454,0.0391759,True,empty floor,sound_similarity,0,0.0222222,0.240691,0,0.0222222,0.118506,0,0.0222222,0.271224,0,0.0222222,0.145343,0,0.0222222,0.1565,0,0.0222222,0.265081,0,0.0222222,0.144166,0,0.0222222,0.233515,0,0.0222222,0.187891,3.5,0.8,0
-2.25,4.25,3.13711,-2.99573,1.99377e-05,0.00104861,0.000208342,0.0391759,True,empty floor,sound_similarity,0,0.0222222,0.240691,0,0.0222222,0.118506,0,0.0222222,0.271224,0,0.0222222,0.145343,0,0.0222222,0.1565,0,0.0222222,0.265081,0,0.0222222,0.144166,0,0.0222222,0.233515,0,0.0222222,0.187891,3.5,0.8,0
-0.5,5.5,1.14205,-2.99573,1.99333e-05,0.00104861,0.000208318,0.0391759,True,empty floor,sound_similarity,0,0.0222222,0.240691,0,0.0222222,0.118506,0,0.0222222,0.271224,0,0.0222222,0.145343,0,0.0222222,0.1565,0,0.0222222,0.265081,0,0.0222222,0.144166,0,0.0222222,0.233515,0,0.0222222,0.187891,3.5,0.8,0
0,4.5,2.09687,-2.99573,1.54045e-05,0.00117968,0.000206022,0.0440729,True,empty floor,sound_similarity,0,0.025,0.240691,0,0.025,0.118506,0,0.025,0.271224,0,0.025,0.145343,0,0.025,0.1565,0,0.025,0.265081,0,0.025,0.144166,0,0.025,0.233515,0,0.025,0.187891,3,0.775,0
-0.75,2.5,4.13281,-2.99573,1.94671e-05,0.00104861,0.000205868,0.0391759,True,empty floor,sound_similarity,0,0.0222222,0.240691,0,0.0222222,0.118506,0,0.0222222,0.271224,0,0.0222222,0.145343,0,0.0222222,0.1565,0,0.0222222,0.265081,0,0.0222222,0.144166,0,0.0222222,0.233515,0,0.0222222,0.187891,3.5,0.8,0
0,5,1.59882,-2.99573,1.94272e-05,0.00104861,0.000205657,0.0391759,True,empty floor,sound_similarity,0,0.0222222,0.240691,0,0.0222222,0.118506,0,0.0222222,0.271224,0,0.0222222,0.145343,0,0.0222222,0.1565,0,0.0222222,0.265081,0,0.0222222,0.144166,0,0.0222222,0.233515,0,0.0222222,0.187891,3.5,0.8,0
-0.25,3.25,3.34184,-2.99573,1.49888e-05,0.00117968,0.000203223,0.0440729,True,empty floor,sound_similarity,0,0.025,0.240691,0,0.025,0.118506,0,0.025,0.271224,0,0.025,0.145343,0,0.025,0.1565,0,0.025,0.265081,0,0.025,0.144166,0,0.025,0.233515,0,0.025,0.187891,3,0.775,0
-0.5,2,4.60314,-2.99573,1.4837e-05,0.00117968,0.000202192,0.0440729,True,empty floor,sound_similarity,0,0.025,0.240691,0,0.025,0.118506,0,0.025,0.271224,0,0.025,0.145343,0,0.025,0.1565,0,0.025,0.265081,0,0.025,0.144166,0,0.025,0.233515,0,0.025,0.187891,3,0.775,0
-0.5,3.25,3.35779,-2.99573,1.87762e-05,0.00104861,0.000202182,0.0391759,True,empty floor,sound_similarity,0,0.0222222,0.240691,0,0.0222222,0.118506,0,0.0222222,0.271224,0,0.0222222,0.145343,0,0.0222222,0.1565,0,0.0222222,0.265081,0,0.0222222,0.144166,0,0.0222222,0.233515,0,0.0222222,0.187891,3.5,0.8,0
-0.25,3,3.59176,-2.99573,1.4826e-05,0.00117968,0.000202117,0.0440729,True,empty floor,sound_similarity,0,0.025,0.240691,0,0.025,0.118506,0,0.025,0.271224,0,0.025,0.145343,0,0.025,0.1565,0,0.025,0.265081,0,0.025,0.144166,0,0.025,0.233515,0,0.025,0.187891,3,0.775,0
-0.5,1.75,4.8525,-2.99573,1.47001e-05,0.00117968,0.000201257,0.0440729,True,empty floor,sound_similarity,0,0.025,0.240691,0,0.025,0.118506,0,0.025,0.271224,0,0.025,0.145343,0,0.025,0.1565,0,0.025,0.265081,0,0.025,0.144166,0,0.025,0.233515,0,0.025,0.187891,3,0.775,0
-0.75,2.25,4.3804,-2.99573,1.80174e-05,0.00104861,0.000198054,0.0391759,True,empty floor,sound_similarity,0,0.0222222,0.240691,0,0.0222222,0.118506,0,0.0222222,0.271224,0,0.0222222,0.145343,0,0.0222222,0.1565,0,0.0222222,0.265081,0,0.0222222,0.144166,0,0.0222222,0.233515,0,0.0222222,0.187891,3.5,0.8,0
-1.25,5,1.92757,-2.99573,1.78754e-05,0.00104861,0.000197272,0.0391759,True,empty floor,sound_similarity,0,0.0222222,0.240691,0,0.0222222,0.118506,0,0.0222222,0.271224,0,0.0222222,0.145343,0,0.0222222,0.1565,0,0.0222222,0.265081,0,0.0222222,0.144166,0,0.0222222,0.233515,0,0.0222222,0.187891,3.5,0.8,0
-0.25,4,2.59218,-2.99573,1.77653e-05,0.00104861,0.000196664,0.0391759,True,empty floor,sound_similarity,0,0.0222222,0.240691,0,0.0222222,0.118506,0,0.0222222,0.271224,0,0.0222222,0.145343,0,0.0222222,0.1565,0,0.0222222,0.265081,0,0.0222222,0.144166,0,0.0222222,0.233515,0,0.0222222,0.187891,3.5,0.8,0
-0.5,3,3.6066,-2.99573,1.7225e-05,0.00104861,0.00019365,0.0391759,True,empty floor,sound_similarity,0,0.0222222,0.240691,0,0.0222222,0.118506,0,0.0222222,0.271224,0,0.0222222,0.145343,0,0.0222222,0.1565,0,0.0222222,0.265081,0,0.0222222,0.144166,0,0.0222222,0.233515,0,0.0222222,0.187891,3.5,0.8,0
-2,4.5,2.7842,-2.99573,1.71862e-05,0.00104861,0.000193432,0.0391759,True,empty floor,sound_similarity,0,0.0222222,0.240691,0,0.0222222,0.118506,0,0.0222222,0.271224,0,0.0222222,0.145343,0,0.0222222,0.1565,0,0.0222222,0.265081,0,0.0222222,0.144166,0,0.0222222,0.233515,0,0.0222222,0.187891,3.5,0.8,0
-0.75,2,4.62826,-2.99573,1.6958e-05,0.00104861,0.000192143,0.0391759,True,empty floor,sound_similarity,0,0.0222222,0.240691,0,0.0222222,0.118506,0,0.0222222,0.271224,0,0.0222222,0.145343,0,0.0222222,0.1565,0,0.0222222,0.265081,0,0.0222222,0.144166,0,0.0222222,0.233515,0,0.0222222,0.187891,3.5,0.8,0
0,4.75,1.84771,-2.99573,1.63804e-05,0.00104861,0.000188843,0.0391759,True,empty floor,sound_similarity,0,0.0222222,0.240691,0,0.0222222,0.118506,0,0.0222222,0.271224,0,0.0222222,0.145343,0,0.0222222,0.1565,0,0.0222222,0.265081,0,0.0222222,0.144166,0,0.0222222,0.233515,0,0.0222222,0.187891,3.5,0.8,0
-0.25,3.75,2.84205,-2.99573,1.62317e-05,0.00104861,0.000187983,0.0391759,True,empty floor,sound_similarity,0,0.0222222,0.240691,0,0.0222222,0.118506,0,0.0222222,0.271224,0,0.0222222,0.145343,0,0.0222222,0.1565,0,0.0222222,0.265081,0,0.0222222,0.144166,0,0.0222222,0.233515,0,0.0222222,0.187891,3.5,0.8,0
-0.5,2.75,3.85557,-2.99573,1.61977e-05,0.00104861,0.000187787,0.0391759,True,empty floor,sound_similarity,0,0.0222222,0.240691,0,0.0222222,0.118506,0,0.0222222,0.271224,0,0.0222222,0.145343,0,0.0222222,0.1565,0,0.0222222,0.265081,0,0.0222222,0.144166,0,0.0222222,0.233515,0,0.0222222,0.187891,3.5,0.8,0
-0.75,1.75,4.87633,-2.99573,1.61852e-05,0.00104861,0.000187715,0.0391759,True,empty floor,sound_similarity,0,0.0222222,0.240691,0,0.0222222,0.118506,0,0.0222222,0.271224,0,0.0222222,0.145343,0,0.0222222,0.1565,0,0.0222222,0.265081,0,0.0222222,0.144166,0,0.0222222,0.233515,0,0.0222222,0.187891,3.5,0.8,0
-0.5,2.5,4.10466,-2.99573,1.55246e-05,0.00104861,0.000183844,0.0391759,True,empty floor,sound_similarity,0,0.0222222,0.240691,0,0.0222222,0.118506,0,0.0222222,0.271224,0,0.0222222,0.145343,0,0.0222222,0.1565,0,0.0222222,0.265081,0,0.0222222,0.144166,0,0.0222222,0.233515,0,0.0222222,0.187891,3.5,0.8,0
-0.25,3.5,3.09193,-2.99573,1.54032e-05,0.00104861,0.000183123,0.0391759,True,empty floor,sound_similarity,0,0.0222222,0.240691,0,0.0222222,0.118506,0,0.0222222,0.271224,0,0.0222222,0.145343,0,0.0222222,0.1565,0,0.0222222,0.265081,0,0.0222222,0.144166,0,0.0222222,0.233515,0,0.0222222,0.187891,3.5,0.8,0
-0.5,2.25,4.35386,-2.99573,1.50954e-05,0.00104861,0.000181284,0.0391759,True,empty floor,sound_similarity,0,0.0222222,0.240691,0,0.0222222,0.118506,0,0.0222222,0.271224,0,0.0222222,0.145343,0,0.0222222,0.1565,0,0.0222222,0.265081,0,0.0222222,0.144166,0,0.0222222,0.233515,0,0.0222222,0.187891,3.5,0.8,0
-1.75,4.75,2.43148,-2.99573,1.41438e-05,0.00104861,0.000175478,0.0391759,True,empty floor,sound_similarity,0,0.0222222,0.240691,0,0.0222222,0.118506,0,0.0222222,0.271224,0,0.0222222,0.145343,0,0.0222222,0.1565,0,0.0222222,0.265081,0,0.0222222,0.144166,0,0.0222222,0.233515,0,0.0222222,0.187891,3.5,0.8,0
-1,5.25,1.5814,-2.99573,1.3255e-05,0.00104861,0.000169874,0.0391759,True,empty floor,sound_similarity,0,0.0222222,0.240691,0,0.0222222,0.118506,0,0.0222222,0.271224,0,0.0222222,0.145343,0,0.0222222,0.1565,0,0.0222222,0.265081,0,0.0222222,0.144166,0,0.0222222,0.233515,0,0.0222222,0.187891,3.5,0.8,0
-2.25,4.5,2.95527,-2.99573,1.2189e-05,0.00104861,0.0001629,0.0391759,True,empty floor,sound_similarity,0,0.0222222,0.240691,0,0.0222222,0.118506,0,0.0222222,0.271224,0,0.0222222,0.145343,0,0.0222222,0.1565,0,0.0222222,0.265081,0,0.0222222,0.144166,0,0.0222222,0.233515,0,0.0222222,0.187891,3.5,0.8,0
-1.5,5,2.07904,-2.99573,1.09155e-05,0.00104861,0.000154156,0.0391759,True,empty floor,sound_similarity,0,0.0222222,0.240691,0,0.0222222,0.118506,0,0.0222222,0.271224,0,0.0222222,0.145343,0,0.0222222,0.1565,0,0.0222222,0.265081,0,0.0222222,0.144166,0,0.0222222,0.233515,0,0.0222222,0.187891,3.5,0.8,0
-1.5,5.75,1.58079,-2.99573,8.41847e-06,0.00117968,0.000152303,0.0440729,True,empty floor,sound_similarity,0,0.025,0.240691,0,0.025,0.118506,0,0.025,0.271224,0,0.025,0.145343,0,0.025,0.1565,0,0.025,0.265081,0,0.025,0.144166,0,0.025,0.233515,0,0.025,0.187891,3,0.775,0
-0.25,5.75,0.84533,-2.99573,1.03994e-05,0.00104861,0.000150467,0.0391759,True,empty floor,sound_similarity,0,0.0222222,0.240691,0,0.0222222,0.118506,0,0.0222222,0.271224,0,0.0222222,0.145343,0,0.0222222,0.1565,0,0.0222222,0.265081,0,0.0222222,0.144166,0,0.0222222,0.233515,0,0.0222222,0.187891,3.5,0.8,0
-2,4.75,2.60172,-2.99573,9.7748e-06,0.00104861,0.000145879,0.0391759,True,empty floor,sound_similarity,0,0.0222222,0.240691,0,0.0222222,0.118506,0,0.0222222,0.271224,0,0.0222222,0.145343,0,0.0222222,0.1565,0,0.0222222,0.265081,0,0.0222222,0.144166,0,0.0222222,0.233515,0,0.0222222,0.187891,3.5,0.8,0
-1.25,5.75,1.37551,-2.99573,6.94188e-06,0.00117968,0.000138302,0.0440729,True,empty floor,sound_similarity,0,0.025,0.240691,0,0.025,0.118506,0,0.025,0.271224,0,0.025,0.145343,0,0.025,0.1565,0,0.025,0.265081,0,0.025,0.144166,0,0.025,0.233515,0,0.025,0.187891,3,0.775,0
-0.25,6,0.597288,-2.99573,8.76612e-06,0.00104861,0.000138147,0.0391759,True,empty floor,sound_similarity,0,0.0222222,0.240691,0,0.0222222,0.118506,0,0.0222222,0.271224,0,0.0222222,0.145343,0,0.0222222,0.1565,0,0.0222222,0.265081,0,0.0222222,0.144166,0,0.0222222,0.233515,0,0.0222222,0.187891,3.5,0.8,0
-2.25,5.5,2.35634,-2.99573,6.64609e-06,0.00117968,0.000135324,0.0440729,True,empty floor,sound_similarity,0,0.025,0.240691,0,0.025,0.118506,0,0.025,0.271224,0,0.025,0.145343,0,0.025,0.1565,0,0.025,0.265081,0,0.025,0.144166,0,0.025,0.233515,0,0.025,0.187891,3,0.775,0
-0.75,5.5,1.23941,-2.99573,8.38038e-06,0.00104861,0.000135073,0.0391759,True,empty floor,sound_similarity,0,0.0222222,0.240691,0,0.0222222,0.118506,0,0.0222222,0.271224,0,0.0222222,0.145343,0,0.0222222,0.1565,0,0.0222222,0.265081,0,0.0222222,0.144166,0,0.0222222,0.233515,0,0.0222222,0.187891,3.5,0.8,0
-1.25,5.25,1.72705,-2.99573,7.7816e-06,0.00104861,0.000130159,0.0391759,True,empty floor,sound_similarity,0,0.0222222,0.240691,0,0.0222222,0.118506,0,0.0222222,0.271224,0,0.0222222,0.145343,0,0.0222222,0.1565,0,0.0222222,0.265081,0,0.0222222,0.144166,0,0.0222222,0.233515,0,0.0222222,0.187891,3.5,0.8,0
-1.75,5,2.24817,-2.99573,7.49917e-06,0.00104861,0.000127775,0.0391759,True,empty floor,sound_similarity,0,0.0222222,0.240691,0,0.0222222,0.118506,0,0.0222222,0.271224,0,0.0222222,0.145343,0,0.0222222,0.1565,0,0.0222222,0.265081,0,0.0222222,0.144166,0,0.0222222,0.233515,0,0.0222222,0.187891,3.5,0.8,0
-2.25,4.75,2.78403,-2.99573,7.33559e-06,0.00104861,0.000126373,0.0391759,True,empty floor,sound_similarity,0,0.0222222,0.240691,0,0.0222222,0.118506,0,0.0222222,0.271224,0,0.0222222,0.145343,0,0.0222222,0.1565,0,0.0222222,0.265081,0,0.0222222,0.144166,0,0.0222222,0.233515,0,0.0222222,0.187891,3.5,0.8,0
-1.5,5.25,1.89461,-2.99573,5.63602e-06,0.00117968,0.000124617,0.0440729,True,empty floor,sound_similarity,0,0.025,0.240691,0,0.025,0.118506,0,0.025,0.271224,0,0.025,0.145343,0,0.025,0.1565,0,0.025,0.265081,0,0.025,0.144166,0,0.025,0.233515,0,0.025,0.187891,3,0.775,0
-1,5.75,1.18751,-2.99573,5.59319e-06,0.00117968,0.000124143,0.0440729,True,empty floor,sound_similarity,0,0.025,0.240691,0,0.025,0.118506,0,0.025,0.271224,0,0.025,0.145343,0,0.025,0.1565,0,0.025,0.265081,0,0.025,0.144166,0,0.025,0.233515,0,0.025,0.187891,3,0.775,0
-1,5.5,1.37587,-2.99573,5.31842e-06,0.00117968,0.000121055,0.0440729,True,empty floor,sound_similarity,0,0.025,0.240691,0,0.025,0.118506,0,0.025,0.271224,0,0.025,0.145343,0,0.025,0.1565,0,0.025,0.265081,0,0.025,0.144166,0,0.025,0.233515,0,0.025,0.187891,3,0.775,0
-1.75,5.5,1.92707,-2.99573,5.18703e-06,0.00117968,0.00011955,0.0440729,True,empty floor,sound_similarity,0,0.025,0.240691,0,0.025,0.118506,0,0.025,0.271224,0,0.025,0.145343,0,0.025,0.1565,0,0.025,0.265081,0,0.025,0.144166,0,0.025,0.233515,0,0.025,0.187891,3,0.775,0
-2.25,5,2.62545,-2.99573,5.05296e-06,0.00117968,0.000117995,0.0440729,True,empty floor,sound_similarity,0,0.025,0.240691,0,0.025,0.118506,0,0.025,0.271224,0,0.025,0.145343,0,0.025,0.1565,0,0.025,0.265081,0,0.025,0.144166,0,0.025,0.233515,0,0.025,0.187891,3,0.775,0
-1.75,5.25,2.0788,-2.99573,4.83566e-06,0.00117968,0.00011543,0.0440729,True,empty floor,sound_similarity,0,0.025,0.240691,0,0.025,0.118506,0,0.025,0.271224,0,0.025,0.145343,0,0.025,0.1565,0,0.025,0.265081,0,0.025,0.144166,0,0.025,0.233515,0,0.025,0.187891,3,0.775,0
-0.5,5.75,0.906337,-2.99573,4.77832e-06,0.00117968,0.000114744,0.0440729,True,empty floor,sound_similarity,0,0.025,0.240691,0,0.025,0.118506,0,0.025,0.271224,0,0.025,0.145343,0,0.025,0.1565,0,0.025,0.265081,0,0.025,0.144166,0,0.025,0.233515,0,0.025,0.187891,3,0.775,0
-1.5,5.5,1.72677,-2.99573,4.71714e-06,0.00117968,0.000114007,0.0440729,True,empty floor,sound_similarity,0,0.025,0.240691,0,0.025,0.118506,0,0.025,0.271224,0,0.025,0.145343,0,0.025,0.1565,0,0.025,0.265081,0,0.025,0.144166,0,0.025,0.233515,0,0.025,0.187891,3,0.775,0
-0.75,5.75,1.02631,-2.99573,4.64141e-06,0.00117968,0.000113088,0.0440729,True,empty floor,sound_similarity,0,0.025,0.240691,0,0.025,0.118506,0,0.025,0.271224,0,0.025,0.145343,0,0.025,0.1565,0,0.025,0.265081,0,0.025,0.144166,0,0.025,0.233515,0,0.025,0.187891,3,0.775,0
-1.25,5.5,1.54106,-2.99573,4.61585e-06,0.00117968,0.000112776,0.0440729,True,empty floor,sound_similarity,0,0.025,0.240691,0,0.025,0.118506,0,0.025,0.271224,0,0.025,0.145343,0,0.025,0.1565,0,0.025,0.265081,0,0.025,0.144166,0,0.025,0.233515,0,0.025,0.187891,3,0.775,0
0,6,0.612281,-2.99573,4.32037e-06,0.00117968,0.000109107,0.0440729,True,empty floor,sound_similarity,0,0.025,0.240691,0,0.025,0.118506,0,0.025,0.271224,0,0.025,0.145343,0,0.025,0.1565,0,0.025,0.265081,0,0.025,0.144166,0,0.025,0.233515,0,0.025,0.187891,3,0.775,0
