x,y,dist_robot,snd_loglik,snd_post,vis_post,fused,vis_like,observed,mle_class,vis_phrase_source,ev_tv,post_tv,sim_tv,ev_chair,post_chair,sim_chair,ev_couch,post_couch,sim_couch,ev_toilet,post_toilet,sim_toilet,ev_microwave,post_microwave,sim_microwave,ev_oven,post_oven,sim_oven,ev_sink,post_sink,sim_sink,ev_refrigerator,post_refrigerator,sim_refrigerator,ev_clock,post_clock,sim_clock,ev_empty_floor,post_empty_floor,sim_empty_floor
-2.25,1.75,5.03259,-0.132918,0.00236407,0.00236407,0.00236407,0.117528,True,empty floor,sound_similarity,0,0.0666667,0.240691,0,0.0666667,0.118506,0,0.0666667,0.271224,0,0.0666667,0.145343,0,0.0666667,0.1565,0,0.0666667,0.265081,0,0.0666667,0.144166,0,0.0666667,0.233515,0,0.0666667,0.187891,0.5,0.4,0
1.5,5.5,1.32131,-2.99573,0.00236407,0.00236407,0.00236407,0.117528,True,empty floor,sound_similarity,0,0.0666667,0.240691,0,0.0666667,0.118506,0,0.0666667,0.271224,0,0.0666667,0.145343,0,0.0666667,0.1565,0,0.0666667,0.265081,0,0.0666667,0.144166,0,0.0666667,0.233515,0,0.0666667,0.187891,0.5,0.4,0
-1.5,6,1.81504,-2.99503,0.00236407,0.00236407,0.00236407,0.176292,False,tv,sound_similarity,0,0.1,0.240691,0,0.1,0.118506,0,0.1,0.271224,0,0.1,0.145343,0,0.1,0.1565,0,0.1,0.265081,0,0.1,0.144166,0,0.1,0.233515,0,0.1,0.187891,0,0.1,0
-1.75,6,2.06482,-2.99511,0.00236407,0.00236407,0.00236407,0.176292,False,tv,sound_similarity,0,0.1,0.240691,0,0.1,0.118506,0,0.1,0.271224,0,0.1,0.145343,0,0.1,0.1565,0,0.1,0.265081,0,0.1,0.144166,0,0.1,0.233515,0,0.1,0.187891,0,0.1,0
-2,6,2.31465,-2.99516,0.00236407,0.00236407,0.00236407,0.176292,False,tv,sound_similarity,0,0.1,0.240691,0,0.1,0.118506,0,0.1,0.271224,0,0.1,0.145343,0,0.1,0.1565,0,0.1,0.265081,0,0.1,0.144166,0,0.1,0.233515,0,0.1,0.187891,0,0.1,0
-2.25,6,2.56451,-2.9952,0.00236407,0.00236407,0.00236407,0.176292,False,tv,sound_similarity,0,0.1,0.240691,0,0.1,0.118506,0,0.1,0.271224,0,0.1,0.145343,0,0.1,0.1565,0,0.1,0.265081,0,0.1,0.144166,0,0.1,0.233515,0,0.1,0.187891,0,0.1,0
2,5.75,1.71892,-2.99573,0.00236407,0.00236407,0.00236407,0.176292,False,tv,sound_similarity,0,0.1,0.240691,0,0.1,0.118506,0,0.1,0.271224,0,0.1,0.145343,0,0.1,0.1565,0,0.1,0.265081,0,0.1,0.144166,0,0.1,0.233515,0,0.1,0.187891,0,0.1,0
1.75,5.75,1.47438,-2.99573,0.00236407,0.00236407,0.00236407,0.176292,False,tv,sound_similarity,0,0.1,0.240691,0,0.1,0.118506,0,0.1,0.271224,0,0.1,0.145343,0,0.1,0.1565,0,0.1,0.265081,0,0.1,0.144166,0,0.1,0.233515,0,0.1,0.187891,0,0.1,0
1.5,5.75,1.23203,-2.99573,0.00236407,0.00236407,0.00236407,0.176292,False,tv,sound_similarity,0,0.1,0.240691,0,0.1,0.118506,0,0.1,0.271224,0,0.1,0.145343,0,0.1,0.1565,0,0.1,0.265081,0,0.1,0.144166,0,0.1,0.233515,0,0.1,0.187891,0,0.1,0
1.25,5.75,0.993492,-2.99573,0.00236407,0.00236407,0.00236407,0.117528,True,empty floor,sound_similarity,0,0.0666667,0.240691,0,0.0666667,0.118506,0,0.0666667,0.271224,0,0.0666667,0.145343,0,0.0666667,0.1565,0,0.0666667,0.265081,0,0.0666667,0.144166,0,0.0666667,0.233515,0,0.0666667,0.187891,0.5,0.4,0
1,5.75,0.762329,-2.99573,0.00236407,0.00236407,0.00236407,0.117528,True,empty floor,sound_similarity,0,0.0666667,0.240691,0,0.0666667,0.118506,0,0.0666667,0.271224,0,0.0666667,0.145343,0,0.0666667,0.1565,0,0.0666667,0.265081,0,0.0666667,0.144166,0,0.0666667,0.233515,0,0.0666667,0.187891,0.5,0.4,0
0.75,5.75,0.547963,-2.99573,0.00236407,0.00236407,0.00236407,0.117528,True,empty floor,sound_similarity,0,0.0666667,0.240691,0,0.0666667,0.118506,0,0.0666667,0.271224,0,0.0666667,0.145343,0,0.0666667,0.1565,0,0.0666667,0.265081,0,0.0666667,0.144166,0,0.0666667,0.233515,0,0.0666667,0.187891,0.5,0.4,0
0.5,5.75,0.379977,-2.99573,0.00236407,0.00236407,0.00236407,0.117528,True,empty floor,sound_similarity,0,0.0666667,0.240691,0,0.0666667,0.118506,0,0.0666667,0.271224,0,0.0666667,0.145343,0,0.0666667,0.1565,0,0.0666667,0.265081,0,0.0666667,0.144166,0,0.0666667,0.233515,0,0.0666667,0.187891,0.5,0.4,0
0.25,5.75,0.336899,-2.17167,0.00236407,0.00236407,0.00236407,0.117528,True,empty floor,sound_similarity,0,0.0666667,0.240691,0,0.0666667,0.118506,0,0.0666667,0.271224,0,0.0666667,0.145343,0,0.0666667,0.1565,0,0.0666667,0.265081,0,0.0666667,0.144166,0,0.0666667,0.233515,0,0.0666667,0.187891,0.5,0.4,0
0,5.75,0.455653,-0.194517,0.00236407,0.00236407,0.00236407,0.117528,True,empty floor,sound_similarity,0,0.0666667,0.240691,0,0.0666667,0.118506,0,0.0666667,0.271224,0,0.0666667,0.145343,0,0.0666667,0.1565,0,0.0666667,0.265081,0,0.0666667,0.144166,0,0.0666667,0.233515,0,0.0666667,0.187891,0.5,0.4,0
-0.25,5.75,0.653252,-1.87241,0.00236407,0.00236407,0.00236407,0.117528,True,empty floor,sound_similarity,0,0.0666667,0.240691,0,0.0666667,0.118506,0,0.0666667,0.271224,0,0.0666667,0.145343,0,0.0666667,0.1565,0,0.0666667,0.265081,0,0.0666667,0.144166,0,0.0666667,0.233515,0,0.0666667,0.187891,0.5,0.4,0
-0.5,5.75,0.877984,-2.70682,0.00236407,0.00236407,0.00236407,0.176292,False,tv,sound_similarity,0,0.1,0.240691,0,0.1,0.118506,0,0.1,0.271224,0,0.1,0.145343,0,0.1,0.1565,0,0.1,0.265081,0,0.1,0.144166,0,0.1,0.233515,0,0.1,0.187891,0,0.1,0
-0.75,5.75,1.11354,-2.90819,0.00236407,0.00236407,0.00236407,0.176292,False,tv,sound_similarity,0,0.1,0.240691,0,0.1,0.118506,0,0.1,0.271224,0,0.1,0.145343,0,0.1,0.1565,0,0.1,0.265081,0,0.1,0.144166,0,0.1,0.233515,0,0.1,0.187891,0,0.1,0
-1,5.75,1.35429,-2.96014,0.00236407,0.00236407,0.00236407,0.176292,False,tv,sound_similarity,0,0.1,0.240691,0,0.1,0.118506,0,0.1,0.271224,0,0.1,0.145343,0,0.1,0.1565,0,0.1,0.265081,0,0.1,0.144166,0,0.1,0.233515,0,0.1,0.187891,0,0.1,0
-1.25,5.75,1.59788,-2.9776,0.00236407,0.00236407,0.00236407,0.176292,False,tv,sound_similarity,0,0.1,0.240691,0,0.1,0.118506,0,0.1,0.271224,0,0.1,0.145343,0,0.1,0.1565,0,0.1,0.265081,0,0.1,0.144166,0,0.1,0.233515,0,0.1,0.187891,0,0.1,0
-1.5,5.75,1.84318,-2.98493,0.00236407,0.00236407,0.00236407,0.176292,False,tv,sound_similarity,0,0.1,0.240691,0,0.1,0.118506,0,0.1,0.271224,0,0.1,0.145343,0,0.1,0.1565,0,0.1,0.265081,0,0.1,0.144166,0,0.1,0.233515,0,0.1,0.187891,0,0.1,0
-1.75,5.75,2.0896,-2.98854,0.00236407,0.00236407,0.00236407,0.176292,False,tv,sound_similarity,0,0.1,0.240691,0,0.1,0.118506,0,0.1,0.271224,0,0.1,0.145343,0,0.1,0.1565,0,0.1,0.265081,0,0.1,0.144166,0,0.1,0.233515,0,0.1,0.187891,0,0.1,0
-2,5.75,2.33679,-2.99055,0.00236407,0.00236407,0.00236407,0.176292,False,tv,sound_similarity,0,0.1,0.240691,0,0.1,0.118506,0,0.1,0.271224,0,0.1,0.145343,0,0.1,0.1565,0,0.1,0.265081,0,0.1,0.144166,0,0.1,0.233515,0,0.1,0.187891,0,0.1,0
-2.25,5.75,2.58451,-2.99178,0.00236407,0.00236407,0.00236407,0.176292,False,tv,sound_similarity,0,0.1,0.240691,0,0.1,0.118506,0,0.1,0.271224,0,0.1,0.145343,0,0.1,0.1565,0,0.1,0.265081,0,0.1,0.144166,0,0.1,0.233515,0,0.1,0.187891,0,0.1,0
2,5.5,1.78399,-2.99573,0.00236407,0.00236407,0.00236407,0.117528,True,empty floor,sound_similarity,0,0.0666667,0.240691,0,0.0666667,0.118506,0,0.0666667,0.271224,0,0.0666667,0.145343,0,0.0666667,0.1565,0,0.0666667,0.265081,0,0.0666667,0.144166,0,0.0666667,0.233515,0,0.0666667,0.187891,0.5,0.4,0
-1.25,6,1.56533,-2.99491,0.00236407,0.00236407,0.00236407,0.176292,False,tv,sound_similarity,0,0.1,0.240691,0,0.1,0.118506,0,0.1,0.271224,0,0.1,0.145343,0,0.1,0.1565,0,0.1,0.265081,0,0.1,0.144166,0,0.1,0.233515,0,0.1,0.187891,0,0.1,0
-1,6,1.31573,-2.99472,0.00236407,0.00236407,0.00236407,0.176292,False,tv,sound_similarity,0,0.1,0.240691,0,0.1,0.118506,0,0.1,0.271224,0,0.1,0.145343,0,0.1,0.1565,0,0.1,0.265081,0,0.1,0.144166,0,0.1,0.233515,0,0.1,0.187891,0,0.1,0
-0.75,6,1.06631,-2.99437,0.00236407,0.00236407,0.00236407,0.176292,False,tv,sound_similarity,0,0.1,0.240691,0,0.1,0.118506,0,0.1,0.271224,0,0.1,0.145343,0,0.1,0.1565,0,0.1,0.265081,0,0.1,0.144166,0,0.1,0.233515,0,0.1,0.187891,0,0.1,0
-2,6.25,2.31941,-2.99568,0.00236407,0.00236407,0.00236407,0.176292,False,tv,sound_similarity,0,0.1,0.240691,0,0.1,0.118506,0,0.1,0.271224,0,0.1,0.145343,0,0.1,0.1565,0,0.1,0.265081,0,0.1,0.144166,0,0.1,0.233515,0,0.1,0.187891,0,0.1,0
0.5,6.25,0.251936,-2.99573,0.00236407,0.00236407,0.00236407,0.176292,False,tv,sound_similarity,0,0.1,0.240691,0,0.1,0.118506,0,0.1,0.271224,0,0.1,0.145343,0,0.1,0.1565,0,0.1,0.265081,0,0.1,0.144166,0,0.1,0.233515,0,0.1,0.187891,0,0.1,0
0.25,6.25,0.180527,-2.99573,0.00236407,0.00236407,0.00236407,0.176292,False,tv,sound_similarity,0,0.1,0.240691,0,0.1,0.118506,0,0.1,0.271224,0,0.1,0.145343,0,0.1,0.1565,0,0.1,0.265081,0,0.1,0.144166,0,0.1,0.233515,0,0.1,0.187891,0,0.1,0
0,6.25,0.355962,-2.99573,0.00236407,0.00236407,0.00236407,0.176292,False,tv,sound_similarity,0,0.1,0.240691,0,0.1,0.118506,0,0.1,0.271224,0,0.1,0.145343,0,0.1,0.1565,0,0.1,0.265081,0,0.1,0.144166,0,0.1,0.233515,0,0.1,0.187891,0,0.1,0
-0.25,6.25,0.588071,-2.99573,0.00236407,0.00236407,0.00236407,0.176292,False,tv,sound_similarity,0,0.1,0.240691,0,0.1,0.118506,0,0.1,0.271224,0,0.1,0.145343,0,0.1,0.1565,0,0.1,0.265081,0,0.1,0.144166,0,0.1,0.233515,0,0.1,0.187891,0,0.1,0
-0.5,6.25,0.83063,-2.99573,0.00236407,0.00236407,0.00236407,0.176292,False,tv,sound_similarity,0,0.1,0.240691,0,0.1,0.118506,0,0.1,0.271224,0,0.1,0.145343,0,0.1,0.1565,0,0.1,0.265081,0,0.1,0.144166,0,0.1,0.233515,0,0.1,0.187891,0,0.1,0
-0.75,6.25,1.0766,-2.99573,0.00236407,0.00236407,0.00236407,0.176292,False,tv,sound_similarity,0,0.1,0.240691,0,0.1,0.118506,0,0.1,0.271224,0,0.1,0.145343,0,0.1,0.1565,0,0.1,0.265081,0,0.1,0.144166,0,0.1,0.233515,0,0.1,0.187891,0,0.1,0
-1,6.25,1.32408,-2.99572,0.00236407,0.00236407,0.00236407,0.176292,False,tv,sound_similarity,0,0.1,0.240691,0,0.1,0.118506,0,0.1,0.271224,0,0.1,0.145343,0,0.1,0.1565,0,0.1,0.265081,0,0.1,0.144166,0,0.1,0.233515,0,0.1,0.187891,0,0.1,0
-1.25,6.25,1.57236,-2.99571,0.00236407,0.00236407,0.00236407,0.176292,False,tv,sound_similarity,0,0.1,0.240691,0,0.1,0.118506,0,0.1,0.271224,0,0.1,0.145343,0,0.1,0.1565,0,0.1,0.265081,0,0.1,0.144166,0,0.1,0.233515,0,0.1,0.187891,0,0.1,0
-1.5,6.25,1.8211,-2.9957,0.00236407,0.00236407,0.00236407,0.176292,False,tv,sound_similarity,0,0.1,0.240691,0,0.1,0.118506,0,0.1,0.271224,0,0.1,0.145343,0,0.1,0.1565,0,0.1,0.265081,0,0.1,0.144166,0,0.1,0.233515,0,0.1,0.187891,0,0.1,0
-1.75,6.25,2.07015,-2.99569,0.00236407,0.00236407,0.00236407,0.176292,False,tv,sound_similarity,0,0.1,0.240691,0,0.1,0.118506,0,0.1,0.271224,0,0.1,0.145343,0,0.1,0.1565,0,0.1,0.265081,0,0.1,0.144166,0,0.1,0.233515,0,0.1,0.187891,0,0.1,0
-2.25,6.25,2.56881,-2.99567,0.00236407,0.00236407,0.00236407,0.176292,False,tv,sound_similarity,0,0.1,0.240691,0,0.1,0.118506,0,0.1,0.271224,0,0.1,0.145343,0,0.1,0.1565,0,0.1,0.265081,0,0.1,0.144166,0,0.1,0.233515,0,0.1,0.187891,0,0.1,0
-0.5,6,0.817252,-2.99353,0.00236407,0.00236407,0.00236407,0.176292,False,tv,sound_similarity,0,0.1,0.240691,0,0.1,0.118506,0,0.1,0.271224,0,0.1,0.145343,0,0.1,0.1565,0,0.1,0.265081,0,0.1,0.144166,0,0.1,0.233515,0,0.1,0.187891,0,0.1,0
2,6,1.6887,-2.99573,0.00236407,0.00236407,0.00236407,0.176292,False,tv,sound_similarity,0,0.1,0.240691,0,0.1,0.118506,0,0.1,0.271224,0,0.1,0.145343,0,0.1,0.1565,0,0.1,0.265081,0,0.1,0.144166,0,0.1,0.233515,0,0.1,0.187891,0,0.1,0
1.75,6,1.43904,-2.99573,0.00236407,0.00236407,0.00236407,0.176292,False,tv,sound_similarity,0,0.1,0.240691,0,0.1,0.118506,0,0.1,0.271224,0,0.1,0.145343,0,0.1,0.1565,0,0.1,0.265081,0,0.1,0.144166,0,0.1,0.233515,0,0.1,0.187891,0,0.1,0
1.5,6,1.18952,-2.99573,0.00236407,0.00236407,0.00236407,0.176292,False,tv,sound_similarity,0,0.1,0.240691,0,0.1,0.118506,0,0.1,0.271224,0,0.1,0.145343,0,0.1,0.1565,0,0.1,0.265081,0,0.1,0.144166,0,0.1,0.233515,0,0.1,0.187891,0,0.1,0
1.25,6,0.940251,-2.99573,0.00236407,0.00236407,0.00236407,0.176292,False,tv,sound_similarity,0,0.1,0.240691,0,0.1,0.118506,0,0.1,0.271224,0,0.1,0.145343,0,0.1,0.1565,0,0.1,0.265081,0,0.1,0.144166,0,0.1,0.233515,0,0.1,0.187891,0,0.1,0
1,6,0.691513,-2.99573,0.00236407,0.00236407,0.00236407,0.176292,False,tv,sound_similarity,0,0.1,0.240691,0,0.1,0.118506,0,0.1,0.271224,0,0.1,0.145343,0,0.1,0.1565,0,0.1,0.265081,0,0.1,0.144166,0,0.1,0.233515,0,0.1,0.187891,0,0.1,0
0.75,6,0.444194,-2.99573,0.00236407,0.00236407,0.00236407,0.176292,False,tv,sound_similarity,0,0.1,0.240691,0,0.1,0.118506,0,0.1,0.271224,0,0.1,0.145343,0,0.1,0.1565,0,0.1,0.265081,0,0.1,0.144166,0,0.1,0.233515,0,0.1,0.187891,0,0.1,0
0.5,6,0.203536,-2.99573,0.00236407,0.00236407,0.00236407,0.176292,False,tv,sound_similarity,0,0.1,0.240691,0,0.1,0.118506,0,0.1,0.271224,0,0.1,0.145343,0,0.1,0.1565,0,0.1,0.265081,0,0.1,0.144166,0,0.1,0.233515,0,0.1,0.187891,0,0.1,0
0.25,6,0.102691,-0.0101511,0.00236407,0.00236407,0.00236407,0.176292,False,tv,sound_similarity,0,0.1,0.240691,0,0.1,0.118506,0,0.1,0.271224,0,0.1,0.145343,0,0.1,0.1565,0,0.1,0.265081,0,0.1,0.144166,0,0.1,0.233515,0,0.1,0.187891,0,0.1,0
0,6,0.323518,-2.95634,0.00236407,0.00236407,0.00236407,0.176292,False,tv,sound_similarity,0,0.1,0.240691,0,0.1,0.118506,0,0.1,0.271224,0,0.1,0.145343,0,0.1,0.1565,0,0.1,0.265081,0,0.1,0.144166,0,0.1,0.233515,0,0.1,0.187891,0,0.1,0
-0.25,6,0.569019,-2.99049,0.00236407,0.00236407,0.00236407,0.176292,False,tv,sound_similarity,0,0.1,0.240691,0,0.1,0.118506,0,0.1,0.271224,0,0.1,0.145343,0,0.1,0.1565,0,0.1,0.265081,0,0.1,0.144166,0,0.1,0.233515,0,0.1,0.187891,0,0.1,0
1.75,5.5,1.54976,-2.99573,0.00236407,0.00236407,0.00236407,0.117528,True,empty floor,sound_similarity,0,0.0666667,0.240691,0,0.0666667,0.118506,0,0.0666667,0.271224,0,0.0666667,0.145343,0,0.0666667,0.1565,0,0.0666667,0.265081,0,0.0666667,0.144166,0,0.0666667,0.233515,0,0.0666667,0.187891,0.5,0.4,0
1.25,5.5,1.10226,-2.99573,0.00236407,0.00236407,0.00236407,0.117528,True,empty floor,sound_similarity,0,0.0666667,0.240691,0,0.0666667,0.118506,0,0.0666667,0.271224,0,0.0666667,0.145343,0,0.0666667,0.1565,0,0.0666667,0.265081,0,0.0666667,0.144166,0,0.0666667,0.233515,0,0.0666667,0.187891,0.5,0.4,0
1,6.25,0.707273,-2.99573,0.00236407,0.00236407,0.00236407,0.176292,False,tv,sound_similarity,0,0.1,0.240691,0,0.1,0.118506,0,0.1,0.271224,0,0.1,0.145343,0,0.1,0.1565,0,0.1,0.265081,0,0.1,0.144166,0,0.1,0.233515,0,0.1,0.187891,0,0.1,0
1,5.5,0.8995,-2.99573,0.00236407,0.00236407,0.00236407,0.117528,True,empty floor,sound_similarity,0,0.0666667,0.240691,0,0.0666667,0.118506,0,0.0666667,0.271224,0,0.0666667,0.145343,0,0.0666667,0.1565,0,0.0666667,0.265081,0,0.0666667,0.144166,0,0.0666667,0.233515,0,0.0666667,0.187891,0.5,0.4,0
-1.5,5.25,1.99455,-2.51995,0.00236407,0.00236407,0.00236407,0.176292,False,tv,sound_similarity,0,0.1,0.240691,0,0.1,0.118506,0,0.1,0.271224,0,0.1,0.145343,0,0.1,0.1565,0,0.1,0.265081,0,0.1,0.144166,0,0.1,0.233515,0,0.1,0.187891,0,0.1,0
-1.75,5.25,2.22427,-2.71954,0.00236407,0.00236407,0.00236407,0.176292,False,tv,sound_similarity,0,0.1,0.240691,0,0.1,0.118506,0,0.1,0.271224,0,0.1,0.145343,0,0.1,0.1565,0,0.1,0.265081,0,0.1,0.144166,0,0.1,0.233515,0,0.1,0.187891,0,0.1,0
-2.25,5.25,2.69455,-2.89083,0.00236407,0.00236407,0.00236407,0.176292,False,tv,sound_similarity,0,0.1,0.240691,0,0.1,0.118506,0,0.1,0.271224,0,0.1,0.145343,0,0.1,0.1565,0,0.1,0.265081,0,0.1,0.144166,0,0.1,0.233515,0,0.1,0.187891,0,0.1,0
2,5,2.00338,-2.99573,0.00236407,0.00236407,0.00236407,0.117528,True,empty floor,sound_similarity,0,0.0666667,0.240691,0,0.0666667,0.118506,0,0.0666667,0.271224,0,0.0666667,0.145343,0,0.0666667,0.1565,0,0.0666667,0.265081,0,0.0666667,0.144166,0,0.0666667,0.233515,0,0.0666667,0.187891,0.5,0.4,0
1.75,5,1.79796,-2.99573,0.00236407,0.00236407,0.00236407,0.117528,True,empty floor,sound_similarity,0,0.0666667,0.240691,0,0.0666667,0.118506,0,0.0666667,0.271224,0,0.0666667,0.145343,0,0.0666667,0.1565,0,0.0666667,0.265081,0,0.0666667,0.144166,0,0.0666667,0.233515,0,0.0666667,0.187891,0.5,0.4,0
1.5,5,1.60523,-2.99573,0.00236407,0.00236407,0.00236407,0.117528,True,empty floor,sound_similarity,0,0.0666667,0.240691,0,0.0666667,0.118506,0,0.0666667,0.271224,0,0.0666667,0.145343,0,0.0666667,0.1565,0,0.0666667,0.265081,0,0.0666667,0.144166,0,0.0666667,0.233515,0,0.0666667,0.187891,0.5,0.4,0
1,5,1.28063,-2.99573,0.00236407,0.00236407,0.00236407,0.117528,True,empty floor,sound_similarity,0,0.0666667,0.240691,0,0.0666667,0.118506,0,0.0666667,0.271224,0,0.0666667,0.145343,0,0.0666667,0.1565,0,0.0666667,0.265081,0,0.0666667,0.144166,0,0.0666667,0.233515,0,0.0666667,0.187891,0.5,0.4,0
0.75,5,1.16582,-2.99569,0.00236407,0.00236407,0.00236407,0.117528,True,empty floor,sound_similarity,0,0.0666667,0.240691,0,0.0666667,0.118506,0,0.0666667,0.271224,0,0.0666667,0.145343,0,0.0666667,0.1565,0,0.0666667,0.265081,0,0.0666667,0.144166,0,0.0666667,0.233515,0,0.0666667,0.187891,0.5,0.4,0
0.5,5,1.09693,-2.99176,0.00236407,0.00236407,0.00236407,0.117528,True,empty floor,sound_similarity,0,0.0666667,0.240691,0,0.0666667,0.118506,0,0.0666667,0.271224,0,0.0666667,0.145343,0,0.0666667,0.1565,0,0.0666667,0.265081,0,0.0666667,0.144166,0,0.0666667,0.233515,0,0.0666667,0.187891,0.5,0.4,0
0.25,5,1.08276,-2.79579,0.00236407,0.00236407,0.00236407,0.117528,True,empty floor,sound_similarity,0,0.0666667,0.240691,0,0.0666667,0.118506,0,0.0666667,0.271224,0,0.0666667,0.145343,0,0.0666667,0.1565,0,0.0666667,0.265081,0,0.0666667,0.144166,0,0.0666667,0.233515,0,0.0666667,0.187891,0.5,0.4,0
0,5,1.12538,-1.49784,0.00236407,0.00236407,0.00236407,0.117528,True,empty floor,sound_similarity,0,0.0666667,0.240691,0,0.0666667,0.118506,0,0.0666667,0.271224,0,0.0666667,0.145343,0,0.0666667,0.1565,0,0.0666667,0.265081,0,0.0666667,0.144166,0,0.0666667,0.233515,0,0.0666667,0.187891,0.5,0.4,0
-0.25,5,1.21885,-0.310877,0.00236407,0.00236407,0.00236407,0.117528,True,empty floor,sound_similarity,0,0.0666667,0.240691,0,0.0666667,0.118506,0,0.0666667,0.271224,0,0.0666667,0.145343,0,0.0666667,0.1565,0,0.0666667,0.265081,0,0.0666667,0.144166,0,0.0666667,0.233515,0,0.0666667,0.187891,0.5,0.4,0
-0.5,5,1.35267,-0.00117784,0.00236407,0.00236407,0.00236407,0.117528,True,empty floor,sound_similarity,0,0.0666667,0.240691,0,0.0666667,0.118506,0,0.0666667,0.271224,0,0.0666667,0.145343,0,0.0666667,0.1565,0,0.0666667,0.265081,0,0.0666667,0.144166,0,0.0666667,0.233515,0,0.0666667,0.187891,0.5,0.4,0
-0.75,5,1.51619,-0.259618,0.00236407,0.00236407,0.00236407,0.117528,True,empty floor,sound_similarity,0,0.0666667,0.240691,0,0.0666667,0.118506,0,0.0666667,0.271224,0,0.0666667,0.145343,0,0.0666667,0.1565,0,0.0666667,0.265081,0,0.0666667,0.144166,0,0.0666667,0.233515,0,0.0666667,0.187891,0.5,0.4,0
-1,5,1.70087,-0.769044,0.00236407,0.00236407,0.00236407,0.117528,True,empty floor,sound_similarity,0,0.0666667,0.240691,0,0.0666667,0.118506,0,0.0666667,0.271224,0,0.0666667,0.145343,0,0.0666667,0.1565,0,0.0666667,0.265081,0,0.0666667,0.144166,0,0.0666667,0.233515,0,0.0666667,0.187891,0.5,0.4,0
-1.25,5,1.90055,-1.32845,0.00236407,0.00236407,0.00236407,0.117528,True,empty floor,sound_similarity,0,0.0666667,0.240691,0,0.0666667,0.118506,0,0.0666667,0.271224,0,0.0666667,0.145343,0,0.0666667,0.1565,0,0.0666667,0.265081,0,0.0666667,0.144166,0,0.0666667,0.233515,0,0.0666667,0.187891,0.5,0.4,0
-1.5,5,2.11097,-1.82575,0.00236407,0.00236407,0.00236407,0.117528,True,empty floor,sound_similarity,0,0.0666667,0.240691,0,0.0666667,0.118506,0,0.0666667,0.271224,0,0.0666667,0.145343,0,0.0666667,0.1565,0,0.0666667,0.265081,0,0.0666667,0.144166,0,0.0666667,0.233515,0,0.0666667,0.187891,0.5,0.4,0
-1.75,5,2.32923,-2.21137,0.00236407,0.00236407,0.00236407,0.117528,True,empty floor,sound_similarity,0,0.0666667,0.240691,0,0.0666667,0.118506,0,0.0666667,0.271224,0,0.0666667,0.145343,0,0.0666667,0.1565,0,0.0666667,0.265081,0,0.0666667,0.144166,0,0.0666667,0.233515,0,0.0666667,0.187891,0.5,0.4,0
-2.25,5,2.78183,-2.65874,0.00236407,0.00236407,0.00236407,0.176292,False,tv,sound_similarity,0,0.1,0.240691,0,0.1,0.118506,0,0.1,0.271224,0,0.1,0.145343,0,0.1,0.1565,0,0.1,0.265081,0,0.1,0.144166,0,0.1,0.233515,0,0.1,0.187891,0,0.1,0
2,4.75,2.1486,-2.99573,0.00236407,0.00236407,0.00236407,0.117528,True,empty floor,sound_similarity,0,0.0666667,0.240691,0,0.0666667,0.118506,0,0.0666667,0.271224,0,0.0666667,0.145343,0,0.0666667,0.1565,0,0.0666667,0.265081,0,0.0666667,0.144166,0,0.0666667,0.233515,0,0.0666667,0.187891,0.5,0.4,0
1.75,4.75,1.95847,-2.99573,0.00236407,0.00236407,0.00236407,0.117528,True,empty floor,sound_similarity,0,0.0666667,0.240691,0,0.0666667,0.118506,0,0.0666667,0.271224,0,0.0666667,0.145343,0,0.0666667,0.1565,0,0.0666667,0.265081,0,0.0666667,0.144166,0,0.0666667,0.233515,0,0.0666667,0.187891,0.5,0.4,0
1.25,4.75,1.62753,-2.99573,0.00236407,0.00236407,0.00236407,0.117528,True,empty floor,sound_similarity,0,0.0666667,0.240691,0,0.0666667,0.118506,0,0.0666667,0.271224,0,0.0666667,0.145343,0,0.0666667,0.1565,0,0.0666667,0.265081,0,0.0666667,0.144166,0,0.0666667,0.233515,0,0.0666667,0.187891,0.5,0.4,0
1,4.75,1.49765,-2.99573,0.00236407,0.00236407,0.00236407,0.117528,True,empty floor,sound_similarity,0,0.0666667,0.240691,0,0.0666667,0.118506,0,0.0666667,0.271224,0,0.0666667,0.145343,0,0.0666667,0.1565,0,0.0666667,0.265081,0,0.0666667,0.144166,0,0.0666667,0.233515,0,0.0666667,0.187891,0.5,0.4,0
-1.25,5.25,1.77035,-2.17191,0.00236407,0.00236407,0.00236407,0.117528,True,empty floor,sound_similarity,0,0.0666667,0.240691,0,0.0666667,0.118506,0,0.0666667,0.271224,0,0.0666667,0.145343,0,0.0666667,0.1565,0,0.0666667,0.265081,0,0.0666667,0.144166,0,0.0666667,0.233515,0,0.0666667,0.187891,0.5,0.4,0
-1,5.25,1.55403,-1.62909,0.00236407,0.00236407,0.00236407,0.117528,True,empty floor,sound_similarity,0,0.0666667,0.240691,0,0.0666667,0.118506,0,0.0666667,0.271224,0,0.0666667,0.145343,0,0.0666667,0.1565,0,0.0666667,0.265081,0,0.0666667,0.144166,0,0.0666667,0.233515,0,0.0666667,0.187891,0.5,0.4,0
-0.75,5.25,1.3494,-0.926593,0.00236407,0.00236407,0.00236407,0.117528,True,empty floor,sound_similarity,0,0.0666667,0.240691,0,0.0666667,0.118506,0,0.0666667,0.271224,0,0.0666667,0.145343,0,0.0666667,0.1565,0,0.0666667,0.265081,0,0.0666667,0.144166,0,0.0666667,0.233515,0,0.0666667,0.187891,0.5,0.4,0
-1.75,5.5,2.14346,-2.93916,0.00236407,0.00236407,0.00236407,0.176292,False,tv,sound_similarity,0,0.1,0.240691,0,0.1,0.118506,0,0.1,0.271224,0,0.1,0.145343,0,0.1,0.1565,0,0.1,0.265081,0,0.1,0.144166,0,0.1,0.233515,0,0.1,0.187891,0,0.1,0
0.75,5.5,0.726787,-2.99573,0.00236407,0.00236407,0.00236407,0.117528,True,empty floor,sound_similarity,0,0.0666667,0.240691,0,0.0666667,0.118506,0,0.0666667,0.271224,0,0.0666667,0.145343,0,0.0666667,0.1565,0,0.0666667,0.265081,0,0.0666667,0.144166,0,0.0666667,0.233515,0,0.0666667,0.187891,0.5,0.4,0
0.5,5.5,0.610195,-2.99552,0.00236407,0.00236407,0.00236407,0.117528,True,empty floor,sound_similarity,0,0.0666667,0.240691,0,0.0666667,0.118506,0,0.0666667,0.271224,0,0.0666667,0.145343,0,0.0666667,0.1565,0,0.0666667,0.265081,0,0.0666667,0.144166,0,0.0666667,0.233515,0,0.0666667,0.187891,0.5,0.4,0
0.25,5.5,0.584342,-2.62066,0.00236407,0.00236407,0.00236407,0.117528,True,empty floor,sound_similarity,0,0.0666667,0.240691,0,0.0666667,0.118506,0,0.0666667,0.271224,0,0.0666667,0.145343,0,0.0666667,0.1565,0,0.0666667,0.265081,0,0.0666667,0.144166,0,0.0666667,0.233515,0,0.0666667,0.187891,0.5,0.4,0
0,5.5,0.659981,-0.257253,0.00236407,0.00236407,0.00236407,0.117528,True,empty floor,sound_similarity,0,0.0666667,0.240691,0,0.0666667,0.118506,0,0.0666667,0.271224,0,0.0666667,0.145343,0,0.0666667,0.1565,0,0.0666667,0.265081,0,0.0666667,0.144166,0,0.0666667,0.233515,0,0.0666667,0.187891,0.5,0.4,0
-0.25,5.5,0.809131,-0.23411,0.00236407,0.00236407,0.00236407,0.117528,True,empty floor,sound_similarity,0,0.0666667,0.240691,0,0.0666667,0.118506,0,0.0666667,0.271224,0,0.0666667,0.145343,0,0.0666667,0.1565,0,0.0666667,0.265081,0,0.0666667,0.144166,0,0.0666667,0.233515,0,0.0666667,0.187891,0.5,0.4,0
-0.5,5.5,0.999406,-1.2189,0.00236407,0.00236407,0.00236407,0.117528,True,empty floor,sound_similarity,0,0.0666667,0.240691,0,0.0666667,0.118506,0,0.0666667,0.271224,0,0.0666667,0.145343,0,0.0666667,0.1565,0,0.0666667,0.265081,0,0.0666667,0.144166,0,0.0666667,0.233515,0,0.0666667,0.187891,0.5,0.4,0
-0.75,5.5,1.21158,-2.094,0.00236407,0.00236407,0.00236407,0.117528,True,empty floor,sound_similarity,0,0.0666667,0.240691,0,0.0666667,0.118506,0,0.0666667,0.271224,0,0.0666667,0.145343,0,0.0666667,0.1565,0,0.0666667,0.265081,0,0.0666667,0.144166,0,0.0666667,0.233515,0,0.0666667,0.187891,0.5,0.4,0
-1,5.5,1.43598,-2.58371,0.00236407,0.00236407,0.00236407,0.176292,False,tv,sound_similarity,0,0.1,0.240691,0,0.1,0.118506,0,0.1,0.271224,0,0.1,0.145343,0,0.1,0.1565,0,0.1,0.265081,0,0.1,0.144166,0,0.1,0.233515,0,0.1,0.187891,0,0.1,0
-1.25,5.5,1.66768,-2.80226,0.00236407,0.00236407,0.00236407,0.176292,False,tv,sound_similarity,0,0.1,0.240691,0,0.1,0.118506,0,0.1,0.271224,0,0.1,0.145343,0,0.1,0.1565,0,0.1,0.265081,0,0.1,0.144166,0,0.1,0.233515,0,0.1,0.187891,0,0.1,0
-1.5,5.5,1.90402,-2.89619,0.00236407,0.00236407,0.00236407,0.176292,False,tv,sound_similarity,0,0.1,0.240691,0,0.1,0.118506,0,0.1,0.271224,0,0.1,0.145343,0,0.1,0.1565,0,0.1,0.265081,0,0.1,0.144166,0,0.1,0.233515,0,0.1,0.187891,0,0.1,0
-2.25,5.5,2.62824,-2.97232,0.00236407,0.00236407,0.00236407,0.176292,False,tv,sound_similarity,0,0.1,0.240691,0,0.1,0.118506,0,0.1,0.271224,0,0.1,0.145343,0,0.1,0.1565,0,0.1,0.265081,0,0.1,0.144166,0,0.1,0.233515,0,0.1,0.187891,0,0.1,0
-0.5,5.25,1.16266,-0.250597,0.00236407,0.00236407,0.00236407,0.117528,True,empty floor,sound_similarity,0,0.0666667,0.240691,0,0.0666667,0.118506,0,0.0666667,0.271224,0,0.0666667,0.145343,0,0.0666667,0.1565,0,0.0666667,0.265081,0,0.0666667,0.144166,0,0.0666667,0.233515,0,0.0666667,0.187891,0.5,0.4,0
2,5.25,1.88031,-2.99573,0.00236407,0.00236407,0.00236407,0.117528,True,empty floor,sound_similarity,0,0.0666667,0.240691,0,0.0666667,0.118506,0,0.0666667,0.271224,0,0.0666667,0.145343,0,0.0666667,0.1565,0,0.0666667,0.265081,0,0.0666667,0.144166,0,0.0666667,0.233515,0,0.0666667,0.187891,0.5,0.4,0
1.75,5.25,1.65973,-2.99573,0.00236407,0.00236407,0.00236407,0.117528,True,empty floor,sound_similarity,0,0.0666667,0.240691,0,0.0666667,0.118506,0,0.0666667,0.271224,0,0.0666667,0.145343,0,0.0666667,0.1565,0,0.0666667,0.265081,0,0.0666667,0.144166,0,0.0666667,0.233515,0,0.0666667,0.187891,0.5,0.4,0
1.5,5.25,1.44873,-2.99573,0.00236407,0.00236407,0.00236407,0.117528,True,empty floor,sound_similarity,0,0.0666667,0.240691,0,0.0666667,0.118506,0,0.0666667,0.271224,0,0.0666667,0.145343,0,0.0666667,0.1565,0,0.0666667,0.265081,0,0.0666667,0.144166,0,0.0666667,0.233515,0,0.0666667,0.187891,0.5,0.4,0
1.25,5.25,1.25217,-2.99573,0.00236407,0.00236407,0.00236407,0.223758,True,couch,sound_similarity,0,0.05,0.240691,0,0.05,0.118506,1,0.55,0.271224,0,0.05,0.145343,0,0.05,0.1565,0,0.05,0.265081,0,0.05,0.144166,0,0.05,0.233515,0,0.05,0.187891,0,0.05,0
1,5.25,1.07799,-2.99573,0.00236407,0.00236407,0.00236407,0.117528,True,empty floor,sound_similarity,0,0.0666667,0.240691,0,0.0666667,0.118506,0,0.0666667,0.271224,0,0.0666667,0.145343,0,0.0666667,0.1565,0,0.0666667,0.265081,0,0.0666667,0.144166,0,0.0666667,0.233515,0,0.0666667,0.187891,0.5,0.4,0
0.75,5.25,0.938709,-2.99573,0.00236407,0.00236407,0.00236407,0.117528,True,empty floor,sound_similarity,0,0.0666667,0.240691,0,0.0666667,0.118506,0,0.0666667,0.271224,0,0.0666667,0.145343,0,0.0666667,0.1565,0,0.0666667,0.265081,0,0.0666667,0.144166,0,0.0666667,0.233515,0,0.0666667,0.187891,0.5,0.4,0
0.5,5.25,0.851641,-2.99429,0.00236407,0.00236407,0.00236407,0.117528,True,empty floor,sound_similarity,0,0.0666667,0.240691,0,0.0666667,0.118506,0,0.0666667,0.271224,0,0.0666667,0.145343,0,0.0666667,0.1565,0,0.0666667,0.265081,0,0.0666667,0.144166,0,0.0666667,0.233515,0,0.0666667,0.187891,0.5,0.4,0
0.25,5.25,0.833314,-2.74353,0.00236407,0.00236407,0.00236407,0.117528,True,empty floor,sound_similarity,0,0.0666667,0.240691,0,0.0666667,0.118506,0,0.0666667,0.271224,0,0.0666667,0.145343,0,0.0666667,0.1565,0,0.0666667,0.265081,0,0.0666667,0.144166,0,0.0666667,0.233515,0,0.0666667,0.187891,0.5,0.4,0
0,5.25,0.887992,-0.94655,0.00236407,0.00236407,0.00236407,0.117528,True,empty floor,sound_similarity,0,0.0666667,0.240691,0,0.0666667,0.118506,0,0.0666667,0.271224,0,0.0666667,0.145343,0,0.0666667,0.1565,0,0.0666667,0.265081,0,0.0666667,0.144166,0,0.0666667,0.233515,0,0.0666667,0.187891,0.5,0.4,0
-0.25,5.25,1.00382,-0.0206802,0.00236407,0.00236407,0.00236407,0.117528,True,empty floor,sound_similarity,0,0.0666667,0.240691,0,0.0666667,0.118506,0,0.0666667,0.271224,0,0.0666667,0.145343,0,0.0666667,0.1565,0,0.0666667,0.265081,0,0.0666667,0.144166,0,0.0666667,0.233515,0,0.0666667,0.187891,0.5,0.4,0
0.75,6.25,0.468351,-2.99573,0.00236407,0.00236407,0.00236407,0.176292,False,tv,sound_similarity,0,0.1,0.240691,0,0.1,0.118506,0,0.1,0.271224,0,0.1,0.145343,0,0.1,0.1565,0,0.1,0.265081,0,0.1,0.144166,0,0.1,0.233515,0,0.1,0.187891,0,0.1,0
1.25,6.25,0.951901,-2.99573,0.00236407,0.00236407,0.00236407,0.176292,False,tv,sound_similarity,0,0.1,0.240691,0,0.1,0.118506,0,0.1,0.271224,0,0.1,0.145343,0,0.1,0.1565,0,0.1,0.265081,0,0.1,0.144166,0,0.1,0.233515,0,0.1,0.187891,0,0.1,0
0.5,4.75,1.34395,-2.98836,0.00236407,0.00236407,0.00236407,0.117528,True,empty floor,sound_similarity,0,0.0666667,0.240691,0,0.0666667,0.118506,0,0.0666667,0.271224,0,0.0666667,0.145343,0,0.0666667,0.1565,0,0.0666667,0.265081,0,0.0666667,0.144166,0,0.0666667,0.233515,0,0.0666667,0.187891,0.5,0.4,0
1.5,7,1.50104,-2.99573,0.00236407,0.00236407,0.00236407,0.176292,False,tv,sound_similarity,0,0.1,0.240691,0,0.1,0.118506,0,0.1,0.271224,0,0.1,0.145343,0,0.1,0.1565,0,0.1,0.265081,0,0.1,0.144166,0,0.1,0.233515,0,0.1,0.187891,0,0.1,0
-1.5,7.5,2.30253,-2.99573,0.00236407,0.00236407,0.00236407,0.176292,False,tv,sound_similarity,0,0.1,0.240691,0,0.1,0.118506,0,0.1,0.271224,0,0.1,0.145343,0,0.1,0.1565,0,0.1,0.265081,0,0.1,0.144166,0,0.1,0.233515,0,0.1,0.187891,0,0.1,0
-1.75,7.5,2.50415,-2.99573,0.00236407,0.00236407,0.00236407,0.176292,False,tv,sound_similarity,0,0.1,0.240691,0,0.1,0.118506,0,0.1,0.271224,0,0.1,0.145343,0,0.1,0.1565,0,0.1,0.265081,0,0.1,0.144166,0,0.1,0.233515,0,0.1,0.187891,0,0.1,0
-2,7.5,2.71383,-2.99573,0.00236407,0.00236407,0.00236407,0.176292,False,tv,sound_similarity,0,0.1,0.240691,0,0.1,0.118506,0,0.1,0.271224,0,0.1,0.145343,0,0.1,0.1565,0,0.1,0.265081,0,0.1,0.144166,0,0.1,0.233515,0,0.1,0.187891,0,0.1,0
-2.25,7.5,2.92985,-2.99573,0.00236407,0.00236407,0.00236407,0.176292,False,tv,sound_similarity,0,0.1,0.240691,0,0.1,0.118506,0,0.1,0.271224,0,0.1,0.145343,0,0.1,0.1565,0,0.1,0.265081,0,0.1,0.144166,0,0.1,0.233515,0,0.1,0.187891,0,0.1,0
2,7.25,2.0523,-2.99573,0.00236407,0.00236407,0.00236407,0.176292,False,tv,sound_similarity,0,0.1,0.240691,0,0.1,0.118506,0,0.1,0.271224,0,0.1,0.145343,0,0.1,0.1565,0,0.1,0.265081,0,0.1,0.144166,0,0.1,0.233515,0,0.1,0.187891,0,0.1,0
1.75,7.25,1.85231,-2.99573,0.00236407,0.00236407,0.00236407,0.176292,False,tv,sound_similarity,0,0.1,0.240691,0,0.1,0.118506,0,0.1,0.271224,0,0.1,0.145343,0,0.1,0.1565,0,0.1,0.265081,0,0.1,0.144166,0,0.1,0.233515,0,0.1,0.187891,0,0.1,0
1.5,7.25,1.66589,-2.99573,0.00236407,0.00236407,0.00236407,0.176292,False,tv,sound_similarity,0,0.1,0.240691,0,0.1,0.118506,0,0.1,0.271224,0,0.1,0.145343,0,0.1,0.1565,0,0.1,0.265081,0,0.1,0.144166,0,0.1,0.233515,0,0.1,0.187891,0,0.1,0
1.25,7.25,1.4981,-2.99573,0.00236407,0.00236407,0.00236407,0.176292,False,tv,sound_similarity,0,0.1,0.240691,0,0.1,0.118506,0,0.1,0.271224,0,0.1,0.145343,0,0.1,0.1565,0,0.1,0.265081,0,0.1,0.144166,0,0.1,0.233515,0,0.1,0.187891,0,0.1,0
1,7.25,1.35588,-2.99573,0.00236407,0.00236407,0.00236407,0.176292,False,tv,sound_similarity,0,0.1,0.240691,0,0.1,0.118506,0,0.1,0.271224,0,0.1,0.145343,0,0.1,0.1565,0,0.1,0.265081,0,0.1,0.144166,0,0.1,0.233515,0,0.1,0.187891,0,0.1,0
0.75,7.25,1.24801,-2.99573,0.00236407,0.00236407,0.00236407,0.176292,False,tv,sound_similarity,0,0.1,0.240691,0,0.1,0.118506,0,0.1,0.271224,0,0.1,0.145343,0,0.1,0.1565,0,0.1,0.265081,0,0.1,0.144166,0,0.1,0.233515,0,0.1,0.187891,0,0.1,0
0.5,7.25,1.18391,-2.99573,0.00236407,0.00236407,0.00236407,0.176292,False,tv,sound_similarity,0,0.1,0.240691,0,0.1,0.118506,0,0.1,0.271224,0,0.1,0.145343,0,0.1,0.1565,0,0.1,0.265081,0,0.1,0.144166,0,0.1,0.233515,0,0.1,0.187891,0,0.1,0
0.25,7.25,1.1708,-2.99573,0.00236407,0.00236407,0.00236407,0.176292,False,tv,sound_similarity,0,0.1,0.240691,0,0.1,0.118506,0,0.1,0.271224,0,0.1,0.145343,0,0.1,0.1565,0,0.1,0.265081,0,0.1,0.144166,0,0.1,0.233515,0,0.1,0.187891,0,0.1,0
0,7.25,1.21033,-2.99573,0.00236407,0.00236407,0.00236407,0.176292,False,tv,sound_similarity,0,0.1,0.240691,0,0.1,0.118506,0,0.1,0.271224,0,0.1,0.145343,0,0.1,0.1565,0,0.1,0.265081,0,0.1,0.144166,0,0.1,0.233515,0,0.1,0.187891,0,0.1,0
-0.25,7.25,1.29769,-2.99573,0.00236407,0.00236407,0.00236407,0.176292,False,tv,sound_similarity,0,0.1,0.240691,0,0.1,0.118506,0,0.1,0.271224,0,0.1,0.145343,0,0.1,0.1565,0,0.1,0.265081,0,0.1,0.144166,0,0.1,0.233515,0,0.1,0.187891,0,0.1,0
-0.5,7.25,1.42412,-2.99573,0.00236407,0.00236407,0.00236407,0.176292,False,tv,sound_similarity,0,0.1,0.240691,0,0.1,0.118506,0,0.1,0.271224,0,0.1,0.145343,0,0.1,0.1565,0,0.1,0.265081,0,0.1,0.144166,0,0.1,0.233515,0,0.1,0.187891,0,0.1,0
-0.75,7.25,1.58027,-2.99573,0.00236407,0.00236407,0.00236407,0.176292,False,tv,sound_similarity,0,0.1,0.240691,0,0.1,0.118506,0,0.1,0.271224,0,0.1,0.145343,0,0.1,0.1565,0,0.1,0.265081,0,0.1,0.144166,0,0.1,0.233515,0,0.1,0.187891,0,0.1,0
-1,7.25,1.75823,-2.99573,0.00236407,0.00236407,0.00236407,0.176292,False,tv,sound_similarity,0,0.1,0.240691,0,0.1,0.118506,0,0.1,0.271224,0,0.1,0.145343,0,0.1,0.1565,0,0.1,0.265081,0,0.1,0.144166,0,0.1,0.233515,0,0.1,0.187891,0,0.1,0
-1.25,7.25,1.95205,-2.99573,0.00236407,0.00236407,0.00236407,0.176292,False,tv,sound_similarity,0,0.1,0.240691,0,0.1,0.118506,0,0.1,0.271224,0,0.1,0.145343,0,0.1,0.1565,0,0.1,0.265081,0,0.1,0.144166,0,0.1,0.233515,0,0.1,0.187891,0,0.1,0
-1.5,7.25,2.15745,-2.99573,0.00236407,0.00236407,0.00236407,0.176292,False,tv,sound_similarity,0,0.1,0.240691,0,0.1,0.118506,0,0.1,0.271224,0,0.1,0.145343,0,0.1,0.1565,0,0.1,0.265081,0,0.1,0.144166,0,0.1,0.233515,0,0.1,0.187891,0,0.1,0
-1.75,7.25,2.37144,-2.99573,0.00236407,0.00236407,0.00236407,0.176292,False,tv,sound_similarity,0,0.1,0.240691,0,0.1,0.118506,0,0.1,0.271224,0,0.1,0.145343,0,0.1,0.1565,0,0.1,0.265081,0,0.1,0.144166,0,0.1,0.233515,0,0.1,0.187891,0,0.1,0
-2,7.25,2.59188,-2.99573,0.00236407,0.00236407,0.00236407,0.176292,False,tv,sound_similarity,0,0.1,0.240691,0,0.1,0.118506,0,0.1,0.271224,0,0.1,0.145343,0,0.1,0.1565,0,0.1,0.265081,0,0.1,0.144166,0,0.1,0.233515,0,0.1,0.187891,0,0.1,0
-2.25,7.25,2.81726,-2.99573,0.00236407,0.00236407,0.00236407,0.176292,False,tv,sound_similarity,0,0.1,0.240691,0,0.1,0.118506,0,0.1,0.271224,0,0.1,0.145343,0,0.1,0.1565,0,0.1,0.265081,0,0.1,0.144166,0,0.1,0.233515,0,0.1,0.187891,0,0.1,0
2,7,1.92091,-2.99573,0.00236407,0.00236407,0.00236407,0.176292,False,tv,sound_similarity,0,0.1,0.240691,0,0.1,0.118506,0,0.1,0.271224,0,0.1,0.145343,0,0.1,0.1565,0,0.1,0.265081,0,0.1,0.144166,0,0.1,0.233515,0,0.1,0.187891,0,0.1,0
-1.25,7.5,2.11129,-2.99573,0.00236407,0.00236407,0.00236407,0.176292,False,tv,sound_similarity,0,0.1,0.240691,0,0.1,0.118506,0,0.1,0.271224,0,0.1,0.145343,0,0.1,0.1565,0,0.1,0.265081,0,0.1,0.144166,0,0.1,0.233515,0,0.1,0.187891,0,0.1,0
-0.75,7.5,1.77321,-2.99573,0.00236407,0.00236407,0.00236407,0.176292,False,tv,sound_similarity,0,0.1,0.240691,0,0.1,0.118506,0,0.1,0.271224,0,0.1,0.145343,0,0.1,0.1565,0,0.1,0.265081,0,0.1,0.144166,0,0.1,0.233515,0,0.1,0.187891,0,0.1,0
0.25,7.5,1.4205,-2.99573,0.00236407,0.00236407,0.00236407,0.176292,False,tv,sound_similarity,0,0.1,0.240691,0,0.1,0.118506,0,0.1,0.271224,0,0.1,0.145343,0,0.1,0.1565,0,0.1,0.265081,0,0.1,0.144166,0,0.1,0.233515,0,0.1,0.187891,0,0.1,0
-0.75,7.75,1.97897,-2.99573,0.00236407,0.00236407,0.00236407,0.176292,False,tv,sound_similarity,0,0.1,0.240691,0,0.1,0.118506,0,0.1,0.271224,0,0.1,0.145343,0,0.1,0.1565,0,0.1,0.265081,0,0.1,0.144166,0,0.1,0.233515,0,0.1,0.187891,0,0.1,0
1.75,7.75,2.2023,-2.99573,0.00236407,0.00236407,0.00236407,0.176292,False,tv,sound_similarity,0,0.1,0.240691,0,0.1,0.118506,0,0.1,0.271224,0,0.1,0.145343,0,0.1,0.1565,0,0.1,0.265081,0,0.1,0.144166,0,0.1,0.233515,0,0.1,0.187891,0,0.1,0
1.5,7.75,2.04799,-2.99573,0.00236407,0.00236407,0.00236407,0.176292,False,tv,sound_similarity,0,0.1,0.240691,0,0.1,0.118506,0,0.1,0.271224,0,0.1,0.145343,0,0.1,0.1565,0,0.1,0.265081,0,0.1,0.144166,0,0.1,0.233515,0,0.1,0.187891,0,0.1,0
1.25,7.75,1.914,-2.99573,0.00236407,0.00236407,0.00236407,0.176292,False,tv,sound_similarity,0,0.1,0.240691,0,0.1,0.118506,0,0.1,0.271224,0,0.1,0.145343,0,0.1,0.1565,0,0.1,0.265081,0,0.1,0.144166,0,0.1,0.233515,0,0.1,0.187891,0,0.1,0
1,7.75,1.80486,-2.99573,0.00236407,0.00236407,0.00236407,0.176292,False,tv,sound_similarity,0,0.1,0.240691,0,0.1,0.118506,0,0.1,0.271224,0,0.1,0.145343,0,0.1,0.1565,0,0.1,0.265081,0,0.1,0.144166,0,0.1,0.233515,0,0.1,0.187891,0,0.1,0
0.75,7.75,1.72529,-2.99573,0.00236407,0.00236407,0.00236407,0.176292,False,tv,sound_similarity,0,0.1,0.240691,0,0.1,0.118506,0,0.1,0.271224,0,0.1,0.145343,0,0.1,0.1565,0,0.1,0.265081,0,0.1,0.144166,0,0.1,0.233515,0,0.1,0.187891,0,0.1,0
0.5,7.75,1.67951,-2.99573,0.00236407,0.00236407,0.00236407,0.176292,False,tv,sound_similarity,0,0.1,0.240691,0,0.1,0.118506,0,0.1,0.271224,0,0.1,0.145343,0,0.1,0.1565,0,0.1,0.265081,0,0.1,0.144166,0,0.1,0.233515,0,0.1,0.187891,0,0.1,0
0.25,7.75,1.67029,-2.99573,0.00236407,0.00236407,0.00236407,0.176292,False,tv,sound_similarity,0,0.1,0.240691,0,0.1,0.118506,0,0.1,0.271224,0,0.1,0.145343,0,0.1,0.1565,0,0.1,0.265081,0,0.1,0.144166,0,0.1,0.233515,0,0.1,0.187891,0,0.1,0
0,7.75,1.69823,-2.99573,0.00236407,0.00236407,0.00236407,0.176292,False,tv,sound_similarity,0,0.1,0.240691,0,0.1,0.118506,0,0.1,0.271224,0,0.1,0.145343,0,0.1,0.1565,0,0.1,0.265081,0,0.1,0.144166,0,0.1,0.233515,0,0.1,0.187891,0,0.1,0
-0.25,7.75,1.76156,-2.99573,0.00236407,0.00236407,0.00236407,0.176292,False,tv,sound_similarity,0,0.1,0.240691,0,0.1,0.118506,0,0.1,0.271224,0,0.1,0.145343,0,0.1,0.1565,0,0.1,0.265081,0,0.1,0.144166,0,0.1,0.233515,0,0.1,0.187891,0,0.1,0
-0.5,7.75,1.85667,-2.99573,0.00236407,0.00236407,0.00236407,0.176292,False,tv,sound_similarity,0,0.1,0.240691,0,0.1,0.118506,0,0.1,0.271224,0,0.1,0.145343,0,0.1,0.1565,0,0.1,0.265081,0,0.1,0.144166,0,0.1,0.233515,0,0.1,0.187891,0,0.1,0
-1,7.75,2.12378,-2.99573,0.00236407,0.00236407,0.00236407,0.176292,False,tv,sound_similarity,0,0.1,0.240691,0,0.1,0.118506,0,0.1,0.271224,0,0.1,0.145343,0,0.1,0.1565,0,0.1,0.265081,0,0.1,0.144166,0,0.1,0.233515,0,0.1,0.187891,0,0.1,0
0.5,7.5,1.43133,-2.99573,0.00236407,0.00236407,0.00236407,0.176292,False,tv,sound_similarity,0,0.1,0.240691,0,0.1,0.118506,0,0.1,0.271224,0,0.1,0.145343,0,0.1,0.1565,0,0.1,0.265081,0,0.1,0.144166,0,0.1,0.233515,0,0.1,0.187891,0,0.1,0
-1.25,7.75,2.28683,-2.99573,0.00236407,0.00236407,0.00236407,0.176292,False,tv,sound_similarity,0,0.1,0.240691,0,0.1,0.118506,0,0.1,0.271224,0,0.1,0.145343,0,0.1,0.1565,0,0.1,0.265081,0,0.1,0.144166,0,0.1,0.233515,0,0.1,0.187891,0,0.1,0
-1.5,7.75,2.46449,-2.99573,0.00236407,0.00236407,0.00236407,0.176292,False,tv,sound_similarity,0,0.1,0.240691,0,0.1,0.118506,0,0.1,0.271224,0,0.1,0.145343,0,0.1,0.1565,0,0.1,0.265081,0,0.1,0.144166,0,0.1,0.233515,0,0.1,0.187891,0,0.1,0
-1.75,7.75,2.65383,-2.99573,0.00236407,0.00236407,0.00236407,0.176292,False,tv,sound_similarity,0,0.1,0.240691,0,0.1,0.118506,0,0.1,0.271224,0,0.1,0.145343,0,0.1,0.1565,0,0.1,0.265081,0,0.1,0.144166,0,0.1,0.233515,0,0.1,0.187891,0,0.1,0
-2.25,7.75,3.05876,-2.99573,0.00236407,0.00236407,0.00236407,0.176292,False,tv,sound_similarity,0,0.1,0.240691,0,0.1,0.118506,0,0.1,0.271224,0,0.1,0.145343,0,0.1,0.1565,0,0.1,0.265081,0,0.1,0.144166,0,0.1,0.233515,0,0.1,0.187891,0,0.1,0
2,7.5,2.20431,-2.99573,0.00236407,0.00236407,0.00236407,0.176292,False,tv,sound_similarity,0,0.1,0.240691,0,0.1,0.118506,0,0.1,0.271224,0,0.1,0.145343,0,0.1,0.1565,0,0.1,0.265081,0,0.1,0.144166,0,0.1,0.233515,0,0.1,0.187891,0,0.1,0
1.75,7.5,2.01943,-2.99573,0.00236407,0.00236407,0.00236407,0.176292,False,tv,sound_similarity,0,0.1,0.240691,0,0.1,0.118506,0,0.1,0.271224,0,0.1,0.145343,0,0.1,0.1565,0,0.1,0.265081,0,0.1,0.144166,0,0.1,0.233515,0,0.1,0.187891,0,0.1,0
1.5,7.5,1.84992,-2.99573,0.00236407,0.00236407,0.00236407,0.176292,False,tv,sound_similarity,0,0.1,0.240691,0,0.1,0.118506,0,0.1,0.271224,0,0.1,0.145343,0,0.1,0.1565,0,0.1,0.265081,0,0.1,0.144166,0,0.1,0.233515,0,0.1,0.187891,0,0.1,0
1.25,7.5,1.70039,-2.99573,0.00236407,0.00236407,0.00236407,0.176292,False,tv,sound_similarity,0,0.1,0.240691,0,0.1,0.118506,0,0.1,0.271224,0,0.1,0.145343,0,0.1,0.1565,0,0.1,0.265081,0,0.1,0.144166,0,0.1,0.233515,0,0.1,0.187891,0,0.1,0
1,7.5,1.57653,-2.99573,0.00236407,0.00236407,0.00236407,0.176292,False,tv,sound_similarity,0,0.1,0.240691,0,0.1,0.118506,0,0.1,0.271224,0,0.1,0.145343,0,0.1,0.1565,0,0.1,0.265081,0,0.1,0.144166,0,0.1,0.233515,0,0.1,0.187891,0,0.1,0
0.75,7.5,1.48478,-2.99573,0.00236407,0.00236407,0.00236407,0.176292,False,tv,sound_similarity,0,0.1,0.240691,0,0.1,0.118506,0,0.1,0.271224,0,0.1,0.145343,0,0.1,0.1565,0,0.1,0.265081,0,0.1,0.144166,0,0.1,0.233515,0,0.1,0.187891,0,0.1,0
1.75,7,1.70558,-2.99573,0.00236407,0.00236407,0.00236407,0.176292,False,tv,sound_similarity,0,0.1,0.240691,0,0.1,0.118506,0,0.1,0.271224,0,0.1,0.145343,0,0.1,0.1565,0,0.1,0.265081,0,0.1,0.144166,0,0.1,0.233515,0,0.1,0.187891,0,0.1,0
1.25,7,1.31235,-2.99573,0.00236407,0.00236407,0.00236407,0.176292,False,tv,sound_similarity,0,0.1,0.240691,0,0.1,0.118506,0,0.1,0.271224,0,0.1,0.145343,0,0.1,0.1565,0,0.1,0.265081,0,0.1,0.144166,0,0.1,0.233515,0,0.1,0.187891,0,0.1,0
1.5,6.25,1.19875,-2.99573,0.00236407,0.00236407,0.00236407,0.176292,False,tv,sound_similarity,0,0.1,0.240691,0,0.1,0.118506,0,0.1,0.271224,0,0.1,0.145343,0,0.1,0.1565,0,0.1,0.265081,0,0.1,0.144166,0,0.1,0.233515,0,0.1,0.187891,0,0.1,0
1,7,1.14733,-2.99573,0.00236407,0.00236407,0.00236407,0.176292,False,tv,sound_similarity,0,0.1,0.240691,0,0.1,0.118506,0,0.1,0.271224,0,0.1,0.145343,0,0.1,0.1565,0,0.1,0.265081,0,0.1,0.144166,0,0.1,0.233515,0,0.1,0.187891,0,0.1,0
-1.5,6.75,1.93275,-2.99573,0.00236407,0.00236407,0.00236407,0.176292,False,tv,sound_similarity,0,0.1,0.240691,0,0.1,0.118506,0,0.1,0.271224,0,0.1,0.145343,0,0.1,0.1565,0,0.1,0.265081,0,0.1,0.144166,0,0.1,0.233515,0,0.1,0.187891,0,0.1,0
-1.75,6.75,2.16902,-2.99573,0.00236407,0.00236407,0.00236407,0.176292,False,tv,sound_similarity,0,0.1,0.240691,0,0.1,0.118506,0,0.1,0.271224,0,0.1,0.145343,0,0.1,0.1565,0,0.1,0.265081,0,0.1,0.144166,0,0.1,0.233515,0,0.1,0.187891,0,0.1,0
-2.25,6.75,2.64913,-2.99573,0.00236407,0.00236407,0.00236407,0.176292,False,tv,sound_similarity,0,0.1,0.240691,0,0.1,0.118506,0,0.1,0.271224,0,0.1,0.145343,0,0.1,0.1565,0,0.1,0.265081,0,0.1,0.144166,0,0.1,0.233515,0,0.1,0.187891,0,0.1,0
2,6.5,1.73805,-2.99573,0.00236407,0.00236407,0.00236407,0.176292,False,tv,sound_similarity,0,0.1,0.240691,0,0.1,0.118506,0,0.1,0.271224,0,0.1,0.145343,0,0.1,0.1565,0,0.1,0.265081,0,0.1,0.144166,0,0.1,0.233515,0,0.1,0.187891,0,0.1,0
1.75,6.5,1.49664,-2.99573,0.00236407,0.00236407,0.00236407,0.176292,False,tv,sound_similarity,0,0.1,0.240691,0,0.1,0.118506,0,0.1,0.271224,0,0.1,0.145343,0,0.1,0.1565,0,0.1,0.265081,0,0.1,0.144166,0,0.1,0.233515,0,0.1,0.187891,0,0.1,0
1.5,6.5,1.25859,-2.99573,0.00236407,0.00236407,0.00236407,0.176292,False,tv,sound_similarity,0,0.1,0.240691,0,0.1,0.118506,0,0.1,0.271224,0,0.1,0.145343,0,0.1,0.1565,0,0.1,0.265081,0,0.1,0.144166,0,0.1,0.233515,0,0.1,0.187891,0,0.1,0
1.25,6.5,1.02624,-2.99573,0.00236407,0.00236407,0.00236407,0.176292,False,tv,sound_similarity,0,0.1,0.240691,0,0.1,0.118506,0,0.1,0.271224,0,0.1,0.145343,0,0.1,0.1565,0,0.1,0.265081,0,0.1,0.144166,0,0.1,0.233515,0,0.1,0.187891,0,0.1,0
1,6.5,0.804537,-2.99573,0.00236407,0.00236407,0.00236407,0.176292,False,tv,sound_similarity,0,0.1,0.240691,0,0.1,0.118506,0,0.1,0.271224,0,0.1,0.145343,0,0.1,0.1565,0,0.1,0.265081,0,0.1,0.144166,0,0.1,0.233515,0,0.1,0.187891,0,0.1,0
0.75,6.5,0.605308,-2.99573,0.00236407,0.00236407,0.00236407,0.176292,False,tv,sound_similarity,0,0.1,0.240691,0,0.1,0.118506,0,0.1,0.271224,0,0.1,0.145343,0,0.1,0.1565,0,0.1,0.265081,0,0.1,0.144166,0,0.1,0.233515,0,0.1,0.187891,0,0.1,0
0.5,6.5,0.458821,-2.99573,0.00236407,0.00236407,0.00236407,0.176292,False,tv,sound_similarity,0,0.1,0.240691,0,0.1,0.118506,0,0.1,0.271224,0,0.1,0.145343,0,0.1,0.1565,0,0.1,0.265081,0,0.1,0.144166,0,0.1,0.233515,0,0.1,0.187891,0,0.1,0
0.25,6.5,0.423833,-2.99573,0.00236407,0.00236407,0.00236407,0.176292,False,tv,sound_similarity,0,0.1,0.240691,0,0.1,0.118506,0,0.1,0.271224,0,0.1,0.145343,0,0.1,0.1565,0,0.1,0.265081,0,0.1,0.144166,0,0.1,0.233515,0,0.1,0.187891,0,0.1,0
0,6.5,0.523214,-2.99573,0.00236407,0.00236407,0.00236407,0.176292,False,tv,sound_similarity,0,0.1,0.240691,0,0.1,0.118506,0,0.1,0.271224,0,0.1,0.145343,0,0.1,0.1565,0,0.1,0.265081,0,0.1,0.144166,0,0.1,0.233515,0,0.1,0.187891,0,0.1,0
-0.25,6.5,0.702048,-2.99573,0.00236407,0.00236407,0.00236407,0.176292,False,tv,sound_similarity,0,0.1,0.240691,0,0.1,0.118506,0,0.1,0.271224,0,0.1,0.145343,0,0.1,0.1565,0,0.1,0.265081,0,0.1,0.144166,0,0.1,0.233515,0,0.1,0.187891,0,0.1,0
-0.5,6.5,0.914872,-2.99573,0.00236407,0.00236407,0.00236407,0.176292,False,tv,sound_similarity,0,0.1,0.240691,0,0.1,0.118506,0,0.1,0.271224,0,0.1,0.145343,0,0.1,0.1565,0,0.1,0.265081,0,0.1,0.144166,0,0.1,0.233515,0,0.1,0.187891,0,0.1,0
-0.75,6.5,1.14285,-2.99573,0.00236407,0.00236407,0.00236407,0.176292,False,tv,sound_similarity,0,0.1,0.240691,0,0.1,0.118506,0,0.1,0.271224,0,0.1,0.145343,0,0.1,0.1565,0,0.1,0.265081,0,0.1,0.144166,0,0.1,0.233515,0,0.1,0.187891,0,0.1,0
-1,6.5,1.37849,-2.99573,0.00236407,0.00236407,0.00236407,0.176292,False,tv,sound_similarity,0,0.1,0.240691,0,0.1,0.118506,0,0.1,0.271224,0,0.1,0.145343,0,0.1,0.1565,0,0.1,0.265081,0,0.1,0.144166,0,0.1,0.233515,0,0.1,0.187891,0,0.1,0
-1.25,6.5,1.61844,-2.99573,0.00236407,0.00236407,0.00236407,0.176292,False,tv,sound_similarity,0,0.1,0.240691,0,0.1,0.118506,0,0.1,0.271224,0,0.1,0.145343,0,0.1,0.1565,0,0.1,0.265081,0,0.1,0.144166,0,0.1,0.233515,0,0.1,0.187891,0,0.1,0
-1.5,6.5,1.86104,-2.99573,0.00236407,0.00236407,0.00236407,0.176292,False,tv,sound_similarity,0,0.1,0.240691,0,0.1,0.118506,0,0.1,0.271224,0,0.1,0.145343,0,0.1,0.1565,0,0.1,0.265081,0,0.1,0.144166,0,0.1,0.233515,0,0.1,0.187891,0,0.1,0
-1.75,6.5,2.10537,-2.99573,0.00236407,0.00236407,0.00236407,0.176292,False,tv,sound_similarity,0,0.1,0.240691,0,0.1,0.118506,0,0.1,0.271224,0,0.1,0.145343,0,0.1,0.1565,0,0.1,0.265081,0,0.1,0.144166,0,0.1,0.233515,0,0.1,0.187891,0,0.1,0
-2,6.5,2.35089,-2.99573,0.00236407,0.00236407,0.00236407,0.176292,False,tv,sound_similarity,0,0.1,0.240691,0,0.1,0.118506,0,0.1,0.271224,0,0.1,0.145343,0,0.1,0.1565,0,0.1,0.265081,0,0.1,0.144166,0,0.1,0.233515,0,0.1,0.187891,0,0.1,0
-2.25,6.5,2.59727,-2.99573,0.00236407,0.00236407,0.00236407,0.176292,False,tv,sound_similarity,0,0.1,0.240691,0,0.1,0.118506,0,0.1,0.271224,0,0.1,0.145343,0,0.1,0.1565,0,0.1,0.265081,0,0.1,0.144166,0,0.1,0.233515,0,0.1,0.187891,0,0.1,0
2,6.25,1.69522,-2.99573,0.00236407,0.00236407,0.00236407,0.176292,False,tv,sound_similarity,0,0.1,0.240691,0,0.1,0.118506,0,0.1,0.271224,0,0.1,0.145343,0,0.1,0.1565,0,0.1,0.265081,0,0.1,0.144166,0,0.1,0.233515,0,0.1,0.187891,0,0.1,0
1.75,6.25,1.44668,-2.99573,0.00236407,0.00236407,0.00236407,0.176292,False,tv,sound_similarity,0,0.1,0.240691,0,0.1,0.118506,0,0.1,0.271224,0,0.1,0.145343,0,0.1,0.1565,0,0.1,0.265081,0,0.1,0.144166,0,0.1,0.233515,0,0.1,0.187891,0,0.1,0
-1.25,6.75,1.70041,-2.99573,0.00236407,0.00236407,0.00236407,0.176292,False,tv,sound_similarity,0,0.1,0.240691,0,0.1,0.118506,0,0.1,0.271224,0,0.1,0.145343,0,0.1,0.1565,0,0.1,0.265081,0,0.1,0.144166,0,0.1,0.233515,0,0.1,0.187891,0,0.1,0
-1,6.75,1.47386,-2.99573,0.00236407,0.00236407,0.00236407,0.176292,False,tv,sound_similarity,0,0.1,0.240691,0,0.1,0.118506,0,0.1,0.271224,0,0.1,0.145343,0,0.1,0.1565,0,0.1,0.265081,0,0.1,0.144166,0,0.1,0.233515,0,0.1,0.187891,0,0.1,0
-0.75,6.75,1.25625,-2.99573,0.00236407,0.00236407,0.00236407,0.176292,False,tv,sound_similarity,0,0.1,0.240691,0,0.1,0.118506,0,0.1,0.271224,0,0.1,0.145343,0,0.1,0.1565,0,0.1,0.265081,0,0.1,0.144166,0,0.1,0.233515,0,0.1,0.187891,0,0.1,0
-1.75,7,2.25869,-2.99573,0.00236407,0.00236407,0.00236407,0.176292,False,tv,sound_similarity,0,0.1,0.240691,0,0.1,0.118506,0,0.1,0.271224,0,0.1,0.145343,0,0.1,0.1565,0,0.1,0.265081,0,0.1,0.144166,0,0.1,0.233515,0,0.1,0.187891,0,0.1,0
0.75,7,1.01759,-2.99573,0.00236407,0.00236407,0.00236407,0.176292,False,tv,sound_similarity,0,0.1,0.240691,0,0.1,0.118506,0,0.1,0.271224,0,0.1,0.145343,0,0.1,0.1565,0,0.1,0.265081,0,0.1,0.144166,0,0.1,0.233515,0,0.1,0.187891,0,0.1,0
0.5,7,0.937873,-2.99573,0.00236407,0.00236407,0.00236407,0.176292,False,tv,sound_similarity,0,0.1,0.240691,0,0.1,0.118506,0,0.1,0.271224,0,0.1,0.145343,0,0.1,0.1565,0,0.1,0.265081,0,0.1,0.144166,0,0.1,0.233515,0,0.1,0.187891,0,0.1,0
0.25,7,0.921262,-2.99573,0.00236407,0.00236407,0.00236407,0.176292,False,tv,sound_similarity,0,0.1,0.240691,0,0.1,0.118506,0,0.1,0.271224,0,0.1,0.145343,0,0.1,0.1565,0,0.1,0.265081,0,0.1,0.144166,0,0.1,0.233515,0,0.1,0.187891,0,0.1,0
0,7,0.971001,-2.99573,0.00236407,0.00236407,0.00236407,0.176292,False,tv,sound_similarity,0,0.1,0.240691,0,0.1,0.118506,0,0.1,0.271224,0,0.1,0.145343,0,0.1,0.1565,0,0.1,0.265081,0,0.1,0.144166,0,0.1,0.233515,0,0.1,0.187891,0,0.1,0
-0.25,7,1.07794,-2.99573,0.00236407,0.00236407,0.00236407,0.176292,False,tv,sound_similarity,0,0.1,0.240691,0,0.1,0.118506,0,0.1,0.271224,0,0.1,0.145343,0,0.1,0.1565,0,0.1,0.265081,0,0.1,0.144166,0,0.1,0.233515,0,0.1,0.187891,0,0.1,0
-0.5,7,1.22722,-2.99573,0.00236407,0.00236407,0.00236407,0.176292,False,tv,sound_similarity,0,0.1,0.240691,0,0.1,0.118506,0,0.1,0.271224,0,0.1,0.145343,0,0.1,0.1565,0,0.1,0.265081,0,0.1,0.144166,0,0.1,0.233515,0,0.1,0.187891,0,0.1,0
-0.75,7,1.40542,-2.99573,0.00236407,0.00236407,0.00236407,0.176292,False,tv,sound_similarity,0,0.1,0.240691,0,0.1,0.118506,0,0.1,0.271224,0,0.1,0.145343,0,0.1,0.1565,0,0.1,0.265081,0,0.1,0.144166,0,0.1,0.233515,0,0.1,0.187891,0,0.1,0
-1,7,1.60291,-2.99573,0.00236407,0.00236407,0.00236407,0.176292,False,tv,sound_similarity,0,0.1,0.240691,0,0.1,0.118506,0,0.1,0.271224,0,0.1,0.145343,0,0.1,0.1565,0,0.1,0.265081,0,0.1,0.144166,0,0.1,0.233515,0,0.1,0.187891,0,0.1,0
-1.25,7,1.8134,-2.99573,0.00236407,0.00236407,0.00236407,0.176292,False,tv,sound_similarity,0,0.1,0.240691,0,0.1,0.118506,0,0.1,0.271224,0,0.1,0.145343,0,0.1,0.1565,0,0.1,0.265081,0,0.1,0.144166,0,0.1,0.233515,0,0.1,0.187891,0,0.1,0
-1.5,7,2.03287,-2.99573,0.00236407,0.00236407,0.00236407,0.176292,False,tv,sound_similarity,0,0.1,0.240691,0,0.1,0.118506,0,0.1,0.271224,0,0.1,0.145343,0,0.1,0.1565,0,0.1,0.265081,0,0.1,0.144166,0,0.1,0.233515,0,0.1,0.187891,0,0.1,0
-2,7,2.48913,-2.99573,0.00236407,0.00236407,0.00236407,0.176292,False,tv,sound_similarity,0,0.1,0.240691,0,0.1,0.118506,0,0.1,0.271224,0,0.1,0.145343,0,0.1,0.1565,0,0.1,0.265081,0,0.1,0.144166,0,0.1,0.233515,0,0.1,0.187891,0,0.1,0
-0.5,6.75,1.05311,-2.99573,0.00236407,0.00236407,0.00236407,0.176292,False,tv,sound_similarity,0,0.1,0.240691,0,0.1,0.118506,0,0.1,0.271224,0,0.1,0.145343,0,0.1,0.1565,0,0.1,0.265081,0,0.1,0.144166,0,0.1,0.233515,0,0.1,0.187891,0,0.1,0
-2.25,7,2.72303,-2.99573,0.00236407,0.00236407,0.00236407,0.176292,False,tv,sound_similarity,0,0.1,0.240691,0,0.1,0.118506,0,0.1,0.271224,0,0.1,0.145343,0,0.1,0.1565,0,0.1,0.265081,0,0.1,0.144166,0,0.1,0.233515,0,0.1,0.187891,0,0.1,0
2,6.75,1.81462,-2.99573,0.00236407,0.00236407,0.00236407,0.176292,False,tv,sound_similarity,0,0.1,0.240691,0,0.1,0.118506,0,0.1,0.271224,0,0.1,0.145343,0,0.1,0.1565,0,0.1,0.265081,0,0.1,0.144166,0,0.1,0.233515,0,0.1,0.187891,0,0.1,0
1.75,6.75,1.58492,-2.99573,0.00236407,0.00236407,0.00236407,0.176292,False,tv,sound_similarity,0,0.1,0.240691,0,0.1,0.118506,0,0.1,0.271224,0,0.1,0.145343,0,0.1,0.1565,0,0.1,0.265081,0,0.1,0.144166,0,0.1,0.233515,0,0.1,0.187891,0,0.1,0
1.5,6.75,1.36238,-2.99573,0.00236407,0.00236407,0.00236407,0.176292,False,tv,sound_similarity,0,0.1,0.240691,0,0.1,0.118506,0,0.1,0.271224,0,0.1,0.145343,0,0.1,0.1565,0,0.1,0.265081,0,0.1,0.144166,0,0.1,0.233515,0,0.1,0.187891,0,0.1,0
1,6.75,0.958814,-2.99573,0.00236407,0.00236407,0.00236407,0.176292,False,tv,sound_similarity,0,0.1,0.240691,0,0.1,0.118506,0,0.1,0.271224,0,0.1,0.145343,0,0.1,0.1565,0,0.1,0.265081,0,0.1,0.144166,0,0.1,0.233515,0,0.1,0.187891,0,0.1,0
0.75,6.75,0.799026,-2.99573,0.00236407,0.00236407,0.00236407,0.176292,False,tv,sound_similarity,0,0.1,0.240691,0,0.1,0.118506,0,0.1,0.271224,0,0.1,0.145343,0,0.1,0.1565,0,0.1,0.265081,0,0.1,0.144166,0,0.1,0.233515,0,0.1,0.187891,0,0.1,0
0.5,6.75,0.694666,-2.99573,0.00236407,0.00236407,0.00236407,0.176292,False,tv,sound_similarity,0,0.1,0.240691,0,0.1,0.118506,0,0.1,0.271224,0,0.1,0.145343,0,0.1,0.1565,0,0.1,0.265081,0,0.1,0.144166,0,0.1,0.233515,0,0.1,0.187891,0,0.1,0
0.25,6.75,0.672071,-2.99573,0.00236407,0.00236407,0.00236407,0.176292,False,tv,sound_similarity,0,0.1,0.240691,0,0.1,0.118506,0,0.1,0.271224,0,0.1,0.145343,0,0.1,0.1565,0,0.1,0.265081,0,0.1,0.144166,0,0.1,0.233515,0,0.1,0.187891,0,0.1,0
0,6.75,0.738781,-2.99573,0.00236407,0.00236407,0.00236407,0.176292,False,tv,sound_similarity,0,0.1,0.240691,0,0.1,0.118506,0,0.1,0.271224,0,0.1,0.145343,0,0.1,0.1565,0,0.1,0.265081,0,0.1,0.144166,0,0.1,0.233515,0,0.1,0.187891,0,0.1,0
-0.25,6.75,0.874595,-2.99573,0.00236407,0.00236407,0.00236407,0.176292,False,tv,sound_similarity,0,0.1,0.240691,0,0.1,0.118506,0,0.1,0.271224,0,0.1,0.145343,0,0.1,0.1565,0,0.1,0.265081,0,0.1,0.144166,0,0.1,0.233515,0,0.1,0.187891,0,0.1,0
0.75,4.75,1.40074,-2.99555,0.00236407,0.00236407,0.00236407,0.204903,True,refrigerator,sound_similarity,0,0.05,0.240691,0,0.05,0.118506,0,0.05,0.271224,0,0.05,0.145343,0,0.05,0.1565,0,0.05,0.265081,0,0.05,0.144166,1,0.55,0.233515,0,0.05,0.187891,0,0.05,0
0.25,4.75,1.33241,-2.82386,0.00236407,0.00236407,0.00236407,0.117528,True,empty floor,sound_similarity,0,0.0666667,0.240691,0,0.0666667,0.118506,0,0.0666667,0.271224,0,0.0666667,0.145343,0,0.0666667,0.1565,0,0.0666667,0.265081,0,0.0666667,0.144166,0,0.0666667,0.233515,0,0.0666667,0.187891,0.5,0.4,0
-2,1.75,4.90997,-0.271739,0.00236407,0.00236407,0.00236407,0.117528,True,empty floor,sound_similarity,0,0.0666667,0.240691,0,0.0666667,0.118506,0,0.0666667,0.271224,0,0.0666667,0.145343,0,0.0666667,0.1565,0,0.0666667,0.265081,0,0.0666667,0.144166,0,0.0666667,0.233515,0,0.0666667,0.187891,0.5,0.4,0
-1.75,2.5,4.13278,-0.165225,0.00236407,0.00236407,0.00236407,0.117528,True,empty floor,sound_similarity,0,0.0666667,0.240691,0,0.0666667,0.118506,0,0.0666667,0.271224,0,0.0666667,0.145343,0,0.0666667,0.1565,0,0.0666667,0.265081,0,0.0666667,0.144166,0,0.0666667,0.233515,0,0.0666667,0.187891,0.5,0.4,0
0.25,2.75,3.33151,-2.88213,0.00236407,0.00236407,0.00236407,0.117528,True,empty floor,sound_similarity,0,0.0666667,0.240691,0,0.0666667,0.118506,0,0.0666667,0.271224,0,0.0666667,0.145343,0,0.0666667,0.1565,0,0.0666667,0.265081,0,0.0666667,0.144166,0,0.0666667,0.233515,0,0.0666667,0.187891,0.5,0.4,0
0,2.75,3.34561,-2.68049,0.00236407,0.00236407,0.00236407,0.117528,True,empty floor,sound_similarity,0,0.0666667,0.240691,0,0.0666667,0.118506,0,0.0666667,0.271224,0,0.0666667,0.145343,0,0.0666667,0.1565,0,0.0666667,0.265081,0,0.0666667,0.144166,0,0.0666667,0.233515,0,0.0666667,0.187891,0.5,0.4,0
-0.25,2.75,3.3782,-2.30862,0.00236407,0.00236407,0.00236407,0.117528,True,empty floor,sound_similarity,0,0.0666667,0.240691,0,0.0666667,0.118506,0,0.0666667,0.271224,0,0.0666667,0.145343,0,0.0666667,0.1565,0,0.0666667,0.265081,0,0.0666667,0.144166,0,0.0666667,0.233515,0,0.0666667,0.187891,0.5,0.4,0
-0.5,2.75,3.42875,-1.8135,0.00236407,0.00236407,0.00236407,0.117528,True,empty floor,sound_similarity,0,0.0666667,0.240691,0,0.0666667,0.118506,0,0.0666667,0.271224,0,0.0666667,0.145343,0,0.0666667,0.1565,0,0.0666667,0.265081,0,0.0666667,0.144166,0,0.0666667,0.233515,0,0.0666667,0.187891,0.5,0.4,0
-0.75,2.75,3.49649,-1.30119,0.00236407,0.00236407,0.00236407,0.117528,True,empty floor,sound_similarity,0,0.0666667,0.240691,0,0.0666667,0.118506,0,0.0666667,0.271224,0,0.0666667,0.145343,0,0.0666667,0.1565,0,0.0666667,0.265081,0,0.0666667,0.144166,0,0.0666667,0.233515,0,0.0666667,0.187891,0.5,0.4,0
-1,2.75,3.58044,-0.850678,0.00236407,0.00236407,0.00236407,0.117528,True,empty floor,sound_similarity,0,0.0666667,0.240691,0,0.0666667,0.118506,0,0.0666667,0.271224,0,0.0666667,0.145343,0,0.0666667,0.1565,0,0.0666667,0.265081,0,0.0666667,0.144166,0,0.0666667,0.233515,0,0.0666667,0.187891,0.5,0.4,0
-1.25,2.75,3.67949,-0.49591,0.00236407,0.00236407,0.00236407,0.117528,True,empty floor,sound_similarity,0,0.0666667,0.240691,0,0.0666667,0.118506,0,0.0666667,0.271224,0,0.0666667,0.145343,0,0.0666667,0.1565,0,0.0666667,0.265081,0,0.0666667,0.144166,0,0.0666667,0.233515,0,0.0666667,0.187891,0.5,0.4,0
-1.5,2.75,3.79247,-0.243062,0.00236407,0.00236407,0.00236407,0.117528,True,empty floor,sound_similarity,0,0.0666667,0.240691,0,0.0666667,0.118506,0,0.0666667,0.271224,0,0.0666667,0.145343,0,0.0666667,0.1565,0,0.0666667,0.265081,0,0.0666667,0.144166,0,0.0666667,0.233515,0,0.0666667,0.187891,0.5,0.4,0
-2,2.75,4.05537,-0.0106088,0.00236407,0.00236407,0.00236407,0.117528,True,empty floor,sound_similarity,0,0.0666667,0.240691,0,0.0666667,0.118506,0,0.0666667,0.271224,0,0.0666667,0.145343,0,0.0666667,0.1565,0,0.0666667,0.265081,0,0.0666667,0.144166,0,0.0666667,0.233515,0,0.0666667,0.187891,0.5,0.4,0
-2.25,2.75,4.20299,-0.00541767,0.00236407,0.00236407,0.00236407,0.117528,True,empty floor,sound_similarity,0,0.0666667,0.240691,0,0.0666667,0.118506,0,0.0666667,0.271224,0,0.0666667,0.145343,0,0.0666667,0.1565,0,0.0666667,0.265081,0,0.0666667,0.144166,0,0.0666667,0.233515,0,0.0666667,0.187891,0.5,0.4,0
2,2.5,3.95829,-2.99572,0.00236407,0.00236407,0.00236407,0.117528,True,empty floor,sound_similarity,0,0.0666667,0.240691,0,0.0666667,0.118506,0,0.0666667,0.271224,0,0.0666667,0.145343,0,0.0666667,0.1565,0,0.0666667,0.265081,0,0.0666667,0.144166,0,0.0666667,0.233515,0,0.0666667,0.187891,0.5,0.4,0
1.75,2.5,3.85839,-2.99569,0.00236407,0.00236407,0.00236407,0.117528,True,empty floor,sound_similarity,0,0.0666667,0.240691,0,0.0666667,0.118506,0,0.0666667,0.271224,0,0.0666667,0.145343,0,0.0666667,0.1565,0,0.0666667,0.265081,0,0.0666667,0.144166,0,0.0666667,0.233515,0,0.0666667,0.187891,0.5,0.4,0
1.5,2.5,3.77244,-2.99556,0.00236407,0.00236407,0.00236407,0.117528,True,empty floor,sound_similarity,0,0.0666667,0.240691,0,0.0666667,0.118506,0,0.0666667,0.271224,0,0.0666667,0.145343,0,0.0666667,0.1565,0,0.0666667,0.265081,0,0.0666667,0.144166,0,0.0666667,0.233515,0,0.0666667,0.187891,0.5,0.4,0
1.25,2.5,3.70141,-2.99504,0.00236407,0.00236407,0.00236407,0.117528,True,empty floor,sound_similarity,0,0.0666667,0.240691,0,0.0666667,0.118506,0,0.0666667,0.271224,0,0.0666667,0.145343,0,0.0666667,0.1565,0,0.0666667,0.265081,0,0.0666667,0.144166,0,0.0666667,0.233515,0,0.0666667,0.187891,0.5,0.4,0
1,2.5,3.64617,-2.99298,0.00236407,0.00236407,0.00236407,0.117528,True,empty floor,sound_similarity,0,0.0666667,0.240691,0,0.0666667,0.118506,0,0.0666667,0.271224,0,0.0666667,0.145343,0,0.0666667,0.1565,0,0.0666667,0.265081,0,0.0666667,0.144166,0,0.0666667,0.233515,0,0.0666667,0.187891,0.5,0.4,0
0.75,2.5,3.60745,-2.98535,0.00236407,0.00236407,0.00236407,0.117528,True,empty floor,sound_similarity,0,0.0666667,0.240691,0,0.0666667,0.118506,0,0.0666667,0.271224,0,0.0666667,0.145343,0,0.0666667,0.1565,0,0.0666667,0.265081,0,0.0666667,0.144166,0,0.0666667,0.233515,0,0.0666667,0.187891,0.5,0.4,0
0.5,2.5,3.58578,-2.95964,0.00236407,0.00236407,0.00236407,0.117528,True,empty floor,sound_similarity,0,0.0666667,0.240691,0,0.0666667,0.118506,0,0.0666667,0.271224,0,0.0666667,0.145343,0,0.0666667,0.1565,0,0.0666667,0.265081,0,0.0666667,0.144166,0,0.0666667,0.233515,0,0.0666667,0.187891,0.5,0.4,0
0.25,2.5,3.58147,-2.88437,0.00236407,0.00236407,0.00236407,0.117528,True,empty floor,sound_similarity,0,0.0666667,0.240691,0,0.0666667,0.118506,0,0.0666667,0.271224,0,0.0666667,0.145343,0,0.0666667,0.1565,0,0.0666667,0.265081,0,0.0666667,0.144166,0,0.0666667,0.233515,0,0.0666667,0.187891,0.5,0.4,0
0,2.5,3.59458,-2.70475,0.00236407,0.00236407,0.00236407,0.117528,True,empty floor,sound_similarity,0,0.0666667,0.240691,0,0.0666667,0.118506,0,0.0666667,0.271224,0,0.0666667,0.145343,0,0.0666667,0.1565,0,0.0666667,0.265081,0,0.0666667,0.144166,0,0.0666667,0.233515,0,0.0666667,0.187891,0.5,0.4,0
-0.25,2.5,3.62494,-2.3777,0.00236407,0.00236407,0.00236407,0.117528,True,empty floor,sound_similarity,0,0.0666667,0.240691,0,0.0666667,0.118506,0,0.0666667,0.271224,0,0.0666667,0.145343,0,0.0666667,0.1565,0,0.0666667,0.265081,0,0.0666667,0.144166,0,0.0666667,0.233515,0,0.0666667,0.187891,0.5,0.4,0
-0.5,2.5,3.67209,-1.93124,0.00236407,0.00236407,0.00236407,0.117528,True,empty floor,sound_similarity,0,0.0666667,0.240691,0,0.0666667,0.118506,0,0.0666667,0.271224,0,0.0666667,0.145343,0,0.0666667,0.1565,0,0.0666667,0.265081,0,0.0666667,0.144166,0,0.0666667,0.233515,0,0.0666667,0.187891,0.5,0.4,0
-0.75,2.5,3.73542,-1.44945,0.00236407,0.00236407,0.00236407,0.117528,True,empty floor,sound_similarity,0,0.0666667,0.240691,0,0.0666667,0.118506,0,0.0666667,0.271224,0,0.0666667,0.145343,0,0.0666667,0.1565,0,0.0666667,0.265081,0,0.0666667,0.144166,0,0.0666667,0.233515,0,0.0666667,0.187891,0.5,0.4,0
-1,2.5,3.81412,-1.00577,0.00236407,0.00236407,0.00236407,0.117528,True,empty floor,sound_similarity,0,0.0666667,0.240691,0,0.0666667,0.118506,0,0.0666667,0.271224,0,0.0666667,0.145343,0,0.0666667,0.1565,0,0.0666667,0.265081,0,0.0666667,0.144166,0,0.0666667,0.233515,0,0.0666667,0.187891,0.5,0.4,0
0.5,2.75,3.33614,-2.96198,0.00236407,0.00236407,0.00236407,0.117528,True,empty floor,sound_similarity,0,0.0666667,0.240691,0,0.0666667,0.118506,0,0.0666667,0.271224,0,0.0666667,0.145343,0,0.0666667,0.1565,0,0.0666667,0.265081,0,0.0666667,0.144166,0,0.0666667,0.233515,0,0.0666667,0.187891,0.5,0.4,0
1.5,2.75,3.53601,-2.99563,0.00236407,0.00236407,0.00236407,0.117528,True,empty floor,sound_similarity,0,0.0666667,0.240691,0,0.0666667,0.118506,0,0.0666667,0.271224,0,0.0666667,0.145343,0,0.0666667,0.1565,0,0.0666667,0.265081,0,0.0666667,0.144166,0,0.0666667,0.233515,0,0.0666667,0.187891,0.5,0.4,0
1.75,2.75,3.62757,-2.99571,0.00236407,0.00236407,0.00236407,0.117528,True,empty floor,sound_similarity,0,0.0666667,0.240691,0,0.0666667,0.118506,0,0.0666667,0.271224,0,0.0666667,0.145343,0,0.0666667,0.1565,0,0.0666667,0.265081,0,0.0666667,0.144166,0,0.0666667,0.233515,0,0.0666667,0.187891,0.5,0.4,0
0.75,3,3.11172,-2.98856,0.00236407,0.00236407,0.00236407,0.117528,True,empty floor,sound_similarity,0,0.0666667,0.240691,0,0.0666667,0.118506,0,0.0666667,0.271224,0,0.0666667,0.145343,0,0.0666667,0.1565,0,0.0666667,0.265081,0,0.0666667,0.144166,0,0.0666667,0.233515,0,0.0666667,0.187891,0.5,0.4,0
-1,3.25,3.12068,-0.518089,0.00236407,0.00236407,0.00236407,0.117528,True,empty floor,sound_similarity,0,0.0666667,0.240691,0,0.0666667,0.118506,0,0.0666667,0.271224,0,0.0666667,0.145343,0,0.0666667,0.1565,0,0.0666667,0.265081,0,0.0666667,0.144166,0,0.0666667,0.233515,0,0.0666667,0.187891,0.5,0.4,0
-1.25,3.25,3.23385,-0.222328,0.00236407,0.00236407,0.00236407,0.117528,True,empty floor,sound_similarity,0,0.0666667,0.240691,0,0.0666667,0.118506,0,0.0666667,0.271224,0,0.0666667,0.145343,0,0.0666667,0.1565,0,0.0666667,0.265081,0,0.0666667,0.144166,0,0.0666667,0.233515,0,0.0666667,0.187891,0.5,0.4,0
-1.5,3.25,3.36183,-0.0565034,0.00236407,0.00236407,0.00236407,0.117528,True,empty floor,sound_similarity,0,0.0666667,0.240691,0,0.0666667,0.118506,0,0.0666667,0.271224,0,0.0666667,0.145343,0,0.0666667,0.1565,0,0.0666667,0.265081,0,0.0666667,0.144166,0,0.0666667,0.233515,0,0.0666667,0.187891,0.5,0.4,0
-2,3.25,3.65583,-0.0320798,0.00236407,0.00236407,0.00236407,0.117528,True,empty floor,sound_similarity,0,0.0666667,0.240691,0,0.0666667,0.118506,0,0.0666667,0.271224,0,0.0666667,0.145343,0,0.0666667,0.1565,0,0.0666667,0.265081,0,0.0666667,0.144166,0,0.0666667,0.233515,0,0.0666667,0.187891,0.5,0.4,0
-2.25,3.25,3.81893,-0.130806,0.00236407,0.00236407,0.00236407,0.117528,True,empty floor,sound_similarity,0,0.0666667,0.240691,0,0.0666667,0.118506,0,0.0666667,0.271224,0,0.0666667,0.145343,0,0.0666667,0.1565,0,0.0666667,0.265081,0,0.0666667,0.144166,0,0.0666667,0.233515,0,0.0666667,0.187891,0.5,0.4,0
2,3,3.51243,-2.99573,0.00236407,0.00236407,0.00236407,0.117528,True,empty floor,sound_similarity,0,0.0666667,0.240691,0,0.0666667,0.118506,0,0.0666667,0.271224,0,0.0666667,0.145343,0,0.0666667,0.1565,0,0.0666667,0.265081,0,0.0666667,0.144166,0,0.0666667,0.233515,0,0.0666667,0.187891,0.5,0.4,0
1.75,3,3.39946,-2.99572,0.00236407,0.00236407,0.00236407,0.117528,True,empty floor,sound_similarity,0,0.0666667,0.240691,0,0.0666667,0.118506,0,0.0666667,0.271224,0,0.0666667,0.145343,0,0.0666667,0.1565,0,0.0666667,0.265081,0,0.0666667,0.144166,0,0.0666667,0.233515,0,0.0666667,0.187891,0.5,0.4,0
1.5,3,3.30158,-2.99568,0.00236407,0.00236407,0.00236407,0.117528,True,empty floor,sound_similarity,0,0.0666667,0.240691,0,0.0666667,0.118506,0,0.0666667,0.271224,0,0.0666667,0.145343,0,0.0666667,0.1565,0,0.0666667,0.265081,0,0.0666667,0.144166,0,0.0666667,0.233515,0,0.0666667,0.187891,0.5,0.4,0
1.25,3,3.22018,-2.99544,0.00236407,0.00236407,0.00236407,0.117528,True,empty floor,sound_similarity,0,0.0666667,0.240691,0,0.0666667,0.118506,0,0.0666667,0.271224,0,0.0666667,0.145343,0,0.0666667,0.1565,0,0.0666667,0.265081,0,0.0666667,0.144166,0,0.0666667,0.233515,0,0.0666667,0.187891,0.5,0.4,0
1,3,3.15653,-2.99424,0.00236407,0.00236407,0.00236407,0.117528,True,empty floor,sound_similarity,0,0.0666667,0.240691,0,0.0666667,0.118506,0,0.0666667,0.271224,0,0.0666667,0.145343,0,0.0666667,0.1565,0,0.0666667,0.265081,0,0.0666667,0.144166,0,0.0666667,0.233515,0,0.0666667,0.187891,0.5,0.4,0
0.5,3,3.08657,-2.96453,0.00236407,0.00236407,0.00236407,0.117528,True,empty floor,sound_similarity,0,0.0666667,0.240691,0,0.0666667,0.118506,0,0.0666667,0.271224,0,0.0666667,0.145343,0,0.0666667,0.1565,0,0.0666667,0.265081,0,0.0666667,0.144166,0,0.0666667,0.233515,0,0.0666667,0.187891,0.5,0.4,0
2,2.75,3.73365,-2.99573,0.00236407,0.00236407,0.00236407,0.117528,True,empty floor,sound_similarity,0,0.0666667,0.240691,0,0.0666667,0.118506,0,0.0666667,0.271224,0,0.0666667,0.145343,0,0.0666667,0.1565,0,0.0666667,0.265081,0,0.0666667,0.144166,0,0.0666667,0.233515,0,0.0666667,0.187891,0.5,0.4,0
0.25,3,3.08156,-2.87947,0.00236407,0.00236407,0.00236407,0.117528,True,empty floor,sound_similarity,0,0.0666667,0.240691,0,0.0666667,0.118506,0,0.0666667,0.271224,0,0.0666667,0.145343,0,0.0666667,0.1565,0,0.0666667,0.265081,0,0.0666667,0.144166,0,0.0666667,0.233515,0,0.0666667,0.187891,0.5,0.4,0
0,3,3.09679,-2.65056,0.00236407,0.00236407,0.00236407,0.117528,True,empty floor,sound_similarity,0,0.0666667,0.240691,0,0.0666667,0.118506,0,0.0666667,0.271224,0,0.0666667,0.145343,0,0.0666667,0.1565,0,0.0666667,0.265081,0,0.0666667,0.144166,0,0.0666667,0.233515,0,0.0666667,0.187891,0.5,0.4,0
-0.25,3,3.13197,-2.22435,0.00236407,0.00236407,0.00236407,0.117528,True,empty floor,sound_similarity,0,0.0666667,0.240691,0,0.0666667,0.118506,0,0.0666667,0.271224,0,0.0666667,0.145343,0,0.0666667,0.1565,0,0.0666667,0.265081,0,0.0666667,0.144166,0,0.0666667,0.233515,0,0.0666667,0.187891,0.5,0.4,0
-0.5,3,3.18643,-1.67582,0.00236407,0.00236407,0.00236407,0.117528,True,empty floor,sound_similarity,0,0.0666667,0.240691,0,0.0666667,0.118506,0,0.0666667,0.271224,0,0.0666667,0.145343,0,0.0666667,0.1565,0,0.0666667,0.265081,0,0.0666667,0.144166,0,0.0666667,0.233515,0,0.0666667,0.187891,0.5,0.4,0
-0.75,3,3.25922,-1.13621,0.00236407,0.00236407,0.00236407,0.117528,True,empty floor,sound_similarity,0,0.0666667,0.240691,0,0.0666667,0.118506,0,0.0666667,0.271224,0,0.0666667,0.145343,0,0.0666667,0.1565,0,0.0666667,0.265081,0,0.0666667,0.144166,0,0.0666667,0.233515,0,0.0666667,0.187891,0.5,0.4,0
-1,3,3.34912,-0.68696,0.00236407,0.00236407,0.00236407,0.117528,True,empty floor,sound_similarity,0,0.0666667,0.240691,0,0.0666667,0.118506,0,0.0666667,0.271224,0,0.0666667,0.145343,0,0.0666667,0.1565,0,0.0666667,0.265081,0,0.0666667,0.144166,0,0.0666667,0.233515,0,0.0666667,0.187891,0.5,0.4,0
-1.25,3,3.45481,-0.355121,0.00236407,0.00236407,0.00236407,0.117528,True,empty floor,sound_similarity,0,0.0666667,0.240691,0,0.0666667,0.118506,0,0.0666667,0.271224,0,0.0666667,0.145343,0,0.0666667,0.1565,0,0.0666667,0.265081,0,0.0666667,0.144166,0,0.0666667,0.233515,0,0.0666667,0.187891,0.5,0.4,0
-1.5,3,3.57489,-0.139415,0.00236407,0.00236407,0.00236407,0.117528,True,empty floor,sound_similarity,0,0.0666667,0.240691,0,0.0666667,0.118506,0,0.0666667,0.271224,0,0.0666667,0.145343,0,0.0666667,0.1565,0,0.0666667,0.265081,0,0.0666667,0.144166,0,0.0666667,0.233515,0,0.0666667,0.187891,0.5,0.4,0
-2,3,3.85267,-0.000947269,0.00236407,0.00236407,0.00236407,0.117528,True,empty floor,sound_similarity,0,0.0666667,0.240691,0,0.0666667,0.118506,0,0.0666667,0.271224,0,0.0666667,0.145343,0,0.0666667,0.1565,0,0.0666667,0.265081,0,0.0666667,0.144166,0,0.0666667,0.233515,0,0.0666667,0.187891,0.5,0.4,0
-2.25,3,4.00777,-0.0445081,0.00236407,0.00236407,0.00236407,0.117528,True,empty floor,sound_similarity,0,0.0666667,0.240691,0,0.0666667,0.118506,0,0.0666667,0.271224,0,0.0666667,0.145343,0,0.0666667,0.1565,0,0.0666667,0.265081,0,0.0666667,0.144166,0,0.0666667,0.233515,0,0.0666667,0.187891,0.5,0.4,0
-1.5,2.5,4.01382,-0.358594,0.00236407,0.00236407,0.00236407,0.117528,True,empty floor,sound_similarity,0,0.0666667,0.240691,0,0.0666667,0.118506,0,0.0666667,0.271224,0,0.0666667,0.145343,0,0.0666667,0.1565,0,0.0666667,0.265081,0,0.0666667,0.144166,0,0.0666667,0.233515,0,0.0666667,0.187891,0.5,0.4,0
-2,2.5,4.2631,-0.0500597,0.00236407,0.00236407,0.00236407,0.117528,True,empty floor,sound_similarity,0,0.0666667,0.240691,0,0.0666667,0.118506,0,0.0666667,0.271224,0,0.0666667,0.145343,0,0.0666667,0.1565,0,0.0666667,0.265081,0,0.0666667,0.144166,0,0.0666667,0.233515,0,0.0666667,0.187891,0.5,0.4,0
-0.5,3.25,2.9454,-1.51504,0.00236407,0.00236407,0.00236407,0.117528,True,empty floor,sound_similarity,0,0.0666667,0.240691,0,0.0666667,0.118506,0,0.0666667,0.271224,0,0.0666667,0.145343,0,0.0666667,0.1565,0,0.0666667,0.265081,0,0.0666667,0.144166,0,0.0666667,0.233515,0,0.0666667,0.187891,0.5,0.4,0
-2.25,2.5,4.40376,-0.00265529,0.00236407,0.00236407,0.00236407,0.117528,True,empty floor,sound_similarity,0,0.0666667,0.240691,0,0.0666667,0.118506,0,0.0666667,0.271224,0,0.0666667,0.145343,0,0.0666667,0.1565,0,0.0666667,0.265081,0,0.0666667,0.144166,0,0.0666667,0.233515,0,0.0666667,0.187891,0.5,0.4,0
-0.75,2,4.21714,-1.69958,0.00236407,0.00236407,0.00236407,0.117528,True,empty floor,sound_similarity,0,0.0666667,0.240691,0,0.0666667,0.118506,0,0.0666667,0.271224,0,0.0666667,0.145343,0,0.0666667,0.1565,0,0.0666667,0.265081,0,0.0666667,0.144166,0,0.0666667,0.233515,0,0.0666667,0.187891,0.5,0.4,0
-1,2,4.28701,-1.28426,0.00236407,0.00236407,0.00236407,0.117528,True,empty floor,sound_similarity,0,0.0666667,0.240691,0,0.0666667,0.118506,0,0.0666667,0.271224,0,0.0666667,0.145343,0,0.0666667,0.1565,0,0.0666667,0.265081,0,0.0666667,0.144166,0,0.0666667,0.233515,0,0.0666667,0.187891,0.5,0.4,0
-1.25,2,4.37007,-0.91223,0.00236407,0.00236407,0.00236407,0.117528,True,empty floor,sound_similarity,0,0.0666667,0.240691,0,0.0666667,0.118506,0,0.0666667,0.271224,0,0.0666667,0.145343,0,0.0666667,0.1565,0,0.0666667,0.265081,0,0.0666667,0.144166,0,0.0666667,0.233515,0,0.0666667,0.187891,0.5,0.4,0
-1.5,2,4.46561,-0.602648,0.00236407,0.00236407,0.00236407,0.117528,True,empty floor,sound_similarity,0,0.0666667,0.240691,0,0.0666667,0.118506,0,0.0666667,0.271224,0,0.0666667,0.145343,0,0.0666667,0.1565,0,0.0666667,0.265081,0,0.0666667,0.144166,0,0.0666667,0.233515,0,0.0666667,0.187891,0.5,0.4,0
-1.75,2,4.57283,-0.361229,0.00236407,0.00236407,0.00236407,0.117528,True,empty floor,sound_similarity,0,0.0666667,0.240691,0,0.0666667,0.118506,0,0.0666667,0.271224,0,0.0666667,0.145343,0,0.0666667,0.1565,0,0.0666667,0.265081,0,0.0666667,0.144166,0,0.0666667,0.233515,0,0.0666667,0.187891,0.5,0.4,0
-2,2,4.69094,-0.186335,0.00236407,0.00236407,0.00236407,0.117528,True,empty floor,sound_similarity,0,0.0666667,0.240691,0,0.0666667,0.118506,0,0.0666667,0.271224,0,0.0666667,0.145343,0,0.0666667,0.1565,0,0.0666667,0.265081,0,0.0666667,0.144166,0,0.0666667,0.233515,0,0.0666667,0.187891,0.5,0.4,0
-2.25,2,4.81913,-0.0726734,0.00236407,0.00236407,0.00236407,0.117528,True,empty floor,sound_similarity,0,0.0666667,0.240691,0,0.0666667,0.118506,0,0.0666667,0.271224,0,0.0666667,0.145343,0,0.0666667,0.1565,0,0.0666667,0.265081,0,0.0666667,0.144166,0,0.0666667,0.233515,0,0.0666667,0.187891,0.5,0.4,0
2,1.75,4.64779,-2.99568,0.00236407,0.00236407,0.00236407,0.117528,True,empty floor,sound_similarity,0,0.0666667,0.240691,0,0.0666667,0.118506,0,0.0666667,0.271224,0,0.0666667,0.145343,0,0.0666667,0.1565,0,0.0666667,0.265081,0,0.0666667,0.144166,0,0.0666667,0.233515,0,0.0666667,0.187891,0.5,0.4,0
1.75,1.75,4.56301,-2.99556,0.00236407,0.00236407,0.00236407,0.117528,True,empty floor,sound_similarity,0,0.0666667,0.240691,0,0.0666667,0.118506,0,0.0666667,0.271224,0,0.0666667,0.145343,0,0.0666667,0.1565,0,0.0666667,0.265081,0,0.0666667,0.144166,0,0.0666667,0.233515,0,0.0666667,0.187891,0.5,0.4,0
1.5,1.75,4.49057,-2.99519,0.00236407,0.00236407,0.00236407,0.117528,True,empty floor,sound_similarity,0,0.0666667,0.240691,0,0.0666667,0.118506,0,0.0666667,0.271224,0,0.0666667,0.145343,0,0.0666667,0.1565,0,0.0666667,0.265081,0,0.0666667,0.144166,0,0.0666667,0.233515,0,0.0666667,0.187891,0.5,0.4,0
1.25,1.75,4.43106,-2.99403,0.00236407,0.00236407,0.00236407,0.117528,True,empty floor,sound_similarity,0,0.0666667,0.240691,0,0.0666667,0.118506,0,0.0666667,0.271224,0,0.0666667,0.145343,0,0.0666667,0.1565,0,0.0666667,0.265081,0,0.0666667,0.144166,0,0.0666667,0.233515,0,0.0666667,0.187891,0.5,0.4,0
1,1.75,4.38502,-2.99051,0.00236407,0.00236407,0.00236407,0.117528,True,empty floor,sound_similarity,0,0.0666667,0.240691,0,0.0666667,0.118506,0,0.0666667,0.271224,0,0.0666667,0.145343,0,0.0666667,0.1565,0,0.0666667,0.265081,0,0.0666667,0.144166,0,0.0666667,0.233515,0,0.0666667,0.187891,0.5,0.4,0
0.75,1.75,4.35288,-2.98044,0.00236407,0.00236407,0.00236407,0.0881459,True,empty floor,sound_similarity,0,0.05,0.240691,0,0.05,0.118506,0,0.05,0.271224,0,0.05,0.145343,0,0.05,0.1565,0,0.05,0.265081,0,0.05,0.144166,0,0.05,0.233515,0,0.05,0.187891,1,0.55,0
0.5,1.75,4.33494,-2.95366,0.00236407,0.00236407,0.00236407,0.117528,True,empty floor,sound_similarity,0,0.0666667,0.240691,0,0.0666667,0.118506,0,0.0666667,0.271224,0,0.0666667,0.145343,0,0.0666667,0.1565,0,0.0666667,0.265081,0,0.0666667,0.144166,0,0.0666667,0.233515,0,0.0666667,0.187891,0.5,0.4,0
0.25,1.75,4.33137,-2.8894,0.00236407,0.00236407,0.00236407,0.117528,True,empty floor,sound_similarity,0,0.0666667,0.240691,0,0.0666667,0.118506,0,0.0666667,0.271224,0,0.0666667,0.145343,0,0.0666667,0.1565,0,0.0666667,0.265081,0,0.0666667,0.144166,0,0.0666667,0.233515,0,0.0666667,0.187891,0.5,0.4,0
0,1.75,4.34222,-2.75554,0.00236407,0.00236407,0.00236407,0.117528,True,empty floor,sound_similarity,0,0.0666667,0.240691,0,0.0666667,0.118506,0,0.0666667,0.271224,0,0.0666667,0.145343,0,0.0666667,0.1565,0,0.0666667,0.265081,0,0.0666667,0.144166,0,0.0666667,0.233515,0,0.0666667,0.187891,0.5,0.4,0
-0.25,1.75,4.36738,-2.52297,0.00236407,0.00236407,0.00236407,0.117528,True,empty floor,sound_similarity,0,0.0666667,0.240691,0,0.0666667,0.118506,0,0.0666667,0.271224,0,0.0666667,0.145343,0,0.0666667,0.1565,0,0.0666667,0.265081,0,0.0666667,0.144166,0,0.0666667,0.233515,0,0.0666667,0.187891,0.5,0.4,0
-0.5,1.75,4.4066,-2.19296,0.00236407,0.00236407,0.00236407,0.117528,True,empty floor,sound_similarity,0,0.0666667,0.240691,0,0.0666667,0.118506,0,0.0666667,0.271224,0,0.0666667,0.145343,0,0.0666667,0.1565,0,0.0666667,0.265081,0,0.0666667,0.144166,0,0.0666667,0.233515,0,0.0666667,0.187891,0.5,0.4,0
-0.75,1.75,4.45951,-1.80412,0.00236407,0.00236407,0.00236407,0.117528,True,empty floor,sound_similarity,0,0.0666667,0.240691,0,0.0666667,0.118506,0,0.0666667,0.271224,0,0.0666667,0.145343,0,0.0666667,0.1565,0,0.0666667,0.265081,0,0.0666667,0.144166,0,0.0666667,0.233515,0,0.0666667,0.187891,0.5,0.4,0
-1,1.75,4.52564,-1.40699,0.00236407,0.00236407,0.00236407,0.117528,True,empty floor,sound_similarity,0,0.0666667,0.240691,0,0.0666667,0.118506,0,0.0666667,0.271224,0,0.0666667,0.145343,0,0.0666667,0.1565,0,0.0666667,0.265081,0,0.0666667,0.144166,0,0.0666667,0.233515,0,0.0666667,0.187891,0.5,0.4,0
-1.25,1.75,4.6044,-1.03995,0.00236407,0.00236407,0.00236407,0.117528,True,empty floor,sound_similarity,0,0.0666667,0.240691,0,0.0666667,0.118506,0,0.0666667,0.271224,0,0.0666667,0.145343,0,0.0666667,0.1565,0,0.0666667,0.265081,0,0.0666667,0.144166,0,0.0666667,0.233515,0,0.0666667,0.187891,0.5,0.4,0
-1.5,1.75,4.69517,-0.724074,0.00236407,0.00236407,0.00236407,0.117528,True,empty floor,sound_similarity,0,0.0666667,0.240691,0,0.0666667,0.118506,0,0.0666667,0.271224,0,0.0666667,0.145343,0,0.0666667,0.1565,0,0.0666667,0.265081,0,0.0666667,0.144166,0,0.0666667,0.233515,0,0.0666667,0.187891,0.5,0.4,0
-1.75,1.75,4.79726,-0.467725,0.00236407,0.00236407,0.00236407,0.117528,True,empty floor,sound_similarity,0,0.0666667,0.240691,0,0.0666667,0.118506,0,0.0666667,0.271224,0,0.0666667,0.145343,0,0.0666667,0.1565,0,0.0666667,0.265081,0,0.0666667,0.144166,0,0.0666667,0.233515,0,0.0666667,0.187891,0.5,0.4,0
-0.5,2,4.16115,-2.11851,0.00236407,0.00236407,0.00236407,0.117528,True,empty floor,sound_similarity,0,0.0666667,0.240691,0,0.0666667,0.118506,0,0.0666667,0.271224,0,0.0666667,0.145343,0,0.0666667,0.1565,0,0.0666667,0.265081,0,0.0666667,0.144166,0,0.0666667,0.233515,0,0.0666667,0.187891,0.5,0.4,0
-0.25,2,4.1196,-2.48267,0.00236407,0.00236407,0.00236407,0.117528,True,empty floor,sound_similarity,0,0.0666667,0.240691,0,0.0666667,0.118506,0,0.0666667,0.271224,0,0.0666667,0.145343,0,0.0666667,0.1565,0,0.0666667,0.265081,0,0.0666667,0.144166,0,0.0666667,0.233515,0,0.0666667,0.187891,0.5,0.4,0
0.75,2,4.10422,-2.98207,0.00236407,0.00236407,0.00236407,0.0881459,True,empty floor,sound_similarity,0,0.05,0.240691,0,0.05,0.118506,0,0.05,0.271224,0,0.05,0.145343,0,0.05,0.1565,0,0.05,0.265081,0,0.05,0.144166,0,0.05,0.233515,0,0.05,0.187891,1,0.55,0
-0.5,2.25,3.91628,-2.03204,0.00236407,0.00236407,0.00236407,0.117528,True,empty floor,sound_similarity,0,0.0666667,0.240691,0,0.0666667,0.118506,0,0.0666667,0.271224,0,0.0666667,0.145343,0,0.0666667,0.1565,0,0.0666667,0.265081,0,0.0666667,0.144166,0,0.0666667,0.233515,0,0.0666667,0.187891,0.5,0.4,0
2,2.25,4.18581,-2.99571,0.00236407,0.00236407,0.00236407,0.117528,True,empty floor,sound_similarity,0,0.0666667,0.240691,0,0.0666667,0.118506,0,0.0666667,0.271224,0,0.0666667,0.145343,0,0.0666667,0.1565,0,0.0666667,0.265081,0,0.0666667,0.144166,0,0.0666667,0.233515,0,0.0666667,0.187891,0.5,0.4,0
1.75,2.25,4.09147,-2.99566,0.00236407,0.00236407,0.00236407,0.117528,True,empty floor,sound_similarity,0,0.0666667,0.240691,0,0.0666667,0.118506,0,0.0666667,0.271224,0,0.0666667,0.145343,0,0.0666667,0.1565,0,0.0666667,0.265081,0,0.0666667,0.144166,0,0.0666667,0.233515,0,0.0666667,0.187891,0.5,0.4,0
1.5,2.25,4.01052,-2.99547,0.00236407,0.00236407,0.00236407,0.117528,True,empty floor,sound_similarity,0,0.0666667,0.240691,0,0.0666667,0.118506,0,0.0666667,0.271224,0,0.0666667,0.145343,0,0.0666667,0.1565,0,0.0666667,0.265081,0,0.0666667,0.144166,0,0.0666667,0.233515,0,0.0666667,0.187891,0.5,0.4,0
1.25,2.25,3.94378,-2.99476,0.00236407,0.00236407,0.00236407,0.117528,True,empty floor,sound_similarity,0,0.0666667,0.240691,0,0.0666667,0.118506,0,0.0666667,0.271224,0,0.0666667,0.145343,0,0.0666667,0.1565,0,0.0666667,0.265081,0,0.0666667,0.144166,0,0.0666667,0.233515,0,0.0666667,0.187891,0.5,0.4,0
1,2.25,3.89198,-2.99222,0.00236407,0.00236407,0.00236407,0.117528,True,empty floor,sound_similarity,0,0.0666667,0.240691,0,0.0666667,0.118506,0,0.0666667,0.271224,0,0.0666667,0.145343,0,0.0666667,0.1565,0,0.0666667,0.265081,0,0.0666667,0.144166,0,0.0666667,0.233515,0,0.0666667,0.187891,0.5,0.4,0
0.75,2.25,3.85573,-2.98371,0.00236407,0.00236407,0.00236407,0.0881459,True,empty floor,sound_similarity,0,0.05,0.240691,0,0.05,0.118506,0,0.05,0.271224,0,0.05,0.145343,0,0.05,0.1565,0,0.05,0.265081,0,0.05,0.144166,0,0.05,0.233515,0,0.05,0.187891,1,0.55,0
0.5,2.25,3.83546,-2.95748,0.00236407,0.00236407,0.00236407,0.117528,True,empty floor,sound_similarity,0,0.0666667,0.240691,0,0.0666667,0.118506,0,0.0666667,0.271224,0,0.0666667,0.145343,0,0.0666667,0.1565,0,0.0666667,0.265081,0,0.0666667,0.144166,0,0.0666667,0.233515,0,0.0666667,0.187891,0.5,0.4,0
0.25,2.25,3.83143,-2.88629,0.00236407,0.00236407,0.00236407,0.117528,True,empty floor,sound_similarity,0,0.0666667,0.240691,0,0.0666667,0.118506,0,0.0666667,0.271224,0,0.0666667,0.145343,0,0.0666667,0.1565,0,0.0666667,0.265081,0,0.0666667,0.144166,0,0.0666667,0.233515,0,0.0666667,0.187891,0.5,0.4,0
0,2.25,3.8437,-2.72473,0.00236407,0.00236407,0.00236407,0.117528,True,empty floor,sound_similarity,0,0.0666667,0.240691,0,0.0666667,0.118506,0,0.0666667,0.271224,0,0.0666667,0.145343,0,0.0666667,0.1565,0,0.0666667,0.265081,0,0.0666667,0.144166,0,0.0666667,0.233515,0,0.0666667,0.187891,0.5,0.4,0
-0.25,2.25,3.87209,-2.43489,0.00236407,0.00236407,0.00236407,0.117528,True,empty floor,sound_similarity,0,0.0666667,0.240691,0,0.0666667,0.118506,0,0.0666667,0.271224,0,0.0666667,0.145343,0,0.0666667,0.1565,0,0.0666667,0.265081,0,0.0666667,0.144166,0,0.0666667,0.233515,0,0.0666667,0.187891,0.5,0.4,0
-0.75,2.25,3.97572,-1.58183,0.00236407,0.00236407,0.00236407,0.117528,True,empty floor,sound_similarity,0,0.0666667,0.240691,0,0.0666667,0.118506,0,0.0666667,0.271224,0,0.0666667,0.145343,0,0.0666667,0.1565,0,0.0666667,0.265081,0,0.0666667,0.144166,0,0.0666667,0.233515,0,0.0666667,0.187891,0.5,0.4,0
1,2,4.13829,-2.9914,0.00236407,0.00236407,0.00236407,0.117528,True,empty floor,sound_similarity,0,0.0666667,0.240691,0,0.0666667,0.118506,0,0.0666667,0.271224,0,0.0666667,0.145343,0,0.0666667,0.1565,0,0.0666667,0.265081,0,0.0666667,0.144166,0,0.0666667,0.233515,0,0.0666667,0.187891,0.5,0.4,0
-1,2.25,4.04975,-1.15052,0.00236407,0.00236407,0.00236407,0.117528,True,empty floor,sound_similarity,0,0.0666667,0.240691,0,0.0666667,0.118506,0,0.0666667,0.271224,0,0.0666667,0.145343,0,0.0666667,0.1565,0,0.0666667,0.265081,0,0.0666667,0.144166,0,0.0666667,0.233515,0,0.0666667,0.187891,0.5,0.4,0
-1.25,2.25,4.13758,-0.777812,0.00236407,0.00236407,0.00236407,0.117528,True,empty floor,sound_similarity,0,0.0666667,0.240691,0,0.0666667,0.118506,0,0.0666667,0.271224,0,0.0666667,0.145343,0,0.0666667,0.1565,0,0.0666667,0.265081,0,0.0666667,0.144166,0,0.0666667,0.233515,0,0.0666667,0.187891,0.5,0.4,0
-1.5,2.25,4.23836,-0.479866,0.00236407,0.00236407,0.00236407,0.117528,True,empty floor,sound_similarity,0,0.0666667,0.240691,0,0.0666667,0.118506,0,0.0666667,0.271224,0,0.0666667,0.145343,0,0.0666667,0.1565,0,0.0666667,0.265081,0,0.0666667,0.144166,0,0.0666667,0.233515,0,0.0666667,0.187891,0.5,0.4,0
-1.75,2.25,4.35119,-0.259051,0.00236407,0.00236407,0.00236407,0.117528,True,empty floor,sound_similarity,0,0.0666667,0.240691,0,0.0666667,0.118506,0,0.0666667,0.271224,0,0.0666667,0.145343,0,0.0666667,0.1565,0,0.0666667,0.265081,0,0.0666667,0.144166,0,0.0666667,0.233515,0,0.0666667,0.187891,0.5,0.4,0
-2,2.25,4.47515,-0.1108,0.00236407,0.00236407,0.00236407,0.117528,True,empty floor,sound_similarity,0,0.0666667,0.240691,0,0.0666667,0.118506,0,0.0666667,0.271224,0,0.0666667,0.145343,0,0.0666667,0.1565,0,0.0666667,0.265081,0,0.0666667,0.144166,0,0.0666667,0.233515,0,0.0666667,0.187891,0.5,0.4,0
-2.25,2.25,4.60934,-0.0274114,0.00236407,0.00236407,0.00236407,0.117528,True,empty floor,sound_similarity,0,0.0666667,0.240691,0,0.0666667,0.118506,0,0.0666667,0.271224,0,0.0666667,0.145343,0,0.0666667,0.1565,0,0.0666667,0.265081,0,0.0666667,0.144166,0,0.0666667,0.233515,0,0.0666667,0.187891,0.5,0.4,0
2,2,4.41577,-2.9957,0.00236407,0.00236407,0.00236407,0.117528,True,empty floor,sound_similarity,0,0.0666667,0.240691,0,0.0666667,0.118506,0,0.0666667,0.271224,0,0.0666667,0.145343,0,0.0666667,0.1565,0,0.0666667,0.265081,0,0.0666667,0.144166,0,0.0666667,0.233515,0,0.0666667,0.187891,0.5,0.4,0
1.75,2,4.32644,-2.99562,0.00236407,0.00236407,0.00236407,0.117528,True,empty floor,sound_similarity,0,0.0666667,0.240691,0,0.0666667,0.118506,0,0.0666667,0.271224,0,0.0666667,0.145343,0,0.0666667,0.1565,0,0.0666667,0.265081,0,0.0666667,0.144166,0,0.0666667,0.233515,0,0.0666667,0.187891,0.5,0.4,0
1.5,2,4.24997,-2.99535,0.00236407,0.00236407,0.00236407,0.117528,True,empty floor,sound_similarity,0,0.0666667,0.240691,0,0.0666667,0.118506,0,0.0666667,0.271224,0,0.0666667,0.145343,0,0.0666667,0.1565,0,0.0666667,0.265081,0,0.0666667,0.144166,0,0.0666667,0.233515,0,0.0666667,0.187891,0.5,0.4,0
1.25,2,4.18705,-2.99442,0.00236407,0.00236407,0.00236407,0.117528,True,empty floor,sound_similarity,0,0.0666667,0.240691,0,0.0666667,0.118506,0,0.0666667,0.271224,0,0.0666667,0.145343,0,0.0666667,0.1565,0,0.0666667,0.265081,0,0.0666667,0.144166,0,0.0666667,0.233515,0,0.0666667,0.187891,0.5,0.4,0
-0.75,3.25,3.02399,-0.954534,0.00236407,0.00236407,0.00236407,0.117528,True,empty floor,sound_similarity,0,0.0666667,0.240691,0,0.0666667,0.118506,0,0.0666667,0.271224,0,0.0666667,0.145343,0,0.0666667,0.1565,0,0.0666667,0.265081,0,0.0666667,0.144166,0,0.0666667,0.233515,0,0.0666667,0.187891,0.5,0.4,0
-0.25,3.25,2.8864,-2.12061,0.00236407,0.00236407,0.00236407,0.117528,True,empty floor,sound_similarity,0,0.0666667,0.240691,0,0.0666667,0.118506,0,0.0666667,0.271224,0,0.0666667,0.145343,0,0.0666667,0.1565,0,0.0666667,0.265081,0,0.0666667,0.144166,0,0.0666667,0.233515,0,0.0666667,0.187891,0.5,0.4,0
0,4.75,1.36727,-1.87441,0.00236407,0.00236407,0.00236407,0.117528,True,empty floor,sound_similarity,0,0.0666667,0.240691,0,0.0666667,0.118506,0,0.0666667,0.271224,0,0.0666667,0.145343,0,0.0666667,0.1565,0,0.0666667,0.265081,0,0.0666667,0.144166,0,0.0666667,0.233515,0,0.0666667,0.187891,0.5,0.4,0
0,4,2.10435,-2.41568,0.00236407,0.00236407,0.00236407,0.117528,True,empty floor,sound_similarity,0,0.0666667,0.240691,0,0.0666667,0.118506,0,0.0666667,0.271224,0,0.0666667,0.145343,0,0.0666667,0.1565,0,0.0666667,0.265081,0,0.0666667,0.144166,0,0.0666667,0.233515,0,0.0666667,0.187891,0.5,0.4,0
1.5,4.25,2.18189,-2.99573,0.00236407,0.00236407,0.00236407,0.117528,True,empty floor,sound_similarity,0,0.0666667,0.240691,0,0.0666667,0.118506,0,0.0666667,0.271224,0,0.0666667,0.145343,0,0.0666667,0.1565,0,0.0666667,0.265081,0,0.0666667,0.144166,0,0.0666667,0.233515,0,0.0666667,0.187891,0.5,0.4,0
1.25,4.25,2.05664,-2.99573,0.00236407,0.00236407,0.00236407,0.117528,True,empty floor,sound_similarity,0,0.0666667,0.240691,0,0.0666667,0.118506,0,0.0666667,0.271224,0,0.0666667,0.145343,0,0.0666667,0.1565,0,0.0666667,0.265081,0,0.0666667,0.144166,0,0.0666667,0.233515,0,0.0666667,0.187891,0.5,0.4,0
1,4.25,1.95547,-2.99566,0.00236407,0.00236407,0.00236407,0.117528,True,empty floor,sound_similarity,0,0.0666667,0.240691,0,0.0666667,0.118506,0,0.0666667,0.271224,0,0.0666667,0.145343,0,0.0666667,0.1565,0,0.0666667,0.265081,0,0.0666667,0.144166,0,0.0666667,0.233515,0,0.0666667,0.187891,0.5,0.4,0
0.75,4.25,1.88228,-2.99464,0.00236407,0.00236407,0.00236407,0.117528,True,empty floor,sound_similarity,0,0.0666667,0.240691,0,0.0666667,0.118506,0,0.0666667,0.271224,0,0.0666667,0.145343,0,0.0666667,0.1565,0,0.0666667,0.265081,0,0.0666667,0.144166,0,0.0666667,0.233515,0,0.0666667,0.187891,0.5,0.4,0
0.5,4.25,1.84041,-2.98076,0.00236407,0.00236407,0.00236407,0.0881459,True,empty floor,sound_similarity,0,0.05,0.240691,0,0.05,0.118506,0,0.05,0.271224,0,0.05,0.145343,0,0.05,0.1565,0,0.05,0.265081,0,0.05,0.144166,0,0.05,0.233515,0,0.05,0.187891,1,0.55,0
0.25,4.25,1.832,-2.85284,0.00236407,0.00236407,0.00236407,0.117528,True,empty floor,sound_similarity,0,0.0666667,0.240691,0,0.0666667,0.118506,0,0.0666667,0.271224,0,0.0666667,0.145343,0,0.0666667,0.1565,0,0.0666667,0.265081,0,0.0666667,0.144166,0,0.0666667,0.233515,0,0.0666667,0.187891,0.5,0.4,0
0,4.25,1.85751,-2.29665,0.00236407,0.00236407,0.00236407,0.117528,True,empty floor,sound_similarity,0,0.0666667,0.240691,0,0.0666667,0.118506,0,0.0666667,0.271224,0,0.0666667,0.145343,0,0.0666667,0.1565,0,0.0666667,0.265081,0,0.0666667,0.144166,0,0.0666667,0.233515,0,0.0666667,0.187891,0.5,0.4,0
-0.25,4.25,1.91559,-1.37758,0.00236407,0.00236407,0.00236407,0.117528,True,empty floor,sound_similarity,0,0.0666667,0.240691,0,0.0666667,0.118506,0,0.0666667,0.271224,0,0.0666667,0.145343,0,0.0666667,0.1565,0,0.0666667,0.265081,0,0.0666667,0.144166,0,0.0666667,0.233515,0,0.0666667,0.187891,0.5,0.4,0
-0.5,4.25,2.00339,-0.603328,0.00236407,0.00236407,0.00236407,0.117528,True,empty floor,sound_similarity,0,0.0666667,0.240691,0,0.0666667,0.118506,0,0.0666667,0.271224,0,0.0666667,0.145343,0,0.0666667,0.1565,0,0.0666667,0.265081,0,0.0666667,0.144166,0,0.0666667,0.233515,0,0.0666667,0.187891,0.5,0.4,0
-0.75,4.25,2.11724,-0.155467,0.00236407,0.00236407,0.00236407,0.117528,True,empty floor,sound_similarity,0,0.0666667,0.240691,0,0.0666667,0.118506,0,0.0666667,0.271224,0,0.0666667,0.145343,0,0.0666667,0.1565,0,0.0666667,0.265081,0,0.0666667,0.144166,0,0.0666667,0.233515,0,0.0666667,0.187891,0.5,0.4,0
-1,4.25,2.25318,-0.00230979,0.00236407,0.00236407,0.00236407,0.117528,True,empty floor,sound_similarity,0,0.0666667,0.240691,0,0.0666667,0.118506,0,0.0666667,0.271224,0,0.0666667,0.145343,0,0.0666667,0.1565,0,0.0666667,0.265081,0,0.0666667,0.144166,0,0.0666667,0.233515,0,0.0666667,0.187891,0.5,0.4,0
-1.25,4.25,2.40748,-0.0660303,0.00236407,0.00236407,0.00236407,0.117528,True,empty floor,sound_similarity,0,0.0666667,0.240691,0,0.0666667,0.118506,0,0.0666667,0.271224,0,0.0666667,0.145343,0,0.0666667,0.1565,0,0.0666667,0.265081,0,0.0666667,0.144166,0,0.0666667,0.233515,0,0.0666667,0.187891,0.5,0.4,0
-1.5,4.25,2.57683,-0.272074,0.00236407,0.00236407,0.00236407,0.117528,True,empty floor,sound_similarity,0,0.0666667,0.240691,0,0.0666667,0.118506,0,0.0666667,0.271224,0,0.0666667,0.145343,0,0.0666667,0.1565,0,0.0666667,0.265081,0,0.0666667,0.144166,0,0.0666667,0.233515,0,0.0666667,0.187891,0.5,0.4,0
-1.75,4.25,2.75847,-0.56065,0.00236407,0.00236407,0.00236407,0.117528,True,empty floor,sound_similarity,0,0.0666667,0.240691,0,0.0666667,0.118506,0,0.0666667,0.271224,0,0.0666667,0.145343,0,0.0666667,0.1565,0,0.0666667,0.265081,0,0.0666667,0.144166,0,0.0666667,0.233515,0,0.0666667,0.187891,0.5,0.4,0
-2,4.25,2.95014,-0.887055,0.00236407,0.00236407,0.00236407,0.117528,True,empty floor,sound_similarity,0,0.0666667,0.240691,0,0.0666667,0.118506,0,0.0666667,0.271224,0,0.0666667,0.145343,0,0.0666667,0.1565,0,0.0666667,0.265081,0,0.0666667,0.144166,0,0.0666667,0.233515,0,0.0666667,0.187891,0.5,0.4,0
-2.25,4.25,3.14999,-1.219,0.00236407,0.00236407,0.00236407,0.117528,True,empty floor,sound_similarity,0,0.0666667,0.240691,0,0.0666667,0.118506,0,0.0666667,0.271224,0,0.0666667,0.145343,0,0.0666667,0.1565,0,0.0666667,0.265081,0,0.0666667,0.144166,0,0.0666667,0.233515,0,0.0666667,0.187891,0.5,0.4,0
2,4,2.67869,-2.99573,0.00236407,0.00236407,0.00236407,0.117528,True,empty floor,sound_similarity,0,0.0666667,0.240691,0,0.0666667,0.118506,0,0.0666667,0.271224,0,0.0666667,0.145343,0,0.0666667,0.1565,0,0.0666667,0.265081,0,0.0666667,0.144166,0,0.0666667,0.233515,0,0.0666667,0.187891,0.5,0.4,0
1.75,4,2.52873,-2.99573,0.00236407,0.00236407,0.00236407,0.117528,True,empty floor,sound_similarity,0,0.0666667,0.240691,0,0.0666667,0.118506,0,0.0666667,0.271224,0,0.0666667,0.145343,0,0.0666667,0.1565,0,0.0666667,0.265081,0,0.0666667,0.144166,0,0.0666667,0.233515,0,0.0666667,0.187891,0.5,0.4,0
1.5,4,2.39554,-2.99573,0.00236407,0.00236407,0.00236407,0.117528,True,empty floor,sound_similarity,0,0.0666667,0.240691,0,0.0666667,0.118506,0,0.0666667,0.271224,0,0.0666667,0.145343,0,0.0666667,0.1565,0,0.0666667,0.265081,0,0.0666667,0.144166,0,0.0666667,0.233515,0,0.0666667,0.187891,0.5,0.4,0
1.25,4,2.28204,-2.99572,0.00236407,0.00236407,0.00236407,0.117528,True,empty floor,sound_similarity,0,0.0666667,0.240691,0,0.0666667,0.118506,0,0.0666667,0.271224,0,0.0666667,0.145343,0,0.0666667,0.1565,0,0.0666667,0.265081,0,0.0666667,0.144166,0,0.0666667,0.233515,0,0.0666667,0.187891,0.5,0.4,0
1,4,2.19131,-2.99556,0.00236407,0.00236407,0.00236407,0.117528,True,empty floor,sound_similarity,0,0.0666667,0.240691,0,0.0666667,0.118506,0,0.0666667,0.271224,0,0.0666667,0.145343,0,0.0666667,0.1565,0,0.0666667,0.265081,0,0.0666667,0.144166,0,0.0666667,0.233515,0,0.0666667,0.187891,0.5,0.4,0
0.75,4,2.12625,-2.9938,0.00236407,0.00236407,0.00236407,0.117528,True,empty floor,sound_similarity,0,0.0666667,0.240691,0,0.0666667,0.118506,0,0.0666667,0.271224,0,0.0666667,0.145343,0,0.0666667,0.1565,0,0.0666667,0.265081,0,0.0666667,0.144166,0,0.0666667,0.233515,0,0.0666667,0.187891,0.5,0.4,0
0.5,4,2.08927,-2.97705,0.00236407,0.00236407,0.00236407,0.0881459,True,empty floor,sound_similarity,0,0.05,0.240691,0,0.05,0.118506,0,0.05,0.271224,0,0.05,0.145343,0,0.05,0.1565,0,0.05,0.265081,0,0.05,0.144166,0,0.05,0.233515,0,0.05,0.187891,1,0.55,0
2,4.25,2.48946,-2.99573,0.00236407,0.00236407,0.00236407,0.117528,True,empty floor,sound_similarity,0,0.0666667,0.240691,0,0.0666667,0.118506,0,0.0666667,0.271224,0,0.0666667,0.145343,0,0.0666667,0.1565,0,0.0666667,0.265081,0,0.0666667,0.144166,0,0.0666667,0.233515,0,0.0666667,0.187891,0.5,0.4,0
-2.25,4.5,3.01155,-1.71431,0.00236407,0.00236407,0.00236407,0.117528,True,empty floor,sound_similarity,0,0.0666667,0.240691,0,0.0666667,0.118506,0,0.0666667,0.271224,0,0.0666667,0.145343,0,0.0666667,0.1565,0,0.0666667,0.265081,0,0.0666667,0.144166,0,0.0666667,0.233515,0,0.0666667,0.187891,0.5,0.4,0
-2,4.5,2.80185,-1.36807,0.00236407,0.00236407,0.00236407,0.117528,True,empty floor,sound_similarity,0,0.0666667,0.240691,0,0.0666667,0.118506,0,0.0666667,0.271224,0,0.0666667,0.145343,0,0.0666667,0.1565,0,0.0666667,0.265081,0,0.0666667,0.144166,0,0.0666667,0.233515,0,0.0666667,0.187891,0.5,0.4,0
1.5,4.5,1.97679,-2.99573,0.00236407,0.00236407,0.00236407,0.117528,True,empty floor,sound_similarity,0,0.0666667,0.240691,0,0.0666667,0.118506,0,0.0666667,0.271224,0,0.0666667,0.145343,0,0.0666667,0.1565,0,0.0666667,0.265081,0,0.0666667,0.144166,0,0.0666667,0.233515,0,0.0666667,0.187891,0.5,0.4,0
-0.25,4.75,1.44518,-0.701791,0.00236407,0.00236407,0.00236407,0.117528,True,empty floor,sound_similarity,0,0.0666667,0.240691,0,0.0666667,0.118506,0,0.0666667,0.271224,0,0.0666667,0.145343,0,0.0666667,0.1565,0,0.0666667,0.265081,0,0.0666667,0.144166,0,0.0666667,0.233515,0,0.0666667,0.187891,0.5,0.4,0
-0.5,4.75,1.5597,-0.0985667,0.00236407,0.00236407,0.00236407,0.117528,True,empty floor,sound_similarity,0,0.0666667,0.240691,0,0.0666667,0.118506,0,0.0666667,0.271224,0,0.0666667,0.145343,0,0.0666667,0.1565,0,0.0666667,0.265081,0,0.0666667,0.144166,0,0.0666667,0.233515,0,0.0666667,0.187891,0.5,0.4,0
-0.75,4.75,1.70347,-0.0193887,0.00236407,0.00236407,0.00236407,0.117528,True,empty floor,sound_similarity,0,0.0666667,0.240691,0,0.0666667,0.118506,0,0.0666667,0.271224,0,0.0666667,0.145343,0,0.0666667,0.1565,0,0.0666667,0.265081,0,0.0666667,0.144166,0,0.0666667,0.233515,0,0.0666667,0.187891,0.5,0.4,0
-1,4.75,1.86974,-0.265305,0.00236407,0.00236407,0.00236407,0.117528,True,empty floor,sound_similarity,0,0.0666667,0.240691,0,0.0666667,0.118506,0,0.0666667,0.271224,0,0.0666667,0.145343,0,0.0666667,0.1565,0,0.0666667,0.265081,0,0.0666667,0.144166,0,0.0666667,0.233515,0,0.0666667,0.187891,0.5,0.4,0
-1.25,4.75,2.05305,-0.67219,0.00236407,0.00236407,0.00236407,0.117528,True,empty floor,sound_similarity,0,0.0666667,0.240691,0,0.0666667,0.118506,0,0.0666667,0.271224,0,0.0666667,0.145343,0,0.0666667,0.1565,0,0.0666667,0.265081,0,0.0666667,0.144166,0,0.0666667,0.233515,0,0.0666667,0.187891,0.5,0.4,0
-1.5,4.75,2.24926,-1.12855,0.00236407,0.00236407,0.00236407,0.117528,True,empty floor,sound_similarity,0,0.0666667,0.240691,0,0.0666667,0.118506,0,0.0666667,0.271224,0,0.0666667,0.145343,0,0.0666667,0.1565,0,0.0666667,0.265081,0,0.0666667,0.144166,0,0.0666667,0.233515,0,0.0666667,0.187891,0.5,0.4,0
-1.75,4.75,2.45525,-1.56402,0.00236407,0.00236407,0.00236407,0.117528,True,empty floor,sound_similarity,0,0.0666667,0.240691,0,0.0666667,0.118506,0,0.0666667,0.271224,0,0.0666667,0.145343,0,0.0666667,0.1565,0,0.0666667,0.265081,0,0.0666667,0.144166,0,0.0666667,0.233515,0,0.0666667,0.187891,0.5,0.4,0
-2,4.75,2.66878,-1.93837,0.00236407,0.00236407,0.00236407,0.117528,True,empty floor,sound_similarity,0,0.0666667,0.240691,0,0.0666667,0.118506,0,0.0666667,0.271224,0,0.0666667,0.145343,0,0.0666667,0.1565,0,0.0666667,0.265081,0,0.0666667,0.144166,0,0.0666667,0.233515,0,0.0666667,0.187891,0.5,0.4,0
-2.25,4.75,2.88817,-2.23517,0.00236407,0.00236407,0.00236407,0.117528,True,empty floor,sound_similarity,0,0.0666667,0.240691,0,0.0666667,0.118506,0,0.0666667,0.271224,0,0.0666667,0.145343,0,0.0666667,0.1565,0,0.0666667,0.265081,0,0.0666667,0.144166,0,0.0666667,0.233515,0,0.0666667,0.187891,0.5,0.4,0
2,4.5,2.31181,-2.99573,0.00236407,0.00236407,0.00236407,0.117528,True,empty floor,sound_similarity,0,0.0666667,0.240691,0,0.0666667,0.118506,0,0.0666667,0.271224,0,0.0666667,0.145343,0,0.0666667,0.1565,0,0.0666667,0.265081,0,0.0666667,0.144166,0,0.0666667,0.233515,0,0.0666667,0.187891,0.5,0.4,0
1.25,4.5,1.83761,-2.99573,0.00236407,0.00236407,0.00236407,0.117528,True,empty floor,sound_similarity,0,0.0666667,0.240691,0,0.0666667,0.118506,0,0.0666667,0.271224,0,0.0666667,0.145343,0,0.0666667,0.1565,0,0.0666667,0.265081,0,0.0666667,0.144166,0,0.0666667,0.233515,0,0.0666667,0.187891,0.5,0.4,0
-1.75,4.5,2.59927,-0.988953,0.00236407,0.00236407,0.00236407,0.117528,True,empty floor,sound_similarity,0,0.0666667,0.240691,0,0.0666667,0.118506,0,0.0666667,0.271224,0,0.0666667,0.145343,0,0.0666667,0.1565,0,0.0666667,0.265081,0,0.0666667,0.144166,0,0.0666667,0.233515,0,0.0666667,0.187891,0.5,0.4,0
1,4.5,1.72364,-2.99571,0.00236407,0.00236407,0.00236407,0.117528,True,empty floor,sound_similarity,0,0.0666667,0.240691,0,0.0666667,0.118506,0,0.0666667,0.271224,0,0.0666667,0.145343,0,0.0666667,0.1565,0,0.0666667,0.265081,0,0.0666667,0.144166,0,0.0666667,0.233515,0,0.0666667,0.187891,0.5,0.4,0
0.5,4.5,1.5919,-2.98459,0.00236407,0.00236407,0.00236407,0.117528,True,empty floor,sound_similarity,0,0.0666667,0.240691,0,0.0666667,0.118506,0,0.0666667,0.271224,0,0.0666667,0.145343,0,0.0666667,0.1565,0,0.0666667,0.265081,0,0.0666667,0.144166,0,0.0666667,0.233515,0,0.0666667,0.187891,0.5,0.4,0
0.25,4.5,1.58217,-2.84117,0.00236407,0.00236407,0.00236407,0.117528,True,empty floor,sound_similarity,0,0.0666667,0.240691,0,0.0666667,0.118506,0,0.0666667,0.271224,0,0.0666667,0.145343,0,0.0666667,0.1565,0,0.0666667,0.265081,0,0.0666667,0.144166,0,0.0666667,0.233515,0,0.0666667,0.187891,0.5,0.4,0
0,4.5,1.61164,-2.12599,0.00236407,0.00236407,0.00236407,0.117528,True,empty floor,sound_similarity,0,0.0666667,0.240691,0,0.0666667,0.118506,0,0.0666667,0.271224,0,0.0666667,0.145343,0,0.0666667,0.1565,0,0.0666667,0.265081,0,0.0666667,0.144166,0,0.0666667,0.233515,0,0.0666667,0.187891,0.5,0.4,0
-0.25,4.5,1.67825,-1.06796,0.00236407,0.00236407,0.00236407,0.117528,True,empty floor,sound_similarity,0,0.0666667,0.240691,0,0.0666667,0.118506,0,0.0666667,0.271224,0,0.0666667,0.145343,0,0.0666667,0.1565,0,0.0666667,0.265081,0,0.0666667,0.144166,0,0.0666667,0.233515,0,0.0666667,0.187891,0.5,0.4,0
-0.5,4.5,1.77782,-0.33202,0.00236407,0.00236407,0.00236407,0.117528,True,empty floor,sound_similarity,0,0.0666667,0.240691,0,0.0666667,0.118506,0,0.0666667,0.271224,0,0.0666667,0.145343,0,0.0666667,0.1565,0,0.0666667,0.265081,0,0.0666667,0.144166,0,0.0666667,0.233515,0,0.0666667,0.187891,0.5,0.4,0
-0.75,4.5,1.90519,-0.0246386,0.00236407,0.00236407,0.00236407,0.117528,True,empty floor,sound_similarity,0,0.0666667,0.240691,0,0.0666667,0.118506,0,0.0666667,0.271224,0,0.0666667,0.145343,0,0.0666667,0.1565,0,0.0666667,0.265081,0,0.0666667,0.144166,0,0.0666667,0.233515,0,0.0666667,0.187891,0.5,0.4,0
-1,4.5,2.05521,-0.0433551,0.00236407,0.00236407,0.00236407,0.117528,True,empty floor,sound_similarity,0,0.0666667,0.240691,0,0.0666667,0.118506,0,0.0666667,0.271224,0,0.0666667,0.145343,0,0.0666667,0.1565,0,0.0666667,0.265081,0,0.0666667,0.144166,0,0.0666667,0.233515,0,0.0666667,0.187891,0.5,0.4,0
-1.25,4.5,2.22328,-0.269218,0.00236407,0.00236407,0.00236407,0.117528,True,empty floor,sound_similarity,0,0.0666667,0.240691,0,0.0666667,0.118506,0,0.0666667,0.271224,0,0.0666667,0.145343,0,0.0666667,0.1565,0,0.0666667,0.265081,0,0.0666667,0.144166,0,0.0666667,0.233515,0,0.0666667,0.187891,0.5,0.4,0
-1.5,4.5,2.40564,-0.607144,0.00236407,0.00236407,0.00236407,0.117528,True,empty floor,sound_similarity,0,0.0666667,0.240691,0,0.0666667,0.118506,0,0.0666667,0.271224,0,0.0666667,0.145343,0,0.0666667,0.1565,0,0.0666667,0.265081,0,0.0666667,0.144166,0,0.0666667,0.233515,0,0.0666667,0.187891,0.5,0.4,0
0.25,4,2.08187,-2.86121,0.00236407,0.00236407,0.00236407,0.117528,True,empty floor,sound_similarity,0,0.0666667,0.240691,0,0.0666667,0.118506,0,0.0666667,0.271224,0,0.0666667,0.145343,0,0.0666667,0.1565,0,0.0666667,0.265081,0,0.0666667,0.144166,0,0.0666667,0.233515,0,0.0666667,0.187891,0.5,0.4,0
-0.25,4,2.15579,-1.62931,0.00236407,0.00236407,0.00236407,0.117528,True,empty floor,sound_similarity,0,0.0666667,0.240691,0,0.0666667,0.118506,0,0.0666667,0.271224,0,0.0666667,0.145343,0,0.0666667,0.1565,0,0.0666667,0.265081,0,0.0666667,0.144166,0,0.0666667,0.233515,0,0.0666667,0.187891,0.5,0.4,0
0,3.25,2.84819,-2.61295,0.00236407,0.00236407,0.00236407,0.117528,True,empty floor,sound_similarity,0,0.0666667,0.240691,0,0.0666667,0.118506,0,0.0666667,0.271224,0,0.0666667,0.145343,0,0.0666667,0.1565,0,0.0666667,0.265081,0,0.0666667,0.144166,0,0.0666667,0.233515,0,0.0666667,0.187891,0.5,0.4,0
-0.5,4,2.23418,-0.86941,0.00236407,0.00236407,0.00236407,0.117528,True,empty floor,sound_similarity,0,0.0666667,0.240691,0,0.0666667,0.118506,0,0.0666667,0.271224,0,0.0666667,0.145343,0,0.0666667,0.1565,0,0.0666667,0.265081,0,0.0666667,0.144166,0,0.0666667,0.233515,0,0.0666667,0.187891,0.5,0.4,0
1.25,3.5,2.74566,-2.99564,0.00236407,0.00236407,0.00236407,0.117528,True,empty floor,sound_similarity,0,0.0666667,0.240691,0,0.0666667,0.118506,0,0.0666667,0.271224,0,0.0666667,0.145343,0,0.0666667,0.1565,0,0.0666667,0.265081,0,0.0666667,0.144166,0,0.0666667,0.233515,0,0.0666667,0.187891,0.5,0.4,0
1,3.5,2.67072,-2.9951,0.00236407,0.00236407,0.00236407,0.117528,True,empty floor,sound_similarity,0,0.0666667,0.240691,0,0.0666667,0.118506,0,0.0666667,0.271224,0,0.0666667,0.145343,0,0.0666667,0.1565,0,0.0666667,0.265081,0,0.0666667,0.144166,0,0.0666667,0.233515,0,0.0666667,0.187891,0.5,0.4,0
0.75,3.5,2.61761,-2.99147,0.00236407,0.00236407,0.00236407,0.117528,True,empty floor,sound_similarity,0,0.0666667,0.240691,0,0.0666667,0.118506,0,0.0666667,0.271224,0,0.0666667,0.145343,0,0.0666667,0.1565,0,0.0666667,0.265081,0,0.0666667,0.144166,0,0.0666667,0.233515,0,0.0666667,0.187891,0.5,0.4,0
0.5,3.5,2.58766,-2.9703,0.00236407,0.00236407,0.00236407,0.117528,True,empty floor,sound_similarity,0,0.0666667,0.240691,0,0.0666667,0.118506,0,0.0666667,0.271224,0,0.0666667,0.145343,0,0.0666667,0.1565,0,0.0666667,0.265081,0,0.0666667,0.144166,0,0.0666667,0.233515,0,0.0666667,0.187891,0.5,0.4,0
0.25,3.5,2.58169,-2.87238,0.00236407,0.00236407,0.00236407,0.117528,True,empty floor,sound_similarity,0,0.0666667,0.240691,0,0.0666667,0.118506,0,0.0666667,0.271224,0,0.0666667,0.145343,0,0.0666667,0.1565,0,0.0666667,0.265081,0,0.0666667,0.144166,0,0.0666667,0.233515,0,0.0666667,0.187891,0.5,0.4,0
0,3.5,2.59985,-2.5647,0.00236407,0.00236407,0.00236407,0.117528,True,empty floor,sound_similarity,0,0.0666667,0.240691,0,0.0666667,0.118506,0,0.0666667,0.271224,0,0.0666667,0.145343,0,0.0666667,0.1565,0,0.0666667,0.265081,0,0.0666667,0.144166,0,0.0666667,0.233515,0,0.0666667,0.187891,0.5,0.4,0
-0.25,3.5,2.64165,-1.99182,0.00236407,0.00236407,0.00236407,0.117528,True,empty floor,sound_similarity,0,0.0666667,0.240691,0,0.0666667,0.118506,0,0.0666667,0.271224,0,0.0666667,0.145343,0,0.0666667,0.1565,0,0.0666667,0.265081,0,0.0666667,0.144166,0,0.0666667,0.233515,0,0.0666667,0.187891,0.5,0.4,0
-0.5,3.5,2.706,-1.32811,0.00236407,0.00236407,0.00236407,0.117528,True,empty floor,sound_similarity,0,0.0666667,0.240691,0,0.0666667,0.118506,0,0.0666667,0.271224,0,0.0666667,0.145343,0,0.0666667,0.1565,0,0.0666667,0.265081,0,0.0666667,0.144166,0,0.0666667,0.233515,0,0.0666667,0.187891,0.5,0.4,0
-0.75,3.5,2.79134,-0.757817,0.00236407,0.00236407,0.00236407,0.117528,True,empty floor,sound_similarity,0,0.0666667,0.240691,0,0.0666667,0.118506,0,0.0666667,0.271224,0,0.0666667,0.145343,0,0.0666667,0.1565,0,0.0666667,0.265081,0,0.0666667,0.144166,0,0.0666667,0.233515,0,0.0666667,0.187891,0.5,0.4,0
-1,3.5,2.89581,-0.350334,0.00236407,0.00236407,0.00236407,0.117528,True,empty floor,sound_similarity,0,0.0666667,0.240691,0,0.0666667,0.118506,0,0.0666667,0.271224,0,0.0666667,0.145343,0,0.0666667,0.1565,0,0.0666667,0.265081,0,0.0666667,0.144166,0,0.0666667,0.233515,0,0.0666667,0.187891,0.5,0.4,0
-1.25,3.5,3.01742,-0.107571,0.00236407,0.00236407,0.00236407,0.117528,True,empty floor,sound_similarity,0,0.0666667,0.240691,0,0.0666667,0.118506,0,0.0666667,0.271224,0,0.0666667,0.145343,0,0.0666667,0.1565,0,0.0666667,0.265081,0,0.0666667,0.144166,0,0.0666667,0.233515,0,0.0666667,0.187891,0.5,0.4,0
-1.5,3.5,3.15419,-0.00695218,0.00236407,0.00236407,0.00236407,0.117528,True,empty floor,sound_similarity,0,0.0666667,0.240691,0,0.0666667,0.118506,0,0.0666667,0.271224,0,0.0666667,0.145343,0,0.0666667,0.1565,0,0.0666667,0.265081,0,0.0666667,0.144166,0,0.0666667,0.233515,0,0.0666667,0.187891,0.5,0.4,0
-1.75,3.5,3.30425,-0.0197232,0.00236407,0.00236407,0.00236407,0.117528,True,empty floor,sound_similarity,0,0.0666667,0.240691,0,0.0666667,0.118506,0,0.0666667,0.271224,0,0.0666667,0.145343,0,0.0666667,0.1565,0,0.0666667,0.265081,0,0.0666667,0.144166,0,0.0666667,0.233515,0,0.0666667,0.187891,0.5,0.4,0
-2,3.5,3.46586,-0.118004,0.00236407,0.00236407,0.00236407,0.117528,True,empty floor,sound_similarity,0,0.0666667,0.240691,0,0.0666667,0.118506,0,0.0666667,0.271224,0,0.0666667,0.145343,0,0.0666667,0.1565,0,0.0666667,0.265081,0,0.0666667,0.144166,0,0.0666667,0.233515,0,0.0666667,0.187891,0.5,0.4,0
-2.25,3.5,3.63748,-0.277349,0.00236407,0.00236407,0.00236407,0.117528,True,empty floor,sound_similarity,0,0.0666667,0.240691,0,0.0666667,0.118506,0,0.0666667,0.271224,0,0.0666667,0.145343,0,0.0666667,0.1565,0,0.0666667,0.265081,0,0.0666667,0.144166,0,0.0666667,0.233515,0,0.0666667,0.187891,0.5,0.4,0
2,3.25,3.29533,-2.99573,0.00236407,0.00236407,0.00236407,0.117528,True,empty floor,sound_similarity,0,0.0666667,0.240691,0,0.0666667,0.118506,0,0.0666667,0.271224,0,0.0666667,0.145343,0,0.0666667,0.1565,0,0.0666667,0.265081,0,0.0666667,0.144166,0,0.0666667,0.233515,0,0.0666667,0.187891,0.5,0.4,0
1.75,3.25,3.17464,-2.99573,0.00236407,0.00236407,0.00236407,0.117528,True,empty floor,sound_similarity,0,0.0666667,0.240691,0,0.0666667,0.118506,0,0.0666667,0.271224,0,0.0666667,0.145343,0,0.0666667,0.1565,0,0.0666667,0.265081,0,0.0666667,0.144166,0,0.0666667,0.233515,0,0.0666667,0.187891,0.5,0.4,0
1.5,3.25,3.0696,-2.9957,0.00236407,0.00236407,0.00236407,0.117528,True,empty floor,sound_similarity,0,0.0666667,0.240691,0,0.0666667,0.118506,0,0.0666667,0.271224,0,0.0666667,0.145343,0,0.0666667,0.1565,0,0.0666667,0.265081,0,0.0666667,0.144166,0,0.0666667,0.233515,0,0.0666667,0.187891,0.5,0.4,0
1.25,3.25,2.98188,-2.99556,0.00236407,0.00236407,0.00236407,0.117528,True,empty floor,sound_similarity,0,0.0666667,0.240691,0,0.0666667,0.118506,0,0.0666667,0.271224,0,0.0666667,0.145343,0,0.0666667,0.1565,0,0.0666667,0.265081,0,0.0666667,0.144166,0,0.0666667,0.233515,0,0.0666667,0.187891,0.5,0.4,0
1,3.25,2.91302,-2.99472,0.00236407,0.00236407,0.00236407,0.117528,True,empty floor,sound_similarity,0,0.0666667,0.240691,0,0.0666667,0.118506,0,0.0666667,0.271224,0,0.0666667,0.145343,0,0.0666667,0.1565,0,0.0666667,0.265081,0,0.0666667,0.144166,0,0.0666667,0.233515,0,0.0666667,0.187891,0.5,0.4,0
0.75,3.25,2.86441,-2.99007,0.00236407,0.00236407,0.00236407,0.117528,True,empty floor,sound_similarity,0,0.0666667,0.240691,0,0.0666667,0.118506,0,0.0666667,0.271224,0,0.0666667,0.145343,0,0.0666667,0.1565,0,0.0666667,0.265081,0,0.0666667,0.144166,0,0.0666667,0.233515,0,0.0666667,0.187891,0.5,0.4,0
0.5,3.25,2.83706,-2.9673,0.00236407,0.00236407,0.00236407,0.117528,True,empty floor,sound_similarity,0,0.0666667,0.240691,0,0.0666667,0.118506,0,0.0666667,0.271224,0,0.0666667,0.145343,0,0.0666667,0.1565,0,0.0666667,0.265081,0,0.0666667,0.144166,0,0.0666667,0.233515,0,0.0666667,0.187891,0.5,0.4,0
0.25,3.25,2.83162,-2.87628,0.00236407,0.00236407,0.00236407,0.117528,True,empty floor,sound_similarity,0,0.0666667,0.240691,0,0.0666667,0.118506,0,0.0666667,0.271224,0,0.0666667,0.145343,0,0.0666667,0.1565,0,0.0666667,0.265081,0,0.0666667,0.144166,0,0.0666667,0.233515,0,0.0666667,0.187891,0.5,0.4,0
1.5,3.5,2.84069,-2.99572,0.00236407,0.00236407,0.00236407,0.117528,True,empty floor,sound_similarity,0,0.0666667,0.240691,0,0.0666667,0.118506,0,0.0666667,0.271224,0,0.0666667,0.145343,0,0.0666667,0.1565,0,0.0666667,0.265081,0,0.0666667,0.144166,0,0.0666667,0.233515,0,0.0666667,0.187891,0.5,0.4,0
1.75,3.5,2.95388,-2.99573,0.00236407,0.00236407,0.00236407,0.117528,True,empty floor,sound_similarity,0,0.0666667,0.240691,0,0.0666667,0.118506,0,0.0666667,0.271224,0,0.0666667,0.145343,0,0.0666667,0.1565,0,0.0666667,0.265081,0,0.0666667,0.144166,0,0.0666667,0.233515,0,0.0666667,0.187891,0.5,0.4,0
-2.25,3.75,3.46458,-0.498877,0.00236407,0.00236407,0.00236407,0.117528,True,empty floor,sound_similarity,0,0.0666667,0.240691,0,0.0666667,0.118506,0,0.0666667,0.271224,0,0.0666667,0.145343,0,0.0666667,0.1565,0,0.0666667,0.265081,0,0.0666667,0.144166,0,0.0666667,0.233515,0,0.0666667,0.187891,0.5,0.4,0
1,3.75,2.42998,-2.99538,0.00236407,0.00236407,0.00236407,0.117528,True,empty floor,sound_similarity,0,0.0666667,0.240691,0,0.0666667,0.118506,0,0.0666667,0.271224,0,0.0666667,0.145343,0,0.0666667,0.1565,0,0.0666667,0.265081,0,0.0666667,0.144166,0,0.0666667,0.233515,0,0.0666667,0.187891,0.5,0.4,0
-0.75,4,2.33681,-0.343312,0.00236407,0.00236407,0.00236407,0.117528,True,empty floor,sound_similarity,0,0.0666667,0.240691,0,0.0666667,0.118506,0,0.0666667,0.271224,0,0.0666667,0.145343,0,0.0666667,0.1565,0,0.0666667,0.265081,0,0.0666667,0.144166,0,0.0666667,0.233515,0,0.0666667,0.187891,0.5,0.4,0
-1,4,2.46065,-0.0685845,0.00236407,0.00236407,0.00236407,0.117528,True,empty floor,sound_similarity,0,0.0666667,0.240691,0,0.0666667,0.118506,0,0.0666667,0.271224,0,0.0666667,0.145343,0,0.0666667,0.1565,0,0.0666667,0.265081,0,0.0666667,0.144166,0,0.0666667,0.233515,0,0.0666667,0.187891,0.5,0.4,0
-1.25,4,2.60267,-0.00100477,0.00236407,0.00236407,0.00236407,0.117528,True,empty floor,sound_similarity,0,0.0666667,0.240691,0,0.0666667,0.118506,0,0.0666667,0.271224,0,0.0666667,0.145343,0,0.0666667,0.1565,0,0.0666667,0.265081,0,0.0666667,0.144166,0,0.0666667,0.233515,0,0.0666667,0.187891,0.5,0.4,0
-1.5,4,2.76008,-0.0859772,0.00236407,0.00236407,0.00236407,0.117528,True,empty floor,sound_similarity,0,0.0666667,0.240691,0,0.0666667,0.118506,0,0.0666667,0.271224,0,0.0666667,0.145343,0,0.0666667,0.1565,0,0.0666667,0.265081,0,0.0666667,0.144166,0,0.0666667,0.233515,0,0.0666667,0.187891,0.5,0.4,0
-1.75,4,2.93038,-0.274251,0.00236407,0.00236407,0.00236407,0.117528,True,empty floor,sound_similarity,0,0.0666667,0.240691,0,0.0666667,0.118506,0,0.0666667,0.271224,0,0.0666667,0.145343,0,0.0666667,0.1565,0,0.0666667,0.265081,0,0.0666667,0.144166,0,0.0666667,0.233515,0,0.0666667,0.187891,0.5,0.4,0
-2,4,3.11147,-0.525853,0.00236407,0.00236407,0.00236407,0.117528,True,empty floor,sound_similarity,0,0.0666667,0.240691,0,0.0666667,0.118506,0,0.0666667,0.271224,0,0.0666667,0.145343,0,0.0666667,0.1565,0,0.0666667,0.265081,0,0.0666667,0.144166,0,0.0666667,0.233515,0,0.0666667,0.187891,0.5,0.4,0
-2.25,4,3.30157,-0.809899,0.00236407,0.00236407,0.00236407,0.117528,True,empty floor,sound_similarity,0,0.0666667,0.240691,0,0.0666667,0.118506,0,0.0666667,0.271224,0,0.0666667,0.145343,0,0.0666667,0.1565,0,0.0666667,0.265081,0,0.0666667,0.144166,0,0.0666667,0.233515,0,0.0666667,0.187891,0.5,0.4,0
1.75,3.75,2.73814,-2.99573,0.00236407,0.00236407,0.00236407,0.117528,True,empty floor,sound_similarity,0,0.0666667,0.240691,0,0.0666667,0.118506,0,0.0666667,0.271224,0,0.0666667,0.145343,0,0.0666667,0.1565,0,0.0666667,0.265081,0,0.0666667,0.144166,0,0.0666667,0.233515,0,0.0666667,0.187891,0.5,0.4,0
1.5,3.75,2.61564,-2.99573,0.00236407,0.00236407,0.00236407,0.117528,True,empty floor,sound_similarity,0,0.0666667,0.240691,0,0.0666667,0.118506,0,0.0666667,0.271224,0,0.0666667,0.145343,0,0.0666667,0.1565,0,0.0666667,0.265081,0,0.0666667,0.144166,0,0.0666667,0.233515,0,0.0666667,0.187891,0.5,0.4,0
1.25,3.75,2.5121,-2.99569,0.00236407,0.00236407,0.00236407,0.117528,True,empty floor,sound_similarity,0,0.0666667,0.240691,0,0.0666667,0.118506,0,0.0666667,0.271224,0,0.0666667,0.145343,0,0.0666667,0.1565,0,0.0666667,0.265081,0,0.0666667,0.144166,0,0.0666667,0.233515,0,0.0666667,0.187891,0.5,0.4,0
0.75,3.75,2.37148,-2.99273,0.00236407,0.00236407,0.00236407,0.117528,True,empty floor,sound_similarity,0,0.0666667,0.240691,0,0.0666667,0.118506,0,0.0666667,0.271224,0,0.0666667,0.145343,0,0.0666667,0.1565,0,0.0666667,0.265081,0,0.0666667,0.144166,0,0.0666667,0.233515,0,0.0666667,0.187891,0.5,0.4,0
-2,3.75,3.28393,-0.275965,0.00236407,0.00236407,0.00236407,0.117528,True,empty floor,sound_similarity,0,0.0666667,0.240691,0,0.0666667,0.118506,0,0.0666667,0.271224,0,0.0666667,0.145343,0,0.0666667,0.1565,0,0.0666667,0.265081,0,0.0666667,0.144166,0,0.0666667,0.233515,0,0.0666667,0.187891,0.5,0.4,0
0.5,3.75,2.33838,-2.97356,0.00236407,0.00236407,0.00236407,0.117528,True,empty floor,sound_similarity,0,0.0666667,0.240691,0,0.0666667,0.118506,0,0.0666667,0.271224,0,0.0666667,0.145343,0,0.0666667,0.1565,0,0.0666667,0.265081,0,0.0666667,0.144166,0,0.0666667,0.233515,0,0.0666667,0.187891,0.5,0.4,0
0.25,3.75,2.33177,-2.86749,0.00236407,0.00236407,0.00236407,0.117528,True,empty floor,sound_similarity,0,0.0666667,0.240691,0,0.0666667,0.118506,0,0.0666667,0.271224,0,0.0666667,0.145343,0,0.0666667,0.1565,0,0.0666667,0.265081,0,0.0666667,0.144166,0,0.0666667,0.233515,0,0.0666667,0.187891,0.5,0.4,0
0,3.75,2.35186,-2.50129,0.00236407,0.00236407,0.00236407,0.117528,True,empty floor,sound_similarity,0,0.0666667,0.240691,0,0.0666667,0.118506,0,0.0666667,0.271224,0,0.0666667,0.145343,0,0.0666667,0.1565,0,0.0666667,0.265081,0,0.0666667,0.144166,0,0.0666667,0.233515,0,0.0666667,0.187891,0.5,0.4,0
-0.25,3.75,2.398,-1.83091,0.00236407,0.00236407,0.00236407,0.117528,True,empty floor,sound_similarity,0,0.0666667,0.240691,0,0.0666667,0.118506,0,0.0666667,0.271224,0,0.0666667,0.145343,0,0.0666667,0.1565,0,0.0666667,0.265081,0,0.0666667,0.144166,0,0.0666667,0.233515,0,0.0666667,0.187891,0.5,0.4,0
-0.5,3.75,2.4687,-1.11286,0.00236407,0.00236407,0.00236407,0.117528,True,empty floor,sound_similarity,0,0.0666667,0.240691,0,0.0666667,0.118506,0,0.0666667,0.271224,0,0.0666667,0.145343,0,0.0666667,0.1565,0,0.0666667,0.265081,0,0.0666667,0.144166,0,0.0666667,0.233515,0,0.0666667,0.187891,0.5,0.4,0
-0.75,3.75,2.56196,-0.550716,0.00236407,0.00236407,0.00236407,0.117528,True,empty floor,sound_similarity,0,0.0666667,0.240691,0,0.0666667,0.118506,0,0.0666667,0.271224,0,0.0666667,0.145343,0,0.0666667,0.1565,0,0.0666667,0.265081,0,0.0666667,0.144166,0,0.0666667,0.233515,0,0.0666667,0.187891,0.5,0.4,0
-1,3.75,2.67539,-0.19448,0.00236407,0.00236407,0.00236407,0.117528,True,empty floor,sound_similarity,0,0.0666667,0.240691,0,0.0666667,0.118506,0,0.0666667,0.271224,0,0.0666667,0.145343,0,0.0666667,0.1565,0,0.0666667,0.265081,0,0.0666667,0.144166,0,0.0666667,0.233515,0,0.0666667,0.187891,0.5,0.4,0
-1.25,3.75,2.80657,-0.0261383,0.00236407,0.00236407,0.00236407,0.117528,True,empty floor,sound_similarity,0,0.0666667,0.240691,0,0.0666667,0.118506,0,0.0666667,0.271224,0,0.0666667,0.145343,0,0.0666667,0.1565,0,0.0666667,0.265081,0,0.0666667,0.144166,0,0.0666667,0.233515,0,0.0666667,0.187891,0.5,0.4,0
-1.5,3.75,2.95313,-0.00856357,0.00236407,0.00236407,0.00236407,0.117528,True,empty floor,sound_similarity,0,0.0666667,0.240691,0,0.0666667,0.118506,0,0.0666667,0.271224,0,0.0666667,0.145343,0,0.0666667,0.1565,0,0.0666667,0.265081,0,0.0666667,0.144166,0,0.0666667,0.233515,0,0.0666667,0.187891,0.5,0.4,0
-1.75,3.75,3.11289,-0.103189,0.00236407,0.00236407,0.00236407,0.117528,True,empty floor,sound_similarity,0,0.0666667,0.240691,0,0.0666667,0.118506,0,0.0666667,0.271224,0,0.0666667,0.145343,0,0.0666667,0.1565,0,0.0666667,0.265081,0,0.0666667,0.144166,0,0.0666667,0.233515,0,0.0666667,0.187891,0.5,0.4,0
2,7.75,2.37298,-2.99573,0.00236407,0.00236407,0.00236407,0.176292,False,tv,sound_similarity,0,0.1,0.240691,0,0.1,0.118506,0,0.1,0.271224,0,0.1,0.145343,0,0.1,0.1565,0,0.1,0.265081,0,0.1,0.144166,0,0.1,0.233515,0,0.1,0.187891,0,0.1,0
