x,y,dist_robot,snd_loglik,snd_post,vis_post,fused,vis_like,observed,mle_class,vis_phrase_source,ev_tv,post_tv,sim_tv,ev_chair,post_chair,sim_chair,ev_couch,post_couch,sim_couch,ev_toilet,post_toilet,sim_toilet,ev_microwave,post_microwave,sim_microwave,ev_oven,post_oven,sim_oven,ev_sink,post_sink,sim_sink,ev_refrigerator,post_refrigerator,sim_refrigerator,ev_clock,post_clock,sim_clock,ev_empty_floor,post_empty_floor,sim_empty_floor
0.5,6.75,0.671821,-2.99572,0.0421064,0.0024257,0.012495,0.117528,True,empty floor,sound_similarity,0,0.0666667,0.240691,0,0.0666667,0.118506,0,0.0666667,0.271224,0,0.0666667,0.145343,0,0.0666667,0.1565,0,0.0666667,0.265081,0,0.0666667,0.144166,0,0.0666667,0.233515,0,0.0666667,0.187891,0.5,0.4,0
0.75,7.25,1.22751,-2.99573,0.039174,0.0024257,0.0120521,0.117528,True,empty floor,sound_similarity,0,0.0666667,0.240691,0,0.0666667,0.118506,0,0.0666667,0.271224,0,0.0666667,0.145343,0,0.0666667,0.1565,0,0.0666667,0.265081,0,0.0666667,0.144166,0,0.0666667,0.233515,0,0.0666667,0.187891,0.5,0.4,0
0.75,7.5,1.46238,-2.99572,0.036554,0.0024257,0.0116421,0.117528,True,empty floor,sound_similarity,0,0.0666667,0.240691,0,0.0666667,0.118506,0,0.0666667,0.271224,0,0.0666667,0.145343,0,0.0666667,0.1565,0,0.0666667,0.265081,0,0.0666667,0.144166,0,0.0666667,0.233515,0,0.0666667,0.187891,0.5,0.4,0
1,7.75,1.78528,-2.99573,0.0357557,0.0024257,0.0115142,0.117528,True,empty floor,sound_similarity,0,0.0666667,0.240691,0,0.0666667,0.118506,0,0.0666667,0.271224,0,0.0666667,0.145343,0,0.0666667,0.1565,0,0.0666667,0.265081,0,0.0666667,0.144166,0,0.0666667,0.233515,0,0.0666667,0.187891,0.5,0.4,0
0.5,6.5,0.441094,-2.99573,0.031665,0.0024257,0.0108356,0.117528,True,empty floor,sound_similarity,0,0.0666667,0.240691,0,0.0666667,0.118506,0,0.0666667,0.271224,0,0.0666667,0.145343,0,0.0666667,0.1565,0,0.0666667,0.265081,0,0.0666667,0.144166,0,0.0666667,0.233515,0,0.0666667,0.187891,0.5,0.4,0
0.75,7.75,1.70157,-2.9957,0.0305721,0.0024257,0.0106469,0.117528,True,empty floor,sound_similarity,0,0.0666667,0.240691,0,0.0666667,0.118506,0,0.0666667,0.271224,0,0.0666667,0.145343,0,0.0666667,0.1565,0,0.0666667,0.265081,0,0.0666667,0.144166,0,0.0666667,0.233515,0,0.0666667,0.187891,0.5,0.4,0
0.75,7,1,-2.99573,0.0292132,0.0024257,0.0104076,0.117528,True,empty floor,sound_similarity,0,0.0666667,0.240691,0,0.0666667,0.118506,0,0.0666667,0.271224,0,0.0666667,0.145343,0,0.0666667,0.1565,0,0.0666667,0.265081,0,0.0666667,0.144166,0,0.0666667,0.233515,0,0.0666667,0.187891,0.5,0.4,0
1,7.5,1.55899,-2.99573,0.0284009,0.0024257,0.0102619,0.117528,True,empty floor,sound_similarity,0,0.0666667,0.240691,0,0.0666667,0.118506,0,0.0666667,0.271224,0,0.0666667,0.145343,0,0.0666667,0.1565,0,0.0666667,0.265081,0,0.0666667,0.144166,0,0.0666667,0.233515,0,0.0666667,0.187891,0.5,0.4,0
0.5,7,0.912756,-2.99564,0.0258439,0.0024257,0.00978907,0.117528,True,empty floor,sound_similarity,0,0.0666667,0.240691,0,0.0666667,0.118506,0,0.0666667,0.271224,0,0.0666667,0.145343,0,0.0666667,0.1565,0,0.0666667,0.265081,0,0.0666667,0.144166,0,0.0666667,0.233515,0,0.0666667,0.187891,0.5,0.4,0
1.25,7.75,1.89845,-2.99573,0.0191783,0.0024257,0.00843272,0.117528,True,empty floor,sound_similarity,0,0.0666667,0.240691,0,0.0666667,0.118506,0,0.0666667,0.271224,0,0.0666667,0.145343,0,0.0666667,0.1565,0,0.0666667,0.265081,0,0.0666667,0.144166,0,0.0666667,0.233515,0,0.0666667,0.187891,0.5,0.4,0
0.5,7.25,1.15754,-2.99546,0.0170041,0.0024257,0.00794035,0.117528,True,empty floor,sound_similarity,0,0.0666667,0.240691,0,0.0666667,0.118506,0,0.0666667,0.271224,0,0.0666667,0.145343,0,0.0666667,0.1565,0,0.0666667,0.265081,0,0.0666667,0.144166,0,0.0666667,0.233515,0,0.0666667,0.187891,0.5,0.4,0
1,7.25,1.34115,-2.99573,0.0155427,0.0024257,0.00759146,0.117528,True,empty floor,sound_similarity,0,0.0666667,0.240691,0,0.0666667,0.118506,0,0.0666667,0.271224,0,0.0666667,0.145343,0,0.0666667,0.1565,0,0.0666667,0.265081,0,0.0666667,0.144166,0,0.0666667,0.233515,0,0.0666667,0.187891,0.5,0.4,0
0.5,7.5,1.40417,-2.99519,0.0125049,0.0024257,0.00680929,0.117528,True,empty floor,sound_similarity,0,0.0666667,0.240691,0,0.0666667,0.118506,0,0.0666667,0.271224,0,0.0666667,0.145343,0,0.0666667,0.1565,0,0.0666667,0.265081,0,0.0666667,0.144166,0,0.0666667,0.233515,0,0.0666667,0.187891,0.5,0.4,0
0.5,7.75,1.65181,-2.99485,0.00998891,0.0024257,0.00608586,0.117528,True,empty floor,sound_similarity,0,0.0666667,0.240691,0,0.0666667,0.118506,0,0.0666667,0.271224,0,0.0666667,0.145343,0,0.0666667,0.1565,0,0.0666667,0.265081,0,0.0666667,0.144166,0,0.0666667,0.233515,0,0.0666667,0.187891,0.5,0.4,0
1.25,7.5,1.68741,-2.99573,0.00991869,0.0024257,0.00606443,0.117528,True,empty floor,sound_similarity,0,0.0666667,0.240691,0,0.0666667,0.118506,0,0.0666667,0.271224,0,0.0666667,0.145343,0,0.0666667,0.1565,0,0.0666667,0.265081,0,0.0666667,0.144166,0,0.0666667,0.233515,0,0.0666667,0.187891,0.5,0.4,0
0.75,6.75,0.786276,-2.99573,0.00808358,0.0024257,0.00547475,0.117528,True,empty floor,sound_similarity,0,0.0666667,0.240691,0,0.0666667,0.118506,0,0.0666667,0.271224,0,0.0666667,0.145343,0,0.0666667,0.1565,0,0.0666667,0.265081,0,0.0666667,0.144166,0,0.0666667,0.233515,0,0.0666667,0.187891,0.5,0.4,0
-2.25,5,2.77365,-2.99573,0.00358775,0.00363855,0.00547098,0.176292,False,tv,sound_similarity,0,0.1,0.240691,0,0.1,0.118506,0,0.1,0.271224,0,0.1,0.145343,0,0.1,0.1565,0,0.1,0.265081,0,0.1,0.144166,0,0.1,0.233515,0,0.1,0.187891,0,0.1,0
-1.75,5.25,2.21556,-2.99573,0.00357887,0.00363855,0.0054642,0.176292,False,tv,sound_similarity,0,0.1,0.240691,0,0.1,0.118506,0,0.1,0.271224,0,0.1,0.145343,0,0.1,0.1565,0,0.1,0.265081,0,0.1,0.144166,0,0.1,0.233515,0,0.1,0.187891,0,0.1,0
-1.25,5.5,1.65808,-2.99573,0.00355289,0.00363855,0.00544433,0.176292,False,tv,sound_similarity,0,0.1,0.240691,0,0.1,0.118506,0,0.1,0.271224,0,0.1,0.145343,0,0.1,0.1565,0,0.1,0.265081,0,0.1,0.144166,0,0.1,0.233515,0,0.1,0.187891,0,0.1,0
1.5,7.75,2.03617,-2.99573,0.00730873,0.0024257,0.00520575,0.117528,True,empty floor,sound_similarity,0,0.0666667,0.240691,0,0.0666667,0.118506,0,0.0666667,0.271224,0,0.0666667,0.145343,0,0.0666667,0.1565,0,0.0666667,0.265081,0,0.0666667,0.144166,0,0.0666667,0.233515,0,0.0666667,0.187891,0.5,0.4,0
-0.5,7.25,1.38649,-0.272097,0.00273861,0.00363855,0.0047799,0.176292,False,tv,sound_similarity,0,0.1,0.240691,0,0.1,0.118506,0,0.1,0.271224,0,0.1,0.145343,0,0.1,0.1565,0,0.1,0.265081,0,0.1,0.144166,0,0.1,0.233515,0,0.1,0.187891,0,0.1,0
0.5,5,1.13088,-2.99573,0.00345506,0.00304222,0.00448893,0.147399,True,chair,sound_similarity,0,0.05,0.240691,1,0.55,0.118506,0,0.05,0.271224,0,0.05,0.145343,0,0.05,0.1565,0,0.05,0.265081,0,0.05,0.144166,0,0.05,0.233515,0,0.05,0.187891,0,0.05,0
-0.75,7.75,1.9414,-0.445929,0.00230757,0.00363855,0.00438764,0.176292,False,tv,sound_similarity,0,0.1,0.240691,0,0.1,0.118506,0,0.1,0.271224,0,0.1,0.145343,0,0.1,0.1565,0,0.1,0.265081,0,0.1,0.144166,0,0.1,0.233515,0,0.1,0.187891,0,0.1,0
1,7,1.13662,-2.99573,0.0048661,0.0024257,0.00424769,0.117528,True,empty floor,sound_similarity,0,0.0666667,0.240691,0,0.0666667,0.118506,0,0.0666667,0.271224,0,0.0666667,0.145343,0,0.0666667,0.1565,0,0.0666667,0.265081,0,0.0666667,0.144166,0,0.0666667,0.233515,0,0.0666667,0.187891,0.5,0.4,0
1.25,7.25,1.48848,-2.99573,0.00381889,0.0024257,0.00376297,0.117528,True,empty floor,sound_similarity,0,0.0666667,0.240691,0,0.0666667,0.118506,0,0.0666667,0.271224,0,0.0666667,0.145343,0,0.0666667,0.1565,0,0.0666667,0.265081,0,0.0666667,0.144166,0,0.0666667,0.233515,0,0.0666667,0.187891,0.5,0.4,0
0.75,2.25,3.8886,-2.99573,0.00359145,0.0024257,0.0036492,0.117528,True,empty floor,sound_similarity,0,0.0666667,0.240691,0,0.0666667,0.118506,0,0.0666667,0.271224,0,0.0666667,0.145343,0,0.0666667,0.1565,0,0.0666667,0.265081,0,0.0666667,0.144166,0,0.0666667,0.233515,0,0.0666667,0.187891,0.5,0.4,0
0.5,4.5,1.62491,-2.99573,0.00359044,0.0024257,0.00364868,0.117528,True,empty floor,sound_similarity,0,0.0666667,0.240691,0,0.0666667,0.118506,0,0.0666667,0.271224,0,0.0666667,0.145343,0,0.0666667,0.1565,0,0.0666667,0.265081,0,0.0666667,0.144166,0,0.0666667,0.233515,0,0.0666667,0.187891,0.5,0.4,0
0.75,2,4.13696,-2.99573,0.00358935,0.0024257,0.00364813,0.117528,True,empty floor,sound_similarity,0,0.0666667,0.240691,0,0.0666667,0.118506,0,0.0666667,0.271224,0,0.0666667,0.145343,0,0.0666667,0.1565,0,0.0666667,0.265081,0,0.0666667,0.144166,0,0.0666667,0.233515,0,0.0666667,0.187891,0.5,0.4,0
0.75,2.5,3.64046,-2.99573,0.00358858,0.0024257,0.00364774,0.117528,True,empty floor,sound_similarity,0,0.0666667,0.240691,0,0.0666667,0.118506,0,0.0666667,0.271224,0,0.0666667,0.145343,0,0.0666667,0.1565,0,0.0666667,0.265081,0,0.0666667,0.144166,0,0.0666667,0.233515,0,0.0666667,0.187891,0.5,0.4,0
0.5,4.25,1.87311,-2.99573,0.0035861,0.0024257,0.00364648,0.117528,True,empty floor,sound_similarity,0,0.0666667,0.240691,0,0.0666667,0.118506,0,0.0666667,0.271224,0,0.0666667,0.145343,0,0.0666667,0.1565,0,0.0666667,0.265081,0,0.0666667,0.144166,0,0.0666667,0.233515,0,0.0666667,0.187891,0.5,0.4,0
0.75,1.75,4.3855,-2.99573,0.00358386,0.0024257,0.00364534,0.117528,True,empty floor,sound_similarity,0,0.0666667,0.240691,0,0.0666667,0.118506,0,0.0666667,0.271224,0,0.0666667,0.145343,0,0.0666667,0.1565,0,0.0666667,0.265081,0,0.0666667,0.144166,0,0.0666667,0.233515,0,0.0666667,0.187891,0.5,0.4,0
0.5,4.75,1.37736,-2.99573,0.00356162,0.0024257,0.00363401,0.117528,True,empty floor,sound_similarity,0,0.0666667,0.240691,0,0.0666667,0.118506,0,0.0666667,0.271224,0,0.0666667,0.145343,0,0.0666667,0.1565,0,0.0666667,0.265081,0,0.0666667,0.144166,0,0.0666667,0.233515,0,0.0666667,0.187891,0.5,0.4,0
0.75,3,3.14508,-2.99573,0.00355791,0.0024257,0.00363212,0.117528,True,empty floor,sound_similarity,0,0.0666667,0.240691,0,0.0666667,0.118506,0,0.0666667,0.271224,0,0.0666667,0.145343,0,0.0666667,0.1565,0,0.0666667,0.265081,0,0.0666667,0.144166,0,0.0666667,0.233515,0,0.0666667,0.187891,0.5,0.4,0
0.5,3.75,2.37065,-2.99573,0.00354394,0.0024257,0.00362498,0.117528,True,empty floor,sound_similarity,0,0.0666667,0.240691,0,0.0666667,0.118506,0,0.0666667,0.271224,0,0.0666667,0.145343,0,0.0666667,0.1565,0,0.0666667,0.265081,0,0.0666667,0.144166,0,0.0666667,0.233515,0,0.0666667,0.187891,0.5,0.4,0
-1.5,5.25,1.98761,-2.99573,0.00353859,0.0024257,0.00362224,0.117528,True,empty floor,sound_similarity,0,0.0666667,0.240691,0,0.0666667,0.118506,0,0.0666667,0.271224,0,0.0666667,0.145343,0,0.0666667,0.1565,0,0.0666667,0.265081,0,0.0666667,0.144166,0,0.0666667,0.233515,0,0.0666667,0.187891,0.5,0.4,0
-1,5.5,1.42868,-2.99573,0.0035242,0.0024257,0.00361487,0.117528,True,empty floor,sound_similarity,0,0.0666667,0.240691,0,0.0666667,0.118506,0,0.0666667,0.271224,0,0.0666667,0.145343,0,0.0666667,0.1565,0,0.0666667,0.265081,0,0.0666667,0.144166,0,0.0666667,0.233515,0,0.0666667,0.187891,0.5,0.4,0
0.75,3.25,2.89798,-2.99573,0.00352196,0.0024257,0.00361372,0.117528,True,empty floor,sound_similarity,0,0.0666667,0.240691,0,0.0666667,0.118506,0,0.0666667,0.271224,0,0.0666667,0.145343,0,0.0666667,0.1565,0,0.0666667,0.265081,0,0.0666667,0.144166,0,0.0666667,0.233515,0,0.0666667,0.187891,0.5,0.4,0
2,5.5,1.81487,-2.99573,0.00351995,0.0024257,0.00361269,0.117528,True,empty floor,sound_similarity,0,0.0666667,0.240691,0,0.0666667,0.118506,0,0.0666667,0.271224,0,0.0666667,0.145343,0,0.0666667,0.1565,0,0.0666667,0.265081,0,0.0666667,0.144166,0,0.0666667,0.233515,0,0.0666667,0.187891,0.5,0.4,0
0.5,3.5,2.61977,-2.99573,0.00351868,0.0024257,0.00361204,0.117528,True,empty floor,sound_similarity,0,0.0666667,0.240691,0,0.0666667,0.118506,0,0.0666667,0.271224,0,0.0666667,0.145343,0,0.0666667,0.1565,0,0.0666667,0.265081,0,0.0666667,0.144166,0,0.0666667,0.233515,0,0.0666667,0.187891,0.5,0.4,0
1,1.75,4.41866,-2.99573,0.00350585,0.0024257,0.00360545,0.117528,True,empty floor,sound_similarity,0,0.0666667,0.240691,0,0.0666667,0.118506,0,0.0666667,0.271224,0,0.0666667,0.145343,0,0.0666667,0.1565,0,0.0666667,0.265081,0,0.0666667,0.144166,0,0.0666667,0.233515,0,0.0666667,0.187891,0.5,0.4,0
0.5,3.25,2.86905,-2.99573,0.00349379,0.0024257,0.00359924,0.117528,True,empty floor,sound_similarity,0,0.0666667,0.240691,0,0.0666667,0.118506,0,0.0666667,0.271224,0,0.0666667,0.145343,0,0.0666667,0.1565,0,0.0666667,0.265081,0,0.0666667,0.144166,0,0.0666667,0.233515,0,0.0666667,0.187891,0.5,0.4,0
-0.5,5.75,0.869874,-2.99573,0.0034871,0.0024257,0.00359579,0.117528,True,empty floor,sound_similarity,0,0.0666667,0.240691,0,0.0666667,0.118506,0,0.0666667,0.271224,0,0.0666667,0.145343,0,0.0666667,0.1565,0,0.0666667,0.265081,0,0.0666667,0.144166,0,0.0666667,0.233515,0,0.0666667,0.187891,0.5,0.4,0
0.5,3,3.11844,-2.99573,0.00347011,0.0024257,0.00358703,0.117528,True,empty floor,sound_similarity,0,0.0666667,0.240691,0,0.0666667,0.118506,0,0.0666667,0.271224,0,0.0666667,0.145343,0,0.0666667,0.1565,0,0.0666667,0.265081,0,0.0666667,0.144166,0,0.0666667,0.233515,0,0.0666667,0.187891,0.5,0.4,0
1,2,4.17209,-2.99573,0.00346582,0.0024257,0.00358481,0.117528,True,empty floor,sound_similarity,0,0.0666667,0.240691,0,0.0666667,0.118506,0,0.0666667,0.271224,0,0.0666667,0.145343,0,0.0666667,0.1565,0,0.0666667,0.265081,0,0.0666667,0.144166,0,0.0666667,0.233515,0,0.0666667,0.187891,0.5,0.4,0
0.75,3.5,2.65143,-2.99573,0.00346349,0.0024257,0.0035836,0.117528,True,empty floor,sound_similarity,0,0.0666667,0.240691,0,0.0666667,0.118506,0,0.0666667,0.271224,0,0.0666667,0.145343,0,0.0666667,0.1565,0,0.0666667,0.265081,0,0.0666667,0.144166,0,0.0666667,0.233515,0,0.0666667,0.187891,0.5,0.4,0
-0.75,5.75,1.10218,-2.99573,0.00346287,0.0024257,0.00358328,0.117528,True,empty floor,sound_similarity,0,0.0666667,0.240691,0,0.0666667,0.118506,0,0.0666667,0.271224,0,0.0666667,0.145343,0,0.0666667,0.1565,0,0.0666667,0.265081,0,0.0666667,0.144166,0,0.0666667,0.233515,0,0.0666667,0.187891,0.5,0.4,0
0.5,2.75,3.36792,-2.99573,0.00344797,0.0024257,0.00357556,0.117528,True,empty floor,sound_similarity,0,0.0666667,0.240691,0,0.0666667,0.118506,0,0.0666667,0.271224,0,0.0666667,0.145343,0,0.0666667,0.1565,0,0.0666667,0.265081,0,0.0666667,0.144166,0,0.0666667,0.233515,0,0.0666667,0.187891,0.5,0.4,0
0.5,2.5,3.61747,-2.99573,0.00342744,0.0024257,0.0035649,0.117528,True,empty floor,sound_similarity,0,0.0666667,0.240691,0,0.0666667,0.118506,0,0.0666667,0.271224,0,0.0666667,0.145343,0,0.0666667,0.1565,0,0.0666667,0.265081,0,0.0666667,0.144166,0,0.0666667,0.233515,0,0.0666667,0.187891,0.5,0.4,0
1.25,5.75,1.02464,-2.99573,0.00342236,0.0024257,0.00356226,0.117528,True,empty floor,sound_similarity,0,0.0666667,0.240691,0,0.0666667,0.118506,0,0.0666667,0.271224,0,0.0666667,0.145343,0,0.0666667,0.1565,0,0.0666667,0.265081,0,0.0666667,0.144166,0,0.0666667,0.233515,0,0.0666667,0.187891,0.5,0.4,0
1,2.25,3.92595,-2.99573,0.00341234,0.0024257,0.00355704,0.117528,True,empty floor,sound_similarity,0,0.0666667,0.240691,0,0.0666667,0.118506,0,0.0666667,0.271224,0,0.0666667,0.145343,0,0.0666667,0.1565,0,0.0666667,0.265081,0,0.0666667,0.144166,0,0.0666667,0.233515,0,0.0666667,0.187891,0.5,0.4,0
0.5,2.25,3.86708,-2.99573,0.00340849,0.0024257,0.00355503,0.117528,True,empty floor,sound_similarity,0,0.0666667,0.240691,0,0.0666667,0.118506,0,0.0666667,0.271224,0,0.0666667,0.145343,0,0.0666667,0.1565,0,0.0666667,0.265081,0,0.0666667,0.144166,0,0.0666667,0.233515,0,0.0666667,0.187891,0.5,0.4,0
-2.25,4.75,2.88294,-2.99573,0.00338147,0.0024257,0.00354091,0.117528,True,empty floor,sound_similarity,0,0.0666667,0.240691,0,0.0666667,0.118506,0,0.0666667,0.271224,0,0.0666667,0.145343,0,0.0666667,0.1565,0,0.0666667,0.265081,0,0.0666667,0.144166,0,0.0666667,0.233515,0,0.0666667,0.187891,0.5,0.4,0
0.5,1.75,4.36643,-2.99573,0.00337493,0.0024257,0.00353749,0.117528,True,empty floor,sound_similarity,0,0.0666667,0.240691,0,0.0666667,0.118506,0,0.0666667,0.271224,0,0.0666667,0.145343,0,0.0666667,0.1565,0,0.0666667,0.265081,0,0.0666667,0.144166,0,0.0666667,0.233515,0,0.0666667,0.187891,0.5,0.4,0
0.75,3.75,2.40559,-2.99573,0.00337177,0.0024257,0.00353583,0.117528,True,empty floor,sound_similarity,0,0.0666667,0.240691,0,0.0666667,0.118506,0,0.0666667,0.271224,0,0.0666667,0.145343,0,0.0666667,0.1565,0,0.0666667,0.265081,0,0.0666667,0.144166,0,0.0666667,0.233515,0,0.0666667,0.187891,0.5,0.4,0
1,2.5,3.68033,-2.99573,0.00334155,0.0024257,0.00351995,0.117528,True,empty floor,sound_similarity,0,0.0666667,0.240691,0,0.0666667,0.118506,0,0.0666667,0.271224,0,0.0666667,0.145343,0,0.0666667,0.1565,0,0.0666667,0.265081,0,0.0666667,0.144166,0,0.0666667,0.233515,0,0.0666667,0.187891,0.5,0.4,0
1.5,7.5,1.84099,-2.99573,0.00331818,0.0024257,0.00350762,0.117528,True,empty floor,sound_similarity,0,0.0666667,0.240691,0,0.0666667,0.118506,0,0.0666667,0.271224,0,0.0666667,0.145343,0,0.0666667,0.1565,0,0.0666667,0.265081,0,0.0666667,0.144166,0,0.0666667,0.233515,0,0.0666667,0.187891,0.5,0.4,0
-1.75,5,2.3242,-2.99573,0.00331324,0.0024257,0.00350501,0.117528,True,empty floor,sound_similarity,0,0.0666667,0.240691,0,0.0666667,0.118506,0,0.0666667,0.271224,0,0.0666667,0.145343,0,0.0666667,0.1565,0,0.0666667,0.265081,0,0.0666667,0.144166,0,0.0666667,0.233515,0,0.0666667,0.187891,0.5,0.4,0
-1.5,5.5,1.89271,-2.99573,0.00330427,0.0024257,0.00350026,0.117528,True,empty floor,sound_similarity,0,0.0666667,0.240691,0,0.0666667,0.118506,0,0.0666667,0.271224,0,0.0666667,0.145343,0,0.0666667,0.1565,0,0.0666667,0.265081,0,0.0666667,0.144166,0,0.0666667,0.233515,0,0.0666667,0.187891,0.5,0.4,0
0,6,0.311822,-2.99573,0.00327475,0.0024257,0.00348459,0.117528,True,empty floor,sound_similarity,0,0.0666667,0.240691,0,0.0666667,0.118506,0,0.0666667,0.271224,0,0.0666667,0.145343,0,0.0666667,0.1565,0,0.0666667,0.265081,0,0.0666667,0.144166,0,0.0666667,0.233515,0,0.0666667,0.187891,0.5,0.4,0
-1,7.75,2.08618,-0.0937966,0.00327136,0.0024257,0.00348278,0.117528,True,empty floor,sound_similarity,0,0.0666667,0.240691,0,0.0666667,0.118506,0,0.0666667,0.271224,0,0.0666667,0.145343,0,0.0666667,0.1565,0,0.0666667,0.265081,0,0.0666667,0.144166,0,0.0666667,0.233515,0,0.0666667,0.187891,0.5,0.4,0
0.75,4,2.16071,-2.99573,0.00323077,0.0024257,0.00346111,0.117528,True,empty floor,sound_similarity,0,0.0666667,0.240691,0,0.0666667,0.118506,0,0.0666667,0.271224,0,0.0666667,0.145343,0,0.0666667,0.1565,0,0.0666667,0.265081,0,0.0666667,0.144166,0,0.0666667,0.233515,0,0.0666667,0.187891,0.5,0.4,0
-2.25,5.25,2.68327,-2.99573,0.00322025,0.0024257,0.00345547,0.117528,True,empty floor,sound_similarity,0,0.0666667,0.240691,0,0.0666667,0.118506,0,0.0666667,0.271224,0,0.0666667,0.145343,0,0.0666667,0.1565,0,0.0666667,0.265081,0,0.0666667,0.144166,0,0.0666667,0.233515,0,0.0666667,0.187891,0.5,0.4,0
1.75,5.5,1.58173,-2.99573,0.00321294,0.0024257,0.00345155,0.117528,True,empty floor,sound_similarity,0,0.0666667,0.240691,0,0.0666667,0.118506,0,0.0666667,0.271224,0,0.0666667,0.145343,0,0.0666667,0.1565,0,0.0666667,0.265081,0,0.0666667,0.144166,0,0.0666667,0.233515,0,0.0666667,0.187891,0.5,0.4,0
2,5.75,1.74658,-2.99573,0.00320559,0.0024257,0.0034476,0.117528,True,empty floor,sound_similarity,0,0.0666667,0.240691,0,0.0666667,0.118506,0,0.0666667,0.271224,0,0.0666667,0.145343,0,0.0666667,0.1565,0,0.0666667,0.265081,0,0.0666667,0.144166,0,0.0666667,0.233515,0,0.0666667,0.187891,0.5,0.4,0
-1.25,5.25,1.76563,-2.99573,0.00318707,0.0024257,0.00343763,0.117528,True,empty floor,sound_similarity,0,0.0666667,0.240691,0,0.0666667,0.118506,0,0.0666667,0.271224,0,0.0666667,0.145343,0,0.0666667,0.1565,0,0.0666667,0.265081,0,0.0666667,0.144166,0,0.0666667,0.233515,0,0.0666667,0.187891,0.5,0.4,0
1.25,1.75,4.46558,-2.99573,0.00317181,0.0024257,0.00342938,0.117528,True,empty floor,sound_similarity,0,0.0666667,0.240691,0,0.0666667,0.118506,0,0.0666667,0.271224,0,0.0666667,0.145343,0,0.0666667,0.1565,0,0.0666667,0.265081,0,0.0666667,0.144166,0,0.0666667,0.233515,0,0.0666667,0.187891,0.5,0.4,0
0.5,5.25,0.886378,-2.99573,0.00316234,0.0024257,0.00342426,0.117528,True,empty floor,sound_similarity,0,0.0666667,0.240691,0,0.0666667,0.118506,0,0.0666667,0.271224,0,0.0666667,0.145343,0,0.0666667,0.1565,0,0.0666667,0.265081,0,0.0666667,0.144166,0,0.0666667,0.233515,0,0.0666667,0.187891,0.5,0.4,0
1,3,3.19115,-2.99573,0.00312668,0.0024257,0.0034049,0.117528,True,empty floor,sound_similarity,0,0.0666667,0.240691,0,0.0666667,0.118506,0,0.0666667,0.271224,0,0.0666667,0.145343,0,0.0666667,0.1565,0,0.0666667,0.265081,0,0.0666667,0.144166,0,0.0666667,0.233515,0,0.0666667,0.187891,0.5,0.4,0
-0.75,7.5,1.73558,-0.154061,0.00308055,0.0024257,0.00337969,0.117528,True,empty floor,sound_similarity,0,0.0666667,0.240691,0,0.0666667,0.118506,0,0.0666667,0.271224,0,0.0666667,0.145343,0,0.0666667,0.1565,0,0.0666667,0.265081,0,0.0666667,0.144166,0,0.0666667,0.233515,0,0.0666667,0.187891,0.5,0.4,0
1.25,2,4.22175,-2.99573,0.00306878,0.0024257,0.00337323,0.117528,True,empty floor,sound_similarity,0,0.0666667,0.240691,0,0.0666667,0.118506,0,0.0666667,0.271224,0,0.0666667,0.145343,0,0.0666667,0.1565,0,0.0666667,0.265081,0,0.0666667,0.144166,0,0.0666667,0.233515,0,0.0666667,0.187891,0.5,0.4,0
-2,4.75,2.66519,-2.99573,0.00304718,0.0024257,0.00336133,0.117528,True,empty floor,sound_similarity,0,0.0666667,0.240691,0,0.0666667,0.118506,0,0.0666667,0.271224,0,0.0666667,0.145343,0,0.0666667,0.1565,0,0.0666667,0.265081,0,0.0666667,0.144166,0,0.0666667,0.233515,0,0.0666667,0.187891,0.5,0.4,0
1.75,7.75,2.19383,-2.99573,0.00302734,0.0024257,0.00335038,0.117528,True,empty floor,sound_similarity,0,0.0666667,0.240691,0,0.0666667,0.118506,0,0.0666667,0.271224,0,0.0666667,0.145343,0,0.0666667,0.1565,0,0.0666667,0.265081,0,0.0666667,0.144166,0,0.0666667,0.233515,0,0.0666667,0.187891,0.5,0.4,0
0.75,4.25,1.91714,-2.99573,0.00301698,0.0024257,0.00334464,0.117528,True,empty floor,sound_similarity,0,0.0666667,0.240691,0,0.0666667,0.118506,0,0.0666667,0.271224,0,0.0666667,0.145343,0,0.0666667,0.1565,0,0.0666667,0.265081,0,0.0666667,0.144166,0,0.0666667,0.233515,0,0.0666667,0.187891,0.5,0.4,0
-1.75,5.5,2.13084,-2.99573,0.0029761,0.0024257,0.0033219,0.117528,True,empty floor,sound_similarity,0,0.0666667,0.240691,0,0.0666667,0.118506,0,0.0666667,0.271224,0,0.0666667,0.145343,0,0.0666667,0.1565,0,0.0666667,0.265081,0,0.0666667,0.144166,0,0.0666667,0.233515,0,0.0666667,0.187891,0.5,0.4,0
-1,5.75,1.34086,-2.99573,0.00297596,0.0024257,0.00332182,0.117528,True,empty floor,sound_similarity,0,0.0666667,0.240691,0,0.0666667,0.118506,0,0.0666667,0.271224,0,0.0666667,0.145343,0,0.0666667,0.1565,0,0.0666667,0.265081,0,0.0666667,0.144166,0,0.0666667,0.233515,0,0.0666667,0.187891,0.5,0.4,0
1,3.25,2.94791,-2.99573,0.00296826,0.0024257,0.00331752,0.117528,True,empty floor,sound_similarity,0,0.0666667,0.240691,0,0.0666667,0.118506,0,0.0666667,0.271224,0,0.0666667,0.145343,0,0.0666667,0.1565,0,0.0666667,0.265081,0,0.0666667,0.144166,0,0.0666667,0.233515,0,0.0666667,0.187891,0.5,0.4,0
1.25,2.25,3.97869,-2.99573,0.00294394,0.0024257,0.0033039,0.117528,True,empty floor,sound_similarity,0,0.0666667,0.240691,0,0.0666667,0.118506,0,0.0666667,0.271224,0,0.0666667,0.145343,0,0.0666667,0.1565,0,0.0666667,0.265081,0,0.0666667,0.144166,0,0.0666667,0.233515,0,0.0666667,0.187891,0.5,0.4,0
0.25,1.75,4.36164,-2.99573,0.00292597,0.0024257,0.0032938,0.117528,True,empty floor,sound_similarity,0,0.0666667,0.240691,0,0.0666667,0.118506,0,0.0666667,0.271224,0,0.0666667,0.145343,0,0.0666667,0.1565,0,0.0666667,0.265081,0,0.0666667,0.144166,0,0.0666667,0.233515,0,0.0666667,0.187891,0.5,0.4,0
0.25,2.25,3.86166,-2.99573,0.00291207,0.0024257,0.00328597,0.117528,True,empty floor,sound_similarity,0,0.0666667,0.240691,0,0.0666667,0.118506,0,0.0666667,0.271224,0,0.0666667,0.145343,0,0.0666667,0.1565,0,0.0666667,0.265081,0,0.0666667,0.144166,0,0.0666667,0.233515,0,0.0666667,0.187891,0.5,0.4,0
-0.75,5.5,1.20748,-2.99573,0.00290614,0.0024257,0.00328262,0.117528,True,empty floor,sound_similarity,0,0.0666667,0.240691,0,0.0666667,0.118506,0,0.0666667,0.271224,0,0.0666667,0.145343,0,0.0666667,0.1565,0,0.0666667,0.265081,0,0.0666667,0.144166,0,0.0666667,0.233515,0,0.0666667,0.187891,0.5,0.4,0
0.25,2.5,3.61168,-2.99573,0.00290366,0.0024257,0.00328122,0.117528,True,empty floor,sound_similarity,0,0.0666667,0.240691,0,0.0666667,0.118506,0,0.0666667,0.271224,0,0.0666667,0.145343,0,0.0666667,0.1565,0,0.0666667,0.265081,0,0.0666667,0.144166,0,0.0666667,0.233515,0,0.0666667,0.187891,0.5,0.4,0
0.25,2.75,3.36169,-2.99573,0.00289398,0.0024257,0.00327575,0.117528,True,empty floor,sound_similarity,0,0.0666667,0.240691,0,0.0666667,0.118506,0,0.0666667,0.271224,0,0.0666667,0.145343,0,0.0666667,0.1565,0,0.0666667,0.265081,0,0.0666667,0.144166,0,0.0666667,0.233515,0,0.0666667,0.187891,0.5,0.4,0
0.25,3,3.11171,-2.99573,0.00288273,0.0024257,0.00326937,0.117528,True,empty floor,sound_similarity,0,0.0666667,0.240691,0,0.0666667,0.118506,0,0.0666667,0.271224,0,0.0666667,0.145343,0,0.0666667,0.1565,0,0.0666667,0.265081,0,0.0666667,0.144166,0,0.0666667,0.233515,0,0.0666667,0.187891,0.5,0.4,0
1,6,0.71748,-2.99573,0.00288115,0.0024257,0.00326848,0.117528,True,empty floor,sound_similarity,0,0.0666667,0.240691,0,0.0666667,0.118506,0,0.0666667,0.271224,0,0.0666667,0.145343,0,0.0666667,0.1565,0,0.0666667,0.265081,0,0.0666667,0.144166,0,0.0666667,0.233515,0,0.0666667,0.187891,0.5,0.4,0
0.25,3.25,2.86174,-2.99573,0.00286949,0.0024257,0.00326185,0.117528,True,empty floor,sound_similarity,0,0.0666667,0.240691,0,0.0666667,0.118506,0,0.0666667,0.271224,0,0.0666667,0.145343,0,0.0666667,0.1565,0,0.0666667,0.265081,0,0.0666667,0.144166,0,0.0666667,0.233515,0,0.0666667,0.187891,0.5,0.4,0
0.25,3.5,2.61177,-2.99573,0.00285367,0.0024257,0.00325285,0.117528,True,empty floor,sound_similarity,0,0.0666667,0.240691,0,0.0666667,0.118506,0,0.0666667,0.271224,0,0.0666667,0.145343,0,0.0666667,0.1565,0,0.0666667,0.265081,0,0.0666667,0.144166,0,0.0666667,0.233515,0,0.0666667,0.187891,0.5,0.4,0
0.25,3.75,2.3618,-2.99573,0.00283446,0.0024257,0.00324189,0.117528,True,empty floor,sound_similarity,0,0.0666667,0.240691,0,0.0666667,0.118506,0,0.0666667,0.271224,0,0.0666667,0.145343,0,0.0666667,0.1565,0,0.0666667,0.265081,0,0.0666667,0.144166,0,0.0666667,0.233515,0,0.0666667,0.187891,0.5,0.4,0
-1.5,5,2.10803,-2.99573,0.00283089,0.0024257,0.00323984,0.117528,True,empty floor,sound_similarity,0,0.0666667,0.240691,0,0.0666667,0.118506,0,0.0666667,0.271224,0,0.0666667,0.145343,0,0.0666667,0.1565,0,0.0666667,0.265081,0,0.0666667,0.144166,0,0.0666667,0.233515,0,0.0666667,0.187891,0.5,0.4,0
0.25,4,2.11184,-2.99573,0.00281065,0.0024257,0.00322824,0.117528,True,empty floor,sound_similarity,0,0.0666667,0.240691,0,0.0666667,0.118506,0,0.0666667,0.271224,0,0.0666667,0.145343,0,0.0666667,0.1565,0,0.0666667,0.265081,0,0.0666667,0.144166,0,0.0666667,0.233515,0,0.0666667,0.187891,0.5,0.4,0
-2.25,4.5,3.00908,-2.99573,0.00279884,0.0024257,0.00322145,0.117528,True,empty floor,sound_similarity,0,0.0666667,0.240691,0,0.0666667,0.118506,0,0.0666667,0.271224,0,0.0666667,0.145343,0,0.0666667,0.1565,0,0.0666667,0.265081,0,0.0666667,0.144166,0,0.0666667,0.233515,0,0.0666667,0.187891,0.5,0.4,0
1.25,2.5,3.73654,-2.99573,0.0027933,0.0024257,0.00321826,0.117528,True,empty floor,sound_similarity,0,0.0666667,0.240691,0,0.0666667,0.118506,0,0.0666667,0.271224,0,0.0666667,0.145343,0,0.0666667,0.1565,0,0.0666667,0.265081,0,0.0666667,0.144166,0,0.0666667,0.233515,0,0.0666667,0.187891,0.5,0.4,0
0.25,4.25,1.8619,-2.99573,0.00278037,0.0024257,0.00321081,0.117528,True,empty floor,sound_similarity,0,0.0666667,0.240691,0,0.0666667,0.118506,0,0.0666667,0.271224,0,0.0666667,0.145343,0,0.0666667,0.1565,0,0.0666667,0.265081,0,0.0666667,0.144166,0,0.0666667,0.233515,0,0.0666667,0.187891,0.5,0.4,0
1,3.5,2.70592,-2.99573,0.00276363,0.0024257,0.00320113,0.117528,True,empty floor,sound_similarity,0,0.0666667,0.240691,0,0.0666667,0.118506,0,0.0666667,0.271224,0,0.0666667,0.145343,0,0.0666667,0.1565,0,0.0666667,0.265081,0,0.0666667,0.144166,0,0.0666667,0.233515,0,0.0666667,0.187891,0.5,0.4,0
0.25,4.5,1.61197,-2.99573,0.00274062,0.0024257,0.00318777,0.117528,True,empty floor,sound_similarity,0,0.0666667,0.240691,0,0.0666667,0.118506,0,0.0666667,0.271224,0,0.0666667,0.145343,0,0.0666667,0.1565,0,0.0666667,0.265081,0,0.0666667,0.144166,0,0.0666667,0.233515,0,0.0666667,0.187891,0.5,0.4,0
0.25,4.75,1.36207,-2.99573,0.00268619,0.0024257,0.00315596,0.117528,True,empty floor,sound_similarity,0,0.0666667,0.240691,0,0.0666667,0.118506,0,0.0666667,0.271224,0,0.0666667,0.145343,0,0.0666667,0.1565,0,0.0666667,0.265081,0,0.0666667,0.144166,0,0.0666667,0.233515,0,0.0666667,0.187891,0.5,0.4,0
1.5,1.75,4.52585,-2.99573,0.0026724,0.0024257,0.00314785,0.117528,True,empty floor,sound_similarity,0,0.0666667,0.240691,0,0.0666667,0.118506,0,0.0666667,0.271224,0,0.0666667,0.145343,0,0.0666667,0.1565,0,0.0666667,0.265081,0,0.0666667,0.144166,0,0.0666667,0.233515,0,0.0666667,0.187891,0.5,0.4,0
0.25,5,1.11221,-2.99573,0.00260737,0.0024257,0.00310931,0.117528,True,empty floor,sound_similarity,0,0.0666667,0.240691,0,0.0666667,0.118506,0,0.0666667,0.271224,0,0.0666667,0.145343,0,0.0666667,0.1565,0,0.0666667,0.265081,0,0.0666667,0.144166,0,0.0666667,0.233515,0,0.0666667,0.187891,0.5,0.4,0
2,5.25,1.91363,-2.99573,0.00257799,0.0024257,0.00309174,0.117528,True,empty floor,sound_similarity,0,0.0666667,0.240691,0,0.0666667,0.118506,0,0.0666667,0.271224,0,0.0666667,0.145343,0,0.0666667,0.1565,0,0.0666667,0.265081,0,0.0666667,0.144166,0,0.0666667,0.233515,0,0.0666667,0.187891,0.5,0.4,0
1.5,5.5,1.35462,-2.99573,0.00254549,0.0024257,0.00307219,0.117528,True,empty floor,sound_similarity,0,0.0666667,0.240691,0,0.0666667,0.118506,0,0.0666667,0.271224,0,0.0666667,0.145343,0,0.0666667,0.1565,0,0.0666667,0.265081,0,0.0666667,0.144166,0,0.0666667,0.233515,0,0.0666667,0.187891,0.5,0.4,0
-1.75,4.75,2.4536,-2.99573,0.00253405,0.0024257,0.00306528,0.117528,True,empty floor,sound_similarity,0,0.0666667,0.240691,0,0.0666667,0.118506,0,0.0666667,0.271224,0,0.0666667,0.145343,0,0.0666667,0.1565,0,0.0666667,0.265081,0,0.0666667,0.144166,0,0.0666667,0.233515,0,0.0666667,0.187891,0.5,0.4,0
1.5,2,4.28545,-2.99573,0.00251401,0.0024257,0.00305313,0.117528,True,empty floor,sound_similarity,0,0.0666667,0.240691,0,0.0666667,0.118506,0,0.0666667,0.271224,0,0.0666667,0.145343,0,0.0666667,0.1565,0,0.0666667,0.265081,0,0.0666667,0.144166,0,0.0666667,0.233515,0,0.0666667,0.187891,0.5,0.4,0
1,3.75,2.46551,-2.99573,0.00250229,0.0024257,0.00304601,0.117528,True,empty floor,sound_similarity,0,0.0666667,0.240691,0,0.0666667,0.118506,0,0.0666667,0.271224,0,0.0666667,0.145343,0,0.0666667,0.1565,0,0.0666667,0.265081,0,0.0666667,0.144166,0,0.0666667,0.233515,0,0.0666667,0.187891,0.5,0.4,0
0.25,5.25,0.862427,-2.99573,0.00248374,0.0024257,0.0030347,0.117528,True,empty floor,sound_similarity,0,0.0666667,0.240691,0,0.0666667,0.118506,0,0.0666667,0.271224,0,0.0666667,0.145343,0,0.0666667,0.1565,0,0.0666667,0.265081,0,0.0666667,0.144166,0,0.0666667,0.233515,0,0.0666667,0.187891,0.5,0.4,0
1,5.75,0.795611,-2.99573,0.00246891,0.0024257,0.00302562,0.117528,True,empty floor,sound_similarity,0,0.0666667,0.240691,0,0.0666667,0.118506,0,0.0666667,0.271224,0,0.0666667,0.145343,0,0.0666667,0.1565,0,0.0666667,0.265081,0,0.0666667,0.144166,0,0.0666667,0.233515,0,0.0666667,0.187891,0.5,0.4,0
0.5,5.5,0.6461,-2.99573,0.00243,0.0024257,0.00300169,0.117528,True,empty floor,sound_similarity,0,0.0666667,0.240691,0,0.0666667,0.118506,0,0.0666667,0.271224,0,0.0666667,0.145343,0,0.0666667,0.1565,0,0.0666667,0.265081,0,0.0666667,0.144166,0,0.0666667,0.233515,0,0.0666667,0.187891,0.5,0.4,0
-1,5.25,1.55221,-2.99573,0.00242958,0.0024257,0.00300143,0.117528,True,empty floor,sound_similarity,0,0.0666667,0.240691,0,0.0666667,0.118506,0,0.0666667,0.271224,0,0.0666667,0.145343,0,0.0666667,0.1565,0,0.0666667,0.265081,0,0.0666667,0.144166,0,0.0666667,0.233515,0,0.0666667,0.187891,0.5,0.4,0
1.25,6,0.965227,-2.99573,0.00241272,0.0024257,0.002991,0.117528,True,empty floor,sound_similarity,0,0.0666667,0.240691,0,0.0666667,0.118506,0,0.0666667,0.271224,0,0.0666667,0.145343,0,0.0666667,0.1565,0,0.0666667,0.265081,0,0.0666667,0.144166,0,0.0666667,0.233515,0,0.0666667,0.187891,0.5,0.4,0
1.25,3,3.25581,-2.99573,0.0023978,0.0024257,0.00298174,0.117528,True,empty floor,sound_similarity,0,0.0666667,0.240691,0,0.0666667,0.118506,0,0.0666667,0.271224,0,0.0666667,0.145343,0,0.0666667,0.1565,0,0.0666667,0.265081,0,0.0666667,0.144166,0,0.0666667,0.233515,0,0.0666667,0.187891,0.5,0.4,0
0,1.75,4.37115,-2.99573,0.00234317,0.0024257,0.00294757,0.117528,True,empty floor,sound_similarity,0,0.0666667,0.240691,0,0.0666667,0.118506,0,0.0666667,0.271224,0,0.0666667,0.145343,0,0.0666667,0.1565,0,0.0666667,0.265081,0,0.0666667,0.144166,0,0.0666667,0.233515,0,0.0666667,0.187891,0.5,0.4,0
1.5,2.25,4.04622,-2.99573,0.00233315,0.0024257,0.00294127,0.117528,True,empty floor,sound_similarity,0,0.0666667,0.240691,0,0.0666667,0.118506,0,0.0666667,0.271224,0,0.0666667,0.145343,0,0.0666667,0.1565,0,0.0666667,0.265081,0,0.0666667,0.144166,0,0.0666667,0.233515,0,0.0666667,0.187891,0.5,0.4,0
-2,4.5,2.80115,-2.99573,0.0022988,0.0024257,0.00291953,0.117528,True,empty floor,sound_similarity,0,0.0666667,0.240691,0,0.0666667,0.118506,0,0.0666667,0.271224,0,0.0666667,0.145343,0,0.0666667,0.1565,0,0.0666667,0.265081,0,0.0666667,0.144166,0,0.0666667,0.233515,0,0.0666667,0.187891,0.5,0.4,0
-2.25,6,2.54367,-2.99449,0.000725884,0.00430314,0.00291034,0.208492,True,tv,sound_similarity,1,0.55,0.240691,0,0.05,0.118506,0,0.05,0.271224,0,0.05,0.145343,0,0.05,0.1565,0,0.05,0.265081,0,0.05,0.144166,0,0.05,0.233515,0,0.05,0.187891,0,0.05,0
0.25,5.5,0.612829,-2.99573,0.00226507,0.0024257,0.00289804,0.117528,True,empty floor,sound_similarity,0,0.0666667,0.240691,0,0.0666667,0.118506,0,0.0666667,0.271224,0,0.0666667,0.145343,0,0.0666667,0.1565,0,0.0666667,0.265081,0,0.0666667,0.144166,0,0.0666667,0.233515,0,0.0666667,0.187891,0.5,0.4,0
0,2.25,3.87241,-2.99573,0.00224989,0.0024257,0.00288831,0.117528,True,empty floor,sound_similarity,0,0.0666667,0.240691,0,0.0666667,0.118506,0,0.0666667,0.271224,0,0.0666667,0.145343,0,0.0666667,0.1565,0,0.0666667,0.265081,0,0.0666667,0.144166,0,0.0666667,0.233515,0,0.0666667,0.187891,0.5,0.4,0
0.75,4.75,1.43666,-2.99573,0.00223497,0.0024257,0.00287871,0.117528,True,empty floor,sound_similarity,0,0.0666667,0.240691,0,0.0666667,0.118506,0,0.0666667,0.271224,0,0.0666667,0.145343,0,0.0666667,0.1565,0,0.0666667,0.265081,0,0.0666667,0.144166,0,0.0666667,0.233515,0,0.0666667,0.187891,0.5,0.4,0
0,2.5,3.62316,-2.99573,0.00219378,0.0024257,0.00285206,0.117528,True,empty floor,sound_similarity,0,0.0666667,0.240691,0,0.0666667,0.118506,0,0.0666667,0.271224,0,0.0666667,0.145343,0,0.0666667,0.1565,0,0.0666667,0.265081,0,0.0666667,0.144166,0,0.0666667,0.233515,0,0.0666667,0.187891,0.5,0.4,0
1,4,2.22723,-2.99573,0.00217494,0.0024257,0.00283979,0.117528,True,empty floor,sound_similarity,0,0.0666667,0.240691,0,0.0666667,0.118506,0,0.0666667,0.271224,0,0.0666667,0.145343,0,0.0666667,0.1565,0,0.0666667,0.265081,0,0.0666667,0.144166,0,0.0666667,0.233515,0,0.0666667,0.187891,0.5,0.4,0
1.25,3.25,3.0178,-2.99573,0.00214584,0.0024257,0.00282073,0.117528,True,empty floor,sound_similarity,0,0.0666667,0.240691,0,0.0666667,0.118506,0,0.0666667,0.271224,0,0.0666667,0.145343,0,0.0666667,0.1565,0,0.0666667,0.265081,0,0.0666667,0.144166,0,0.0666667,0.233515,0,0.0666667,0.187891,0.5,0.4,0
0,2.75,3.37403,-2.99573,0.00212966,0.0024257,0.00281007,0.117528,True,empty floor,sound_similarity,0,0.0666667,0.240691,0,0.0666667,0.118506,0,0.0666667,0.271224,0,0.0666667,0.145343,0,0.0666667,0.1565,0,0.0666667,0.265081,0,0.0666667,0.144166,0,0.0666667,0.233515,0,0.0666667,0.187891,0.5,0.4,0
1.5,2.5,3.80836,-2.99573,0.00212867,0.0024257,0.00280942,0.117528,True,empty floor,sound_similarity,0,0.0666667,0.240691,0,0.0666667,0.118506,0,0.0666667,0.271224,0,0.0666667,0.145343,0,0.0666667,0.1565,0,0.0666667,0.265081,0,0.0666667,0.144166,0,0.0666667,0.233515,0,0.0666667,0.187891,0.5,0.4,0
1.5,6,1.2139,-2.99573,0.00211792,0.0024257,0.00280232,0.117528,True,empty floor,sound_similarity,0,0.0666667,0.240691,0,0.0666667,0.118506,0,0.0666667,0.271224,0,0.0666667,0.145343,0,0.0666667,0.1565,0,0.0666667,0.265081,0,0.0666667,0.144166,0,0.0666667,0.233515,0,0.0666667,0.187891,0.5,0.4,0
1.75,1.75,4.59893,-2.99573,0.00211734,0.0024257,0.00280193,0.117528,True,empty floor,sound_similarity,0,0.0666667,0.240691,0,0.0666667,0.118506,0,0.0666667,0.271224,0,0.0666667,0.145343,0,0.0666667,0.1565,0,0.0666667,0.265081,0,0.0666667,0.144166,0,0.0666667,0.233515,0,0.0666667,0.187891,0.5,0.4,0
-2.25,4.25,3.15005,-2.99573,0.0021132,0.0024257,0.00279919,0.117528,True,empty floor,sound_similarity,0,0.0666667,0.240691,0,0.0666667,0.118506,0,0.0666667,0.271224,0,0.0666667,0.145343,0,0.0666667,0.1565,0,0.0666667,0.265081,0,0.0666667,0.144166,0,0.0666667,0.233515,0,0.0666667,0.187891,0.5,0.4,0
-1.25,5,1.90018,-2.99573,0.00210446,0.0024257,0.0027934,0.117528,True,empty floor,sound_similarity,0,0.0666667,0.240691,0,0.0666667,0.118506,0,0.0666667,0.271224,0,0.0666667,0.145343,0,0.0666667,0.1565,0,0.0666667,0.265081,0,0.0666667,0.144166,0,0.0666667,0.233515,0,0.0666667,0.187891,0.5,0.4,0
-0.25,7,1.04042,-0.539353,0.00209886,0.0024257,0.00278968,0.117528,True,empty floor,sound_similarity,0,0.0666667,0.240691,0,0.0666667,0.118506,0,0.0666667,0.271224,0,0.0666667,0.145343,0,0.0666667,0.1565,0,0.0666667,0.265081,0,0.0666667,0.144166,0,0.0666667,0.233515,0,0.0666667,0.187891,0.5,0.4,0
0.5,6,0.236653,-2.99573,0.0020979,0.0024257,0.00278904,0.117528,True,empty floor,sound_similarity,0,0.0666667,0.240691,0,0.0666667,0.118506,0,0.0666667,0.271224,0,0.0666667,0.145343,0,0.0666667,0.1565,0,0.0666667,0.265081,0,0.0666667,0.144166,0,0.0666667,0.233515,0,0.0666667,0.187891,0.5,0.4,0
-0.25,5.75,0.65082,-2.99573,0.00206616,0.0024257,0.00276787,0.117528,True,empty floor,sound_similarity,0,0.0666667,0.240691,0,0.0666667,0.118506,0,0.0666667,0.271224,0,0.0666667,0.145343,0,0.0666667,0.1565,0,0.0666667,0.265081,0,0.0666667,0.144166,0,0.0666667,0.233515,0,0.0666667,0.187891,0.5,0.4,0
0,3,3.12504,-2.99573,0.00205582,0.0024257,0.00276093,0.117528,True,empty floor,sound_similarity,0,0.0666667,0.240691,0,0.0666667,0.118506,0,0.0666667,0.271224,0,0.0666667,0.145343,0,0.0666667,0.1565,0,0.0666667,0.265081,0,0.0666667,0.144166,0,0.0666667,0.233515,0,0.0666667,0.187891,0.5,0.4,0
0.25,7.75,1.63908,-2.97805,0.00205239,0.0024257,0.00275863,0.117528,True,empty floor,sound_similarity,0,0.0666667,0.240691,0,0.0666667,0.118506,0,0.0666667,0.271224,0,0.0666667,0.145343,0,0.0666667,0.1565,0,0.0666667,0.265081,0,0.0666667,0.144166,0,0.0666667,0.233515,0,0.0666667,0.187891,0.5,0.4,0
-1.25,7.75,2.2495,-9.1154e-05,0.00359135,0.00181928,0.00273686,0.0881459,True,empty floor,sound_similarity,0,0.05,0.240691,0,0.05,0.118506,0,0.05,0.271224,0,0.05,0.145343,0,0.05,0.1565,0,0.05,0.265081,0,0.05,0.144166,0,0.05,0.233515,0,0.05,0.187891,1,0.55,0
1.5,5.75,1.26165,-2.99573,0.00358714,0.00181928,0.00273526,0.0881459,True,empty floor,sound_similarity,0,0.05,0.240691,0,0.05,0.118506,0,0.05,0.271224,0,0.05,0.145343,0,0.05,0.1565,0,0.05,0.265081,0,0.05,0.144166,0,0.05,0.233515,0,0.05,0.187891,1,0.55,0
-0.75,7.25,1.54288,-0.00169711,0.00358556,0.00181928,0.00273465,0.0881459,True,empty floor,sound_similarity,0,0.05,0.240691,0,0.05,0.118506,0,0.05,0.271224,0,0.05,0.145343,0,0.05,0.1565,0,0.05,0.265081,0,0.05,0.144166,0,0.05,0.233515,0,0.05,0.187891,1,0.55,0
0.5,4,2.12174,-2.99573,0.00356774,0.00181928,0.00272785,0.0881459,True,empty floor,sound_similarity,0,0.05,0.240691,0,0.05,0.118506,0,0.05,0.271224,0,0.05,0.145343,0,0.05,0.1565,0,0.05,0.265081,0,0.05,0.144166,0,0.05,0.233515,0,0.05,0.187891,1,0.55,0
-0.5,7,1.18978,-0.00794888,0.00356318,0.00181928,0.00272611,0.0881459,True,empty floor,sound_similarity,0,0.05,0.240691,0,0.05,0.118506,0,0.05,0.271224,0,0.05,0.145343,0,0.05,0.1565,0,0.05,0.265081,0,0.05,0.144166,0,0.05,0.233515,0,0.05,0.187891,1,0.55,0
0.75,6,0.472113,-2.99573,0.00351436,0.00181928,0.00270737,0.0881459,True,empty floor,sound_similarity,0,0.05,0.240691,0,0.05,0.118506,0,0.05,0.271224,0,0.05,0.145343,0,0.05,0.1565,0,0.05,0.265081,0,0.05,0.144166,0,0.05,0.233515,0,0.05,0.187891,1,0.55,0
0,3.25,2.87622,-2.99573,0.00197013,0.0024257,0.00270278,0.117528,True,empty floor,sound_similarity,0,0.0666667,0.240691,0,0.0666667,0.118506,0,0.0666667,0.271224,0,0.0666667,0.145343,0,0.0666667,0.1565,0,0.0666667,0.265081,0,0.0666667,0.144166,0,0.0666667,0.233515,0,0.0666667,0.187891,0.5,0.4,0
-0.25,6.75,0.83707,-0.0315068,0.00348018,0.00181928,0.00269417,0.0881459,True,empty floor,sound_similarity,0,0.05,0.240691,0,0.05,0.118506,0,0.05,0.271224,0,0.05,0.145343,0,0.05,0.1565,0,0.05,0.265081,0,0.05,0.144166,0,0.05,0.233515,0,0.05,0.187891,1,0.55,0
1.75,5.75,1.50288,-2.99573,0.00343663,0.00181928,0.00267726,0.0881459,True,empty floor,sound_similarity,0,0.05,0.240691,0,0.05,0.118506,0,0.05,0.271224,0,0.05,0.145343,0,0.05,0.1565,0,0.05,0.265081,0,0.05,0.144166,0,0.05,0.233515,0,0.05,0.187891,1,0.55,0
1.75,2,4.36256,-2.99573,0.00192924,0.0024257,0.00267458,0.117528,True,empty floor,sound_similarity,0,0.0666667,0.240691,0,0.0666667,0.118506,0,0.0666667,0.271224,0,0.0666667,0.145343,0,0.0666667,0.1565,0,0.0666667,0.265081,0,0.0666667,0.144166,0,0.0666667,0.233515,0,0.0666667,0.187891,0.5,0.4,0
1.75,6,1.46302,-2.99573,0.00192359,0.0024257,0.00267066,0.117528,True,empty floor,sound_similarity,0,0.0666667,0.240691,0,0.0666667,0.118506,0,0.0666667,0.271224,0,0.0666667,0.145343,0,0.0666667,0.1565,0,0.0666667,0.265081,0,0.0666667,0.144166,0,0.0666667,0.233515,0,0.0666667,0.187891,0.5,0.4,0
1.5,2.75,3.57217,-2.99573,0.00190061,0.0024257,0.00265466,0.117528,True,empty floor,sound_similarity,0,0.0666667,0.240691,0,0.0666667,0.118506,0,0.0666667,0.271224,0,0.0666667,0.145343,0,0.0666667,0.1565,0,0.0666667,0.265081,0,0.0666667,0.144166,0,0.0666667,0.233515,0,0.0666667,0.187891,0.5,0.4,0
0.25,7.5,1.38917,-2.97654,0.0018839,0.0024257,0.00264296,0.117528,True,empty floor,sound_similarity,0,0.0666667,0.240691,0,0.0666667,0.118506,0,0.0666667,0.271224,0,0.0666667,0.145343,0,0.0666667,0.1565,0,0.0666667,0.265081,0,0.0666667,0.144166,0,0.0666667,0.233515,0,0.0666667,0.187891,0.5,0.4,0
-1.5,4.75,2.24989,-2.99573,0.00188011,0.0024257,0.0026403,0.117528,True,empty floor,sound_similarity,0,0.0666667,0.240691,0,0.0666667,0.118506,0,0.0666667,0.271224,0,0.0666667,0.145343,0,0.0666667,0.1565,0,0.0666667,0.265081,0,0.0666667,0.144166,0,0.0666667,0.233515,0,0.0666667,0.187891,0.5,0.4,0
1.75,5.25,1.69414,-2.99573,0.00187492,0.0024257,0.00263666,0.117528,True,empty floor,sound_similarity,0,0.0666667,0.240691,0,0.0666667,0.118506,0,0.0666667,0.271224,0,0.0666667,0.145343,0,0.0666667,0.1565,0,0.0666667,0.265081,0,0.0666667,0.144166,0,0.0666667,0.233515,0,0.0666667,0.187891,0.5,0.4,0
0,3.5,2.62763,-2.99573,0.00186984,0.0024257,0.00263309,0.117528,True,empty floor,sound_similarity,0,0.0666667,0.240691,0,0.0666667,0.118506,0,0.0666667,0.271224,0,0.0666667,0.145343,0,0.0666667,0.1565,0,0.0666667,0.265081,0,0.0666667,0.144166,0,0.0666667,0.233515,0,0.0666667,0.187891,0.5,0.4,0
-1.5,7.75,2.42763,-0.0789003,0.00331901,0.00181928,0.00263104,0.0881459,True,empty floor,sound_similarity,0,0.05,0.240691,0,0.05,0.118506,0,0.05,0.271224,0,0.05,0.145343,0,0.05,0.1565,0,0.05,0.265081,0,0.05,0.144166,0,0.05,0.233515,0,0.05,0.187891,1,0.55,0
1.25,3.5,2.78188,-2.99573,0.00185632,0.0024257,0.00262355,0.117528,True,empty floor,sound_similarity,0,0.0666667,0.240691,0,0.0666667,0.118506,0,0.0666667,0.271224,0,0.0666667,0.145343,0,0.0666667,0.1565,0,0.0666667,0.265081,0,0.0666667,0.144166,0,0.0666667,0.233515,0,0.0666667,0.187891,0.5,0.4,0
1.25,5.25,1.28892,-2.99573,0.000507462,0.00461823,0.00261157,0.223758,True,couch,sound_similarity,0,0.05,0.240691,0,0.05,0.118506,1,0.55,0.271224,0,0.05,0.145343,0,0.05,0.1565,0,0.05,0.265081,0,0.05,0.144166,0,0.05,0.233515,0,0.05,0.187891,0,0.05,0
-1.25,7.5,2.07448,-0.0949855,0.00326604,0.00181928,0.00260996,0.0881459,True,empty floor,sound_similarity,0,0.05,0.240691,0,0.05,0.118506,0,0.05,0.271224,0,0.05,0.145343,0,0.05,0.1565,0,0.05,0.265081,0,0.05,0.144166,0,0.05,0.233515,0,0.05,0.187891,1,0.55,0
0.25,5.75,0.363785,-2.99573,0.00179657,0.0024257,0.00258098,0.117528,True,empty floor,sound_similarity,0,0.0666667,0.240691,0,0.0666667,0.118506,0,0.0666667,0.271224,0,0.0666667,0.145343,0,0.0666667,0.1565,0,0.0666667,0.265081,0,0.0666667,0.144166,0,0.0666667,0.233515,0,0.0666667,0.187891,0.5,0.4,0
-1,7.25,1.72151,-0.120173,0.0031848,0.00181928,0.0025773,0.0881459,True,empty floor,sound_similarity,0,0.05,0.240691,0,0.05,0.118506,0,0.05,0.271224,0,0.05,0.145343,0,0.05,0.1565,0,0.05,0.265081,0,0.05,0.144166,0,0.05,0.233515,0,0.05,0.187891,1,0.55,0
2,6,1.7124,-2.99573,0.00178803,0.0024257,0.00257484,0.117528,True,empty floor,sound_similarity,0,0.0666667,0.240691,0,0.0666667,0.118506,0,0.0666667,0.271224,0,0.0666667,0.145343,0,0.0666667,0.1565,0,0.0666667,0.265081,0,0.0666667,0.144166,0,0.0666667,0.233515,0,0.0666667,0.187891,0.5,0.4,0
1,4.25,1.99181,-2.99573,0.00177877,0.0024257,0.00256816,0.117528,True,empty floor,sound_similarity,0,0.0666667,0.240691,0,0.0666667,0.118506,0,0.0666667,0.271224,0,0.0666667,0.145343,0,0.0666667,0.1565,0,0.0666667,0.265081,0,0.0666667,0.144166,0,0.0666667,0.233515,0,0.0666667,0.187891,0.5,0.4,0
0,3.75,2.37933,-2.99573,0.0017515,0.0024257,0.0025484,0.117528,True,empty floor,sound_similarity,0,0.0666667,0.240691,0,0.0666667,0.118506,0,0.0666667,0.271224,0,0.0666667,0.145343,0,0.0666667,0.1565,0,0.0666667,0.265081,0,0.0666667,0.144166,0,0.0666667,0.233515,0,0.0666667,0.187891,0.5,0.4,0
-0.25,1.75,4.39489,-2.99573,0.00174722,0.0024257,0.00254529,0.117528,True,empty floor,sound_similarity,0,0.0666667,0.240691,0,0.0666667,0.118506,0,0.0666667,0.271224,0,0.0666667,0.145343,0,0.0666667,0.1565,0,0.0666667,0.265081,0,0.0666667,0.144166,0,0.0666667,0.233515,0,0.0666667,0.187891,0.5,0.4,0
0,6.5,0.485584,-0.154701,0.00307675,0.00181928,0.0025332,0.0881459,True,empty floor,sound_similarity,0,0.05,0.240691,0,0.05,0.118506,0,0.05,0.271224,0,0.05,0.145343,0,0.05,0.1565,0,0.05,0.265081,0,0.05,0.144166,0,0.05,0.233515,0,0.05,0.187891,1,0.55,0
1.75,2.25,4.1278,-2.99573,0.00172612,0.0024257,0.00252987,0.117528,True,empty floor,sound_similarity,0,0.0666667,0.240691,0,0.0666667,0.118506,0,0.0666667,0.271224,0,0.0666667,0.145343,0,0.0666667,0.1565,0,0.0666667,0.265081,0,0.0666667,0.144166,0,0.0666667,0.233515,0,0.0666667,0.187891,0.5,0.4,0
-1.75,4.5,2.60064,-2.99573,0.00171942,0.0024257,0.00252496,0.117528,True,empty floor,sound_similarity,0,0.0666667,0.240691,0,0.0666667,0.118506,0,0.0666667,0.271224,0,0.0666667,0.145343,0,0.0666667,0.1565,0,0.0666667,0.265081,0,0.0666667,0.144166,0,0.0666667,0.233515,0,0.0666667,0.187891,0.5,0.4,0
-0.75,7,1.36883,-0.163898,0.00304855,0.00181928,0.00252157,0.0881459,True,empty floor,sound_similarity,0,0.05,0.240691,0,0.05,0.118506,0,0.05,0.271224,0,0.05,0.145343,0,0.05,0.1565,0,0.05,0.265081,0,0.05,0.144166,0,0.05,0.233515,0,0.05,0.187891,1,0.55,0
-0.25,6,0.552582,-2.9957,0.00297554,0.00181928,0.00249119,0.0881459,True,empty floor,sound_similarity,0,0.05,0.240691,0,0.05,0.118506,0,0.05,0.271224,0,0.05,0.145343,0,0.05,0.1565,0,0.05,0.265081,0,0.05,0.144166,0,0.05,0.233515,0,0.05,0.187891,1,0.55,0
-0.25,2,4.14691,-2.99573,0.00167304,0.0024257,0.00249067,0.117528,True,empty floor,sound_similarity,0,0.0666667,0.240691,0,0.0666667,0.118506,0,0.0666667,0.271224,0,0.0666667,0.145343,0,0.0666667,0.1565,0,0.0666667,0.265081,0,0.0666667,0.144166,0,0.0666667,0.233515,0,0.0666667,0.187891,0.5,0.4,0
0.25,7.25,1.13931,-2.97416,0.00165465,0.0024257,0.00247694,0.117528,True,empty floor,sound_similarity,0,0.0666667,0.240691,0,0.0666667,0.118506,0,0.0666667,0.271224,0,0.0666667,0.145343,0,0.0666667,0.1565,0,0.0666667,0.265081,0,0.0666667,0.144166,0,0.0666667,0.233515,0,0.0666667,0.187891,0.5,0.4,0
1.5,3,3.33799,-2.99573,0.00165112,0.0024257,0.0024743,0.117528,True,empty floor,sound_similarity,0,0.0666667,0.240691,0,0.0666667,0.118506,0,0.0666667,0.271224,0,0.0666667,0.145343,0,0.0666667,0.1565,0,0.0666667,0.265081,0,0.0666667,0.144166,0,0.0666667,0.233515,0,0.0666667,0.187891,0.5,0.4,0
0,4,2.13143,-2.99573,0.00161077,0.0024257,0.00244387,0.117528,True,empty floor,sound_similarity,0,0.0666667,0.240691,0,0.0666667,0.118506,0,0.0666667,0.271224,0,0.0666667,0.145343,0,0.0666667,0.1565,0,0.0666667,0.265081,0,0.0666667,0.144166,0,0.0666667,0.233515,0,0.0666667,0.187891,0.5,0.4,0
-0.5,5.5,0.999951,-2.99573,0.00160918,0.0024257,0.00244267,0.117528,True,empty floor,sound_similarity,0,0.0666667,0.240691,0,0.0666667,0.118506,0,0.0666667,0.271224,0,0.0666667,0.145343,0,0.0666667,0.1565,0,0.0666667,0.265081,0,0.0666667,0.144166,0,0.0666667,0.233515,0,0.0666667,0.187891,0.5,0.4,0
0.75,5,1.2024,-2.99573,0.00160908,0.0024257,0.0024426,0.117528,True,empty floor,sound_similarity,0,0.0666667,0.240691,0,0.0666667,0.118506,0,0.0666667,0.271224,0,0.0666667,0.145343,0,0.0666667,0.1565,0,0.0666667,0.265081,0,0.0666667,0.144166,0,0.0666667,0.233515,0,0.0666667,0.187891,0.5,0.4,0
-2,4.25,2.95207,-2.99573,0.00160001,0.0024257,0.0024357,0.117528,True,empty floor,sound_similarity,0,0.0666667,0.240691,0,0.0666667,0.118506,0,0.0666667,0.271224,0,0.0666667,0.145343,0,0.0666667,0.1565,0,0.0666667,0.265081,0,0.0666667,0.144166,0,0.0666667,0.233515,0,0.0666667,0.187891,0.5,0.4,0
2,1.75,4.68424,-2.99573,0.00159732,0.0024257,0.00243365,0.117528,True,empty floor,sound_similarity,0,0.0666667,0.240691,0,0.0666667,0.118506,0,0.0666667,0.271224,0,0.0666667,0.145343,0,0.0666667,0.1565,0,0.0666667,0.265081,0,0.0666667,0.144166,0,0.0666667,0.233515,0,0.0666667,0.187891,0.5,0.4,0
-0.25,2.25,3.89919,-2.99573,0.00159133,0.0024257,0.00242908,0.117528,True,empty floor,sound_similarity,0,0.0666667,0.240691,0,0.0666667,0.118506,0,0.0666667,0.271224,0,0.0666667,0.145343,0,0.0666667,0.1565,0,0.0666667,0.265081,0,0.0666667,0.144166,0,0.0666667,0.233515,0,0.0666667,0.187891,0.5,0.4,0
-0.5,6.75,1.01676,-0.252997,0.00278873,0.00181928,0.00241172,0.0881459,True,empty floor,sound_similarity,0,0.05,0.240691,0,0.05,0.118506,0,0.05,0.271224,0,0.05,0.145343,0,0.05,0.1565,0,0.05,0.265081,0,0.05,0.144166,0,0.05,0.233515,0,0.05,0.187891,1,0.55,0
-1.75,7.75,2.61753,-0.262484,0.00276234,0.00181928,0.00240028,0.0881459,True,empty floor,sound_similarity,0,0.05,0.240691,0,0.05,0.118506,0,0.05,0.271224,0,0.05,0.145343,0,0.05,0.1565,0,0.05,0.265081,0,0.05,0.144166,0,0.05,0.233515,0,0.05,0.187891,1,0.55,0
2,7.75,2.36744,-2.99573,0.00154384,0.0024257,0.00239257,0.117528,True,empty floor,sound_similarity,0,0.0666667,0.240691,0,0.0666667,0.118506,0,0.0666667,0.271224,0,0.0666667,0.145343,0,0.0666667,0.1565,0,0.0666667,0.265081,0,0.0666667,0.144166,0,0.0666667,0.233515,0,0.0666667,0.187891,0.5,0.4,0
1.25,3.75,2.54866,-2.99573,0.001534,0.0024257,0.00238493,0.117528,True,empty floor,sound_similarity,0,0.0666667,0.240691,0,0.0666667,0.118506,0,0.0666667,0.271224,0,0.0666667,0.145343,0,0.0666667,0.1565,0,0.0666667,0.265081,0,0.0666667,0.144166,0,0.0666667,0.233515,0,0.0666667,0.187891,0.5,0.4,0
1.25,5.5,1.13715,-2.99573,0.00152567,0.0024257,0.00237844,0.117528,True,empty floor,sound_similarity,0,0.0666667,0.240691,0,0.0666667,0.118506,0,0.0666667,0.271224,0,0.0666667,0.145343,0,0.0666667,0.1565,0,0.0666667,0.265081,0,0.0666667,0.144166,0,0.0666667,0.233515,0,0.0666667,0.187891,0.5,0.4,0
1.75,2.5,3.89494,-2.99573,0.00151054,0.0024257,0.00236662,0.117528,True,empty floor,sound_similarity,0,0.0666667,0.240691,0,0.0666667,0.118506,0,0.0666667,0.271224,0,0.0666667,0.145343,0,0.0666667,0.1565,0,0.0666667,0.265081,0,0.0666667,0.144166,0,0.0666667,0.233515,0,0.0666667,0.187891,0.5,0.4,0
-2.25,4,3.30394,-2.99573,0.00150836,0.0024257,0.00236491,0.117528,True,empty floor,sound_similarity,0,0.0666667,0.240691,0,0.0666667,0.118506,0,0.0666667,0.271224,0,0.0666667,0.145343,0,0.0666667,0.1565,0,0.0666667,0.265081,0,0.0666667,0.144166,0,0.0666667,0.233515,0,0.0666667,0.187891,0.5,0.4,0
-0.25,2.5,3.65177,-2.99573,0.00150121,0.0024257,0.0023593,0.117528,True,empty floor,sound_similarity,0,0.0666667,0.240691,0,0.0666667,0.118506,0,0.0666667,0.271224,0,0.0666667,0.145343,0,0.0666667,0.1565,0,0.0666667,0.265081,0,0.0666667,0.144166,0,0.0666667,0.233515,0,0.0666667,0.187891,0.5,0.4,0
1.75,7.5,2.01398,-2.99573,0.00148255,0.0024257,0.00234459,0.117528,True,empty floor,sound_similarity,0,0.0666667,0.240691,0,0.0666667,0.118506,0,0.0666667,0.271224,0,0.0666667,0.145343,0,0.0666667,0.1565,0,0.0666667,0.265081,0,0.0666667,0.144166,0,0.0666667,0.233515,0,0.0666667,0.187891,0.5,0.4,0
2,5,2.03843,-2.99573,0.00145867,0.0024257,0.00232563,0.117528,True,empty floor,sound_similarity,0,0.0666667,0.240691,0,0.0666667,0.118506,0,0.0666667,0.271224,0,0.0666667,0.145343,0,0.0666667,0.1565,0,0.0666667,0.265081,0,0.0666667,0.144166,0,0.0666667,0.233515,0,0.0666667,0.187891,0.5,0.4,0
-1.5,7.5,2.26641,-0.328013,0.00258715,0.00181928,0.00232292,0.0881459,True,empty floor,sound_similarity,0,0.05,0.240691,0,0.05,0.118506,0,0.05,0.271224,0,0.05,0.145343,0,0.05,0.1565,0,0.05,0.265081,0,0.05,0.144166,0,0.05,0.233515,0,0.05,0.187891,1,0.55,0
0,4.25,1.88408,-2.99573,0.00144249,0.0024257,0.0023127,0.117528,True,empty floor,sound_similarity,0,0.0666667,0.240691,0,0.0666667,0.118506,0,0.0666667,0.271224,0,0.0666667,0.145343,0,0.0666667,0.1565,0,0.0666667,0.265081,0,0.0666667,0.144166,0,0.0666667,0.233515,0,0.0666667,0.187891,0.5,0.4,0
2,2,4.4524,-2.99573,0.00140916,0.0024257,0.00228583,0.117528,True,empty floor,sound_similarity,0,0.0666667,0.240691,0,0.0666667,0.118506,0,0.0666667,0.271224,0,0.0666667,0.145343,0,0.0666667,0.1565,0,0.0666667,0.265081,0,0.0666667,0.144166,0,0.0666667,0.233515,0,0.0666667,0.187891,0.5,0.4,0
-0.25,2.75,3.40473,-2.99573,0.00140177,0.0024257,0.00227982,0.117528,True,empty floor,sound_similarity,0,0.0666667,0.240691,0,0.0666667,0.118506,0,0.0666667,0.271224,0,0.0666667,0.145343,0,0.0666667,0.1565,0,0.0666667,0.265081,0,0.0666667,0.144166,0,0.0666667,0.233515,0,0.0666667,0.187891,0.5,0.4,0
-1.25,5.75,1.58304,-2.99571,0.00249145,0.00181928,0.00227955,0.0881459,True,empty floor,sound_similarity,0,0.05,0.240691,0,0.05,0.118506,0,0.05,0.271224,0,0.05,0.145343,0,0.05,0.1565,0,0.05,0.265081,0,0.05,0.144166,0,0.05,0.233515,0,0.05,0.187891,1,0.55,0
1.5,7.25,1.66056,-2.99573,0.00139955,0.0024257,0.00227802,0.117528,True,empty floor,sound_similarity,0,0.0666667,0.240691,0,0.0666667,0.118506,0,0.0666667,0.271224,0,0.0666667,0.145343,0,0.0666667,0.1565,0,0.0666667,0.265081,0,0.0666667,0.144166,0,0.0666667,0.233515,0,0.0666667,0.187891,0.5,0.4,0
-0.75,5.25,1.35138,-2.99573,0.00139533,0.0024257,0.00227458,0.117528,True,empty floor,sound_similarity,0,0.0666667,0.240691,0,0.0666667,0.118506,0,0.0666667,0.271224,0,0.0666667,0.145343,0,0.0666667,0.1565,0,0.0666667,0.265081,0,0.0666667,0.144166,0,0.0666667,0.233515,0,0.0666667,0.187891,0.5,0.4,0
1.5,3.25,3.10628,-2.99573,0.0013855,0.0024257,0.00226656,0.117528,True,empty floor,sound_similarity,0,0.0666667,0.240691,0,0.0666667,0.118506,0,0.0666667,0.271224,0,0.0666667,0.145343,0,0.0666667,0.1565,0,0.0666667,0.265081,0,0.0666667,0.144166,0,0.0666667,0.233515,0,0.0666667,0.187891,0.5,0.4,0
-2.25,5.5,2.61375,-2.99572,0.0023725,0.00181928,0.00222447,0.0881459,True,empty floor,sound_similarity,0,0.05,0.240691,0,0.05,0.118506,0,0.05,0.271224,0,0.05,0.145343,0,0.05,0.1565,0,0.05,0.265081,0,0.05,0.144166,0,0.05,0.233515,0,0.05,0.187891,1,0.55,0
0.25,7,0.889515,-2.96988,0.00133157,0.0024257,0.002222,0.117528,True,empty floor,sound_similarity,0,0.0666667,0.240691,0,0.0666667,0.118506,0,0.0666667,0.271224,0,0.0666667,0.145343,0,0.0666667,0.1565,0,0.0666667,0.265081,0,0.0666667,0.144166,0,0.0666667,0.233515,0,0.0666667,0.187891,0.5,0.4,0
1,4.5,1.76043,-2.99573,0.00132797,0.0024257,0.002219,0.117528,True,empty floor,sound_similarity,0,0.0666667,0.240691,0,0.0666667,0.118506,0,0.0666667,0.271224,0,0.0666667,0.145343,0,0.0666667,0.1565,0,0.0666667,0.265081,0,0.0666667,0.144166,0,0.0666667,0.233515,0,0.0666667,0.187891,0.5,0.4,0
0.25,6,0.118823,-2.99573,0.000586263,0.00363855,0.00221157,0.176292,False,tv,sound_similarity,0,0.1,0.240691,0,0.1,0.118506,0,0.1,0.271224,0,0.1,0.145343,0,0.1,0.1565,0,0.1,0.265081,0,0.1,0.144166,0,0.1,0.233515,0,0.1,0.187891,0,0.1,0
-1.25,7.25,1.91617,-0.42871,0.00233935,0.00181928,0.00220888,0.0881459,True,empty floor,sound_similarity,0,0.05,0.240691,0,0.05,0.118506,0,0.05,0.271224,0,0.05,0.145343,0,0.05,0.1565,0,0.05,0.265081,0,0.05,0.144166,0,0.05,0.233515,0,0.05,0.187891,1,0.55,0
1,6.25,0.722189,-2.99573,0.00035897,0.00461823,0.00219649,0.223758,True,couch,sound_similarity,0,0.05,0.240691,0,0.05,0.118506,1,0.55,0.271224,0,0.05,0.145343,0,0.05,0.1565,0,0.05,0.265081,0,0.05,0.144166,0,0.05,0.233515,0,0.05,0.187891,0,0.05,0
-0.25,3,3.15816,-2.99573,0.00129215,0.0024257,0.00218886,0.117528,True,empty floor,sound_similarity,0,0.0666667,0.240691,0,0.0666667,0.118506,0,0.0666667,0.271224,0,0.0666667,0.145343,0,0.0666667,0.1565,0,0.0666667,0.265081,0,0.0666667,0.144166,0,0.0666667,0.233515,0,0.0666667,0.187891,0.5,0.4,0
1.75,2.75,3.66433,-2.99573,0.00128695,0.0024257,0.00218446,0.117528,True,empty floor,sound_similarity,0,0.0666667,0.240691,0,0.0666667,0.118506,0,0.0666667,0.271224,0,0.0666667,0.145343,0,0.0666667,0.1565,0,0.0666667,0.265081,0,0.0666667,0.144166,0,0.0666667,0.233515,0,0.0666667,0.187891,0.5,0.4,0
1.25,7,1.3072,-2.99573,0.0012812,0.0024257,0.00217957,0.117528,True,empty floor,sound_similarity,0,0.0666667,0.240691,0,0.0666667,0.118506,0,0.0666667,0.271224,0,0.0666667,0.145343,0,0.0666667,0.1565,0,0.0666667,0.265081,0,0.0666667,0.144166,0,0.0666667,0.233515,0,0.0666667,0.187891,0.5,0.4,0
-1,5,1.70369,-2.99573,0.00127423,0.0024257,0.00217364,0.117528,True,empty floor,sound_similarity,0,0.0666667,0.240691,0,0.0666667,0.118506,0,0.0666667,0.271224,0,0.0666667,0.145343,0,0.0666667,0.1565,0,0.0666667,0.265081,0,0.0666667,0.144166,0,0.0666667,0.233515,0,0.0666667,0.187891,0.5,0.4,0
0,4.5,1.63755,-2.99573,0.00124127,0.0024257,0.00214534,0.117528,True,empty floor,sound_similarity,0,0.0666667,0.240691,0,0.0666667,0.118506,0,0.0666667,0.271224,0,0.0666667,0.145343,0,0.0666667,0.1565,0,0.0666667,0.265081,0,0.0666667,0.144166,0,0.0666667,0.233515,0,0.0666667,0.187891,0.5,0.4,0
-0.25,6.5,0.666263,-0.493631,0.00219301,0.00181928,0.00213867,0.0881459,True,empty floor,sound_similarity,0,0.05,0.240691,0,0.05,0.118506,0,0.05,0.271224,0,0.05,0.145343,0,0.05,0.1565,0,0.05,0.265081,0,0.05,0.144166,0,0.05,0.233515,0,0.05,0.187891,1,0.55,0
-0.5,1.75,4.43263,-2.99573,0.0012303,0.0024257,0.00213583,0.117528,True,empty floor,sound_similarity,0,0.0666667,0.240691,0,0.0666667,0.118506,0,0.0666667,0.271224,0,0.0666667,0.145343,0,0.0666667,0.1565,0,0.0666667,0.265081,0,0.0666667,0.144166,0,0.0666667,0.233515,0,0.0666667,0.187891,0.5,0.4,0
2,2.25,4.22263,-2.99573,0.00121717,0.0024257,0.00212441,0.117528,True,empty floor,sound_similarity,0,0.0666667,0.240691,0,0.0666667,0.118506,0,0.0666667,0.271224,0,0.0666667,0.145343,0,0.0666667,0.1565,0,0.0666667,0.265081,0,0.0666667,0.144166,0,0.0666667,0.233515,0,0.0666667,0.187891,0.5,0.4,0
-1.25,4.75,2.05643,-2.99573,0.00119697,0.0024257,0.0021067,0.117528,True,empty floor,sound_similarity,0,0.0666667,0.240691,0,0.0666667,0.118506,0,0.0666667,0.271224,0,0.0666667,0.145343,0,0.0666667,0.1565,0,0.0666667,0.265081,0,0.0666667,0.144166,0,0.0666667,0.233515,0,0.0666667,0.187891,0.5,0.4,0
-0.5,7.75,1.81959,-1.13285,0.00119333,0.0024257,0.0021035,0.117528,True,empty floor,sound_similarity,0,0.0666667,0.240691,0,0.0666667,0.118506,0,0.0666667,0.271224,0,0.0666667,0.145343,0,0.0666667,0.1565,0,0.0666667,0.265081,0,0.0666667,0.144166,0,0.0666667,0.233515,0,0.0666667,0.187891,0.5,0.4,0
1.25,4,2.31893,-2.99573,0.00119239,0.0024257,0.00210267,0.117528,True,empty floor,sound_similarity,0,0.0666667,0.240691,0,0.0666667,0.118506,0,0.0666667,0.271224,0,0.0666667,0.145343,0,0.0666667,0.1565,0,0.0666667,0.265081,0,0.0666667,0.144166,0,0.0666667,0.233515,0,0.0666667,0.187891,0.5,0.4,0
-1.5,5.75,1.82733,-2.99569,0.00210552,0.00181928,0.00209558,0.0881459,True,empty floor,sound_similarity,0,0.05,0.240691,0,0.05,0.118506,0,0.05,0.271224,0,0.05,0.145343,0,0.05,0.1565,0,0.05,0.265081,0,0.05,0.144166,0,0.05,0.233515,0,0.05,0.187891,1,0.55,0
-0.25,3.25,2.91218,-2.99573,0.00117169,0.0024257,0.00208434,0.117528,True,empty floor,sound_similarity,0,0.0666667,0.240691,0,0.0666667,0.118506,0,0.0666667,0.271224,0,0.0666667,0.145343,0,0.0666667,0.1565,0,0.0666667,0.265081,0,0.0666667,0.144166,0,0.0666667,0.233515,0,0.0666667,0.187891,0.5,0.4,0
-0.5,2,4.18688,-2.99573,0.00114464,0.0024257,0.00206014,0.117528,True,empty floor,sound_similarity,0,0.0666667,0.240691,0,0.0666667,0.118506,0,0.0666667,0.271224,0,0.0666667,0.145343,0,0.0666667,0.1565,0,0.0666667,0.265081,0,0.0666667,0.144166,0,0.0666667,0.233515,0,0.0666667,0.187891,0.5,0.4,0
-1.5,4.5,2.40941,-2.99573,0.00114359,0.0024257,0.0020592,0.117528,True,empty floor,sound_similarity,0,0.0666667,0.240691,0,0.0666667,0.118506,0,0.0666667,0.271224,0,0.0666667,0.145343,0,0.0666667,0.1565,0,0.0666667,0.265081,0,0.0666667,0.144166,0,0.0666667,0.233515,0,0.0666667,0.187891,0.5,0.4,0
-0.25,7.25,1.26065,-1.17549,0.00113458,0.0024257,0.00205107,0.117528,True,empty floor,sound_similarity,0,0.0666667,0.240691,0,0.0666667,0.118506,0,0.0666667,0.271224,0,0.0666667,0.145343,0,0.0666667,0.1565,0,0.0666667,0.265081,0,0.0666667,0.144166,0,0.0666667,0.233515,0,0.0666667,0.187891,0.5,0.4,0
-1,1.75,4.54856,-2.99573,0.000565992,0.00343431,0.00205102,0.166396,True,microwave,sound_similarity,0,0.05,0.240691,0,0.05,0.118506,0,0.05,0.271224,0,0.05,0.145343,1,0.55,0.1565,0,0.05,0.265081,0,0.05,0.144166,0,0.05,0.233515,0,0.05,0.187891,0,0.05,0
-0.5,6,0.799037,-2.99558,0.00201583,0.00181928,0.00205046,0.0881459,True,empty floor,sound_similarity,0,0.05,0.240691,0,0.05,0.118506,0,0.05,0.271224,0,0.05,0.145343,0,0.05,0.1565,0,0.05,0.265081,0,0.05,0.144166,0,0.05,0.233515,0,0.05,0.187891,1,0.55,0
1.5,3.5,2.87763,-2.99573,0.00111351,0.0024257,0.00203193,0.117528,True,empty floor,sound_similarity,0,0.0666667,0.240691,0,0.0666667,0.118506,0,0.0666667,0.271224,0,0.0666667,0.145343,0,0.0666667,0.1565,0,0.0666667,0.265081,0,0.0666667,0.144166,0,0.0666667,0.233515,0,0.0666667,0.187891,0.5,0.4,0
-1,7,1.56742,-0.596269,0.00197856,0.00181928,0.00203141,0.0881459,True,empty floor,sound_similarity,0,0.05,0.240691,0,0.05,0.118506,0,0.05,0.271224,0,0.05,0.145343,0,0.05,0.1565,0,0.05,0.265081,0,0.05,0.144166,0,0.05,0.233515,0,0.05,0.187891,1,0.55,0
-1.75,4.25,2.76253,-2.99573,0.00110459,0.0024257,0.00202377,0.117528,True,empty floor,sound_similarity,0,0.0666667,0.240691,0,0.0666667,0.118506,0,0.0666667,0.271224,0,0.0666667,0.145343,0,0.0666667,0.1565,0,0.0666667,0.265081,0,0.0666667,0.144166,0,0.0666667,0.233515,0,0.0666667,0.187891,0.5,0.4,0
1,6.75,0.954,-2.99573,0.00110011,0.0024257,0.00201967,0.117528,True,empty floor,sound_similarity,0,0.0666667,0.240691,0,0.0666667,0.118506,0,0.0666667,0.271224,0,0.0666667,0.145343,0,0.0666667,0.1565,0,0.0666667,0.265081,0,0.0666667,0.144166,0,0.0666667,0.233515,0,0.0666667,0.187891,0.5,0.4,0
1.5,5.25,1.48432,-2.99573,0.00109994,0.0024257,0.00201952,0.117528,True,empty floor,sound_similarity,0,0.0666667,0.240691,0,0.0666667,0.118506,0,0.0666667,0.271224,0,0.0666667,0.145343,0,0.0666667,0.1565,0,0.0666667,0.265081,0,0.0666667,0.144166,0,0.0666667,0.233515,0,0.0666667,0.187891,0.5,0.4,0
-1.75,7.5,2.46875,-0.625456,0.00192159,0.00181928,0.00200196,0.0881459,True,empty floor,sound_similarity,0,0.05,0.240691,0,0.05,0.118506,0,0.05,0.271224,0,0.05,0.145343,0,0.05,0.1565,0,0.05,0.265081,0,0.05,0.144166,0,0.05,0.233515,0,0.05,0.187891,1,0.55,0
-2,4,3.11575,-2.99573,0.00107487,0.0024257,0.00199637,0.117528,True,empty floor,sound_similarity,0,0.0666667,0.240691,0,0.0666667,0.118506,0,0.0666667,0.271224,0,0.0666667,0.145343,0,0.0666667,0.1565,0,0.0666667,0.265081,0,0.0666667,0.144166,0,0.0666667,0.233515,0,0.0666667,0.187891,0.5,0.4,0
1.75,3,3.43643,-2.99573,0.00106216,0.0024257,0.00198453,0.117528,True,empty floor,sound_similarity,0,0.0666667,0.240691,0,0.0666667,0.118506,0,0.0666667,0.271224,0,0.0666667,0.145343,0,0.0666667,0.1565,0,0.0666667,0.265081,0,0.0666667,0.144166,0,0.0666667,0.233515,0,0.0666667,0.187891,0.5,0.4,0
-0.5,2.25,3.94167,-2.99573,0.00105377,0.0024257,0.00197667,0.117528,True,empty floor,sound_similarity,0,0.0666667,0.240691,0,0.0666667,0.118506,0,0.0666667,0.271224,0,0.0666667,0.145343,0,0.0666667,0.1565,0,0.0666667,0.265081,0,0.0666667,0.144166,0,0.0666667,0.233515,0,0.0666667,0.187891,0.5,0.4,0
-2.25,3.75,3.46904,-2.99573,0.0010515,0.0024257,0.00197455,0.117528,True,empty floor,sound_similarity,0,0.0666667,0.240691,0,0.0666667,0.118506,0,0.0666667,0.271224,0,0.0666667,0.145343,0,0.0666667,0.1565,0,0.0666667,0.265081,0,0.0666667,0.144166,0,0.0666667,0.233515,0,0.0666667,0.187891,0.5,0.4,0
-0.25,3.5,2.66694,-2.99573,0.0010402,0.0024257,0.00196391,0.117528,True,empty floor,sound_similarity,0,0.0666667,0.240691,0,0.0666667,0.118506,0,0.0666667,0.271224,0,0.0666667,0.145343,0,0.0666667,0.1565,0,0.0666667,0.265081,0,0.0666667,0.144166,0,0.0666667,0.233515,0,0.0666667,0.187891,0.5,0.4,0
2,2.5,3.9953,-2.99573,0.00102614,0.0024257,0.00195059,0.117528,True,empty floor,sound_similarity,0,0.0666667,0.240691,0,0.0666667,0.118506,0,0.0666667,0.271224,0,0.0666667,0.145343,0,0.0666667,0.1565,0,0.0666667,0.265081,0,0.0666667,0.144166,0,0.0666667,0.233515,0,0.0666667,0.187891,0.5,0.4,0
-1.75,5.75,2.07298,-2.99566,0.00181296,0.00181928,0.00194455,0.0881459,True,empty floor,sound_similarity,0,0.05,0.240691,0,0.05,0.118506,0,0.05,0.271224,0,0.05,0.145343,0,0.05,0.1565,0,0.05,0.265081,0,0.05,0.144166,0,0.05,0.233515,0,0.05,0.187891,1,0.55,0
0,4.75,1.39224,-2.99573,0.00100359,0.0024257,0.00192904,0.117528,True,empty floor,sound_similarity,0,0.0666667,0.240691,0,0.0666667,0.118506,0,0.0666667,0.271224,0,0.0666667,0.145343,0,0.0666667,0.1565,0,0.0666667,0.265081,0,0.0666667,0.144166,0,0.0666667,0.233515,0,0.0666667,0.187891,0.5,0.4,0
0,6.75,0.701834,-1.28814,0.00100077,0.0024257,0.00192633,0.117528,True,empty floor,sound_similarity,0,0.0666667,0.240691,0,0.0666667,0.118506,0,0.0666667,0.271224,0,0.0666667,0.145343,0,0.0666667,0.1565,0,0.0666667,0.265081,0,0.0666667,0.144166,0,0.0666667,0.233515,0,0.0666667,0.187891,0.5,0.4,0
0.5,5.75,0.417403,-2.99573,0.000999021,0.0024257,0.00192464,0.117528,True,empty floor,sound_similarity,0,0.0666667,0.240691,0,0.0666667,0.118506,0,0.0666667,0.271224,0,0.0666667,0.145343,0,0.0666667,0.1565,0,0.0666667,0.265081,0,0.0666667,0.144166,0,0.0666667,0.233515,0,0.0666667,0.187891,0.5,0.4,0
-0.5,2.5,3.6971,-2.99573,0.000957933,0.0024257,0.00188465,0.117528,True,empty floor,sound_similarity,0,0.0666667,0.240691,0,0.0666667,0.118506,0,0.0666667,0.271224,0,0.0666667,0.145343,0,0.0666667,0.1565,0,0.0666667,0.265081,0,0.0666667,0.144166,0,0.0666667,0.233515,0,0.0666667,0.187891,0.5,0.4,0
-2.25,7.75,3.02369,-0.766969,0.00166807,0.00181928,0.00186523,0.0881459,True,empty floor,sound_similarity,0,0.05,0.240691,0,0.05,0.118506,0,0.05,0.271224,0,0.05,0.145343,0,0.05,0.1565,0,0.05,0.265081,0,0.05,0.144166,0,0.05,0.233515,0,0.05,0.187891,1,0.55,0
-1.5,7.25,2.12245,-0.806293,0.00160383,0.00181928,0.00182896,0.0881459,True,empty floor,sound_similarity,0,0.05,0.240691,0,0.05,0.118506,0,0.05,0.271224,0,0.05,0.145343,0,0.05,0.1565,0,0.05,0.265081,0,0.05,0.144166,0,0.05,0.233515,0,0.05,0.187891,1,0.55,0
-0.25,3.75,2.42267,-2.99573,0.000898424,0.0024257,0.00182517,0.117528,True,empty floor,sound_similarity,0,0.0666667,0.240691,0,0.0666667,0.118506,0,0.0666667,0.271224,0,0.0666667,0.145343,0,0.0666667,0.1565,0,0.0666667,0.265081,0,0.0666667,0.144166,0,0.0666667,0.233515,0,0.0666667,0.187891,0.5,0.4,0
0.75,5.25,0.975988,-2.99573,0.000896468,0.0024257,0.00182318,0.117528,True,empty floor,sound_similarity,0,0.0666667,0.240691,0,0.0666667,0.118506,0,0.0666667,0.271224,0,0.0666667,0.145343,0,0.0666667,0.1565,0,0.0666667,0.265081,0,0.0666667,0.144166,0,0.0666667,0.233515,0,0.0666667,0.187891,0.5,0.4,0
-2,5.75,2.31956,-2.99563,0.00159175,0.00181928,0.00182206,0.0881459,True,empty floor,sound_similarity,0,0.05,0.240691,0,0.05,0.118506,0,0.05,0.271224,0,0.05,0.145343,0,0.05,0.1565,0,0.05,0.265081,0,0.05,0.144166,0,0.05,0.233515,0,0.05,0.187891,1,0.55,0
1.75,5,1.83393,-2.99573,0.000882565,0.0024257,0.00180899,0.117528,True,empty floor,sound_similarity,0,0.0666667,0.240691,0,0.0666667,0.118506,0,0.0666667,0.271224,0,0.0666667,0.145343,0,0.0666667,0.1565,0,0.0666667,0.265081,0,0.0666667,0.144166,0,0.0666667,0.233515,0,0.0666667,0.187891,0.5,0.4,0
0.25,6.75,0.639889,-2.96029,0.000872879,0.0024257,0.00179904,0.117528,True,empty floor,sound_similarity,0,0.0666667,0.240691,0,0.0666667,0.118506,0,0.0666667,0.271224,0,0.0666667,0.145343,0,0.0666667,0.1565,0,0.0666667,0.265081,0,0.0666667,0.144166,0,0.0666667,0.233515,0,0.0666667,0.187891,0.5,0.4,0
1,4.75,1.53489,-2.99573,0.000869704,0.0024257,0.00179576,0.117528,True,empty floor,sound_similarity,0,0.0666667,0.240691,0,0.0666667,0.118506,0,0.0666667,0.271224,0,0.0666667,0.145343,0,0.0666667,0.1565,0,0.0666667,0.265081,0,0.0666667,0.144166,0,0.0666667,0.233515,0,0.0666667,0.187891,0.5,0.4,0
-0.5,2.75,3.45331,-2.99573,0.000857732,0.0024257,0.00178336,0.117528,True,empty floor,sound_similarity,0,0.0666667,0.240691,0,0.0666667,0.118506,0,0.0666667,0.271224,0,0.0666667,0.145343,0,0.0666667,0.1565,0,0.0666667,0.265081,0,0.0666667,0.144166,0,0.0666667,0.233515,0,0.0666667,0.187891,0.5,0.4,0
1.25,4.25,2.09385,-2.99573,0.000857317,0.0024257,0.00178293,0.117528,True,empty floor,sound_similarity,0,0.0666667,0.240691,0,0.0666667,0.118506,0,0.0666667,0.271224,0,0.0666667,0.145343,0,0.0666667,0.1565,0,0.0666667,0.265081,0,0.0666667,0.144166,0,0.0666667,0.233515,0,0.0666667,0.187891,0.5,0.4,0
1.5,3.75,2.65283,-2.99573,0.00085017,0.0024257,0.00177548,0.117528,True,empty floor,sound_similarity,0,0.0666667,0.240691,0,0.0666667,0.118506,0,0.0666667,0.271224,0,0.0666667,0.145343,0,0.0666667,0.1565,0,0.0666667,0.265081,0,0.0666667,0.144166,0,0.0666667,0.233515,0,0.0666667,0.187891,0.5,0.4,0
0.25,6.25,0.144563,-2.28124,0.00037687,0.00363855,0.00177317,0.176292,False,tv,sound_similarity,0,0.1,0.240691,0,0.1,0.118506,0,0.1,0.271224,0,0.1,0.145343,0,0.1,0.1565,0,0.1,0.265081,0,0.1,0.144166,0,0.1,0.233515,0,0.1,0.187891,0,0.1,0
1.75,3.25,3.21183,-2.99573,0.000845517,0.0024257,0.00177061,0.117528,True,empty floor,sound_similarity,0,0.0666667,0.240691,0,0.0666667,0.118506,0,0.0666667,0.271224,0,0.0666667,0.145343,0,0.0666667,0.1565,0,0.0666667,0.265081,0,0.0666667,0.144166,0,0.0666667,0.233515,0,0.0666667,0.187891,0.5,0.4,0
2,2.75,3.77083,-2.99573,0.000842247,0.0024257,0.00176719,0.117528,True,empty floor,sound_similarity,0,0.0666667,0.240691,0,0.0666667,0.118506,0,0.0666667,0.271224,0,0.0666667,0.145343,0,0.0666667,0.1565,0,0.0666667,0.265081,0,0.0666667,0.144166,0,0.0666667,0.233515,0,0.0666667,0.187891,0.5,0.4,0
-0.75,6,1.04717,-2.99541,0.00149254,0.00181928,0.00176436,0.0881459,True,empty floor,sound_similarity,0,0.05,0.240691,0,0.05,0.118506,0,0.05,0.271224,0,0.05,0.145343,0,0.05,0.1565,0,0.05,0.265081,0,0.05,0.144166,0,0.05,0.233515,0,0.05,0.187891,1,0.55,0
-0.75,1.75,4.48401,-2.99573,0.000836185,0.0024257,0.00176081,0.117528,True,empty floor,sound_similarity,0,0.0666667,0.240691,0,0.0666667,0.118506,0,0.0666667,0.271224,0,0.0666667,0.145343,0,0.0666667,0.1565,0,0.0666667,0.265081,0,0.0666667,0.144166,0,0.0666667,0.233515,0,0.0666667,0.187891,0.5,0.4,0
-0.75,6.75,1.22144,-0.907038,0.00145052,0.00181928,0.00173935,0.0881459,True,empty floor,sound_similarity,0,0.05,0.240691,0,0.05,0.118506,0,0.05,0.271224,0,0.05,0.145343,0,0.05,0.1565,0,0.05,0.265081,0,0.05,0.144166,0,0.05,0.233515,0,0.05,0.187891,1,0.55,0
-2.25,5.75,2.5668,-2.99558,0.00142235,0.00181928,0.00172238,0.0881459,True,empty floor,sound_similarity,0,0.05,0.240691,0,0.05,0.118506,0,0.05,0.271224,0,0.05,0.145343,0,0.05,0.1565,0,0.05,0.265081,0,0.05,0.144166,0,0.05,0.233515,0,0.05,0.187891,1,0.55,0
2,7.5,2.20182,-2.99573,0.000796501,0.0024257,0.00171852,0.117528,True,empty floor,sound_similarity,0,0.0666667,0.240691,0,0.0666667,0.118506,0,0.0666667,0.271224,0,0.0666667,0.145343,0,0.0666667,0.1565,0,0.0666667,0.265081,0,0.0666667,0.144166,0,0.0666667,0.233515,0,0.0666667,0.187891,0.5,0.4,0
0.75,6.5,0.601207,-2.99573,0.000796331,0.0024257,0.00171834,0.117528,True,empty floor,sound_similarity,0,0.0666667,0.240691,0,0.0666667,0.118506,0,0.0666667,0.271224,0,0.0666667,0.145343,0,0.0666667,0.1565,0,0.0666667,0.265081,0,0.0666667,0.144166,0,0.0666667,0.233515,0,0.0666667,0.187891,0.5,0.4,0
0.75,5.75,0.584047,-2.99573,0.000793309,0.0024257,0.00171508,0.117528,True,empty floor,sound_similarity,0,0.0666667,0.240691,0,0.0666667,0.118506,0,0.0666667,0.271224,0,0.0666667,0.145343,0,0.0666667,0.1565,0,0.0666667,0.265081,0,0.0666667,0.144166,0,0.0666667,0.233515,0,0.0666667,0.187891,0.5,0.4,0
-2,7.5,2.67915,-0.941116,0.0014016,0.00181928,0.00170976,0.0881459,True,empty floor,sound_similarity,0,0.05,0.240691,0,0.05,0.118506,0,0.05,0.271224,0,0.05,0.145343,0,0.05,0.1565,0,0.05,0.265081,0,0.05,0.144166,0,0.05,0.233515,0,0.05,0.187891,1,0.55,0
-0.75,2,4.24124,-2.99573,0.000757147,0.0024257,0.00167553,0.117528,True,empty floor,sound_similarity,0,0.0666667,0.240691,0,0.0666667,0.118506,0,0.0666667,0.271224,0,0.0666667,0.145343,0,0.0666667,0.1565,0,0.0666667,0.265081,0,0.0666667,0.144166,0,0.0666667,0.233515,0,0.0666667,0.187891,0.5,0.4,0
2,4.75,2.18482,-2.99573,0.000756602,0.0024257,0.00167493,0.117528,True,empty floor,sound_similarity,0,0.0666667,0.240691,0,0.0666667,0.118506,0,0.0666667,0.271224,0,0.0666667,0.145343,0,0.0666667,0.1565,0,0.0666667,0.265081,0,0.0666667,0.144166,0,0.0666667,0.233515,0,0.0666667,0.187891,0.5,0.4,0
-0.5,3,3.21047,-2.99573,0.000754277,0.0024257,0.00167235,0.117528,True,empty floor,sound_similarity,0,0.0666667,0.240691,0,0.0666667,0.118506,0,0.0666667,0.271224,0,0.0666667,0.145343,0,0.0666667,0.1565,0,0.0666667,0.265081,0,0.0666667,0.144166,0,0.0666667,0.233515,0,0.0666667,0.187891,0.5,0.4,0
-0.25,4,2.1797,-2.99573,0.000748801,0.0024257,0.00166627,0.117528,True,empty floor,sound_similarity,0,0.0666667,0.240691,0,0.0666667,0.118506,0,0.0666667,0.271224,0,0.0666667,0.145343,0,0.0666667,0.1565,0,0.0666667,0.265081,0,0.0666667,0.144166,0,0.0666667,0.233515,0,0.0666667,0.187891,0.5,0.4,0
-2.25,3.5,3.64383,-2.99573,0.000737005,0.0024257,0.00165309,0.117528,True,empty floor,sound_similarity,0,0.0666667,0.240691,0,0.0666667,0.118506,0,0.0666667,0.271224,0,0.0666667,0.145343,0,0.0666667,0.1565,0,0.0666667,0.265081,0,0.0666667,0.144166,0,0.0666667,0.233515,0,0.0666667,0.187891,0.5,0.4,0
0,5,1.14896,-2.99573,0.000734241,0.0024257,0.00164999,0.117528,True,empty floor,sound_similarity,0,0.0666667,0.240691,0,0.0666667,0.118506,0,0.0666667,0.271224,0,0.0666667,0.145343,0,0.0666667,0.1565,0,0.0666667,0.265081,0,0.0666667,0.144166,0,0.0666667,0.233515,0,0.0666667,0.187891,0.5,0.4,0
-2,3.75,3.29031,-2.99573,0.00072537,0.0024257,0.00163999,0.117528,True,empty floor,sound_similarity,0,0.0666667,0.240691,0,0.0666667,0.118506,0,0.0666667,0.271224,0,0.0666667,0.145343,0,0.0666667,0.1565,0,0.0666667,0.265081,0,0.0666667,0.144166,0,0.0666667,0.233515,0,0.0666667,0.187891,0.5,0.4,0
-1.75,4,2.9368,-2.99573,0.00071127,0.0024257,0.00162398,0.117528,True,empty floor,sound_similarity,0,0.0666667,0.240691,0,0.0666667,0.118506,0,0.0666667,0.271224,0,0.0666667,0.145343,0,0.0666667,0.1565,0,0.0666667,0.265081,0,0.0666667,0.144166,0,0.0666667,0.233515,0,0.0666667,0.187891,0.5,0.4,0
-1.5,4.25,2.5833,-2.99573,0.000693838,0.0024257,0.00160395,0.117528,True,empty floor,sound_similarity,0,0.0666667,0.240691,0,0.0666667,0.118506,0,0.0666667,0.271224,0,0.0666667,0.145343,0,0.0666667,0.1565,0,0.0666667,0.265081,0,0.0666667,0.144166,0,0.0666667,0.233515,0,0.0666667,0.187891,0.5,0.4,0
-1.25,7,1.77902,-1.08706,0.00121158,0.00181928,0.00158964,0.0881459,True,empty floor,sound_similarity,0,0.05,0.240691,0,0.05,0.118506,0,0.05,0.271224,0,0.05,0.145343,0,0.05,0.1565,0,0.05,0.265081,0,0.05,0.144166,0,0.05,0.233515,0,0.05,0.187891,1,0.55,0
-0.75,2.25,3.99936,-2.99573,0.000677223,0.0024257,0.00158463,0.117528,True,empty floor,sound_similarity,0,0.0666667,0.240691,0,0.0666667,0.118506,0,0.0666667,0.271224,0,0.0666667,0.145343,0,0.0666667,0.1565,0,0.0666667,0.265081,0,0.0666667,0.144166,0,0.0666667,0.233515,0,0.0666667,0.187891,0.5,0.4,0
-1,6,1.29603,-2.99523,0.00120193,0.00181928,0.0015833,0.0881459,True,empty floor,sound_similarity,0,0.05,0.240691,0,0.05,0.118506,0,0.05,0.271224,0,0.05,0.145343,0,0.05,0.1565,0,0.05,0.265081,0,0.05,0.144166,0,0.05,0.233515,0,0.05,0.187891,1,0.55,0
1.75,7.25,1.8505,-2.99573,0.000675893,0.0024257,0.00158307,0.117528,True,empty floor,sound_similarity,0,0.0666667,0.240691,0,0.0666667,0.118506,0,0.0666667,0.271224,0,0.0666667,0.145343,0,0.0666667,0.1565,0,0.0666667,0.265081,0,0.0666667,0.144166,0,0.0666667,0.233515,0,0.0666667,0.187891,0.5,0.4,0
2,3,3.54978,-2.99573,0.000672774,0.0024257,0.00157942,0.117528,True,empty floor,sound_similarity,0,0.0666667,0.240691,0,0.0666667,0.118506,0,0.0666667,0.271224,0,0.0666667,0.145343,0,0.0666667,0.1565,0,0.0666667,0.265081,0,0.0666667,0.144166,0,0.0666667,0.233515,0,0.0666667,0.187891,0.5,0.4,0
-1.25,4.5,2.22983,-2.99573,0.000671755,0.0024257,0.00157822,0.117528,True,empty floor,sound_similarity,0,0.0666667,0.240691,0,0.0666667,0.118506,0,0.0666667,0.271224,0,0.0666667,0.145343,0,0.0666667,0.1565,0,0.0666667,0.265081,0,0.0666667,0.144166,0,0.0666667,0.233515,0,0.0666667,0.187891,0.5,0.4,0
2,6.25,1.71438,-2.99573,0.000666984,0.0024257,0.00157261,0.117528,True,empty floor,sound_similarity,0,0.0666667,0.240691,0,0.0666667,0.118506,0,0.0666667,0.271224,0,0.0666667,0.145343,0,0.0666667,0.1565,0,0.0666667,0.265081,0,0.0666667,0.144166,0,0.0666667,0.233515,0,0.0666667,0.187891,0.5,0.4,0
-0.5,3.25,2.96882,-2.99573,0.000649392,0.0024257,0.00155173,0.117528,True,empty floor,sound_similarity,0,0.0666667,0.240691,0,0.0666667,0.118506,0,0.0666667,0.271224,0,0.0666667,0.145343,0,0.0666667,0.1565,0,0.0666667,0.265081,0,0.0666667,0.144166,0,0.0666667,0.233515,0,0.0666667,0.187891,0.5,0.4,0
1.75,3.5,2.99126,-2.99573,0.000648606,0.0024257,0.00155079,0.117528,True,empty floor,sound_similarity,0,0.0666667,0.240691,0,0.0666667,0.118506,0,0.0666667,0.271224,0,0.0666667,0.145343,0,0.0666667,0.1565,0,0.0666667,0.265081,0,0.0666667,0.144166,0,0.0666667,0.233515,0,0.0666667,0.187891,0.5,0.4,0
-1,4.75,1.87638,-2.99573,0.000642915,0.0024257,0.00154397,0.117528,True,empty floor,sound_similarity,0,0.0666667,0.240691,0,0.0666667,0.118506,0,0.0666667,0.271224,0,0.0666667,0.145343,0,0.0666667,0.1565,0,0.0666667,0.265081,0,0.0666667,0.144166,0,0.0666667,0.233515,0,0.0666667,0.187891,0.5,0.4,0
0,7.75,1.66424,-2.7958,0.000628826,0.0024257,0.00152696,0.117528,True,empty floor,sound_similarity,0,0.0666667,0.240691,0,0.0666667,0.118506,0,0.0666667,0.271224,0,0.0666667,0.145343,0,0.0666667,0.1565,0,0.0666667,0.265081,0,0.0666667,0.144166,0,0.0666667,0.233515,0,0.0666667,0.187891,0.5,0.4,0
-1.75,7.25,2.33729,-1.18548,0.00109803,0.00181928,0.00151332,0.0881459,True,empty floor,sound_similarity,0,0.05,0.240691,0,0.05,0.118506,0,0.05,0.271224,0,0.05,0.145343,0,0.05,0.1565,0,0.05,0.265081,0,0.05,0.144166,0,0.05,0.233515,0,0.05,0.187891,1,0.55,0
1.5,4,2.43296,-2.99573,0.000615462,0.0024257,0.00151065,0.117528,True,empty floor,sound_similarity,0,0.0666667,0.240691,0,0.0666667,0.118506,0,0.0666667,0.271224,0,0.0666667,0.145343,0,0.0666667,0.1565,0,0.0666667,0.265081,0,0.0666667,0.144166,0,0.0666667,0.233515,0,0.0666667,0.187891,0.5,0.4,0
1.75,6.25,1.46534,-2.99573,0.000614382,0.0024257,0.00150932,0.117528,True,empty floor,sound_similarity,0,0.0666667,0.240691,0,0.0666667,0.118506,0,0.0666667,0.271224,0,0.0666667,0.145343,0,0.0666667,0.1565,0,0.0666667,0.265081,0,0.0666667,0.144166,0,0.0666667,0.233515,0,0.0666667,0.187891,0.5,0.4,0
-0.75,5,1.52298,-2.99573,0.000603774,0.0024257,0.00149623,0.117528,True,empty floor,sound_similarity,0,0.0666667,0.240691,0,0.0666667,0.118506,0,0.0666667,0.271224,0,0.0666667,0.145343,0,0.0666667,0.1565,0,0.0666667,0.265081,0,0.0666667,0.144166,0,0.0666667,0.233515,0,0.0666667,0.187891,0.5,0.4,0
-0.75,2.5,3.75855,-2.99573,0.000597563,0.0024257,0.00148852,0.117528,True,empty floor,sound_similarity,0,0.0666667,0.240691,0,0.0666667,0.118506,0,0.0666667,0.271224,0,0.0666667,0.145343,0,0.0666667,0.1565,0,0.0666667,0.265081,0,0.0666667,0.144166,0,0.0666667,0.233515,0,0.0666667,0.187891,0.5,0.4,0
-0.25,4.25,1.93853,-2.99573,0.00059662,0.0024257,0.00148734,0.117528,True,empty floor,sound_similarity,0,0.0666667,0.240691,0,0.0666667,0.118506,0,0.0666667,0.271224,0,0.0666667,0.145343,0,0.0666667,0.1565,0,0.0666667,0.265081,0,0.0666667,0.144166,0,0.0666667,0.233515,0,0.0666667,0.187891,0.5,0.4,0
1,5.5,0.936065,-2.99573,0.000583629,0.0024257,0.00147106,0.117528,True,empty floor,sound_similarity,0,0.0666667,0.240691,0,0.0666667,0.118506,0,0.0666667,0.271224,0,0.0666667,0.145343,0,0.0666667,0.1565,0,0.0666667,0.265081,0,0.0666667,0.144166,0,0.0666667,0.233515,0,0.0666667,0.187891,0.5,0.4,0
-2.25,7.5,2.89585,-1.24719,0.00103233,0.00181928,0.00146735,0.0881459,True,empty floor,sound_similarity,0,0.05,0.240691,0,0.05,0.118506,0,0.05,0.271224,0,0.05,0.145343,0,0.05,0.1565,0,0.05,0.265081,0,0.05,0.144166,0,0.05,0.233515,0,0.05,0.187891,1,0.55,0
-1.25,6,1.54525,-2.99505,0.00102559,0.00181928,0.00146255,0.0881459,True,empty floor,sound_similarity,0,0.05,0.240691,0,0.05,0.118506,0,0.05,0.271224,0,0.05,0.145343,0,0.05,0.1565,0,0.05,0.265081,0,0.05,0.144166,0,0.05,0.233515,0,0.05,0.187891,1,0.55,0
1.25,4.5,1.8751,-2.99573,0.000567595,0.0024257,0.00145071,0.117528,True,empty floor,sound_similarity,0,0.0666667,0.240691,0,0.0666667,0.118506,0,0.0666667,0.271224,0,0.0666667,0.145343,0,0.0666667,0.1565,0,0.0666667,0.265081,0,0.0666667,0.144166,0,0.0666667,0.233515,0,0.0666667,0.187891,0.5,0.4,0
-0.25,7.75,1.72563,-2.08369,0.000567389,0.0024257,0.00145045,0.117528,True,empty floor,sound_similarity,0,0.0666667,0.240691,0,0.0666667,0.118506,0,0.0666667,0.271224,0,0.0666667,0.145343,0,0.0666667,0.1565,0,0.0666667,0.265081,0,0.0666667,0.144166,0,0.0666667,0.233515,0,0.0666667,0.187891,0.5,0.4,0
1.5,6.25,1.21669,-2.99573,0.000548156,0.0024257,0.00142566,0.117528,True,empty floor,sound_similarity,0,0.0666667,0.240691,0,0.0666667,0.118506,0,0.0666667,0.271224,0,0.0666667,0.145343,0,0.0666667,0.1565,0,0.0666667,0.265081,0,0.0666667,0.144166,0,0.0666667,0.233515,0,0.0666667,0.187891,0.5,0.4,0
-0.5,5.25,1.16967,-2.99573,0.00054799,0.0024257,0.00142544,0.117528,True,empty floor,sound_similarity,0,0.0666667,0.240691,0,0.0666667,0.118506,0,0.0666667,0.271224,0,0.0666667,0.145343,0,0.0666667,0.1565,0,0.0666667,0.265081,0,0.0666667,0.144166,0,0.0666667,0.233515,0,0.0666667,0.187891,0.5,0.4,0
-0.5,3.5,2.72867,-2.99573,0.000545849,0.0024257,0.00142265,0.117528,True,empty floor,sound_similarity,0,0.0666667,0.240691,0,0.0666667,0.118506,0,0.0666667,0.271224,0,0.0666667,0.145343,0,0.0666667,0.1565,0,0.0666667,0.265081,0,0.0666667,0.144166,0,0.0666667,0.233515,0,0.0666667,0.187891,0.5,0.4,0
1.5,7,1.50022,-2.99573,0.000535188,0.0024257,0.00140869,0.117528,True,empty floor,sound_similarity,0,0.0666667,0.240691,0,0.0666667,0.118506,0,0.0666667,0.271224,0,0.0666667,0.145343,0,0.0666667,0.1565,0,0.0666667,0.265081,0,0.0666667,0.144166,0,0.0666667,0.233515,0,0.0666667,0.187891,0.5,0.4,0
-2.25,3.25,3.82697,-2.99573,0.000532292,0.0024257,0.00140487,0.117528,True,empty floor,sound_similarity,0,0.0666667,0.240691,0,0.0666667,0.118506,0,0.0666667,0.271224,0,0.0666667,0.145343,0,0.0666667,0.1565,0,0.0666667,0.265081,0,0.0666667,0.144166,0,0.0666667,0.233515,0,0.0666667,0.187891,0.5,0.4,0
2,3.25,3.33283,-2.99573,0.000525563,0.0024257,0.00139597,0.117528,True,empty floor,sound_similarity,0,0.0666667,0.240691,0,0.0666667,0.118506,0,0.0666667,0.271224,0,0.0666667,0.145343,0,0.0666667,0.1565,0,0.0666667,0.265081,0,0.0666667,0.144166,0,0.0666667,0.233515,0,0.0666667,0.187891,0.5,0.4,0
-0.75,2.75,3.51901,-2.99573,0.000519694,0.0024257,0.00138815,0.117528,True,empty floor,sound_similarity,0,0.0666667,0.240691,0,0.0666667,0.118506,0,0.0666667,0.271224,0,0.0666667,0.145343,0,0.0666667,0.1565,0,0.0666667,0.265081,0,0.0666667,0.144166,0,0.0666667,0.233515,0,0.0666667,0.187891,0.5,0.4,0
-1.5,6,1.79469,-2.99489,0.000909971,0.00181928,0.00137765,0.0881459,True,empty floor,sound_similarity,0,0.05,0.240691,0,0.05,0.118506,0,0.05,0.271224,0,0.05,0.145343,0,0.05,0.1565,0,0.05,0.265081,0,0.05,0.144166,0,0.05,0.233515,0,0.05,0.187891,1,0.55,0
-2,3.5,3.4741,-2.99573,0.000508376,0.0024257,0.00137295,0.117528,True,empty floor,sound_similarity,0,0.0666667,0.240691,0,0.0666667,0.118506,0,0.0666667,0.271224,0,0.0666667,0.145343,0,0.0666667,0.1565,0,0.0666667,0.265081,0,0.0666667,0.144166,0,0.0666667,0.233515,0,0.0666667,0.187891,0.5,0.4,0
-1,2,4.30943,-2.99573,0.000503795,0.0024257,0.00136675,0.117528,True,empty floor,sound_similarity,0,0.0666667,0.240691,0,0.0666667,0.118506,0,0.0666667,0.271224,0,0.0666667,0.145343,0,0.0666667,0.1565,0,0.0666667,0.265081,0,0.0666667,0.144166,0,0.0666667,0.233515,0,0.0666667,0.187891,0.5,0.4,0
0,7,0.935067,-2.0996,0.000503379,0.0024257,0.00136619,0.117528,True,empty floor,sound_similarity,0,0.0666667,0.240691,0,0.0666667,0.118506,0,0.0666667,0.271224,0,0.0666667,0.145343,0,0.0666667,0.1565,0,0.0666667,0.265081,0,0.0666667,0.144166,0,0.0666667,0.233515,0,0.0666667,0.187891,0.5,0.4,0
1,5,1.3182,-2.99573,0.00049437,0.0024257,0.00135391,0.117528,True,empty floor,sound_similarity,0,0.0666667,0.240691,0,0.0666667,0.118506,0,0.0666667,0.271224,0,0.0666667,0.145343,0,0.0666667,0.1565,0,0.0666667,0.265081,0,0.0666667,0.144166,0,0.0666667,0.233515,0,0.0666667,0.187891,0.5,0.4,0
1.75,3.75,2.77568,-2.99573,0.000484059,0.0024257,0.00133971,0.117528,True,empty floor,sound_similarity,0,0.0666667,0.240691,0,0.0666667,0.118506,0,0.0666667,0.271224,0,0.0666667,0.145343,0,0.0666667,0.1565,0,0.0666667,0.265081,0,0.0666667,0.144166,0,0.0666667,0.233515,0,0.0666667,0.187891,0.5,0.4,0
-1.75,3.75,3.12138,-2.99573,0.00048102,0.0024257,0.0013355,0.117528,True,empty floor,sound_similarity,0,0.0666667,0.240691,0,0.0666667,0.118506,0,0.0666667,0.271224,0,0.0666667,0.145343,0,0.0666667,0.1565,0,0.0666667,0.265081,0,0.0666667,0.144166,0,0.0666667,0.233515,0,0.0666667,0.187891,0.5,0.4,0
1.5,5,1.64208,-2.99573,0.000469072,0.0024257,0.00131881,0.117528,True,empty floor,sound_similarity,0,0.0666667,0.240691,0,0.0666667,0.118506,0,0.0666667,0.271224,0,0.0666667,0.145343,0,0.0666667,0.1565,0,0.0666667,0.265081,0,0.0666667,0.144166,0,0.0666667,0.233515,0,0.0666667,0.187891,0.5,0.4,0
-1.75,6,2.04427,-2.99474,0.000829407,0.00181928,0.00131525,0.0881459,True,empty floor,sound_similarity,0,0.05,0.240691,0,0.05,0.118506,0,0.05,0.271224,0,0.05,0.145343,0,0.05,0.1565,0,0.05,0.265081,0,0.05,0.144166,0,0.05,0.233515,0,0.05,0.187891,1,0.55,0
1.25,6.25,0.968732,-2.99573,0.000463975,0.0024257,0.00131162,0.117528,True,empty floor,sound_similarity,0,0.0666667,0.240691,0,0.0666667,0.118506,0,0.0666667,0.271224,0,0.0666667,0.145343,0,0.0666667,0.1565,0,0.0666667,0.265081,0,0.0666667,0.144166,0,0.0666667,0.233515,0,0.0666667,0.187891,0.5,0.4,0
-0.25,5.5,0.816571,-2.99573,0.000463697,0.0024257,0.00131123,0.117528,True,empty floor,sound_similarity,0,0.0666667,0.240691,0,0.0666667,0.118506,0,0.0666667,0.271224,0,0.0666667,0.145343,0,0.0666667,0.1565,0,0.0666667,0.265081,0,0.0666667,0.144166,0,0.0666667,0.233515,0,0.0666667,0.187891,0.5,0.4,0
0,5.25,0.909337,-2.99573,0.000461862,0.0024257,0.00130864,0.117528,True,empty floor,sound_similarity,0,0.0666667,0.240691,0,0.0666667,0.118506,0,0.0666667,0.271224,0,0.0666667,0.145343,0,0.0666667,0.1565,0,0.0666667,0.265081,0,0.0666667,0.144166,0,0.0666667,0.233515,0,0.0666667,0.187891,0.5,0.4,0
0,7.25,1.17522,-2.50396,0.000451464,0.0024257,0.00129382,0.117528,True,empty floor,sound_similarity,0,0.0666667,0.240691,0,0.0666667,0.118506,0,0.0666667,0.271224,0,0.0666667,0.145343,0,0.0666667,0.1565,0,0.0666667,0.265081,0,0.0666667,0.144166,0,0.0666667,0.233515,0,0.0666667,0.187891,0.5,0.4,0
-0.25,4.5,1.6999,-2.99573,0.000451443,0.0024257,0.00129379,0.117528,True,empty floor,sound_similarity,0,0.0666667,0.240691,0,0.0666667,0.118506,0,0.0666667,0.271224,0,0.0666667,0.145343,0,0.0666667,0.1565,0,0.0666667,0.265081,0,0.0666667,0.144166,0,0.0666667,0.233515,0,0.0666667,0.187891,0.5,0.4,0
-1.5,4,2.76888,-2.99573,0.000449592,0.0024257,0.00129114,0.117528,True,empty floor,sound_similarity,0,0.0666667,0.240691,0,0.0666667,0.118506,0,0.0666667,0.271224,0,0.0666667,0.145343,0,0.0666667,0.1565,0,0.0666667,0.265081,0,0.0666667,0.144166,0,0.0666667,0.233515,0,0.0666667,0.187891,0.5,0.4,0
-0.5,3.75,2.49047,-2.99573,0.000447575,0.0024257,0.00128824,0.117528,True,empty floor,sound_similarity,0,0.0666667,0.240691,0,0.0666667,0.118506,0,0.0666667,0.271224,0,0.0666667,0.145343,0,0.0666667,0.1565,0,0.0666667,0.265081,0,0.0666667,0.144166,0,0.0666667,0.233515,0,0.0666667,0.187891,0.5,0.4,0
1.75,4.75,1.99538,-2.99573,0.000446144,0.0024257,0.00128618,0.117528,True,empty floor,sound_similarity,0,0.0666667,0.240691,0,0.0666667,0.118506,0,0.0666667,0.271224,0,0.0666667,0.145343,0,0.0666667,0.1565,0,0.0666667,0.265081,0,0.0666667,0.144166,0,0.0666667,0.233515,0,0.0666667,0.187891,0.5,0.4,0
-0.75,3,3.28104,-2.99573,0.000445558,0.0024257,0.00128533,0.117528,True,empty floor,sound_similarity,0,0.0666667,0.240691,0,0.0666667,0.118506,0,0.0666667,0.271224,0,0.0666667,0.145343,0,0.0666667,0.1565,0,0.0666667,0.265081,0,0.0666667,0.144166,0,0.0666667,0.233515,0,0.0666667,0.187891,0.5,0.4,0
-1,2.25,4.07161,-2.99573,0.000444319,0.0024257,0.00128354,0.117528,True,empty floor,sound_similarity,0,0.0666667,0.240691,0,0.0666667,0.118506,0,0.0666667,0.271224,0,0.0666667,0.145343,0,0.0666667,0.1565,0,0.0666667,0.265081,0,0.0666667,0.144166,0,0.0666667,0.233515,0,0.0666667,0.187891,0.5,0.4,0
0,6.25,0.322509,-1.65827,0.000785887,0.00181928,0.00128028,0.0881459,True,empty floor,sound_similarity,0,0.05,0.240691,0,0.05,0.118506,0,0.05,0.271224,0,0.05,0.145343,0,0.05,0.1565,0,0.05,0.265081,0,0.05,0.144166,0,0.05,0.233515,0,0.05,0.187891,1,0.55,0
-2,7.25,2.55852,-1.53115,0.000777665,0.00181928,0.00127356,0.0881459,True,empty floor,sound_similarity,0,0.05,0.240691,0,0.05,0.118506,0,0.05,0.271224,0,0.05,0.145343,0,0.05,0.1565,0,0.05,0.265081,0,0.05,0.144166,0,0.05,0.233515,0,0.05,0.187891,1,0.55,0
-1.5,7,1.99951,-1.53626,0.000773928,0.00181928,0.0012705,0.0881459,True,empty floor,sound_similarity,0,0.05,0.240691,0,0.05,0.118506,0,0.05,0.271224,0,0.05,0.145343,0,0.05,0.1565,0,0.05,0.265081,0,0.05,0.144166,0,0.05,0.233515,0,0.05,0.187891,1,0.55,0
-2,6,2.29394,-2.99461,0.00077054,0.00181928,0.00126771,0.0881459,True,empty floor,sound_similarity,0,0.05,0.240691,0,0.05,0.118506,0,0.05,0.271224,0,0.05,0.145343,0,0.05,0.1565,0,0.05,0.265081,0,0.05,0.144166,0,0.05,0.233515,0,0.05,0.187891,1,0.55,0
-1,6.75,1.4405,-1.54535,0.000767479,0.00181928,0.00126519,0.0881459,True,empty floor,sound_similarity,0,0.05,0.240691,0,0.05,0.118506,0,0.05,0.271224,0,0.05,0.145343,0,0.05,0.1565,0,0.05,0.265081,0,0.05,0.144166,0,0.05,0.233515,0,0.05,0.187891,1,0.55,0
1.5,4.25,2.21948,-2.99573,0.00043166,0.0024257,0.00126512,0.117528,True,empty floor,sound_similarity,0,0.0666667,0.240691,0,0.0666667,0.118506,0,0.0666667,0.271224,0,0.0666667,0.145343,0,0.0666667,0.1565,0,0.0666667,0.265081,0,0.0666667,0.144166,0,0.0666667,0.233515,0,0.0666667,0.187891,0.5,0.4,0
2,4.5,2.34875,-2.99573,0.000430962,0.0024257,0.0012641,0.117528,True,empty floor,sound_similarity,0,0.0666667,0.240691,0,0.0666667,0.118506,0,0.0666667,0.271224,0,0.0666667,0.145343,0,0.0666667,0.1565,0,0.0666667,0.265081,0,0.0666667,0.144166,0,0.0666667,0.233515,0,0.0666667,0.187891,0.5,0.4,0
-0.5,6.5,0.881487,-1.56598,0.00075413,0.00181928,0.00125414,0.0881459,True,empty floor,sound_similarity,0,0.05,0.240691,0,0.05,0.118506,0,0.05,0.271224,0,0.05,0.145343,0,0.05,0.1565,0,0.05,0.265081,0,0.05,0.144166,0,0.05,0.233515,0,0.05,0.187891,1,0.55,0
-1.25,4.25,2.41668,-2.99573,0.000413422,0.0024257,0.00123811,0.117528,True,empty floor,sound_similarity,0,0.0666667,0.240691,0,0.0666667,0.118506,0,0.0666667,0.271224,0,0.0666667,0.145343,0,0.0666667,0.1565,0,0.0666667,0.265081,0,0.0666667,0.144166,0,0.0666667,0.233515,0,0.0666667,0.187891,0.5,0.4,0
-2.25,3,4.01733,-2.99573,0.000403352,0.0024257,0.00122294,0.117528,True,empty floor,sound_similarity,0,0.0666667,0.240691,0,0.0666667,0.118506,0,0.0666667,0.271224,0,0.0666667,0.145343,0,0.0666667,0.1565,0,0.0666667,0.265081,0,0.0666667,0.144166,0,0.0666667,0.233515,0,0.0666667,0.187891,0.5,0.4,0
-1.25,1.75,4.62575,-2.99573,0.000396651,0.0024257,0.00121274,0.117528,True,empty floor,sound_similarity,0,0.0666667,0.240691,0,0.0666667,0.118506,0,0.0666667,0.271224,0,0.0666667,0.145343,0,0.0666667,0.1565,0,0.0666667,0.265081,0,0.0666667,0.144166,0,0.0666667,0.233515,0,0.0666667,0.187891,0.5,0.4,0
2,7.25,2.05334,-2.99573,0.00039506,0.0024257,0.0012103,0.117528,True,empty floor,sound_similarity,0,0.0666667,0.240691,0,0.0666667,0.118506,0,0.0666667,0.271224,0,0.0666667,0.145343,0,0.0666667,0.1565,0,0.0666667,0.265081,0,0.0666667,0.144166,0,0.0666667,0.233515,0,0.0666667,0.187891,0.5,0.4,0
-1,2.5,3.83533,-2.99573,0.000388825,0.0024257,0.00120071,0.117528,True,empty floor,sound_similarity,0,0.0666667,0.240691,0,0.0666667,0.118506,0,0.0666667,0.271224,0,0.0666667,0.145343,0,0.0666667,0.1565,0,0.0666667,0.265081,0,0.0666667,0.144166,0,0.0666667,0.233515,0,0.0666667,0.187891,0.5,0.4,0
0.75,5.5,0.764416,-2.99573,0.000388173,0.0024257,0.00119971,0.117528,True,empty floor,sound_similarity,0,0.0666667,0.240691,0,0.0666667,0.118506,0,0.0666667,0.271224,0,0.0666667,0.145343,0,0.0666667,0.1565,0,0.0666667,0.265081,0,0.0666667,0.144166,0,0.0666667,0.233515,0,0.0666667,0.187891,0.5,0.4,0
-2,3.25,3.66573,-2.99573,0.000378763,0.0024257,0.00118508,0.117528,True,empty floor,sound_similarity,0,0.0666667,0.240691,0,0.0666667,0.118506,0,0.0666667,0.271224,0,0.0666667,0.145343,0,0.0666667,0.1565,0,0.0666667,0.265081,0,0.0666667,0.144166,0,0.0666667,0.233515,0,0.0666667,0.187891,0.5,0.4,0
-0.75,3.25,3.045,-2.99573,0.000377499,0.0024257,0.0011831,0.117528,True,empty floor,sound_similarity,0,0.0666667,0.240691,0,0.0666667,0.118506,0,0.0666667,0.271224,0,0.0666667,0.145343,0,0.0666667,0.1565,0,0.0666667,0.265081,0,0.0666667,0.144166,0,0.0666667,0.233515,0,0.0666667,0.187891,0.5,0.4,0
-1,4.5,2.06495,-2.99573,0.000371987,0.0024257,0.00117443,0.117528,True,empty floor,sound_similarity,0,0.0666667,0.240691,0,0.0666667,0.118506,0,0.0666667,0.271224,0,0.0666667,0.145343,0,0.0666667,0.1565,0,0.0666667,0.265081,0,0.0666667,0.144166,0,0.0666667,0.233515,0,0.0666667,0.187891,0.5,0.4,0
1.25,4.75,1.66516,-2.99573,0.000368089,0.0024257,0.00116826,0.117528,True,empty floor,sound_similarity,0,0.0666667,0.240691,0,0.0666667,0.118506,0,0.0666667,0.271224,0,0.0666667,0.145343,0,0.0666667,0.1565,0,0.0666667,0.265081,0,0.0666667,0.144166,0,0.0666667,0.233515,0,0.0666667,0.187891,0.5,0.4,0
1.75,4,2.56636,-2.99573,0.000363778,0.0024257,0.0011614,0.117528,True,empty floor,sound_similarity,0,0.0666667,0.240691,0,0.0666667,0.118506,0,0.0666667,0.271224,0,0.0666667,0.145343,0,0.0666667,0.1565,0,0.0666667,0.265081,0,0.0666667,0.144166,0,0.0666667,0.233515,0,0.0666667,0.187891,0.5,0.4,0
-0.5,4,2.25482,-2.99573,0.000359712,0.0024257,0.00115489,0.117528,True,empty floor,sound_similarity,0,0.0666667,0.240691,0,0.0666667,0.118506,0,0.0666667,0.271224,0,0.0666667,0.145343,0,0.0666667,0.1565,0,0.0666667,0.265081,0,0.0666667,0.144166,0,0.0666667,0.233515,0,0.0666667,0.187891,0.5,0.4,0
-1.25,2,4.39082,-2.99573,0.000353451,0.0024257,0.00114479,0.117528,True,empty floor,sound_similarity,0,0.0666667,0.240691,0,0.0666667,0.118506,0,0.0666667,0.271224,0,0.0666667,0.145343,0,0.0666667,0.1565,0,0.0666667,0.265081,0,0.0666667,0.144166,0,0.0666667,0.233515,0,0.0666667,0.187891,0.5,0.4,0
-1.75,3.5,3.31455,-2.99573,0.000352316,0.0024257,0.00114295,0.117528,True,empty floor,sound_similarity,0,0.0666667,0.240691,0,0.0666667,0.118506,0,0.0666667,0.271224,0,0.0666667,0.145343,0,0.0666667,0.1565,0,0.0666667,0.265081,0,0.0666667,0.144166,0,0.0666667,0.233515,0,0.0666667,0.187891,0.5,0.4,0
0.25,6.5,0.39074,-2.92536,0.000347622,0.0024257,0.00113531,0.117528,True,empty floor,sound_similarity,0,0.0666667,0.240691,0,0.0666667,0.118506,0,0.0666667,0.271224,0,0.0666667,0.145343,0,0.0666667,0.1565,0,0.0666667,0.265081,0,0.0666667,0.144166,0,0.0666667,0.233515,0,0.0666667,0.187891,0.5,0.4,0
-1,2.75,3.60091,-2.99573,0.000338713,0.0024257,0.00112067,0.117528,True,empty floor,sound_similarity,0,0.0666667,0.240691,0,0.0666667,0.118506,0,0.0666667,0.271224,0,0.0666667,0.145343,0,0.0666667,0.1565,0,0.0666667,0.265081,0,0.0666667,0.144166,0,0.0666667,0.233515,0,0.0666667,0.187891,0.5,0.4,0
0,5.75,0.464169,-2.99573,0.000332652,0.0024257,0.0011106,0.117528,True,empty floor,sound_similarity,0,0.0666667,0.240691,0,0.0666667,0.118506,0,0.0666667,0.271224,0,0.0666667,0.145343,0,0.0666667,0.1565,0,0.0666667,0.265081,0,0.0666667,0.144166,0,0.0666667,0.233515,0,0.0666667,0.187891,0.5,0.4,0
-0.25,4.75,1.46508,-2.99573,0.00032812,0.0024257,0.00110301,0.117528,True,empty floor,sound_similarity,0,0.0666667,0.240691,0,0.0666667,0.118506,0,0.0666667,0.271224,0,0.0666667,0.145343,0,0.0666667,0.1565,0,0.0666667,0.265081,0,0.0666667,0.144166,0,0.0666667,0.233515,0,0.0666667,0.187891,0.5,0.4,0
-2.25,7.25,2.78463,-1.82762,0.000578894,0.00181928,0.00109881,0.0881459,True,empty floor,sound_similarity,0,0.05,0.240691,0,0.05,0.118506,0,0.05,0.271224,0,0.05,0.145343,0,0.05,0.1565,0,0.05,0.265081,0,0.05,0.144166,0,0.05,0.233515,0,0.05,0.187891,1,0.55,0
-0.75,4.75,1.71397,-2.99573,0.000325451,0.0024257,0.00109851,0.117528,True,empty floor,sound_similarity,0,0.0666667,0.240691,0,0.0666667,0.118506,0,0.0666667,0.271224,0,0.0666667,0.145343,0,0.0666667,0.1565,0,0.0666667,0.265081,0,0.0666667,0.144166,0,0.0666667,0.233515,0,0.0666667,0.187891,0.5,0.4,0
-1.5,3.75,2.96393,-2.99573,0.000324223,0.0024257,0.00109644,0.117528,True,empty floor,sound_similarity,0,0.0666667,0.240691,0,0.0666667,0.118506,0,0.0666667,0.271224,0,0.0666667,0.145343,0,0.0666667,0.1565,0,0.0666667,0.265081,0,0.0666667,0.144166,0,0.0666667,0.233515,0,0.0666667,0.187891,0.5,0.4,0
-2.25,2.75,4.21392,-2.99573,0.000323715,0.0024257,0.00109558,0.117528,True,empty floor,sound_similarity,0,0.0666667,0.240691,0,0.0666667,0.118506,0,0.0666667,0.271224,0,0.0666667,0.145343,0,0.0666667,0.1565,0,0.0666667,0.265081,0,0.0666667,0.144166,0,0.0666667,0.233515,0,0.0666667,0.187891,0.5,0.4,0
1.5,4.5,2.01442,-2.99573,0.000319472,0.0024257,0.00108838,0.117528,True,empty floor,sound_similarity,0,0.0666667,0.240691,0,0.0666667,0.118506,0,0.0666667,0.271224,0,0.0666667,0.145343,0,0.0666667,0.1565,0,0.0666667,0.265081,0,0.0666667,0.144166,0,0.0666667,0.233515,0,0.0666667,0.187891,0.5,0.4,0
-0.75,3.5,2.81137,-2.99573,0.000318199,0.0024257,0.00108621,0.117528,True,empty floor,sound_similarity,0,0.0666667,0.240691,0,0.0666667,0.118506,0,0.0666667,0.271224,0,0.0666667,0.145343,0,0.0666667,0.1565,0,0.0666667,0.265081,0,0.0666667,0.144166,0,0.0666667,0.233515,0,0.0666667,0.187891,0.5,0.4,0
1,5.25,1.11554,-2.99573,0.00031711,0.0024257,0.00108435,0.117528,True,empty floor,sound_similarity,0,0.0666667,0.240691,0,0.0666667,0.118506,0,0.0666667,0.271224,0,0.0666667,0.145343,0,0.0666667,0.1565,0,0.0666667,0.265081,0,0.0666667,0.144166,0,0.0666667,0.233515,0,0.0666667,0.187891,0.5,0.4,0
-1.25,2.25,4.15766,-2.99573,0.000314752,0.0024257,0.00108031,0.117528,True,empty floor,sound_similarity,0,0.0666667,0.240691,0,0.0666667,0.118506,0,0.0666667,0.271224,0,0.0666667,0.145343,0,0.0666667,0.1565,0,0.0666667,0.265081,0,0.0666667,0.144166,0,0.0666667,0.233515,0,0.0666667,0.187891,0.5,0.4,0
2,4.25,2.52683,-2.99573,0.000310073,0.0024257,0.00107225,0.117528,True,empty floor,sound_similarity,0,0.0666667,0.240691,0,0.0666667,0.118506,0,0.0666667,0.271224,0,0.0666667,0.145343,0,0.0666667,0.1565,0,0.0666667,0.265081,0,0.0666667,0.144166,0,0.0666667,0.233515,0,0.0666667,0.187891,0.5,0.4,0
1.75,7,1.70808,-2.99573,0.000306978,0.0024257,0.00106688,0.117528,True,empty floor,sound_similarity,0,0.0666667,0.240691,0,0.0666667,0.118506,0,0.0666667,0.271224,0,0.0666667,0.145343,0,0.0666667,0.1565,0,0.0666667,0.265081,0,0.0666667,0.144166,0,0.0666667,0.233515,0,0.0666667,0.187891,0.5,0.4,0
-2,3,3.86404,-2.99573,0.000303067,0.0024257,0.00106006,0.117528,True,empty floor,sound_similarity,0,0.0666667,0.240691,0,0.0666667,0.118506,0,0.0666667,0.271224,0,0.0666667,0.145343,0,0.0666667,0.1565,0,0.0666667,0.265081,0,0.0666667,0.144166,0,0.0666667,0.233515,0,0.0666667,0.187891,0.5,0.4,0
-1.75,7,2.22624,-1.90549,0.000536142,0.00181928,0.00105746,0.0881459,True,empty floor,sound_similarity,0,0.05,0.240691,0,0.05,0.118506,0,0.05,0.271224,0,0.05,0.145343,0,0.05,0.1565,0,0.05,0.265081,0,0.05,0.144166,0,0.05,0.233515,0,0.05,0.187891,1,0.55,0
-1.5,1.75,4.71494,-2.99573,0.000298756,0.0024257,0.0010525,0.117528,True,empty floor,sound_similarity,0,0.0666667,0.240691,0,0.0666667,0.118506,0,0.0666667,0.271224,0,0.0666667,0.145343,0,0.0666667,0.1565,0,0.0666667,0.265081,0,0.0666667,0.144166,0,0.0666667,0.233515,0,0.0666667,0.187891,0.5,0.4,0
-1,3,3.36873,-2.99573,0.000295477,0.0024257,0.0010467,0.117528,True,empty floor,sound_similarity,0,0.0666667,0.240691,0,0.0666667,0.118506,0,0.0666667,0.271224,0,0.0666667,0.145343,0,0.0666667,0.1565,0,0.0666667,0.265081,0,0.0666667,0.144166,0,0.0666667,0.233515,0,0.0666667,0.187891,0.5,0.4,0
-1.25,4,2.61411,-2.99573,0.000295079,0.0024257,0.001046,0.117528,True,empty floor,sound_similarity,0,0.0666667,0.240691,0,0.0666667,0.118506,0,0.0666667,0.271224,0,0.0666667,0.145343,0,0.0666667,0.1565,0,0.0666667,0.265081,0,0.0666667,0.144166,0,0.0666667,0.233515,0,0.0666667,0.187891,0.5,0.4,0
0.5,6.25,0.250568,-2.99573,0.000292381,0.0024257,0.00104121,0.117528,True,empty floor,sound_similarity,0,0.0666667,0.240691,0,0.0666667,0.118506,0,0.0666667,0.271224,0,0.0666667,0.145343,0,0.0666667,0.1565,0,0.0666667,0.265081,0,0.0666667,0.144166,0,0.0666667,0.233515,0,0.0666667,0.187891,0.5,0.4,0
2,4,2.71626,-2.99573,0.000289547,0.0024257,0.00103615,0.117528,True,empty floor,sound_similarity,0,0.0666667,0.240691,0,0.0666667,0.118506,0,0.0666667,0.271224,0,0.0666667,0.145343,0,0.0666667,0.1565,0,0.0666667,0.265081,0,0.0666667,0.144166,0,0.0666667,0.233515,0,0.0666667,0.187891,0.5,0.4,0
-0.5,4.25,2.02262,-2.99573,0.000288396,0.0024257,0.00103409,0.117528,True,empty floor,sound_similarity,0,0.0666667,0.240691,0,0.0666667,0.118506,0,0.0666667,0.271224,0,0.0666667,0.145343,0,0.0666667,0.1565,0,0.0666667,0.265081,0,0.0666667,0.144166,0,0.0666667,0.233515,0,0.0666667,0.187891,0.5,0.4,0
-0.5,5,1.36431,-2.99573,0.000276314,0.0024257,0.00101219,0.117528,True,empty floor,sound_similarity,0,0.0666667,0.240691,0,0.0666667,0.118506,0,0.0666667,0.271224,0,0.0666667,0.145343,0,0.0666667,0.1565,0,0.0666667,0.265081,0,0.0666667,0.144166,0,0.0666667,0.233515,0,0.0666667,0.187891,0.5,0.4,0
-2.25,2.5,4.41592,-2.99573,0.00027531,0.0024257,0.00101035,0.117528,True,empty floor,sound_similarity,0,0.0666667,0.240691,0,0.0666667,0.118506,0,0.0666667,0.271224,0,0.0666667,0.145343,0,0.0666667,0.1565,0,0.0666667,0.265081,0,0.0666667,0.144166,0,0.0666667,0.233515,0,0.0666667,0.187891,0.5,0.4,0
-1.5,2,4.48469,-2.99573,0.000272063,0.0024257,0.00100438,0.117528,True,empty floor,sound_similarity,0,0.0666667,0.240691,0,0.0666667,0.118506,0,0.0666667,0.271224,0,0.0666667,0.145343,0,0.0666667,0.1565,0,0.0666667,0.265081,0,0.0666667,0.144166,0,0.0666667,0.233515,0,0.0666667,0.187891,0.5,0.4,0
2,6.5,1.75239,-2.99573,0.000270635,0.0024257,0.00100174,0.117528,True,empty floor,sound_similarity,0,0.0666667,0.240691,0,0.0666667,0.118506,0,0.0666667,0.271224,0,0.0666667,0.145343,0,0.0666667,0.1565,0,0.0666667,0.265081,0,0.0666667,0.144166,0,0.0666667,0.233515,0,0.0666667,0.187891,0.5,0.4,0
-0.75,3.75,2.58081,-2.99573,0.000270544,0.0024257,0.00100157,0.117528,True,empty floor,sound_similarity,0,0.0666667,0.240691,0,0.0666667,0.118506,0,0.0666667,0.271224,0,0.0666667,0.145343,0,0.0666667,0.1565,0,0.0666667,0.265081,0,0.0666667,0.144166,0,0.0666667,0.233515,0,0.0666667,0.187891,0.5,0.4,0
-1.25,6.75,1.66827,-2.03279,0.00047353,0.00181928,0.000993797,0.0881459,True,empty floor,sound_similarity,0,0.05,0.240691,0,0.05,0.118506,0,0.05,0.271224,0,0.05,0.145343,0,0.05,0.1565,0,0.05,0.265081,0,0.05,0.144166,0,0.05,0.233515,0,0.05,0.187891,1,0.55,0
-1,4.25,2.26544,-2.99573,0.000266245,0.0024257,0.00099358,0.117528,True,empty floor,sound_similarity,0,0.0666667,0.240691,0,0.0666667,0.118506,0,0.0666667,0.271224,0,0.0666667,0.145343,0,0.0666667,0.1565,0,0.0666667,0.265081,0,0.0666667,0.144166,0,0.0666667,0.233515,0,0.0666667,0.187891,0.5,0.4,0
0,5.5,0.677255,-2.99573,0.000263151,0.0024257,0.00098779,0.117528,True,empty floor,sound_similarity,0,0.0666667,0.240691,0,0.0666667,0.118506,0,0.0666667,0.271224,0,0.0666667,0.145343,0,0.0666667,0.1565,0,0.0666667,0.265081,0,0.0666667,0.144166,0,0.0666667,0.233515,0,0.0666667,0.187891,0.5,0.4,0
-1.5,3.5,3.16672,-2.99573,0.000262085,0.0024257,0.000985789,0.117528,True,empty floor,sound_similarity,0,0.0666667,0.240691,0,0.0666667,0.118506,0,0.0666667,0.271224,0,0.0666667,0.145343,0,0.0666667,0.1565,0,0.0666667,0.265081,0,0.0666667,0.144166,0,0.0666667,0.233515,0,0.0666667,0.187891,0.5,0.4,0
-1,3.25,3.13929,-2.99573,0.000260669,0.0024257,0.000983123,0.117528,True,empty floor,sound_similarity,0,0.0666667,0.240691,0,0.0666667,0.118506,0,0.0666667,0.271224,0,0.0666667,0.145343,0,0.0666667,0.1565,0,0.0666667,0.265081,0,0.0666667,0.144166,0,0.0666667,0.233515,0,0.0666667,0.187891,0.5,0.4,0
-2,2.75,4.06805,-2.99573,0.000259818,0.0024257,0.000981515,0.117528,True,empty floor,sound_similarity,0,0.0666667,0.240691,0,0.0666667,0.118506,0,0.0666667,0.271224,0,0.0666667,0.145343,0,0.0666667,0.1565,0,0.0666667,0.265081,0,0.0666667,0.144166,0,0.0666667,0.233515,0,0.0666667,0.187891,0.5,0.4,0
-1.25,2.75,3.69793,-2.99573,0.000254486,0.0024257,0.000971392,0.117528,True,empty floor,sound_similarity,0,0.0666667,0.240691,0,0.0666667,0.118506,0,0.0666667,0.271224,0,0.0666667,0.145343,0,0.0666667,0.1565,0,0.0666667,0.265081,0,0.0666667,0.144166,0,0.0666667,0.233515,0,0.0666667,0.187891,0.5,0.4,0
-1.5,2.25,4.25667,-2.99573,0.000250282,0.0024257,0.000963336,0.117528,True,empty floor,sound_similarity,0,0.0666667,0.240691,0,0.0666667,0.118506,0,0.0666667,0.271224,0,0.0666667,0.145343,0,0.0666667,0.1565,0,0.0666667,0.265081,0,0.0666667,0.144166,0,0.0666667,0.233515,0,0.0666667,0.187891,0.5,0.4,0
-1.75,1.75,4.81547,-2.99573,0.000247253,0.0024257,0.000957489,0.117528,True,empty floor,sound_similarity,0,0.0666667,0.240691,0,0.0666667,0.118506,0,0.0666667,0.271224,0,0.0666667,0.145343,0,0.0666667,0.1565,0,0.0666667,0.265081,0,0.0666667,0.144166,0,0.0666667,0.233515,0,0.0666667,0.187891,0.5,0.4,0
-2.25,2.25,4.62261,-2.99573,0.000246646,0.0024257,0.000956312,0.117528,True,empty floor,sound_similarity,0,0.0666667,0.240691,0,0.0666667,0.118506,0,0.0666667,0.271224,0,0.0666667,0.145343,0,0.0666667,0.1565,0,0.0666667,0.265081,0,0.0666667,0.144166,0,0.0666667,0.233515,0,0.0666667,0.187891,0.5,0.4,0
-0.25,5,1.23622,-2.99573,0.000246114,0.0024257,0.000955281,0.117528,True,empty floor,sound_similarity,0,0.0666667,0.240691,0,0.0666667,0.118506,0,0.0666667,0.271224,0,0.0666667,0.145343,0,0.0666667,0.1565,0,0.0666667,0.265081,0,0.0666667,0.144166,0,0.0666667,0.233515,0,0.0666667,0.187891,0.5,0.4,0
0.75,6.25,0.479239,-2.99573,0.00024574,0.0024257,0.000954554,0.117528,True,empty floor,sound_similarity,0,0.0666667,0.240691,0,0.0666667,0.118506,0,0.0666667,0.271224,0,0.0666667,0.145343,0,0.0666667,0.1565,0,0.0666667,0.265081,0,0.0666667,0.144166,0,0.0666667,0.233515,0,0.0666667,0.187891,0.5,0.4,0
-1.25,3.75,2.81989,-2.99573,0.000243706,0.0024257,0.000950595,0.117528,True,empty floor,sound_similarity,0,0.0666667,0.240691,0,0.0666667,0.118506,0,0.0666667,0.271224,0,0.0666667,0.145343,0,0.0666667,0.1565,0,0.0666667,0.265081,0,0.0666667,0.144166,0,0.0666667,0.233515,0,0.0666667,0.187891,0.5,0.4,0
1,6.5,0.808292,-2.99573,0.000241497,0.0024257,0.000946278,0.117528,True,empty floor,sound_similarity,0,0.0666667,0.240691,0,0.0666667,0.118506,0,0.0666667,0.271224,0,0.0666667,0.145343,0,0.0666667,0.1565,0,0.0666667,0.265081,0,0.0666667,0.144166,0,0.0666667,0.233515,0,0.0666667,0.187891,0.5,0.4,0
-0.75,4.5,1.91857,-2.99573,0.000240705,0.0024257,0.000944724,0.117528,True,empty floor,sound_similarity,0,0.0666667,0.240691,0,0.0666667,0.118506,0,0.0666667,0.271224,0,0.0666667,0.145343,0,0.0666667,0.1565,0,0.0666667,0.265081,0,0.0666667,0.144166,0,0.0666667,0.233515,0,0.0666667,0.187891,0.5,0.4,0
-0.5,4.5,1.79521,-2.99573,0.000240461,0.0024257,0.000944246,0.117528,True,empty floor,sound_similarity,0,0.0666667,0.240691,0,0.0666667,0.118506,0,0.0666667,0.271224,0,0.0666667,0.145343,0,0.0666667,0.1565,0,0.0666667,0.265081,0,0.0666667,0.144166,0,0.0666667,0.233515,0,0.0666667,0.187891,0.5,0.4,0
-0.75,4,2.35422,-2.99573,0.000237662,0.0024257,0.000938735,0.117528,True,empty floor,sound_similarity,0,0.0666667,0.240691,0,0.0666667,0.118506,0,0.0666667,0.271224,0,0.0666667,0.145343,0,0.0666667,0.1565,0,0.0666667,0.265081,0,0.0666667,0.144166,0,0.0666667,0.233515,0,0.0666667,0.187891,0.5,0.4,0
1.75,6.5,1.50963,-2.99573,0.00023731,0.0024257,0.000938037,0.117528,True,empty floor,sound_similarity,0,0.0666667,0.240691,0,0.0666667,0.118506,0,0.0666667,0.271224,0,0.0666667,0.145343,0,0.0666667,0.1565,0,0.0666667,0.265081,0,0.0666667,0.144166,0,0.0666667,0.233515,0,0.0666667,0.187891,0.5,0.4,0
-2,2.5,4.27694,-2.99573,0.00023623,0.0024257,0.000935901,0.117528,True,empty floor,sound_similarity,0,0.0666667,0.240691,0,0.0666667,0.118506,0,0.0666667,0.271224,0,0.0666667,0.145343,0,0.0666667,0.1565,0,0.0666667,0.265081,0,0.0666667,0.144166,0,0.0666667,0.233515,0,0.0666667,0.187891,0.5,0.4,0
-1,3.5,2.91323,-2.99573,0.000235996,0.0024257,0.000935437,0.117528,True,empty floor,sound_similarity,0,0.0666667,0.240691,0,0.0666667,0.118506,0,0.0666667,0.271224,0,0.0666667,0.145343,0,0.0666667,0.1565,0,0.0666667,0.265081,0,0.0666667,0.144166,0,0.0666667,0.233515,0,0.0666667,0.187891,0.5,0.4,0
-0.25,5.25,1.01735,-2.99573,0.00023517,0.0024257,0.0009338,0.117528,True,empty floor,sound_similarity,0,0.0666667,0.240691,0,0.0666667,0.118506,0,0.0666667,0.271224,0,0.0666667,0.145343,0,0.0666667,0.1565,0,0.0666667,0.265081,0,0.0666667,0.144166,0,0.0666667,0.233515,0,0.0666667,0.187891,0.5,0.4,0
-1.25,3,3.47224,-2.99573,0.000234891,0.0024257,0.000933245,0.117528,True,empty floor,sound_similarity,0,0.0666667,0.240691,0,0.0666667,0.118506,0,0.0666667,0.271224,0,0.0666667,0.145343,0,0.0666667,0.1565,0,0.0666667,0.265081,0,0.0666667,0.144166,0,0.0666667,0.233515,0,0.0666667,0.187891,0.5,0.4,0
1.5,6.75,1.36707,-2.99573,0.000234555,0.0024257,0.000932577,0.117528,True,empty floor,sound_similarity,0,0.0666667,0.240691,0,0.0666667,0.118506,0,0.0666667,0.271224,0,0.0666667,0.145343,0,0.0666667,0.1565,0,0.0666667,0.265081,0,0.0666667,0.144166,0,0.0666667,0.233515,0,0.0666667,0.187891,0.5,0.4,0
-1.5,2.5,4.03125,-2.99573,0.000234105,0.0024257,0.000931683,0.117528,True,empty floor,sound_similarity,0,0.0666667,0.240691,0,0.0666667,0.118506,0,0.0666667,0.271224,0,0.0666667,0.145343,0,0.0666667,0.1565,0,0.0666667,0.265081,0,0.0666667,0.144166,0,0.0666667,0.233515,0,0.0666667,0.187891,0.5,0.4,0
-1.75,2,4.59027,-2.99573,0.000233518,0.0024257,0.000930513,0.117528,True,empty floor,sound_similarity,0,0.0666667,0.240691,0,0.0666667,0.118506,0,0.0666667,0.271224,0,0.0666667,0.145343,0,0.0666667,0.1565,0,0.0666667,0.265081,0,0.0666667,0.144166,0,0.0666667,0.233515,0,0.0666667,0.187891,0.5,0.4,0
-1.5,3.25,3.37585,-2.99573,0.000233305,0.0024257,0.000930089,0.117528,True,empty floor,sound_similarity,0,0.0666667,0.240691,0,0.0666667,0.118506,0,0.0666667,0.271224,0,0.0666667,0.145343,0,0.0666667,0.1565,0,0.0666667,0.265081,0,0.0666667,0.144166,0,0.0666667,0.233515,0,0.0666667,0.187891,0.5,0.4,0
2,7,1.92599,-2.99573,0.000231832,0.0024257,0.000927148,0.117528,True,empty floor,sound_similarity,0,0.0666667,0.240691,0,0.0666667,0.118506,0,0.0666667,0.271224,0,0.0666667,0.145343,0,0.0666667,0.1565,0,0.0666667,0.265081,0,0.0666667,0.144166,0,0.0666667,0.233515,0,0.0666667,0.187891,0.5,0.4,0
-2.25,2,4.8334,-2.99573,0.000230714,0.0024257,0.000924909,0.117528,True,empty floor,sound_similarity,0,0.0666667,0.240691,0,0.0666667,0.118506,0,0.0666667,0.271224,0,0.0666667,0.145343,0,0.0666667,0.1565,0,0.0666667,0.265081,0,0.0666667,0.144166,0,0.0666667,0.233515,0,0.0666667,0.187891,0.5,0.4,0
-1,4,2.47497,-2.99573,0.00022942,0.0024257,0.000922313,0.117528,True,empty floor,sound_similarity,0,0.0666667,0.240691,0,0.0666667,0.118506,0,0.0666667,0.271224,0,0.0666667,0.145343,0,0.0666667,0.1565,0,0.0666667,0.265081,0,0.0666667,0.144166,0,0.0666667,0.233515,0,0.0666667,0.187891,0.5,0.4,0
-2,7,2.45749,-2.18907,0.000405267,0.00181928,0.000919379,0.0881459,True,empty floor,sound_similarity,0,0.05,0.240691,0,0.05,0.118506,0,0.05,0.271224,0,0.05,0.145343,0,0.05,0.1565,0,0.05,0.265081,0,0.05,0.144166,0,0.05,0.233515,0,0.05,0.187891,1,0.55,0
-0.5,4.75,1.57466,-2.99573,0.000225697,0.0024257,0.000914798,0.117528,True,empty floor,sound_similarity,0,0.0666667,0.240691,0,0.0666667,0.118506,0,0.0666667,0.271224,0,0.0666667,0.145343,0,0.0666667,0.1565,0,0.0666667,0.265081,0,0.0666667,0.144166,0,0.0666667,0.233515,0,0.0666667,0.187891,0.5,0.4,0
-2,1.75,4.92665,-2.99573,0.000225181,0.0024257,0.000913753,0.117528,True,empty floor,sound_similarity,0,0.0666667,0.240691,0,0.0666667,0.118506,0,0.0666667,0.271224,0,0.0666667,0.145343,0,0.0666667,0.1565,0,0.0666667,0.265081,0,0.0666667,0.144166,0,0.0666667,0.233515,0,0.0666667,0.187891,0.5,0.4,0
-2,2.25,4.49004,-2.99573,0.000225006,0.0024257,0.000913397,0.117528,True,empty floor,sound_similarity,0,0.0666667,0.240691,0,0.0666667,0.118506,0,0.0666667,0.271224,0,0.0666667,0.145343,0,0.0666667,0.1565,0,0.0666667,0.265081,0,0.0666667,0.144166,0,0.0666667,0.233515,0,0.0666667,0.187891,0.5,0.4,0
-1.25,3.5,3.03233,-2.99573,0.000224997,0.0024257,0.000913378,0.117528,True,empty floor,sound_similarity,0,0.0666667,0.240691,0,0.0666667,0.118506,0,0.0666667,0.271224,0,0.0666667,0.145343,0,0.0666667,0.1565,0,0.0666667,0.265081,0,0.0666667,0.144166,0,0.0666667,0.233515,0,0.0666667,0.187891,0.5,0.4,0
-1.75,2.25,4.36776,-2.99573,0.000224851,0.0024257,0.000913082,0.117528,True,empty floor,sound_similarity,0,0.0666667,0.240691,0,0.0666667,0.118506,0,0.0666667,0.271224,0,0.0666667,0.145343,0,0.0666667,0.1565,0,0.0666667,0.265081,0,0.0666667,0.144166,0,0.0666667,0.233515,0,0.0666667,0.187891,0.5,0.4,0
-1.5,2.75,3.80891,-2.99573,0.000224494,0.0024257,0.000912358,0.117528,True,empty floor,sound_similarity,0,0.0666667,0.240691,0,0.0666667,0.118506,0,0.0666667,0.271224,0,0.0666667,0.145343,0,0.0666667,0.1565,0,0.0666667,0.265081,0,0.0666667,0.144166,0,0.0666667,0.233515,0,0.0666667,0.187891,0.5,0.4,0
-1.25,3.25,3.25011,-2.99573,0.000224139,0.0024257,0.000911636,0.117528,True,empty floor,sound_similarity,0,0.0666667,0.240691,0,0.0666667,0.118506,0,0.0666667,0.271224,0,0.0666667,0.145343,0,0.0666667,0.1565,0,0.0666667,0.265081,0,0.0666667,0.144166,0,0.0666667,0.233515,0,0.0666667,0.187891,0.5,0.4,0
-0.75,4.25,2.13287,-2.99573,0.000224009,0.0024257,0.000911371,0.117528,True,empty floor,sound_similarity,0,0.0666667,0.240691,0,0.0666667,0.118506,0,0.0666667,0.271224,0,0.0666667,0.145343,0,0.0666667,0.1565,0,0.0666667,0.265081,0,0.0666667,0.144166,0,0.0666667,0.233515,0,0.0666667,0.187891,0.5,0.4,0
-1,3.75,2.69141,-2.99573,0.000223877,0.0024257,0.000911102,0.117528,True,empty floor,sound_similarity,0,0.0666667,0.240691,0,0.0666667,0.118506,0,0.0666667,0.271224,0,0.0666667,0.145343,0,0.0666667,0.1565,0,0.0666667,0.265081,0,0.0666667,0.144166,0,0.0666667,0.233515,0,0.0666667,0.187891,0.5,0.4,0
-2.25,1.75,5.04777,-2.99573,0.00022334,0.0024257,0.000910009,0.117528,True,empty floor,sound_similarity,0,0.0666667,0.240691,0,0.0666667,0.118506,0,0.0666667,0.271224,0,0.0666667,0.145343,0,0.0666667,0.1565,0,0.0666667,0.265081,0,0.0666667,0.144166,0,0.0666667,0.233515,0,0.0666667,0.187891,0.5,0.4,0
-1.5,3,3.5902,-2.99573,0.000223116,0.0024257,0.000909554,0.117528,True,empty floor,sound_similarity,0,0.0666667,0.240691,0,0.0666667,0.118506,0,0.0666667,0.271224,0,0.0666667,0.145343,0,0.0666667,0.1565,0,0.0666667,0.265081,0,0.0666667,0.144166,0,0.0666667,0.233515,0,0.0666667,0.187891,0.5,0.4,0
-1.75,2.5,4.14839,-2.99573,0.000222335,0.0024257,0.00090796,0.117528,True,empty floor,sound_similarity,0,0.0666667,0.240691,0,0.0666667,0.118506,0,0.0666667,0.271224,0,0.0666667,0.145343,0,0.0666667,0.1565,0,0.0666667,0.265081,0,0.0666667,0.144166,0,0.0666667,0.233515,0,0.0666667,0.187891,0.5,0.4,0
-2,2,4.70677,-2.99573,0.000222074,0.0024257,0.000907427,0.117528,True,empty floor,sound_similarity,0,0.0666667,0.240691,0,0.0666667,0.118506,0,0.0666667,0.271224,0,0.0666667,0.145343,0,0.0666667,0.1565,0,0.0666667,0.265081,0,0.0666667,0.144166,0,0.0666667,0.233515,0,0.0666667,0.187891,0.5,0.4,0
-0.75,6.5,1.11137,-2.27187,0.000378477,0.00181928,0.000888471,0.0881459,True,empty floor,sound_similarity,0,0.05,0.240691,0,0.05,0.118506,0,0.05,0.271224,0,0.05,0.145343,0,0.05,0.1565,0,0.05,0.265081,0,0.05,0.144166,0,0.05,0.233515,0,0.05,0.187891,1,0.55,0
1.5,6.5,1.26969,-2.99573,0.000211092,0.0024257,0.000884704,0.117528,True,empty floor,sound_similarity,0,0.0666667,0.240691,0,0.0666667,0.118506,0,0.0666667,0.271224,0,0.0666667,0.145343,0,0.0666667,0.1565,0,0.0666667,0.265081,0,0.0666667,0.144166,0,0.0666667,0.233515,0,0.0666667,0.187891,0.5,0.4,0
-2.25,6.25,2.545,-2.98687,0.000369222,0.00181928,0.000877542,0.0881459,True,empty floor,sound_similarity,0,0.05,0.240691,0,0.05,0.118506,0,0.05,0.271224,0,0.05,0.145343,0,0.05,0.1565,0,0.05,0.265081,0,0.05,0.144166,0,0.05,0.233515,0,0.05,0.187891,1,0.55,0
-2,6.25,2.29541,-2.98582,0.00036446,0.00181928,0.000871864,0.0881459,True,empty floor,sound_similarity,0,0.05,0.240691,0,0.05,0.118506,0,0.05,0.271224,0,0.05,0.145343,0,0.05,0.1565,0,0.05,0.265081,0,0.05,0.144166,0,0.05,0.233515,0,0.05,0.187891,1,0.55,0
1.75,6.75,1.59241,-2.99573,0.000202622,0.0024257,0.000866775,0.117528,True,empty floor,sound_similarity,0,0.0666667,0.240691,0,0.0666667,0.118506,0,0.0666667,0.271224,0,0.0666667,0.145343,0,0.0666667,0.1565,0,0.0666667,0.265081,0,0.0666667,0.144166,0,0.0666667,0.233515,0,0.0666667,0.187891,0.5,0.4,0
-1.75,6.25,2.04593,-2.98434,0.000358769,0.00181928,0.00086503,0.0881459,True,empty floor,sound_similarity,0,0.05,0.240691,0,0.05,0.118506,0,0.05,0.271224,0,0.05,0.145343,0,0.05,0.1565,0,0.05,0.265081,0,0.05,0.144166,0,0.05,0.233515,0,0.05,0.187891,1,0.55,0
1.25,6.5,1.03452,-2.99573,0.00020003,0.0024257,0.000861211,0.117528,True,empty floor,sound_similarity,0,0.0666667,0.240691,0,0.0666667,0.118506,0,0.0666667,0.271224,0,0.0666667,0.145343,0,0.0666667,0.1565,0,0.0666667,0.265081,0,0.0666667,0.144166,0,0.0666667,0.233515,0,0.0666667,0.187891,0.5,0.4,0
2,6.75,1.82419,-2.99573,0.000199101,0.0024257,0.000859211,0.117528,True,empty floor,sound_similarity,0,0.0666667,0.240691,0,0.0666667,0.118506,0,0.0666667,0.271224,0,0.0666667,0.145343,0,0.0666667,0.1565,0,0.0666667,0.265081,0,0.0666667,0.144166,0,0.0666667,0.233515,0,0.0666667,0.187891,0.5,0.4,0
-1.5,6.25,1.79658,-2.98216,0.000351872,0.00181928,0.000856675,0.0881459,True,empty floor,sound_similarity,0,0.05,0.240691,0,0.05,0.118506,0,0.05,0.271224,0,0.05,0.145343,0,0.05,0.1565,0,0.05,0.265081,0,0.05,0.144166,0,0.05,0.233515,0,0.05,0.187891,1,0.55,0
-1.5,6.75,1.90165,-2.36214,0.000343517,0.00181928,0.000846443,0.0881459,True,empty floor,sound_similarity,0,0.05,0.240691,0,0.05,0.118506,0,0.05,0.271224,0,0.05,0.145343,0,0.05,0.1565,0,0.05,0.265081,0,0.05,0.144166,0,0.05,0.233515,0,0.05,0.187891,1,0.55,0
-1.25,6.25,1.54744,-2.97867,0.000343397,0.00181928,0.000846296,0.0881459,True,empty floor,sound_similarity,0,0.05,0.240691,0,0.05,0.118506,0,0.05,0.271224,0,0.05,0.145343,0,0.05,0.1565,0,0.05,0.265081,0,0.05,0.144166,0,0.05,0.233515,0,0.05,0.187891,1,0.55,0
-1,6.25,1.29864,-2.97246,0.000332897,0.00181928,0.000833257,0.0881459,True,empty floor,sound_similarity,0,0.05,0.240691,0,0.05,0.118506,0,0.05,0.271224,0,0.05,0.145343,0,0.05,0.1565,0,0.05,0.265081,0,0.05,0.144166,0,0.05,0.233515,0,0.05,0.187891,1,0.55,0
-2.25,7,2.6921,-2.39765,0.000330813,0.00181928,0.000830645,0.0881459,True,empty floor,sound_similarity,0,0.05,0.240691,0,0.05,0.118506,0,0.05,0.271224,0,0.05,0.145343,0,0.05,0.1565,0,0.05,0.265081,0,0.05,0.144166,0,0.05,0.233515,0,0.05,0.187891,1,0.55,0
-0.75,6.25,1.05041,-2.95946,0.000320108,0.00181928,0.000817094,0.0881459,True,empty floor,sound_similarity,0,0.05,0.240691,0,0.05,0.118506,0,0.05,0.271224,0,0.05,0.145343,0,0.05,0.1565,0,0.05,0.265081,0,0.05,0.144166,0,0.05,0.233515,0,0.05,0.187891,1,0.55,0
-0.25,6.25,0.558683,-2.77232,0.000315521,0.00181928,0.000811219,0.0881459,True,empty floor,sound_similarity,0,0.05,0.240691,0,0.05,0.118506,0,0.05,0.271224,0,0.05,0.145343,0,0.05,0.1565,0,0.05,0.265081,0,0.05,0.144166,0,0.05,0.233515,0,0.05,0.187891,1,0.55,0
-0.5,6.25,0.803269,-2.92403,0.000306894,0.00181928,0.000800051,0.0881459,True,empty floor,sound_similarity,0,0.05,0.240691,0,0.05,0.118506,0,0.05,0.271224,0,0.05,0.145343,0,0.05,0.1565,0,0.05,0.265081,0,0.05,0.144166,0,0.05,0.233515,0,0.05,0.187891,1,0.55,0
-1.75,6.75,2.13878,-2.57148,0.000282118,0.00181928,0.000767078,0.0881459,True,empty floor,sound_similarity,0,0.05,0.240691,0,0.05,0.118506,0,0.05,0.271224,0,0.05,0.145343,0,0.05,0.1565,0,0.05,0.265081,0,0.05,0.144166,0,0.05,0.233515,0,0.05,0.187891,1,0.55,0
-1,6.5,1.34842,-2.62063,0.00027492,0.00181928,0.000757229,0.0881459,True,empty floor,sound_similarity,0,0.05,0.240691,0,0.05,0.118506,0,0.05,0.271224,0,0.05,0.145343,0,0.05,0.1565,0,0.05,0.265081,0,0.05,0.144166,0,0.05,0.233515,0,0.05,0.187891,1,0.55,0
-1.25,6.5,1.58945,-2.78299,0.000242675,0.00181928,0.000711437,0.0881459,True,empty floor,sound_similarity,0,0.05,0.240691,0,0.05,0.118506,0,0.05,0.271224,0,0.05,0.145343,0,0.05,0.1565,0,0.05,0.265081,0,0.05,0.144166,0,0.05,0.233515,0,0.05,0.187891,1,0.55,0
-2.25,6.5,2.57076,-2.94536,0.000242375,0.00181928,0.000710996,0.0881459,True,empty floor,sound_similarity,0,0.05,0.240691,0,0.05,0.118506,0,0.05,0.271224,0,0.05,0.145343,0,0.05,0.1565,0,0.05,0.265081,0,0.05,0.144166,0,0.05,0.233515,0,0.05,0.187891,1,0.55,0
-2,6.5,2.32394,-2.92996,0.000237028,0.00181928,0.00070311,0.0881459,True,empty floor,sound_similarity,0,0.05,0.240691,0,0.05,0.118506,0,0.05,0.271224,0,0.05,0.145343,0,0.05,0.1565,0,0.05,0.265081,0,0.05,0.144166,0,0.05,0.233515,0,0.05,0.187891,1,0.55,0
-2.25,6.75,2.62023,-2.78521,0.000235968,0.00181928,0.000701537,0.0881459,True,empty floor,sound_similarity,0,0.05,0.240691,0,0.05,0.118506,0,0.05,0.271224,0,0.05,0.145343,0,0.05,0.1565,0,0.05,0.265081,0,0.05,0.144166,0,0.05,0.233515,0,0.05,0.187891,1,0.55,0
-1.5,6.5,1.83289,-2.86267,0.000233559,0.00181928,0.000697946,0.0881459,True,empty floor,sound_similarity,0,0.05,0.240691,0,0.05,0.118506,0,0.05,0.271224,0,0.05,0.145343,0,0.05,0.1565,0,0.05,0.265081,0,0.05,0.144166,0,0.05,0.233515,0,0.05,0.187891,1,0.55,0
-1.75,6.5,2.07788,-2.90525,0.000233377,0.00181928,0.000697674,0.0881459,True,empty floor,sound_similarity,0,0.05,0.240691,0,0.05,0.118506,0,0.05,0.271224,0,0.05,0.145343,0,0.05,0.1565,0,0.05,0.265081,0,0.05,0.144166,0,0.05,0.233515,0,0.05,0.187891,1,0.55,0
