x,y,dist_robot,snd_loglik,snd_post,vis_post,fused,vis_like,observed,mle_class,vis_phrase_source,ev_tv,post_tv,sim_tv,ev_chair,post_chair,sim_chair,ev_couch,post_couch,sim_couch,ev_toilet,post_toilet,sim_toilet,ev_microwave,post_microwave,sim_microwave,ev_oven,post_oven,sim_oven,ev_sink,post_sink,sim_sink,ev_refrigerator,post_refrigerator,sim_refrigerator,ev_clock,post_clock,sim_clock,ev_empty_floor,post_empty_floor,sim_empty_floor
-0.5,7.25,1.38116,-0.409481,0.0254138,0.00378899,0.0366979,0.176292,False,tv,sound_similarity,0,0.1,0.240691,0,0.1,0.118506,0,0.1,0.271224,0,0.1,0.145343,0,0.1,0.1565,0,0.1,0.265081,0,0.1,0.144166,0,0.1,0.233515,0,0.1,0.187891,0,0.1,0
-0.75,7.5,1.72999,-0.257408,0.0387492,0.00252599,0.0302097,0.117528,True,empty floor,sound_similarity,0,0.0666667,0.240691,0,0.0666667,0.118506,0,0.0666667,0.271224,0,0.0666667,0.145343,0,0.0666667,0.1565,0,0.0666667,0.265081,0,0.0666667,0.144166,0,0.0666667,0.233515,0,0.0666667,0.187891,0.5,0.4,0
-0.75,7.75,1.93638,-0.607776,0.014403,0.00378899,0.0276269,0.176292,False,tv,sound_similarity,0,0.1,0.240691,0,0.1,0.118506,0,0.1,0.271224,0,0.1,0.145343,0,0.1,0.1565,0,0.1,0.265081,0,0.1,0.144166,0,0.1,0.233515,0,0.1,0.187891,0,0.1,0
0,6.5,0.480028,-0.299069,0.0356073,0.00189449,0.0217193,0.0881459,True,empty floor,sound_similarity,0,0.05,0.240691,0,0.05,0.118506,0,0.05,0.271224,0,0.05,0.145343,0,0.05,0.1565,0,0.05,0.265081,0,0.05,0.144166,0,0.05,0.233515,0,0.05,0.187891,1,0.55,0
-1.25,7.75,2.24313,-0.0102997,0.0740531,0.001263,0.0208812,0.0587639,True,empty floor,sound_similarity,0,0.0333333,0.240691,0,0.0333333,0.118506,0,0.0333333,0.271224,0,0.0333333,0.145343,0,0.0333333,0.1565,0,0.0333333,0.265081,0,0.0333333,0.144166,0,0.0333333,0.233515,0,0.0333333,0.187891,2,0.7,0
-0.75,7.25,1.53661,-0.0247492,0.0718272,0.001263,0.020565,0.0587639,True,empty floor,sound_similarity,0,0.0333333,0.240691,0,0.0333333,0.118506,0,0.0333333,0.271224,0,0.0333333,0.145343,0,0.0333333,0.1565,0,0.0333333,0.265081,0,0.0333333,0.144166,0,0.0333333,0.233515,0,0.0333333,0.187891,2,0.7,0
-1,7.75,2.08041,-0.175316,0.0484919,0.00151559,0.0202768,0.0705167,True,empty floor,sound_similarity,0,0.04,0.240691,0,0.04,0.118506,0,0.04,0.271224,0,0.04,0.145343,0,0.04,0.1565,0,0.04,0.265081,0,0.04,0.144166,0,0.04,0.233515,0,0.04,0.187891,1.5,0.64,0
-0.5,7,1.1836,-0.044175,0.0686587,0.001263,0.0201063,0.0587639,True,empty floor,sound_similarity,0,0.0333333,0.240691,0,0.0333333,0.118506,0,0.0333333,0.271224,0,0.0333333,0.145343,0,0.0333333,0.1565,0,0.0333333,0.265081,0,0.0333333,0.144166,0,0.0333333,0.233515,0,0.0333333,0.187891,2,0.7,0
-1.5,7.75,2.42078,-0.0295871,0.0658493,0.001263,0.0196907,0.0587639,True,empty floor,sound_similarity,0,0.0333333,0.240691,0,0.0333333,0.118506,0,0.0333333,0.271224,0,0.0333333,0.145343,0,0.0333333,0.1565,0,0.0333333,0.265081,0,0.0333333,0.144166,0,0.0333333,0.233515,0,0.0333333,0.187891,2,0.7,0
-1.25,7.5,2.0676,-0.0391939,0.0635654,0.001263,0.0193462,0.0587639,True,empty floor,sound_similarity,0,0.0333333,0.240691,0,0.0333333,0.118506,0,0.0333333,0.271224,0,0.0333333,0.145343,0,0.0333333,0.1565,0,0.0333333,0.265081,0,0.0333333,0.144166,0,0.0333333,0.233515,0,0.0333333,0.187891,2,0.7,0
-0.25,6.75,0.831066,-0.0947111,0.0606123,0.001263,0.0188914,0.0587639,True,empty floor,sound_similarity,0,0.0333333,0.240691,0,0.0333333,0.118506,0,0.0333333,0.271224,0,0.0333333,0.145343,0,0.0333333,0.1565,0,0.0333333,0.265081,0,0.0333333,0.144166,0,0.0333333,0.233515,0,0.0333333,0.187891,2,0.7,0
-1,7.25,1.71456,-0.0550429,0.0600505,0.001263,0.0188037,0.0587639,True,empty floor,sound_similarity,0,0.0333333,0.240691,0,0.0333333,0.118506,0,0.0333333,0.271224,0,0.0333333,0.145343,0,0.0333333,0.1565,0,0.0333333,0.265081,0,0.0333333,0.144166,0,0.0333333,0.233515,0,0.0333333,0.187891,2,0.7,0
-0.75,7,1.36179,-0.0842023,0.0542254,0.001263,0.0178684,0.0587639,True,empty floor,sound_similarity,0,0.0333333,0.240691,0,0.0333333,0.118506,0,0.0333333,0.271224,0,0.0333333,0.145343,0,0.0333333,0.1565,0,0.0333333,0.265081,0,0.0333333,0.144166,0,0.0333333,0.233515,0,0.0333333,0.187891,2,0.7,0
-0.5,6.75,1.00956,-0.147701,0.0436884,0.001263,0.0160386,0.0587639,True,empty floor,sound_similarity,0,0.0333333,0.240691,0,0.0333333,0.118506,0,0.0333333,0.271224,0,0.0333333,0.145343,0,0.0333333,0.1565,0,0.0333333,0.265081,0,0.0333333,0.144166,0,0.0333333,0.233515,0,0.0333333,0.187891,2,0.7,0
-1.75,7.75,2.61031,-0.164833,0.0418174,0.001263,0.0156914,0.0587639,True,empty floor,sound_similarity,0,0.0333333,0.240691,0,0.0333333,0.118506,0,0.0333333,0.271224,0,0.0333333,0.145343,0,0.0333333,0.1565,0,0.0333333,0.265081,0,0.0333333,0.144166,0,0.0333333,0.233515,0,0.0333333,0.187891,2,0.7,0
-0.25,7,1.03555,-0.735173,0.0101537,0.00252599,0.0154642,0.117528,True,empty floor,sound_similarity,0,0.0666667,0.240691,0,0.0666667,0.118506,0,0.0666667,0.271224,0,0.0666667,0.145343,0,0.0666667,0.1565,0,0.0666667,0.265081,0,0.0666667,0.144166,0,0.0666667,0.233515,0,0.0666667,0.187891,0.5,0.4,0
-1.5,7.5,2.25909,-0.217031,0.0352829,0.001263,0.0144134,0.0587639,True,empty floor,sound_similarity,0,0.0333333,0.240691,0,0.0333333,0.118506,0,0.0333333,0.271224,0,0.0333333,0.145343,0,0.0333333,0.1565,0,0.0333333,0.265081,0,0.0333333,0.144166,0,0.0333333,0.233515,0,0.0333333,0.187891,2,0.7,0
-1.25,7.25,1.90873,-0.299658,0.0270441,0.001263,0.0126189,0.0587639,True,empty floor,sound_similarity,0,0.0333333,0.240691,0,0.0333333,0.118506,0,0.0333333,0.271224,0,0.0333333,0.145343,0,0.0333333,0.1565,0,0.0333333,0.265081,0,0.0333333,0.144166,0,0.0333333,0.233515,0,0.0333333,0.187891,2,0.7,0
-0.25,6.5,0.658768,-0.333659,0.0236857,0.001263,0.0118094,0.0587639,True,empty floor,sound_similarity,0,0.0333333,0.240691,0,0.0333333,0.118506,0,0.0333333,0.271224,0,0.0333333,0.145343,0,0.0333333,0.1565,0,0.0333333,0.265081,0,0.0333333,0.144166,0,0.0333333,0.233515,0,0.0333333,0.187891,2,0.7,0
-1,7,1.55981,-0.441754,0.017215,0.001263,0.0100679,0.0587639,True,empty floor,sound_similarity,0,0.0333333,0.240691,0,0.0333333,0.118506,0,0.0333333,0.271224,0,0.0333333,0.145343,0,0.0333333,0.1565,0,0.0333333,0.265081,0,0.0333333,0.144166,0,0.0333333,0.233515,0,0.0333333,0.187891,2,0.7,0
-1.75,7.5,2.46111,-0.473087,0.0157038,0.001263,0.00961584,0.0587639,True,empty floor,sound_similarity,0,0.0333333,0.240691,0,0.0333333,0.118506,0,0.0333333,0.271224,0,0.0333333,0.145343,0,0.0333333,0.1565,0,0.0333333,0.265081,0,0.0333333,0.144166,0,0.0333333,0.233515,0,0.0333333,0.187891,2,0.7,0
-2.25,7.75,3.01593,-0.601576,0.0105428,0.001263,0.00787886,0.0587639,True,empty floor,sound_similarity,0,0.0333333,0.240691,0,0.0333333,0.118506,0,0.0333333,0.271224,0,0.0333333,0.145343,0,0.0333333,0.1565,0,0.0333333,0.265081,0,0.0333333,0.144166,0,0.0333333,0.233515,0,0.0333333,0.187891,2,0.7,0
-1.5,7.25,2.11466,-0.63348,0.00951022,0.001263,0.00748307,0.0587639,True,empty floor,sound_similarity,0,0.0333333,0.240691,0,0.0333333,0.118506,0,0.0333333,0.271224,0,0.0333333,0.145343,0,0.0333333,0.1565,0,0.0333333,0.265081,0,0.0333333,0.144166,0,0.0333333,0.233515,0,0.0333333,0.187891,2,0.7,0
0.5,6.75,0.674557,-2.99573,0.00221578,0.00252599,0.007224,0.117528,True,empty floor,sound_similarity,0,0.0666667,0.240691,0,0.0666667,0.118506,0,0.0666667,0.271224,0,0.0666667,0.145343,0,0.0666667,0.1565,0,0.0666667,0.265081,0,0.0666667,0.144166,0,0.0666667,0.233515,0,0.0666667,0.187891,0.5,0.4,0
0.75,7.25,1.2308,-2.99573,0.00206146,0.00252599,0.0069679,0.117528,True,empty floor,sound_similarity,0,0.0666667,0.240691,0,0.0666667,0.118506,0,0.0666667,0.271224,0,0.0666667,0.145343,0,0.0666667,0.1565,0,0.0666667,0.265081,0,0.0666667,0.144166,0,0.0666667,0.233515,0,0.0666667,0.187891,0.5,0.4,0
0.75,7.5,1.46512,-2.99573,0.0019236,0.00252599,0.00673088,0.117528,True,empty floor,sound_similarity,0,0.0666667,0.240691,0,0.0666667,0.118506,0,0.0666667,0.271224,0,0.0666667,0.145343,0,0.0666667,0.1565,0,0.0666667,0.265081,0,0.0666667,0.144166,0,0.0666667,0.233515,0,0.0666667,0.187891,0.5,0.4,0
1,7.75,1.78878,-2.99573,0.00188157,0.00252599,0.00665695,0.117528,True,empty floor,sound_similarity,0,0.0666667,0.240691,0,0.0666667,0.118506,0,0.0666667,0.271224,0,0.0666667,0.145343,0,0.0666667,0.1565,0,0.0666667,0.265081,0,0.0666667,0.144166,0,0.0666667,0.233515,0,0.0666667,0.187891,0.5,0.4,0
-0.75,6.75,1.21358,-0.71588,0.00729434,0.001263,0.00655356,0.0587639,True,empty floor,sound_similarity,0,0.0333333,0.240691,0,0.0333333,0.118506,0,0.0333333,0.271224,0,0.0333333,0.145343,0,0.0333333,0.1565,0,0.0333333,0.265081,0,0.0333333,0.144166,0,0.0333333,0.233515,0,0.0333333,0.187891,2,0.7,0
0.5,6.5,0.445344,-2.99573,0.0016663,0.00252599,0.00626458,0.117528,True,empty floor,sound_similarity,0,0.0666667,0.240691,0,0.0666667,0.118506,0,0.0666667,0.271224,0,0.0666667,0.145343,0,0.0666667,0.1565,0,0.0666667,0.265081,0,0.0666667,0.144166,0,0.0666667,0.233515,0,0.0666667,0.187891,0.5,0.4,0
-0.5,7.75,1.81549,-1.36569,0.0016358,0.00252599,0.00620697,0.117528,True,empty floor,sound_similarity,0,0.0666667,0.240691,0,0.0666667,0.118506,0,0.0666667,0.271224,0,0.0666667,0.145343,0,0.0666667,0.1565,0,0.0666667,0.265081,0,0.0666667,0.144166,0,0.0666667,0.233515,0,0.0666667,0.187891,0.5,0.4,0
-2,7.5,2.67125,-0.759411,0.00646065,0.001263,0.00616769,0.0587639,True,empty floor,sound_similarity,0,0.0333333,0.240691,0,0.0333333,0.118506,0,0.0333333,0.271224,0,0.0333333,0.145343,0,0.0333333,0.1565,0,0.0333333,0.265081,0,0.0333333,0.144166,0,0.0333333,0.233515,0,0.0333333,0.187891,2,0.7,0
0.75,7.75,1.7039,-2.99572,0.00160884,0.00252599,0.00615561,0.117528,True,empty floor,sound_similarity,0,0.0666667,0.240691,0,0.0666667,0.118506,0,0.0666667,0.271224,0,0.0666667,0.145343,0,0.0666667,0.1565,0,0.0666667,0.265081,0,0.0666667,0.144166,0,0.0666667,0.233515,0,0.0666667,0.187891,0.5,0.4,0
0.75,7,1.00408,-2.99573,0.00153728,0.00252599,0.00601716,0.117528,True,empty floor,sound_similarity,0,0.0666667,0.240691,0,0.0666667,0.118506,0,0.0666667,0.271224,0,0.0666667,0.145343,0,0.0666667,0.1565,0,0.0666667,0.265081,0,0.0666667,0.144166,0,0.0666667,0.233515,0,0.0666667,0.187891,0.5,0.4,0
1,7.5,1.56302,-2.99573,0.00149454,0.00252599,0.00593292,0.117528,True,empty floor,sound_similarity,0,0.0666667,0.240691,0,0.0666667,0.118506,0,0.0666667,0.271224,0,0.0666667,0.145343,0,0.0666667,0.1565,0,0.0666667,0.265081,0,0.0666667,0.144166,0,0.0666667,0.233515,0,0.0666667,0.187891,0.5,0.4,0
-0.25,7.25,1.25661,-1.42528,0.00138053,0.00252599,0.00570213,0.117528,True,empty floor,sound_similarity,0,0.0666667,0.240691,0,0.0666667,0.118506,0,0.0666667,0.271224,0,0.0666667,0.145343,0,0.0666667,0.1565,0,0.0666667,0.265081,0,0.0666667,0.144166,0,0.0666667,0.233515,0,0.0666667,0.187891,0.5,0.4,0
0.5,7,0.914726,-2.9957,0.00136008,0.00252599,0.00565974,0.117528,True,empty floor,sound_similarity,0,0.0666667,0.240691,0,0.0666667,0.118506,0,0.0666667,0.271224,0,0.0666667,0.145343,0,0.0666667,0.1565,0,0.0666667,0.265081,0,0.0666667,0.144166,0,0.0666667,0.233515,0,0.0666667,0.187891,0.5,0.4,0
-1.25,7,1.77103,-0.889612,0.00430441,0.001263,0.00503433,0.0587639,True,empty floor,sound_similarity,0,0.0333333,0.240691,0,0.0333333,0.118506,0,0.0333333,0.271224,0,0.0333333,0.145343,0,0.0333333,0.1565,0,0.0333333,0.265081,0,0.0333333,0.144166,0,0.0333333,0.233515,0,0.0333333,0.187891,2,0.7,0
1.25,7.75,1.90294,-2.99573,0.00100922,0.00252599,0.00487537,0.117528,True,empty floor,sound_similarity,0,0.0666667,0.240691,0,0.0666667,0.118506,0,0.0666667,0.271224,0,0.0666667,0.145343,0,0.0666667,0.1565,0,0.0666667,0.265081,0,0.0666667,0.144166,0,0.0666667,0.233515,0,0.0666667,0.187891,0.5,0.4,0
0.5,7.25,1.15906,-2.99561,0.000895018,0.00252599,0.00459124,0.117528,True,empty floor,sound_similarity,0,0.0666667,0.240691,0,0.0666667,0.118506,0,0.0666667,0.271224,0,0.0666667,0.145343,0,0.0666667,0.1565,0,0.0666667,0.265081,0,0.0666667,0.144166,0,0.0666667,0.233515,0,0.0666667,0.187891,0.5,0.4,0
0,6.75,0.697942,-1.582,0.000890063,0.00252599,0.00457852,0.117528,True,empty floor,sound_similarity,0,0.0666667,0.240691,0,0.0666667,0.118506,0,0.0666667,0.271224,0,0.0666667,0.145343,0,0.0666667,0.1565,0,0.0666667,0.265081,0,0.0666667,0.144166,0,0.0666667,0.233515,0,0.0666667,0.187891,0.5,0.4,0
1,7.25,1.34585,-2.99573,0.000817902,0.00252599,0.004389,0.117528,True,empty floor,sound_similarity,0,0.0666667,0.240691,0,0.0666667,0.118506,0,0.0666667,0.271224,0,0.0666667,0.145343,0,0.0666667,0.1565,0,0.0666667,0.265081,0,0.0666667,0.144166,0,0.0666667,0.233515,0,0.0666667,0.187891,0.5,0.4,0
-1.75,7.25,2.32924,-0.985966,0.00321726,0.001263,0.00435239,0.0587639,True,empty floor,sound_similarity,0,0.0333333,0.240691,0,0.0333333,0.118506,0,0.0333333,0.271224,0,0.0333333,0.145343,0,0.0333333,0.1565,0,0.0333333,0.265081,0,0.0333333,0.144166,0,0.0333333,0.233515,0,0.0333333,0.187891,2,0.7,0
-2.25,7.5,2.88776,-1.04685,0.002678,0.001263,0.00397091,0.0587639,True,empty floor,sound_similarity,0,0.0333333,0.240691,0,0.0333333,0.118506,0,0.0333333,0.271224,0,0.0333333,0.145343,0,0.0333333,0.1565,0,0.0333333,0.265081,0,0.0333333,0.144166,0,0.0333333,0.233515,0,0.0333333,0.187891,2,0.7,0
0.5,7.5,1.40539,-2.99548,0.000658371,0.00252599,0.00393777,0.117528,True,empty floor,sound_similarity,0,0.0666667,0.240691,0,0.0666667,0.118506,0,0.0666667,0.271224,0,0.0666667,0.145343,0,0.0666667,0.1565,0,0.0666667,0.265081,0,0.0666667,0.144166,0,0.0666667,0.233515,0,0.0666667,0.187891,0.5,0.4,0
0.5,7.75,1.65282,-2.99531,0.000526086,0.00252599,0.00352,0.117528,True,empty floor,sound_similarity,0,0.0666667,0.240691,0,0.0666667,0.118506,0,0.0666667,0.271224,0,0.0666667,0.145343,0,0.0666667,0.1565,0,0.0666667,0.265081,0,0.0666667,0.144166,0,0.0666667,0.233515,0,0.0666667,0.187891,0.5,0.4,0
1.25,7.5,1.69248,-2.99573,0.000521951,0.00252599,0.00350614,0.117528,True,empty floor,sound_similarity,0,0.0666667,0.240691,0,0.0666667,0.118506,0,0.0666667,0.271224,0,0.0666667,0.145343,0,0.0666667,0.1565,0,0.0666667,0.265081,0,0.0666667,0.144166,0,0.0666667,0.233515,0,0.0666667,0.187891,0.5,0.4,0
0.75,6.75,0.791505,-2.99573,0.000425382,0.00252599,0.00316522,0.117528,True,empty floor,sound_similarity,0,0.0666667,0.240691,0,0.0666667,0.118506,0,0.0666667,0.271224,0,0.0666667,0.145343,0,0.0666667,0.1565,0,0.0666667,0.265081,0,0.0666667,0.144166,0,0.0666667,0.233515,0,0.0666667,0.187891,0.5,0.4,0
-2.25,5,2.76535,-2.99573,0.000188798,0.00378899,0.00316304,0.176292,False,tv,sound_similarity,0,0.1,0.240691,0,0.1,0.118506,0,0.1,0.271224,0,0.1,0.145343,0,0.1,0.1565,0,0.1,0.265081,0,0.1,0.144166,0,0.1,0.233515,0,0.1,0.187891,0,0.1,0
-1.75,5.25,2.20721,-2.99573,0.000188331,0.00378899,0.00315912,0.176292,False,tv,sound_similarity,0,0.1,0.240691,0,0.1,0.118506,0,0.1,0.271224,0,0.1,0.145343,0,0.1,0.1565,0,0.1,0.265081,0,0.1,0.144166,0,0.1,0.233515,0,0.1,0.187891,0,0.1,0
-1.25,5.5,1.64966,-2.99573,0.000186964,0.00378899,0.00314764,0.176292,False,tv,sound_similarity,0,0.1,0.240691,0,0.1,0.118506,0,0.1,0.271224,0,0.1,0.145343,0,0.1,0.1565,0,0.1,0.265081,0,0.1,0.144166,0,0.1,0.233515,0,0.1,0.187891,0,0.1,0
1.5,7.75,2.04148,-2.99573,0.000384607,0.00252599,0.0030097,0.117528,True,empty floor,sound_similarity,0,0.0666667,0.240691,0,0.0666667,0.118506,0,0.0666667,0.271224,0,0.0666667,0.145343,0,0.0666667,0.1565,0,0.0666667,0.265081,0,0.0666667,0.144166,0,0.0666667,0.233515,0,0.0666667,0.187891,0.5,0.4,0
-2,7.25,2.55027,-1.31958,0.00116921,0.001263,0.0026238,0.0587639,True,empty floor,sound_similarity,0,0.0333333,0.240691,0,0.0333333,0.118506,0,0.0333333,0.271224,0,0.0333333,0.145343,0,0.0333333,0.1565,0,0.0333333,0.265081,0,0.0333333,0.144166,0,0.0333333,0.233515,0,0.0333333,0.187891,2,0.7,0
-1.5,7,1.99126,-1.32147,0.0011592,0.001263,0.00261254,0.0587639,True,empty floor,sound_similarity,0,0.0333333,0.240691,0,0.0333333,0.118506,0,0.0333333,0.271224,0,0.0333333,0.145343,0,0.0333333,0.1565,0,0.0333333,0.265081,0,0.0333333,0.144166,0,0.0333333,0.233515,0,0.0333333,0.187891,2,0.7,0
0.5,5,1.13276,-2.99573,0.000181815,0.003168,0.00259527,0.147399,True,chair,sound_similarity,0,0.05,0.240691,1,0.55,0.118506,0,0.05,0.271224,0,0.05,0.145343,0,0.05,0.1565,0,0.05,0.265081,0,0.05,0.144166,0,0.05,0.233515,0,0.05,0.187891,0,0.05,0
-1,6.75,1.43224,-1.32485,0.00114181,0.001263,0.00259287,0.0587639,True,empty floor,sound_similarity,0,0.0333333,0.240691,0,0.0333333,0.118506,0,0.0333333,0.271224,0,0.0333333,0.145343,0,0.0333333,0.1565,0,0.0333333,0.265081,0,0.0333333,0.144166,0,0.0333333,0.233515,0,0.0333333,0.187891,2,0.7,0
-0.5,6.5,0.873226,-1.33255,0.0011048,0.001263,0.0025505,0.0587639,True,empty floor,sound_similarity,0,0.0333333,0.240691,0,0.0333333,0.118506,0,0.0333333,0.271224,0,0.0333333,0.145343,0,0.0333333,0.1565,0,0.0333333,0.265081,0,0.0333333,0.144166,0,0.0333333,0.233515,0,0.0333333,0.187891,2,0.7,0
0,6.25,0.314214,-1.36778,0.001073,0.001263,0.00251353,0.0587639,True,empty floor,sound_similarity,0,0.0333333,0.240691,0,0.0333333,0.118506,0,0.0333333,0.271224,0,0.0333333,0.145343,0,0.0333333,0.1565,0,0.0333333,0.265081,0,0.0333333,0.144166,0,0.0333333,0.233515,0,0.0333333,0.187891,2,0.7,0
1,7,1.1422,-2.99573,0.000256068,0.00252599,0.0024558,0.117528,True,empty floor,sound_similarity,0,0.0666667,0.240691,0,0.0666667,0.118506,0,0.0666667,0.271224,0,0.0666667,0.145343,0,0.0666667,0.1565,0,0.0666667,0.265081,0,0.0666667,0.144166,0,0.0666667,0.233515,0,0.0666667,0.187891,0.5,0.4,0
1.25,7.25,1.49425,-2.99573,0.000200961,0.00252599,0.00217556,0.117528,True,empty floor,sound_similarity,0,0.0666667,0.240691,0,0.0666667,0.118506,0,0.0666667,0.271224,0,0.0666667,0.145343,0,0.0666667,0.1565,0,0.0666667,0.265081,0,0.0666667,0.144166,0,0.0666667,0.233515,0,0.0666667,0.187891,0.5,0.4,0
0.75,2.25,3.88985,-2.99573,0.000188993,0.00252599,0.00210978,0.117528,True,empty floor,sound_similarity,0,0.0666667,0.240691,0,0.0666667,0.118506,0,0.0666667,0.271224,0,0.0666667,0.145343,0,0.0666667,0.1565,0,0.0666667,0.265081,0,0.0666667,0.144166,0,0.0666667,0.233515,0,0.0666667,0.187891,0.5,0.4,0
0.5,4.5,1.62627,-2.99573,0.000188939,0.00252599,0.00210948,0.117528,True,empty floor,sound_similarity,0,0.0666667,0.240691,0,0.0666667,0.118506,0,0.0666667,0.271224,0,0.0666667,0.145343,0,0.0666667,0.1565,0,0.0666667,0.265081,0,0.0666667,0.144166,0,0.0666667,0.233515,0,0.0666667,0.187891,0.5,0.4,0
0.75,2,4.13815,-2.99573,0.000188882,0.00252599,0.00210916,0.117528,True,empty floor,sound_similarity,0,0.0666667,0.240691,0,0.0666667,0.118506,0,0.0666667,0.271224,0,0.0666667,0.145343,0,0.0666667,0.1565,0,0.0666667,0.265081,0,0.0666667,0.144166,0,0.0666667,0.233515,0,0.0666667,0.187891,0.5,0.4,0
0.75,2.5,3.64179,-2.99573,0.000188842,0.00252599,0.00210894,0.117528,True,empty floor,sound_similarity,0,0.0666667,0.240691,0,0.0666667,0.118506,0,0.0666667,0.271224,0,0.0666667,0.145343,0,0.0666667,0.1565,0,0.0666667,0.265081,0,0.0666667,0.144166,0,0.0666667,0.233515,0,0.0666667,0.187891,0.5,0.4,0
0.5,4.25,1.87432,-2.99573,0.000188711,0.00252599,0.00210821,0.117528,True,empty floor,sound_similarity,0,0.0666667,0.240691,0,0.0666667,0.118506,0,0.0666667,0.271224,0,0.0666667,0.145343,0,0.0666667,0.1565,0,0.0666667,0.265081,0,0.0666667,0.144166,0,0.0666667,0.233515,0,0.0666667,0.187891,0.5,0.4,0
0.75,1.75,4.38663,-2.99573,0.000188594,0.00252599,0.00210755,0.117528,True,empty floor,sound_similarity,0,0.0666667,0.240691,0,0.0666667,0.118506,0,0.0666667,0.271224,0,0.0666667,0.145343,0,0.0666667,0.1565,0,0.0666667,0.265081,0,0.0666667,0.144166,0,0.0666667,0.233515,0,0.0666667,0.187891,0.5,0.4,0
0.5,4.75,1.37893,-2.99573,0.000187423,0.00252599,0.002101,0.117528,True,empty floor,sound_similarity,0,0.0666667,0.240691,0,0.0666667,0.118506,0,0.0666667,0.271224,0,0.0666667,0.145343,0,0.0666667,0.1565,0,0.0666667,0.265081,0,0.0666667,0.144166,0,0.0666667,0.233515,0,0.0666667,0.187891,0.5,0.4,0
0.75,3,3.14659,-2.99573,0.000187228,0.00252599,0.0020999,0.117528,True,empty floor,sound_similarity,0,0.0666667,0.240691,0,0.0666667,0.118506,0,0.0666667,0.271224,0,0.0666667,0.145343,0,0.0666667,0.1565,0,0.0666667,0.265081,0,0.0666667,0.144166,0,0.0666667,0.233515,0,0.0666667,0.187891,0.5,0.4,0
0.5,3.75,2.37164,-2.99573,0.000186493,0.00252599,0.00209578,0.117528,True,empty floor,sound_similarity,0,0.0666667,0.240691,0,0.0666667,0.118506,0,0.0666667,0.271224,0,0.0666667,0.145343,0,0.0666667,0.1565,0,0.0666667,0.265081,0,0.0666667,0.144166,0,0.0666667,0.233515,0,0.0666667,0.187891,0.5,0.4,0
-1.5,5.25,1.97945,-2.99573,0.000186211,0.00252599,0.0020942,0.117528,True,empty floor,sound_similarity,0,0.0666667,0.240691,0,0.0666667,0.118506,0,0.0666667,0.271224,0,0.0666667,0.145343,0,0.0666667,0.1565,0,0.0666667,0.265081,0,0.0666667,0.144166,0,0.0666667,0.233515,0,0.0666667,0.187891,0.5,0.4,0
-1,5.5,1.4205,-2.99573,0.000185454,0.00252599,0.00208993,0.117528,True,empty floor,sound_similarity,0,0.0666667,0.240691,0,0.0666667,0.118506,0,0.0666667,0.271224,0,0.0666667,0.145343,0,0.0666667,0.1565,0,0.0666667,0.265081,0,0.0666667,0.144166,0,0.0666667,0.233515,0,0.0666667,0.187891,0.5,0.4,0
0.75,3.25,2.89961,-2.99573,0.000185336,0.00252599,0.00208927,0.117528,True,empty floor,sound_similarity,0,0.0666667,0.240691,0,0.0666667,0.118506,0,0.0666667,0.271224,0,0.0666667,0.145343,0,0.0666667,0.1565,0,0.0666667,0.265081,0,0.0666667,0.144166,0,0.0666667,0.233515,0,0.0666667,0.187891,0.5,0.4,0
2,5.5,1.82353,-2.99573,0.00018523,0.00252599,0.00208867,0.117528,True,empty floor,sound_similarity,0,0.0666667,0.240691,0,0.0666667,0.118506,0,0.0666667,0.271224,0,0.0666667,0.145343,0,0.0666667,0.1565,0,0.0666667,0.265081,0,0.0666667,0.144166,0,0.0666667,0.233515,0,0.0666667,0.187891,0.5,0.4,0
0.5,3.5,2.62068,-2.99573,0.000185163,0.00252599,0.0020883,0.117528,True,empty floor,sound_similarity,0,0.0666667,0.240691,0,0.0666667,0.118506,0,0.0666667,0.271224,0,0.0666667,0.145343,0,0.0666667,0.1565,0,0.0666667,0.265081,0,0.0666667,0.144166,0,0.0666667,0.233515,0,0.0666667,0.187891,0.5,0.4,0
1,1.75,4.42029,-2.99573,0.000184488,0.00252599,0.00208448,0.117528,True,empty floor,sound_similarity,0,0.0666667,0.240691,0,0.0666667,0.118506,0,0.0666667,0.271224,0,0.0666667,0.145343,0,0.0666667,0.1565,0,0.0666667,0.265081,0,0.0666667,0.144166,0,0.0666667,0.233515,0,0.0666667,0.187891,0.5,0.4,0
0.5,3.25,2.86989,-2.99573,0.000183854,0.00252599,0.0020809,0.117528,True,empty floor,sound_similarity,0,0.0666667,0.240691,0,0.0666667,0.118506,0,0.0666667,0.271224,0,0.0666667,0.145343,0,0.0666667,0.1565,0,0.0666667,0.265081,0,0.0666667,0.144166,0,0.0666667,0.233515,0,0.0666667,0.187891,0.5,0.4,0
-0.5,5.75,0.861646,-2.99573,0.000183502,0.00252599,0.0020789,0.117528,True,empty floor,sound_similarity,0,0.0666667,0.240691,0,0.0666667,0.118506,0,0.0666667,0.271224,0,0.0666667,0.145343,0,0.0666667,0.1565,0,0.0666667,0.265081,0,0.0666667,0.144166,0,0.0666667,0.233515,0,0.0666667,0.187891,0.5,0.4,0
0.5,3,3.11923,-2.99573,0.000182608,0.00252599,0.00207383,0.117528,True,empty floor,sound_similarity,0,0.0666667,0.240691,0,0.0666667,0.118506,0,0.0666667,0.271224,0,0.0666667,0.145343,0,0.0666667,0.1565,0,0.0666667,0.265081,0,0.0666667,0.144166,0,0.0666667,0.233515,0,0.0666667,0.187891,0.5,0.4,0
1,2,4.17381,-2.99573,0.000182382,0.00252599,0.00207255,0.117528,True,empty floor,sound_similarity,0,0.0666667,0.240691,0,0.0666667,0.118506,0,0.0666667,0.271224,0,0.0666667,0.145343,0,0.0666667,0.1565,0,0.0666667,0.265081,0,0.0666667,0.144166,0,0.0666667,0.233515,0,0.0666667,0.187891,0.5,0.4,0
0.75,3.5,2.65319,-2.99573,0.000182259,0.00252599,0.00207186,0.117528,True,empty floor,sound_similarity,0,0.0666667,0.240691,0,0.0666667,0.118506,0,0.0666667,0.271224,0,0.0666667,0.145343,0,0.0666667,0.1565,0,0.0666667,0.265081,0,0.0666667,0.144166,0,0.0666667,0.233515,0,0.0666667,0.187891,0.5,0.4,0
-0.75,5.75,1.09361,-2.99573,0.000182227,0.00252599,0.00207167,0.117528,True,empty floor,sound_similarity,0,0.0666667,0.240691,0,0.0666667,0.118506,0,0.0666667,0.271224,0,0.0666667,0.145343,0,0.0666667,0.1565,0,0.0666667,0.265081,0,0.0666667,0.144166,0,0.0666667,0.233515,0,0.0666667,0.187891,0.5,0.4,0
0.5,2.75,3.36866,-2.99573,0.000181442,0.00252599,0.00206721,0.117528,True,empty floor,sound_similarity,0,0.0666667,0.240691,0,0.0666667,0.118506,0,0.0666667,0.271224,0,0.0666667,0.145343,0,0.0666667,0.1565,0,0.0666667,0.265081,0,0.0666667,0.144166,0,0.0666667,0.233515,0,0.0666667,0.187891,0.5,0.4,0
0.5,2.5,3.61817,-2.99573,0.000180362,0.00252599,0.00206104,0.117528,True,empty floor,sound_similarity,0,0.0666667,0.240691,0,0.0666667,0.118506,0,0.0666667,0.271224,0,0.0666667,0.145343,0,0.0666667,0.1565,0,0.0666667,0.265081,0,0.0666667,0.144166,0,0.0666667,0.233515,0,0.0666667,0.187891,0.5,0.4,0
1.25,5.75,1.03325,-2.99573,0.000180095,0.00252599,0.00205952,0.117528,True,empty floor,sound_similarity,0,0.0666667,0.240691,0,0.0666667,0.118506,0,0.0666667,0.271224,0,0.0666667,0.145343,0,0.0666667,0.1565,0,0.0666667,0.265081,0,0.0666667,0.144166,0,0.0666667,0.233515,0,0.0666667,0.187891,0.5,0.4,0
1,2.25,3.92777,-2.99573,0.000179568,0.00252599,0.0020565,0.117528,True,empty floor,sound_similarity,0,0.0666667,0.240691,0,0.0666667,0.118506,0,0.0666667,0.271224,0,0.0666667,0.145343,0,0.0666667,0.1565,0,0.0666667,0.265081,0,0.0666667,0.144166,0,0.0666667,0.233515,0,0.0666667,0.187891,0.5,0.4,0
0.5,2.25,3.86775,-2.99573,0.000179365,0.00252599,0.00205534,0.117528,True,empty floor,sound_similarity,0,0.0666667,0.240691,0,0.0666667,0.118506,0,0.0666667,0.271224,0,0.0666667,0.145343,0,0.0666667,0.1565,0,0.0666667,0.265081,0,0.0666667,0.144166,0,0.0666667,0.233515,0,0.0666667,0.187891,0.5,0.4,0
-2.25,4.75,2.87498,-2.99573,0.000177943,0.00252599,0.00204717,0.117528,True,empty floor,sound_similarity,0,0.0666667,0.240691,0,0.0666667,0.118506,0,0.0666667,0.271224,0,0.0666667,0.145343,0,0.0666667,0.1565,0,0.0666667,0.265081,0,0.0666667,0.144166,0,0.0666667,0.233515,0,0.0666667,0.187891,0.5,0.4,0
0.5,1.75,4.36705,-2.99573,0.000177599,0.00252599,0.00204519,0.117528,True,empty floor,sound_similarity,0,0.0666667,0.240691,0,0.0666667,0.118506,0,0.0666667,0.271224,0,0.0666667,0.145343,0,0.0666667,0.1565,0,0.0666667,0.265081,0,0.0666667,0.144166,0,0.0666667,0.233515,0,0.0666667,0.187891,0.5,0.4,0
0.75,3.75,2.40751,-2.99573,0.000177432,0.00252599,0.00204424,0.117528,True,empty floor,sound_similarity,0,0.0666667,0.240691,0,0.0666667,0.118506,0,0.0666667,0.271224,0,0.0666667,0.145343,0,0.0666667,0.1565,0,0.0666667,0.265081,0,0.0666667,0.144166,0,0.0666667,0.233515,0,0.0666667,0.187891,0.5,0.4,0
1,2.5,3.68227,-2.99573,0.000175842,0.00252599,0.00203505,0.117528,True,empty floor,sound_similarity,0,0.0666667,0.240691,0,0.0666667,0.118506,0,0.0666667,0.271224,0,0.0666667,0.145343,0,0.0666667,0.1565,0,0.0666667,0.265081,0,0.0666667,0.144166,0,0.0666667,0.233515,0,0.0666667,0.187891,0.5,0.4,0
-2.25,5.5,2.60491,-2.9957,0.000124855,0.00298736,0.00202803,0.138994,True,tv,sound_similarity,1,0.366667,0.240691,0,0.0333333,0.118506,0,0.0333333,0.271224,0,0.0333333,0.145343,0,0.0333333,0.1565,0,0.0333333,0.265081,0,0.0333333,0.144166,0,0.0333333,0.233515,0,0.0333333,0.187891,1,0.366667,0
1.5,7.5,1.84687,-2.99573,0.000174613,0.00252599,0.00202793,0.117528,True,empty floor,sound_similarity,0,0.0666667,0.240691,0,0.0666667,0.118506,0,0.0666667,0.271224,0,0.0666667,0.145343,0,0.0666667,0.1565,0,0.0666667,0.265081,0,0.0666667,0.144166,0,0.0666667,0.233515,0,0.0666667,0.187891,0.5,0.4,0
-1.75,5,2.31627,-2.99573,0.000174353,0.00252599,0.00202642,0.117528,True,empty floor,sound_similarity,0,0.0666667,0.240691,0,0.0666667,0.118506,0,0.0666667,0.271224,0,0.0666667,0.145343,0,0.0666667,0.1565,0,0.0666667,0.265081,0,0.0666667,0.144166,0,0.0666667,0.233515,0,0.0666667,0.187891,0.5,0.4,0
-1.5,5.5,1.88413,-2.99573,0.000173881,0.00252599,0.00202368,0.117528,True,empty floor,sound_similarity,0,0.0666667,0.240691,0,0.0666667,0.118506,0,0.0666667,0.271224,0,0.0666667,0.145343,0,0.0666667,0.1565,0,0.0666667,0.265081,0,0.0666667,0.144166,0,0.0666667,0.233515,0,0.0666667,0.187891,0.5,0.4,0
0,6,0.303371,-2.99573,0.000172328,0.00252599,0.00201461,0.117528,True,empty floor,sound_similarity,0,0.0666667,0.240691,0,0.0666667,0.118506,0,0.0666667,0.271224,0,0.0666667,0.145343,0,0.0666667,0.1565,0,0.0666667,0.265081,0,0.0666667,0.144166,0,0.0666667,0.233515,0,0.0666667,0.187891,0.5,0.4,0
0.75,4,2.16283,-2.99573,0.000170013,0.00252599,0.00200104,0.117528,True,empty floor,sound_similarity,0,0.0666667,0.240691,0,0.0666667,0.118506,0,0.0666667,0.271224,0,0.0666667,0.145343,0,0.0666667,0.1565,0,0.0666667,0.265081,0,0.0666667,0.144166,0,0.0666667,0.233515,0,0.0666667,0.187891,0.5,0.4,0
-2.25,5.25,2.67467,-2.99573,0.00016946,0.00252599,0.00199778,0.117528,True,empty floor,sound_similarity,0,0.0666667,0.240691,0,0.0666667,0.118506,0,0.0666667,0.271224,0,0.0666667,0.145343,0,0.0666667,0.1565,0,0.0666667,0.265081,0,0.0666667,0.144166,0,0.0666667,0.233515,0,0.0666667,0.187891,0.5,0.4,0
1.75,5.5,1.59022,-2.99573,0.000169075,0.00252599,0.00199551,0.117528,True,empty floor,sound_similarity,0,0.0666667,0.240691,0,0.0666667,0.118506,0,0.0666667,0.271224,0,0.0666667,0.145343,0,0.0666667,0.1565,0,0.0666667,0.265081,0,0.0666667,0.144166,0,0.0666667,0.233515,0,0.0666667,0.187891,0.5,0.4,0
2,5.75,1.75555,-2.99573,0.000168688,0.00252599,0.00199322,0.117528,True,empty floor,sound_similarity,0,0.0666667,0.240691,0,0.0666667,0.118506,0,0.0666667,0.271224,0,0.0666667,0.145343,0,0.0666667,0.1565,0,0.0666667,0.265081,0,0.0666667,0.144166,0,0.0666667,0.233515,0,0.0666667,0.187891,0.5,0.4,0
-1.25,5.25,1.75775,-2.99573,0.000167713,0.00252599,0.00198746,0.117528,True,empty floor,sound_similarity,0,0.0666667,0.240691,0,0.0666667,0.118506,0,0.0666667,0.271224,0,0.0666667,0.145343,0,0.0666667,0.1565,0,0.0666667,0.265081,0,0.0666667,0.144166,0,0.0666667,0.233515,0,0.0666667,0.187891,0.5,0.4,0
1.25,1.75,4.46771,-2.99573,0.00016691,0.00252599,0.00198269,0.117528,True,empty floor,sound_similarity,0,0.0666667,0.240691,0,0.0666667,0.118506,0,0.0666667,0.271224,0,0.0666667,0.145343,0,0.0666667,0.1565,0,0.0666667,0.265081,0,0.0666667,0.144166,0,0.0666667,0.233515,0,0.0666667,0.187891,0.5,0.4,0
0.5,5.25,0.888735,-2.99573,0.000166412,0.00252599,0.00197973,0.117528,True,empty floor,sound_similarity,0,0.0666667,0.240691,0,0.0666667,0.118506,0,0.0666667,0.271224,0,0.0666667,0.145343,0,0.0666667,0.1565,0,0.0666667,0.265081,0,0.0666667,0.144166,0,0.0666667,0.233515,0,0.0666667,0.187891,0.5,0.4,0
1,3,3.19335,-2.99573,0.000164535,0.00252599,0.00196854,0.117528,True,empty floor,sound_similarity,0,0.0666667,0.240691,0,0.0666667,0.118506,0,0.0666667,0.271224,0,0.0666667,0.145343,0,0.0666667,0.1565,0,0.0666667,0.265081,0,0.0666667,0.144166,0,0.0666667,0.233515,0,0.0666667,0.187891,0.5,0.4,0
1.25,2,4.224,-2.99573,0.000161488,0.00252599,0.00195023,0.117528,True,empty floor,sound_similarity,0,0.0666667,0.240691,0,0.0666667,0.118506,0,0.0666667,0.271224,0,0.0666667,0.145343,0,0.0666667,0.1565,0,0.0666667,0.265081,0,0.0666667,0.144166,0,0.0666667,0.233515,0,0.0666667,0.187891,0.5,0.4,0
-2,4.75,2.65743,-2.99573,0.000160351,0.00252599,0.00194335,0.117528,True,empty floor,sound_similarity,0,0.0666667,0.240691,0,0.0666667,0.118506,0,0.0666667,0.271224,0,0.0666667,0.145343,0,0.0666667,0.1565,0,0.0666667,0.265081,0,0.0666667,0.144166,0,0.0666667,0.233515,0,0.0666667,0.187891,0.5,0.4,0
1.75,7.75,2.19979,-2.99573,0.000159308,0.00252599,0.00193702,0.117528,True,empty floor,sound_similarity,0,0.0666667,0.240691,0,0.0666667,0.118506,0,0.0666667,0.271224,0,0.0666667,0.145343,0,0.0666667,0.1565,0,0.0666667,0.265081,0,0.0666667,0.144166,0,0.0666667,0.233515,0,0.0666667,0.187891,0.5,0.4,0
0.75,4.25,1.91951,-2.99573,0.000158763,0.00252599,0.0019337,0.117528,True,empty floor,sound_similarity,0,0.0666667,0.240691,0,0.0666667,0.118506,0,0.0666667,0.271224,0,0.0666667,0.145343,0,0.0666667,0.1565,0,0.0666667,0.265081,0,0.0666667,0.144166,0,0.0666667,0.233515,0,0.0666667,0.187891,0.5,0.4,0
-1.75,5.5,2.12214,-2.99572,0.000156614,0.00252599,0.00192057,0.117528,True,empty floor,sound_similarity,0,0.0666667,0.240691,0,0.0666667,0.118506,0,0.0666667,0.271224,0,0.0666667,0.145343,0,0.0666667,0.1565,0,0.0666667,0.265081,0,0.0666667,0.144166,0,0.0666667,0.233515,0,0.0666667,0.187891,0.5,0.4,0
1,3.25,2.95029,-2.99573,0.000156199,0.00252599,0.00191802,0.117528,True,empty floor,sound_similarity,0,0.0666667,0.240691,0,0.0666667,0.118506,0,0.0666667,0.271224,0,0.0666667,0.145343,0,0.0666667,0.1565,0,0.0666667,0.265081,0,0.0666667,0.144166,0,0.0666667,0.233515,0,0.0666667,0.187891,0.5,0.4,0
1.25,2.25,3.98106,-2.99573,0.000154919,0.00252599,0.00191015,0.117528,True,empty floor,sound_similarity,0,0.0666667,0.240691,0,0.0666667,0.118506,0,0.0666667,0.271224,0,0.0666667,0.145343,0,0.0666667,0.1565,0,0.0666667,0.265081,0,0.0666667,0.144166,0,0.0666667,0.233515,0,0.0666667,0.187891,0.5,0.4,0
0.25,1.75,4.36173,-2.99573,0.000153973,0.00252599,0.00190431,0.117528,True,empty floor,sound_similarity,0,0.0666667,0.240691,0,0.0666667,0.118506,0,0.0666667,0.271224,0,0.0666667,0.145343,0,0.0666667,0.1565,0,0.0666667,0.265081,0,0.0666667,0.144166,0,0.0666667,0.233515,0,0.0666667,0.187891,0.5,0.4,0
0.25,2.25,3.86174,-2.99573,0.000153242,0.00252599,0.00189978,0.117528,True,empty floor,sound_similarity,0,0.0666667,0.240691,0,0.0666667,0.118506,0,0.0666667,0.271224,0,0.0666667,0.145343,0,0.0666667,0.1565,0,0.0666667,0.265081,0,0.0666667,0.144166,0,0.0666667,0.233515,0,0.0666667,0.187891,0.5,0.4,0
-0.75,5.5,1.1997,-2.99573,0.00015293,0.00252599,0.00189784,0.117528,True,empty floor,sound_similarity,0,0.0666667,0.240691,0,0.0666667,0.118506,0,0.0666667,0.271224,0,0.0666667,0.145343,0,0.0666667,0.1565,0,0.0666667,0.265081,0,0.0666667,0.144166,0,0.0666667,0.233515,0,0.0666667,0.187891,0.5,0.4,0
0.25,2.5,3.61175,-2.99573,0.000152799,0.00252599,0.00189703,0.117528,True,empty floor,sound_similarity,0,0.0666667,0.240691,0,0.0666667,0.118506,0,0.0666667,0.271224,0,0.0666667,0.145343,0,0.0666667,0.1565,0,0.0666667,0.265081,0,0.0666667,0.144166,0,0.0666667,0.233515,0,0.0666667,0.187891,0.5,0.4,0
0.25,2.75,3.36176,-2.99573,0.00015229,0.00252599,0.00189387,0.117528,True,empty floor,sound_similarity,0,0.0666667,0.240691,0,0.0666667,0.118506,0,0.0666667,0.271224,0,0.0666667,0.145343,0,0.0666667,0.1565,0,0.0666667,0.265081,0,0.0666667,0.144166,0,0.0666667,0.233515,0,0.0666667,0.187891,0.5,0.4,0
0.25,3,3.11177,-2.99573,0.000151698,0.00252599,0.00189018,0.117528,True,empty floor,sound_similarity,0,0.0666667,0.240691,0,0.0666667,0.118506,0,0.0666667,0.271224,0,0.0666667,0.145343,0,0.0666667,0.1565,0,0.0666667,0.265081,0,0.0666667,0.144166,0,0.0666667,0.233515,0,0.0666667,0.187891,0.5,0.4,0
1,6,0.726528,-2.99573,0.000151614,0.00252599,0.00188967,0.117528,True,empty floor,sound_similarity,0,0.0666667,0.240691,0,0.0666667,0.118506,0,0.0666667,0.271224,0,0.0666667,0.145343,0,0.0666667,0.1565,0,0.0666667,0.265081,0,0.0666667,0.144166,0,0.0666667,0.233515,0,0.0666667,0.187891,0.5,0.4,0
0.25,3.25,2.86179,-2.99573,0.000151001,0.00252599,0.00188584,0.117528,True,empty floor,sound_similarity,0,0.0666667,0.240691,0,0.0666667,0.118506,0,0.0666667,0.271224,0,0.0666667,0.145343,0,0.0666667,0.1565,0,0.0666667,0.265081,0,0.0666667,0.144166,0,0.0666667,0.233515,0,0.0666667,0.187891,0.5,0.4,0
0.25,3.5,2.6118,-2.99573,0.000150169,0.00252599,0.00188063,0.117528,True,empty floor,sound_similarity,0,0.0666667,0.240691,0,0.0666667,0.118506,0,0.0666667,0.271224,0,0.0666667,0.145343,0,0.0666667,0.1565,0,0.0666667,0.265081,0,0.0666667,0.144166,0,0.0666667,0.233515,0,0.0666667,0.187891,0.5,0.4,0
0.25,3.75,2.36183,-2.99573,0.000149158,0.00252599,0.00187429,0.117528,True,empty floor,sound_similarity,0,0.0666667,0.240691,0,0.0666667,0.118506,0,0.0666667,0.271224,0,0.0666667,0.145343,0,0.0666667,0.1565,0,0.0666667,0.265081,0,0.0666667,0.144166,0,0.0666667,0.233515,0,0.0666667,0.187891,0.5,0.4,0
-1.5,5,2.10037,-2.99573,0.00014897,0.00252599,0.00187311,0.117528,True,empty floor,sound_similarity,0,0.0666667,0.240691,0,0.0666667,0.118506,0,0.0666667,0.271224,0,0.0666667,0.145343,0,0.0666667,0.1565,0,0.0666667,0.265081,0,0.0666667,0.144166,0,0.0666667,0.233515,0,0.0666667,0.187891,0.5,0.4,0
0.25,4,2.11185,-2.99573,0.000147905,0.00252599,0.0018664,0.117528,True,empty floor,sound_similarity,0,0.0666667,0.240691,0,0.0666667,0.118506,0,0.0666667,0.271224,0,0.0666667,0.145343,0,0.0666667,0.1565,0,0.0666667,0.265081,0,0.0666667,0.144166,0,0.0666667,0.233515,0,0.0666667,0.187891,0.5,0.4,0
-2.25,4.5,3.00146,-2.99573,0.000147283,0.00252599,0.00186248,0.117528,True,empty floor,sound_similarity,0,0.0666667,0.240691,0,0.0666667,0.118506,0,0.0666667,0.271224,0,0.0666667,0.145343,0,0.0666667,0.1565,0,0.0666667,0.265081,0,0.0666667,0.144166,0,0.0666667,0.233515,0,0.0666667,0.187891,0.5,0.4,0
1.25,2.5,3.73906,-2.99573,0.000146992,0.00252599,0.00186063,0.117528,True,empty floor,sound_similarity,0,0.0666667,0.240691,0,0.0666667,0.118506,0,0.0666667,0.271224,0,0.0666667,0.145343,0,0.0666667,0.1565,0,0.0666667,0.265081,0,0.0666667,0.144166,0,0.0666667,0.233515,0,0.0666667,0.187891,0.5,0.4,0
0.25,4.25,1.86188,-2.99573,0.000146312,0.00252599,0.00185632,0.117528,True,empty floor,sound_similarity,0,0.0666667,0.240691,0,0.0666667,0.118506,0,0.0666667,0.271224,0,0.0666667,0.145343,0,0.0666667,0.1565,0,0.0666667,0.265081,0,0.0666667,0.144166,0,0.0666667,0.233515,0,0.0666667,0.187891,0.5,0.4,0
1,3.5,2.70848,-2.99573,0.00014543,0.00252599,0.00185073,0.117528,True,empty floor,sound_similarity,0,0.0666667,0.240691,0,0.0666667,0.118506,0,0.0666667,0.271224,0,0.0666667,0.145343,0,0.0666667,0.1565,0,0.0666667,0.265081,0,0.0666667,0.144166,0,0.0666667,0.233515,0,0.0666667,0.187891,0.5,0.4,0
0.25,4.5,1.61193,-2.99573,0.000144219,0.00252599,0.001843,0.117528,True,empty floor,sound_similarity,0,0.0666667,0.240691,0,0.0666667,0.118506,0,0.0666667,0.271224,0,0.0666667,0.145343,0,0.0666667,0.1565,0,0.0666667,0.265081,0,0.0666667,0.144166,0,0.0666667,0.233515,0,0.0666667,0.187891,0.5,0.4,0
0.25,4.75,1.36199,-2.99573,0.000141355,0.00252599,0.00182461,0.117528,True,empty floor,sound_similarity,0,0.0666667,0.240691,0,0.0666667,0.118506,0,0.0666667,0.271224,0,0.0666667,0.145343,0,0.0666667,0.1565,0,0.0666667,0.265081,0,0.0666667,0.144166,0,0.0666667,0.233515,0,0.0666667,0.187891,0.5,0.4,0
1.5,1.75,4.52846,-2.99573,0.00014063,0.00252599,0.00181992,0.117528,True,empty floor,sound_similarity,0,0.0666667,0.240691,0,0.0666667,0.118506,0,0.0666667,0.271224,0,0.0666667,0.145343,0,0.0666667,0.1565,0,0.0666667,0.265081,0,0.0666667,0.144166,0,0.0666667,0.233515,0,0.0666667,0.187891,0.5,0.4,0
0.25,5,1.11207,-2.99573,0.000137207,0.00252599,0.00179764,0.117528,True,empty floor,sound_similarity,0,0.0666667,0.240691,0,0.0666667,0.118506,0,0.0666667,0.271224,0,0.0666667,0.145343,0,0.0666667,0.1565,0,0.0666667,0.265081,0,0.0666667,0.144166,0,0.0666667,0.233515,0,0.0666667,0.187891,0.5,0.4,0
2,5.25,1.92186,-2.99573,0.000135662,0.00252599,0.00178749,0.117528,True,empty floor,sound_similarity,0,0.0666667,0.240691,0,0.0666667,0.118506,0,0.0666667,0.271224,0,0.0666667,0.145343,0,0.0666667,0.1565,0,0.0666667,0.265081,0,0.0666667,0.144166,0,0.0666667,0.233515,0,0.0666667,0.187891,0.5,0.4,0
1.5,5.5,1.36285,-2.99573,0.000133951,0.00252599,0.00177619,0.117528,True,empty floor,sound_similarity,0,0.0666667,0.240691,0,0.0666667,0.118506,0,0.0666667,0.271224,0,0.0666667,0.145343,0,0.0666667,0.1565,0,0.0666667,0.265081,0,0.0666667,0.144166,0,0.0666667,0.233515,0,0.0666667,0.187891,0.5,0.4,0
-1.75,4.75,2.4461,-2.99573,0.000133349,0.00252599,0.00177219,0.117528,True,empty floor,sound_similarity,0,0.0666667,0.240691,0,0.0666667,0.118506,0,0.0666667,0.271224,0,0.0666667,0.145343,0,0.0666667,0.1565,0,0.0666667,0.265081,0,0.0666667,0.144166,0,0.0666667,0.233515,0,0.0666667,0.187891,0.5,0.4,0
1.5,2,4.28819,-2.99573,0.000132294,0.00252599,0.00176517,0.117528,True,empty floor,sound_similarity,0,0.0666667,0.240691,0,0.0666667,0.118506,0,0.0666667,0.271224,0,0.0666667,0.145343,0,0.0666667,0.1565,0,0.0666667,0.265081,0,0.0666667,0.144166,0,0.0666667,0.233515,0,0.0666667,0.187891,0.5,0.4,0
1,3.75,2.46831,-2.99573,0.000131678,0.00252599,0.00176105,0.117528,True,empty floor,sound_similarity,0,0.0666667,0.240691,0,0.0666667,0.118506,0,0.0666667,0.271224,0,0.0666667,0.145343,0,0.0666667,0.1565,0,0.0666667,0.265081,0,0.0666667,0.144166,0,0.0666667,0.233515,0,0.0666667,0.187891,0.5,0.4,0
0.25,5.25,0.862205,-2.99573,0.000130702,0.00252599,0.00175451,0.117528,True,empty floor,sound_similarity,0,0.0666667,0.240691,0,0.0666667,0.118506,0,0.0666667,0.271224,0,0.0666667,0.145343,0,0.0666667,0.1565,0,0.0666667,0.265081,0,0.0666667,0.144166,0,0.0666667,0.233515,0,0.0666667,0.187891,0.5,0.4,0
1,5.75,0.803832,-2.99573,0.000129921,0.00252599,0.00174926,0.117528,True,empty floor,sound_similarity,0,0.0666667,0.240691,0,0.0666667,0.118506,0,0.0666667,0.271224,0,0.0666667,0.145343,0,0.0666667,0.1565,0,0.0666667,0.265081,0,0.0666667,0.144166,0,0.0666667,0.233515,0,0.0666667,0.187891,0.5,0.4,0
0.5,5.5,0.649265,-2.99573,0.000127874,0.00252599,0.00173542,0.117528,True,empty floor,sound_similarity,0,0.0666667,0.240691,0,0.0666667,0.118506,0,0.0666667,0.271224,0,0.0666667,0.145343,0,0.0666667,0.1565,0,0.0666667,0.265081,0,0.0666667,0.144166,0,0.0666667,0.233515,0,0.0666667,0.187891,0.5,0.4,0
-1,5.25,1.54471,-2.99573,0.000127852,0.00252599,0.00173527,0.117528,True,empty floor,sound_similarity,0,0.0666667,0.240691,0,0.0666667,0.118506,0,0.0666667,0.271224,0,0.0666667,0.145343,0,0.0666667,0.1565,0,0.0666667,0.265081,0,0.0666667,0.144166,0,0.0666667,0.233515,0,0.0666667,0.187891,0.5,0.4,0
1.25,6,0.974318,-2.99573,0.000126965,0.00252599,0.00172924,0.117528,True,empty floor,sound_similarity,0,0.0666667,0.240691,0,0.0666667,0.118506,0,0.0666667,0.271224,0,0.0666667,0.145343,0,0.0666667,0.1565,0,0.0666667,0.265081,0,0.0666667,0.144166,0,0.0666667,0.233515,0,0.0666667,0.187891,0.5,0.4,0
1.25,3,3.25867,-2.99573,0.00012618,0.00252599,0.00172389,0.117528,True,empty floor,sound_similarity,0,0.0666667,0.240691,0,0.0666667,0.118506,0,0.0666667,0.271224,0,0.0666667,0.145343,0,0.0666667,0.1565,0,0.0666667,0.265081,0,0.0666667,0.144166,0,0.0666667,0.233515,0,0.0666667,0.187891,0.5,0.4,0
0,1.75,4.37072,-2.99573,0.000123304,0.00252599,0.00170413,0.117528,True,empty floor,sound_similarity,0,0.0666667,0.240691,0,0.0666667,0.118506,0,0.0666667,0.271224,0,0.0666667,0.145343,0,0.0666667,0.1565,0,0.0666667,0.265081,0,0.0666667,0.144166,0,0.0666667,0.233515,0,0.0666667,0.187891,0.5,0.4,0
1.5,2.25,4.04911,-2.99573,0.000122777,0.00252599,0.00170049,0.117528,True,empty floor,sound_similarity,0,0.0666667,0.240691,0,0.0666667,0.118506,0,0.0666667,0.271224,0,0.0666667,0.145343,0,0.0666667,0.1565,0,0.0666667,0.265081,0,0.0666667,0.144166,0,0.0666667,0.233515,0,0.0666667,0.187891,0.5,0.4,0
-2,4.5,2.79379,-2.99573,0.00012097,0.00252599,0.00168792,0.117528,True,empty floor,sound_similarity,0,0.0666667,0.240691,0,0.0666667,0.118506,0,0.0666667,0.271224,0,0.0666667,0.145343,0,0.0666667,0.1565,0,0.0666667,0.265081,0,0.0666667,0.144166,0,0.0666667,0.233515,0,0.0666667,0.187891,0.5,0.4,0
-2.25,6,2.53455,-2.99359,3.83622e-05,0.00448105,0.00168622,0.208492,True,tv,sound_similarity,1,0.55,0.240691,0,0.05,0.118506,0,0.05,0.271224,0,0.05,0.145343,0,0.05,0.1565,0,0.05,0.265081,0,0.05,0.144166,0,0.05,0.233515,0,0.05,0.187891,0,0.05,0
-2.25,7.25,2.77623,-1.61612,0.00048098,0.001263,0.00168286,0.0587639,True,empty floor,sound_similarity,0,0.0333333,0.240691,0,0.0333333,0.118506,0,0.0333333,0.271224,0,0.0333333,0.145343,0,0.0333333,0.1565,0,0.0333333,0.265081,0,0.0333333,0.144166,0,0.0333333,0.233515,0,0.0333333,0.187891,2,0.7,0
-0.25,7.75,1.72263,-2.30342,0.000119222,0.00252599,0.00167569,0.117528,True,empty floor,sound_similarity,0,0.0666667,0.240691,0,0.0666667,0.118506,0,0.0666667,0.271224,0,0.0666667,0.145343,0,0.0666667,0.1565,0,0.0666667,0.265081,0,0.0666667,0.144166,0,0.0666667,0.233515,0,0.0666667,0.187891,0.5,0.4,0
0.25,5.5,0.612449,-2.99573,0.000119195,0.00252599,0.0016755,0.117528,True,empty floor,sound_similarity,0,0.0666667,0.240691,0,0.0666667,0.118506,0,0.0666667,0.271224,0,0.0666667,0.145343,0,0.0666667,0.1565,0,0.0666667,0.265081,0,0.0666667,0.144166,0,0.0666667,0.233515,0,0.0666667,0.187891,0.5,0.4,0
0,2.25,3.8719,-2.99573,0.000118396,0.00252599,0.00166987,0.117528,True,empty floor,sound_similarity,0,0.0666667,0.240691,0,0.0666667,0.118506,0,0.0666667,0.271224,0,0.0666667,0.145343,0,0.0666667,0.1565,0,0.0666667,0.265081,0,0.0666667,0.144166,0,0.0666667,0.233515,0,0.0666667,0.187891,0.5,0.4,0
0.75,4.75,1.43976,-2.99573,0.000117611,0.00252599,0.00166433,0.117528,True,empty floor,sound_similarity,0,0.0666667,0.240691,0,0.0666667,0.118506,0,0.0666667,0.271224,0,0.0666667,0.145343,0,0.0666667,0.1565,0,0.0666667,0.265081,0,0.0666667,0.144166,0,0.0666667,0.233515,0,0.0666667,0.187891,0.5,0.4,0
0,2.5,3.62261,-2.99573,0.000115443,0.00252599,0.00164892,0.117528,True,empty floor,sound_similarity,0,0.0666667,0.240691,0,0.0666667,0.118506,0,0.0666667,0.271224,0,0.0666667,0.145343,0,0.0666667,0.1565,0,0.0666667,0.265081,0,0.0666667,0.144166,0,0.0666667,0.233515,0,0.0666667,0.187891,0.5,0.4,0
1,4,2.23031,-2.99573,0.000114452,0.00252599,0.00164182,0.117528,True,empty floor,sound_similarity,0,0.0666667,0.240691,0,0.0666667,0.118506,0,0.0666667,0.271224,0,0.0666667,0.145343,0,0.0666667,0.1565,0,0.0666667,0.265081,0,0.0666667,0.144166,0,0.0666667,0.233515,0,0.0666667,0.187891,0.5,0.4,0
1.25,3.25,3.02087,-2.99573,0.000112921,0.00252599,0.0016308,0.117528,True,empty floor,sound_similarity,0,0.0666667,0.240691,0,0.0666667,0.118506,0,0.0666667,0.271224,0,0.0666667,0.145343,0,0.0666667,0.1565,0,0.0666667,0.265081,0,0.0666667,0.144166,0,0.0666667,0.233515,0,0.0666667,0.187891,0.5,0.4,0
0,2.75,3.37342,-2.99573,0.000112069,0.00252599,0.00162464,0.117528,True,empty floor,sound_similarity,0,0.0666667,0.240691,0,0.0666667,0.118506,0,0.0666667,0.271224,0,0.0666667,0.145343,0,0.0666667,0.1565,0,0.0666667,0.265081,0,0.0666667,0.144166,0,0.0666667,0.233515,0,0.0666667,0.187891,0.5,0.4,0
1.5,2.5,3.81143,-2.99573,0.000112017,0.00252599,0.00162426,0.117528,True,empty floor,sound_similarity,0,0.0666667,0.240691,0,0.0666667,0.118506,0,0.0666667,0.271224,0,0.0666667,0.145343,0,0.0666667,0.1565,0,0.0666667,0.265081,0,0.0666667,0.144166,0,0.0666667,0.233515,0,0.0666667,0.187891,0.5,0.4,0
1.5,6,1.22301,-2.99573,0.000111451,0.00252599,0.00162016,0.117528,True,empty floor,sound_similarity,0,0.0666667,0.240691,0,0.0666667,0.118506,0,0.0666667,0.271224,0,0.0666667,0.145343,0,0.0666667,0.1565,0,0.0666667,0.265081,0,0.0666667,0.144166,0,0.0666667,0.233515,0,0.0666667,0.187891,0.5,0.4,0
1.75,1.75,4.602,-2.99573,0.000111421,0.00252599,0.00161994,0.117528,True,empty floor,sound_similarity,0,0.0666667,0.240691,0,0.0666667,0.118506,0,0.0666667,0.271224,0,0.0666667,0.145343,0,0.0666667,0.1565,0,0.0666667,0.265081,0,0.0666667,0.144166,0,0.0666667,0.233515,0,0.0666667,0.187891,0.5,0.4,0
-2.25,4.25,3.14278,-2.99573,0.000111203,0.00252599,0.00161835,0.117528,True,empty floor,sound_similarity,0,0.0666667,0.240691,0,0.0666667,0.118506,0,0.0666667,0.271224,0,0.0666667,0.145343,0,0.0666667,0.1565,0,0.0666667,0.265081,0,0.0666667,0.144166,0,0.0666667,0.233515,0,0.0666667,0.187891,0.5,0.4,0
-1.25,5,1.89288,-2.99573,0.000110743,0.00252599,0.001615,0.117528,True,empty floor,sound_similarity,0,0.0666667,0.240691,0,0.0666667,0.118506,0,0.0666667,0.271224,0,0.0666667,0.145343,0,0.0666667,0.1565,0,0.0666667,0.265081,0,0.0666667,0.144166,0,0.0666667,0.233515,0,0.0666667,0.187891,0.5,0.4,0
0.5,6,0.244823,-2.99573,0.000110398,0.00252599,0.00161248,0.117528,True,empty floor,sound_similarity,0,0.0666667,0.240691,0,0.0666667,0.118506,0,0.0666667,0.271224,0,0.0666667,0.145343,0,0.0666667,0.1565,0,0.0666667,0.265081,0,0.0666667,0.144166,0,0.0666667,0.233515,0,0.0666667,0.187891,0.5,0.4,0
0.25,7.75,1.63871,-2.98639,0.00011004,0.00252599,0.00160987,0.117528,True,empty floor,sound_similarity,0,0.0666667,0.240691,0,0.0666667,0.118506,0,0.0666667,0.271224,0,0.0666667,0.145343,0,0.0666667,0.1565,0,0.0666667,0.265081,0,0.0666667,0.144166,0,0.0666667,0.233515,0,0.0666667,0.187891,0.5,0.4,0
-0.25,5.75,0.64334,-2.99573,0.000108728,0.00252599,0.00160024,0.117528,True,empty floor,sound_similarity,0,0.0666667,0.240691,0,0.0666667,0.118506,0,0.0666667,0.271224,0,0.0666667,0.145343,0,0.0666667,0.1565,0,0.0666667,0.265081,0,0.0666667,0.144166,0,0.0666667,0.233515,0,0.0666667,0.187891,0.5,0.4,0
0,3,3.12437,-2.99573,0.000108183,0.00252599,0.00159623,0.117528,True,empty floor,sound_similarity,0,0.0666667,0.240691,0,0.0666667,0.118506,0,0.0666667,0.271224,0,0.0666667,0.145343,0,0.0666667,0.1565,0,0.0666667,0.265081,0,0.0666667,0.144166,0,0.0666667,0.233515,0,0.0666667,0.187891,0.5,0.4,0
1.5,5.75,1.27045,-2.99573,0.000188766,0.00189449,0.00158139,0.0881459,True,empty floor,sound_similarity,0,0.05,0.240691,0,0.05,0.118506,0,0.05,0.271224,0,0.05,0.145343,0,0.05,0.1565,0,0.05,0.265081,0,0.05,0.144166,0,0.05,0.233515,0,0.05,0.187891,1,0.55,0
0.5,4,2.12282,-2.99573,0.000187745,0.00189449,0.0015771,0.0881459,True,empty floor,sound_similarity,0,0.05,0.240691,0,0.05,0.118506,0,0.05,0.271224,0,0.05,0.145343,0,0.05,0.1565,0,0.05,0.265081,0,0.05,0.144166,0,0.05,0.233515,0,0.05,0.187891,1,0.55,0
0.75,6,0.481031,-2.99573,0.000184936,0.00189449,0.00156526,0.0881459,True,empty floor,sound_similarity,0,0.05,0.240691,0,0.05,0.118506,0,0.05,0.271224,0,0.05,0.145343,0,0.05,0.1565,0,0.05,0.265081,0,0.05,0.144166,0,0.05,0.233515,0,0.05,0.187891,1,0.55,0
0,3.25,2.87548,-2.99573,0.000103674,0.00252599,0.00156261,0.117528,True,empty floor,sound_similarity,0,0.0666667,0.240691,0,0.0666667,0.118506,0,0.0666667,0.271224,0,0.0666667,0.145343,0,0.0666667,0.1565,0,0.0666667,0.265081,0,0.0666667,0.144166,0,0.0666667,0.233515,0,0.0666667,0.187891,0.5,0.4,0
1.75,5.75,1.51179,-2.99573,0.000180846,0.00189449,0.00154785,0.0881459,True,empty floor,sound_similarity,0,0.05,0.240691,0,0.05,0.118506,0,0.05,0.271224,0,0.05,0.145343,0,0.05,0.1565,0,0.05,0.265081,0,0.05,0.144166,0,0.05,0.233515,0,0.05,0.187891,1,0.55,0
1.75,2,4.36578,-2.99573,0.000101522,0.00252599,0.00154631,0.117528,True,empty floor,sound_similarity,0,0.0666667,0.240691,0,0.0666667,0.118506,0,0.0666667,0.271224,0,0.0666667,0.145343,0,0.0666667,0.1565,0,0.0666667,0.265081,0,0.0666667,0.144166,0,0.0666667,0.233515,0,0.0666667,0.187891,0.5,0.4,0
1.75,6,1.47214,-2.99573,0.000101225,0.00252599,0.00154404,0.117528,True,empty floor,sound_similarity,0,0.0666667,0.240691,0,0.0666667,0.118506,0,0.0666667,0.271224,0,0.0666667,0.145343,0,0.0666667,0.1565,0,0.0666667,0.265081,0,0.0666667,0.144166,0,0.0666667,0.233515,0,0.0666667,0.187891,0.5,0.4,0
0.25,7.5,1.38876,-2.98574,0.000101137,0.00252599,0.00154337,0.117528,True,empty floor,sound_similarity,0,0.0666667,0.240691,0,0.0666667,0.118506,0,0.0666667,0.271224,0,0.0666667,0.145343,0,0.0666667,0.1565,0,0.0666667,0.265081,0,0.0666667,0.144166,0,0.0666667,0.233515,0,0.0666667,0.187891,0.5,0.4,0
1.5,2.75,3.57543,-2.99573,0.000100016,0.00252599,0.00153479,0.117528,True,empty floor,sound_similarity,0,0.0666667,0.240691,0,0.0666667,0.118506,0,0.0666667,0.271224,0,0.0666667,0.145343,0,0.0666667,0.1565,0,0.0666667,0.265081,0,0.0666667,0.144166,0,0.0666667,0.233515,0,0.0666667,0.187891,0.5,0.4,0
-1.5,4.75,2.24273,-2.99573,9.89368e-05,0.00252599,0.00152649,0.117528,True,empty floor,sound_similarity,0,0.0666667,0.240691,0,0.0666667,0.118506,0,0.0666667,0.271224,0,0.0666667,0.145343,0,0.0666667,0.1565,0,0.0666667,0.265081,0,0.0666667,0.144166,0,0.0666667,0.233515,0,0.0666667,0.187891,0.5,0.4,0
1.75,5.25,1.70209,-2.99573,9.86638e-05,0.00252599,0.00152438,0.117528,True,empty floor,sound_similarity,0,0.0666667,0.240691,0,0.0666667,0.118506,0,0.0666667,0.271224,0,0.0666667,0.145343,0,0.0666667,0.1565,0,0.0666667,0.265081,0,0.0666667,0.144166,0,0.0666667,0.233515,0,0.0666667,0.187891,0.5,0.4,0
0,3.5,2.6268,-2.99573,9.83967e-05,0.00252599,0.00152232,0.117528,True,empty floor,sound_similarity,0,0.0666667,0.240691,0,0.0666667,0.118506,0,0.0666667,0.271224,0,0.0666667,0.145343,0,0.0666667,0.1565,0,0.0666667,0.265081,0,0.0666667,0.144166,0,0.0666667,0.233515,0,0.0666667,0.187891,0.5,0.4,0
1.25,3.5,2.7852,-2.99573,9.76851e-05,0.00252599,0.0015168,0.117528,True,empty floor,sound_similarity,0,0.0666667,0.240691,0,0.0666667,0.118506,0,0.0666667,0.271224,0,0.0666667,0.145343,0,0.0666667,0.1565,0,0.0666667,0.265081,0,0.0666667,0.144166,0,0.0666667,0.233515,0,0.0666667,0.187891,0.5,0.4,0
0,7,0.932105,-2.34352,9.7621e-05,0.00252599,0.0015163,0.117528,True,empty floor,sound_similarity,0,0.0666667,0.240691,0,0.0666667,0.118506,0,0.0666667,0.271224,0,0.0666667,0.145343,0,0.0666667,0.1565,0,0.0666667,0.265081,0,0.0666667,0.144166,0,0.0666667,0.233515,0,0.0666667,0.187891,0.5,0.4,0
1.25,5.25,1.29584,-2.99573,2.67041e-05,0.00480917,0.00150988,0.223758,True,couch,sound_similarity,0,0.05,0.240691,0,0.05,0.118506,1,0.55,0.271224,0,0.05,0.145343,0,0.05,0.1565,0,0.05,0.265081,0,0.05,0.144166,0,0.05,0.233515,0,0.05,0.187891,0,0.05,0
-1.75,7,2.2178,-1.69334,0.000381714,0.001263,0.00149918,0.0587639,True,empty floor,sound_similarity,0,0.0333333,0.240691,0,0.0333333,0.118506,0,0.0333333,0.271224,0,0.0333333,0.145343,0,0.0333333,0.1565,0,0.0333333,0.265081,0,0.0333333,0.144166,0,0.0333333,0.233515,0,0.0333333,0.187891,2,0.7,0
0.25,5.75,0.363029,-2.99573,9.45411e-05,0.00252599,0.00149219,0.117528,True,empty floor,sound_similarity,0,0.0666667,0.240691,0,0.0666667,0.118506,0,0.0666667,0.271224,0,0.0666667,0.145343,0,0.0666667,0.1565,0,0.0666667,0.265081,0,0.0666667,0.144166,0,0.0666667,0.233515,0,0.0666667,0.187891,0.5,0.4,0
2,6,1.72153,-2.99573,9.40915e-05,0.00252599,0.00148864,0.117528,True,empty floor,sound_similarity,0,0.0666667,0.240691,0,0.0666667,0.118506,0,0.0666667,0.271224,0,0.0666667,0.145343,0,0.0666667,0.1565,0,0.0666667,0.265081,0,0.0666667,0.144166,0,0.0666667,0.233515,0,0.0666667,0.187891,0.5,0.4,0
1,4.25,1.99524,-2.99573,9.36042e-05,0.00252599,0.00148478,0.117528,True,empty floor,sound_similarity,0,0.0666667,0.240691,0,0.0666667,0.118506,0,0.0666667,0.271224,0,0.0666667,0.145343,0,0.0666667,0.1565,0,0.0666667,0.265081,0,0.0666667,0.144166,0,0.0666667,0.233515,0,0.0666667,0.187891,0.5,0.4,0
0,3.75,2.3784,-2.99573,9.2169e-05,0.00252599,0.00147335,0.117528,True,empty floor,sound_similarity,0,0.0666667,0.240691,0,0.0666667,0.118506,0,0.0666667,0.271224,0,0.0666667,0.145343,0,0.0666667,0.1565,0,0.0666667,0.265081,0,0.0666667,0.144166,0,0.0666667,0.233515,0,0.0666667,0.187891,0.5,0.4,0
-0.25,1.75,4.39394,-2.99573,9.19441e-05,0.00252599,0.00147156,0.117528,True,empty floor,sound_similarity,0,0.0666667,0.240691,0,0.0666667,0.118506,0,0.0666667,0.271224,0,0.0666667,0.145343,0,0.0666667,0.1565,0,0.0666667,0.265081,0,0.0666667,0.144166,0,0.0666667,0.233515,0,0.0666667,0.187891,0.5,0.4,0
1.75,2.25,4.13119,-2.99573,9.08336e-05,0.00252599,0.00146264,0.117528,True,empty floor,sound_similarity,0,0.0666667,0.240691,0,0.0666667,0.118506,0,0.0666667,0.271224,0,0.0666667,0.145343,0,0.0666667,0.1565,0,0.0666667,0.265081,0,0.0666667,0.144166,0,0.0666667,0.233515,0,0.0666667,0.187891,0.5,0.4,0
-1.75,4.5,2.59359,-2.99573,9.04812e-05,0.00252599,0.0014598,0.117528,True,empty floor,sound_similarity,0,0.0666667,0.240691,0,0.0666667,0.118506,0,0.0666667,0.271224,0,0.0666667,0.145343,0,0.0666667,0.1565,0,0.0666667,0.265081,0,0.0666667,0.144166,0,0.0666667,0.233515,0,0.0666667,0.187891,0.5,0.4,0
0.25,7.25,1.13885,-2.98474,8.90079e-05,0.00252599,0.00144787,0.117528,True,empty floor,sound_similarity,0,0.0666667,0.240691,0,0.0666667,0.118506,0,0.0666667,0.271224,0,0.0666667,0.145343,0,0.0666667,0.1565,0,0.0666667,0.265081,0,0.0666667,0.144166,0,0.0666667,0.233515,0,0.0666667,0.187891,0.5,0.4,0
-0.25,2,4.14589,-2.99573,8.80404e-05,0.00252599,0.00143998,0.117528,True,empty floor,sound_similarity,0,0.0666667,0.240691,0,0.0666667,0.118506,0,0.0666667,0.271224,0,0.0666667,0.145343,0,0.0666667,0.1565,0,0.0666667,0.265081,0,0.0666667,0.144166,0,0.0666667,0.233515,0,0.0666667,0.187891,0.5,0.4,0
1.5,3,3.34147,-2.99573,8.68867e-05,0.00252599,0.00143051,0.117528,True,empty floor,sound_similarity,0,0.0666667,0.240691,0,0.0666667,0.118506,0,0.0666667,0.271224,0,0.0666667,0.145343,0,0.0666667,0.1565,0,0.0666667,0.265081,0,0.0666667,0.144166,0,0.0666667,0.233515,0,0.0666667,0.187891,0.5,0.4,0
0,4,2.13037,-2.99573,8.47633e-05,0.00252599,0.00141292,0.117528,True,empty floor,sound_similarity,0,0.0666667,0.240691,0,0.0666667,0.118506,0,0.0666667,0.271224,0,0.0666667,0.145343,0,0.0666667,0.1565,0,0.0666667,0.265081,0,0.0666667,0.144166,0,0.0666667,0.233515,0,0.0666667,0.187891,0.5,0.4,0
-0.5,5.5,0.992843,-2.99573,8.46798e-05,0.00252599,0.00141223,0.117528,True,empty floor,sound_similarity,0,0.0666667,0.240691,0,0.0666667,0.118506,0,0.0666667,0.271224,0,0.0666667,0.145343,0,0.0666667,0.1565,0,0.0666667,0.265081,0,0.0666667,0.144166,0,0.0666667,0.233515,0,0.0666667,0.187891,0.5,0.4,0
0.75,5,1.20607,-2.99573,8.46747e-05,0.00252599,0.00141218,0.117528,True,empty floor,sound_similarity,0,0.0666667,0.240691,0,0.0666667,0.118506,0,0.0666667,0.271224,0,0.0666667,0.145343,0,0.0666667,0.1565,0,0.0666667,0.265081,0,0.0666667,0.144166,0,0.0666667,0.233515,0,0.0666667,0.187891,0.5,0.4,0
-2,4.25,2.94509,-2.99573,8.4197e-05,0.00252599,0.0014082,0.117528,True,empty floor,sound_similarity,0,0.0666667,0.240691,0,0.0666667,0.118506,0,0.0666667,0.271224,0,0.0666667,0.145343,0,0.0666667,0.1565,0,0.0666667,0.265081,0,0.0666667,0.144166,0,0.0666667,0.233515,0,0.0666667,0.187891,0.5,0.4,0
2,1.75,4.68773,-2.99573,8.40555e-05,0.00252599,0.00140701,0.117528,True,empty floor,sound_similarity,0,0.0666667,0.240691,0,0.0666667,0.118506,0,0.0666667,0.271224,0,0.0666667,0.145343,0,0.0666667,0.1565,0,0.0666667,0.265081,0,0.0666667,0.144166,0,0.0666667,0.233515,0,0.0666667,0.187891,0.5,0.4,0
-0.25,2.25,3.89809,-2.99573,8.37405e-05,0.00252599,0.00140437,0.117528,True,empty floor,sound_similarity,0,0.0666667,0.240691,0,0.0666667,0.118506,0,0.0666667,0.271224,0,0.0666667,0.145343,0,0.0666667,0.1565,0,0.0666667,0.265081,0,0.0666667,0.144166,0,0.0666667,0.233515,0,0.0666667,0.187891,0.5,0.4,0
2,7.75,2.37393,-2.99573,8.12416e-05,0.00252599,0.00138326,0.117528,True,empty floor,sound_similarity,0,0.0666667,0.240691,0,0.0666667,0.118506,0,0.0666667,0.271224,0,0.0666667,0.145343,0,0.0666667,0.1565,0,0.0666667,0.265081,0,0.0666667,0.144166,0,0.0666667,0.233515,0,0.0666667,0.187891,0.5,0.4,0
1.25,3.75,2.55226,-2.99573,8.07238e-05,0.00252599,0.00137884,0.117528,True,empty floor,sound_similarity,0,0.0666667,0.240691,0,0.0666667,0.118506,0,0.0666667,0.271224,0,0.0666667,0.145343,0,0.0666667,0.1565,0,0.0666667,0.265081,0,0.0666667,0.144166,0,0.0666667,0.233515,0,0.0666667,0.187891,0.5,0.4,0
1.25,5.5,1.14495,-2.99573,8.02851e-05,0.00252599,0.00137509,0.117528,True,empty floor,sound_similarity,0,0.0666667,0.240691,0,0.0666667,0.118506,0,0.0666667,0.271224,0,0.0666667,0.145343,0,0.0666667,0.1565,0,0.0666667,0.265081,0,0.0666667,0.144166,0,0.0666667,0.233515,0,0.0666667,0.187891,0.5,0.4,0
1.75,2.5,3.89852,-2.99573,7.9489e-05,0.00252599,0.00136826,0.117528,True,empty floor,sound_similarity,0,0.0666667,0.240691,0,0.0666667,0.118506,0,0.0666667,0.271224,0,0.0666667,0.145343,0,0.0666667,0.1565,0,0.0666667,0.265081,0,0.0666667,0.144166,0,0.0666667,0.233515,0,0.0666667,0.187891,0.5,0.4,0
-2.25,4,3.29703,-2.99573,7.93744e-05,0.00252599,0.00136727,0.117528,True,empty floor,sound_similarity,0,0.0666667,0.240691,0,0.0666667,0.118506,0,0.0666667,0.271224,0,0.0666667,0.145343,0,0.0666667,0.1565,0,0.0666667,0.265081,0,0.0666667,0.144166,0,0.0666667,0.233515,0,0.0666667,0.187891,0.5,0.4,0
-0.25,2.5,3.65059,-2.99573,7.89981e-05,0.00252599,0.00136403,0.117528,True,empty floor,sound_similarity,0,0.0666667,0.240691,0,0.0666667,0.118506,0,0.0666667,0.271224,0,0.0666667,0.145343,0,0.0666667,0.1565,0,0.0666667,0.265081,0,0.0666667,0.144166,0,0.0666667,0.233515,0,0.0666667,0.187891,0.5,0.4,0
1.75,7.5,2.02049,-2.99573,7.80162e-05,0.00252599,0.00135552,0.117528,True,empty floor,sound_similarity,0,0.0666667,0.240691,0,0.0666667,0.118506,0,0.0666667,0.271224,0,0.0666667,0.145343,0,0.0666667,0.1565,0,0.0666667,0.265081,0,0.0666667,0.144166,0,0.0666667,0.233515,0,0.0666667,0.187891,0.5,0.4,0
0.25,6.25,0.142066,-2.72341,3.41892e-05,0.00378899,0.00134602,0.176292,False,tv,sound_similarity,0,0.1,0.240691,0,0.1,0.118506,0,0.1,0.271224,0,0.1,0.145343,0,0.1,0.1565,0,0.1,0.265081,0,0.1,0.144166,0,0.1,0.233515,0,0.1,0.187891,0,0.1,0
2,5,2.04618,-2.99573,7.67594e-05,0.00252599,0.00134456,0.117528,True,empty floor,sound_similarity,0,0.0666667,0.240691,0,0.0666667,0.118506,0,0.0666667,0.271224,0,0.0666667,0.145343,0,0.0666667,0.1565,0,0.0666667,0.265081,0,0.0666667,0.144166,0,0.0666667,0.233515,0,0.0666667,0.187891,0.5,0.4,0
0,4.25,1.88286,-2.99573,7.59083e-05,0.00252599,0.00133709,0.117528,True,empty floor,sound_similarity,0,0.0666667,0.240691,0,0.0666667,0.118506,0,0.0666667,0.271224,0,0.0666667,0.145343,0,0.0666667,0.1565,0,0.0666667,0.265081,0,0.0666667,0.144166,0,0.0666667,0.233515,0,0.0666667,0.187891,0.5,0.4,0
2,2,4.45606,-2.99573,7.41544e-05,0.00252599,0.00132155,0.117528,True,empty floor,sound_similarity,0,0.0666667,0.240691,0,0.0666667,0.118506,0,0.0666667,0.271224,0,0.0666667,0.145343,0,0.0666667,0.1565,0,0.0666667,0.265081,0,0.0666667,0.144166,0,0.0666667,0.233515,0,0.0666667,0.187891,0.5,0.4,0
-0.25,2.75,3.40346,-2.99573,7.37652e-05,0.00252599,0.00131808,0.117528,True,empty floor,sound_similarity,0,0.0666667,0.240691,0,0.0666667,0.118506,0,0.0666667,0.271224,0,0.0666667,0.145343,0,0.0666667,0.1565,0,0.0666667,0.265081,0,0.0666667,0.144166,0,0.0666667,0.233515,0,0.0666667,0.187891,0.5,0.4,0
1.5,7.25,1.6671,-2.99573,7.36487e-05,0.00252599,0.00131703,0.117528,True,empty floor,sound_similarity,0,0.0666667,0.240691,0,0.0666667,0.118506,0,0.0666667,0.271224,0,0.0666667,0.145343,0,0.0666667,0.1565,0,0.0666667,0.265081,0,0.0666667,0.144166,0,0.0666667,0.233515,0,0.0666667,0.187891,0.5,0.4,0
-0.75,5.25,1.34447,-2.99573,7.34263e-05,0.00252599,0.00131504,0.117528,True,empty floor,sound_similarity,0,0.0666667,0.240691,0,0.0666667,0.118506,0,0.0666667,0.271224,0,0.0666667,0.145343,0,0.0666667,0.1565,0,0.0666667,0.265081,0,0.0666667,0.144166,0,0.0666667,0.233515,0,0.0666667,0.187891,0.5,0.4,0
1.5,3.25,3.11,-2.99573,7.29094e-05,0.00252599,0.00131041,0.117528,True,empty floor,sound_similarity,0,0.0666667,0.240691,0,0.0666667,0.118506,0,0.0666667,0.271224,0,0.0666667,0.145343,0,0.0666667,0.1565,0,0.0666667,0.265081,0,0.0666667,0.144166,0,0.0666667,0.233515,0,0.0666667,0.187891,0.5,0.4,0
0.25,7,0.888972,-2.98299,7.18801e-05,0.00252599,0.00130112,0.117528,True,empty floor,sound_similarity,0,0.0666667,0.240691,0,0.0666667,0.118506,0,0.0666667,0.271224,0,0.0666667,0.145343,0,0.0666667,0.1565,0,0.0666667,0.265081,0,0.0666667,0.144166,0,0.0666667,0.233515,0,0.0666667,0.187891,0.5,0.4,0
1,4.5,1.76427,-2.99573,6.98818e-05,0.00252599,0.00128291,0.117528,True,empty floor,sound_similarity,0,0.0666667,0.240691,0,0.0666667,0.118506,0,0.0666667,0.271224,0,0.0666667,0.145343,0,0.0666667,0.1565,0,0.0666667,0.265081,0,0.0666667,0.144166,0,0.0666667,0.233515,0,0.0666667,0.187891,0.5,0.4,0
0.25,6,0.116131,-2.99573,3.08509e-05,0.00378899,0.00127861,0.176292,False,tv,sound_similarity,0,0.1,0.240691,0,0.1,0.118506,0,0.1,0.271224,0,0.1,0.145343,0,0.1,0.1565,0,0.1,0.265081,0,0.1,0.144166,0,0.1,0.233515,0,0.1,0.187891,0,0.1,0
1,6.25,0.731122,-2.99573,1.88901e-05,0.00480917,0.0012699,0.223758,True,couch,sound_similarity,0,0.05,0.240691,0,0.05,0.118506,1,0.55,0.271224,0,0.05,0.145343,0,0.05,0.1565,0,0.05,0.265081,0,0.05,0.144166,0,0.05,0.233515,0,0.05,0.187891,0,0.05,0
-0.25,3,3.15677,-2.99573,6.79966e-05,0.00252599,0.00126549,0.117528,True,empty floor,sound_similarity,0,0.0666667,0.240691,0,0.0666667,0.118506,0,0.0666667,0.271224,0,0.0666667,0.145343,0,0.0666667,0.1565,0,0.0666667,0.265081,0,0.0666667,0.144166,0,0.0666667,0.233515,0,0.0666667,0.187891,0.5,0.4,0
1.75,2.75,3.66813,-2.99573,6.77231e-05,0.00252599,0.00126294,0.117528,True,empty floor,sound_similarity,0,0.0666667,0.240691,0,0.0666667,0.118506,0,0.0666667,0.271224,0,0.0666667,0.145343,0,0.0666667,0.1565,0,0.0666667,0.265081,0,0.0666667,0.144166,0,0.0666667,0.233515,0,0.0666667,0.187891,0.5,0.4,0
1.25,7,1.3138,-2.99573,6.74204e-05,0.00252599,0.00126011,0.117528,True,empty floor,sound_similarity,0,0.0666667,0.240691,0,0.0666667,0.118506,0,0.0666667,0.271224,0,0.0666667,0.145343,0,0.0666667,0.1565,0,0.0666667,0.265081,0,0.0666667,0.144166,0,0.0666667,0.233515,0,0.0666667,0.187891,0.5,0.4,0
-1,5,1.69689,-2.99573,6.70539e-05,0.00252599,0.00125669,0.117528,True,empty floor,sound_similarity,0,0.0666667,0.240691,0,0.0666667,0.118506,0,0.0666667,0.271224,0,0.0666667,0.145343,0,0.0666667,0.1565,0,0.0666667,0.265081,0,0.0666667,0.144166,0,0.0666667,0.233515,0,0.0666667,0.187891,0.5,0.4,0
0,4.5,1.63611,-2.99573,6.53194e-05,0.00252599,0.00124033,0.117528,True,empty floor,sound_similarity,0,0.0666667,0.240691,0,0.0666667,0.118506,0,0.0666667,0.271224,0,0.0666667,0.145343,0,0.0666667,0.1565,0,0.0666667,0.265081,0,0.0666667,0.144166,0,0.0666667,0.233515,0,0.0666667,0.187891,0.5,0.4,0
-1.25,6.75,1.65978,-1.82187,0.000260713,0.001263,0.00123898,0.0587639,True,empty floor,sound_similarity,0,0.0333333,0.240691,0,0.0333333,0.118506,0,0.0333333,0.271224,0,0.0333333,0.145343,0,0.0333333,0.1565,0,0.0333333,0.265081,0,0.0333333,0.144166,0,0.0333333,0.233515,0,0.0333333,0.187891,2,0.7,0
-0.5,1.75,4.43117,-2.99573,6.47418e-05,0.00252599,0.00123483,0.117528,True,empty floor,sound_similarity,0,0.0666667,0.240691,0,0.0666667,0.118506,0,0.0666667,0.271224,0,0.0666667,0.145343,0,0.0666667,0.1565,0,0.0666667,0.265081,0,0.0666667,0.144166,0,0.0666667,0.233515,0,0.0666667,0.187891,0.5,0.4,0
2,2.25,4.22649,-2.99573,6.40509e-05,0.00252599,0.00122822,0.117528,True,empty floor,sound_similarity,0,0.0666667,0.240691,0,0.0666667,0.118506,0,0.0666667,0.271224,0,0.0666667,0.145343,0,0.0666667,0.1565,0,0.0666667,0.265081,0,0.0666667,0.144166,0,0.0666667,0.233515,0,0.0666667,0.187891,0.5,0.4,0
-1.25,4.75,2.04971,-2.99573,6.29879e-05,0.00252599,0.00121799,0.117528,True,empty floor,sound_similarity,0,0.0666667,0.240691,0,0.0666667,0.118506,0,0.0666667,0.271224,0,0.0666667,0.145343,0,0.0666667,0.1565,0,0.0666667,0.265081,0,0.0666667,0.144166,0,0.0666667,0.233515,0,0.0666667,0.187891,0.5,0.4,0
1.25,4,2.32287,-2.99573,6.27469e-05,0.00252599,0.00121566,0.117528,True,empty floor,sound_similarity,0,0.0666667,0.240691,0,0.0666667,0.118506,0,0.0666667,0.271224,0,0.0666667,0.145343,0,0.0666667,0.1565,0,0.0666667,0.265081,0,0.0666667,0.144166,0,0.0666667,0.233515,0,0.0666667,0.187891,0.5,0.4,0
-0.25,3.25,2.91066,-2.99573,6.16577e-05,0.00252599,0.00120506,0.117528,True,empty floor,sound_similarity,0,0.0666667,0.240691,0,0.0666667,0.118506,0,0.0666667,0.271224,0,0.0666667,0.145343,0,0.0666667,0.1565,0,0.0666667,0.265081,0,0.0666667,0.144166,0,0.0666667,0.233515,0,0.0666667,0.187891,0.5,0.4,0
-0.5,2,4.18533,-2.99573,6.02342e-05,0.00252599,0.00119107,0.117528,True,empty floor,sound_similarity,0,0.0666667,0.240691,0,0.0666667,0.118506,0,0.0666667,0.271224,0,0.0666667,0.145343,0,0.0666667,0.1565,0,0.0666667,0.265081,0,0.0666667,0.144166,0,0.0666667,0.233515,0,0.0666667,0.187891,0.5,0.4,0
-1.5,4.5,2.40274,-2.99573,6.0179e-05,0.00252599,0.00119052,0.117528,True,empty floor,sound_similarity,0,0.0666667,0.240691,0,0.0666667,0.118506,0,0.0666667,0.271224,0,0.0666667,0.145343,0,0.0666667,0.1565,0,0.0666667,0.265081,0,0.0666667,0.144166,0,0.0666667,0.233515,0,0.0666667,0.187891,0.5,0.4,0
-1,1.75,4.54614,-2.99573,2.97842e-05,0.0035763,0.0011858,0.166396,True,microwave,sound_similarity,0,0.05,0.240691,0,0.05,0.118506,0,0.05,0.271224,0,0.05,0.145343,1,0.55,0.1565,0,0.05,0.265081,0,0.05,0.144166,0,0.05,0.233515,0,0.05,0.187891,0,0.05,0
1.5,3.5,2.88163,-2.99573,5.85962e-05,0.00252599,0.00117476,0.117528,True,empty floor,sound_similarity,0,0.0666667,0.240691,0,0.0666667,0.118506,0,0.0666667,0.271224,0,0.0666667,0.145343,0,0.0666667,0.1565,0,0.0666667,0.265081,0,0.0666667,0.144166,0,0.0666667,0.233515,0,0.0666667,0.187891,0.5,0.4,0
-1.75,4.25,2.7559,-2.99573,5.81266e-05,0.00252599,0.00117004,0.117528,True,empty floor,sound_similarity,0,0.0666667,0.240691,0,0.0666667,0.118506,0,0.0666667,0.271224,0,0.0666667,0.145343,0,0.0666667,0.1565,0,0.0666667,0.265081,0,0.0666667,0.144166,0,0.0666667,0.233515,0,0.0666667,0.187891,0.5,0.4,0
1,6.75,0.960693,-2.99573,5.78908e-05,0.00252599,0.00116767,0.117528,True,empty floor,sound_similarity,0,0.0666667,0.240691,0,0.0666667,0.118506,0,0.0666667,0.271224,0,0.0666667,0.145343,0,0.0666667,0.1565,0,0.0666667,0.265081,0,0.0666667,0.144166,0,0.0666667,0.233515,0,0.0666667,0.187891,0.5,0.4,0
1.5,5.25,1.49186,-2.99573,5.78821e-05,0.00252599,0.00116758,0.117528,True,empty floor,sound_similarity,0,0.0666667,0.240691,0,0.0666667,0.118506,0,0.0666667,0.271224,0,0.0666667,0.145343,0,0.0666667,0.1565,0,0.0666667,0.265081,0,0.0666667,0.144166,0,0.0666667,0.233515,0,0.0666667,0.187891,0.5,0.4,0
-2,4,3.10916,-2.99573,5.65631e-05,0.00252599,0.0011542,0.117528,True,empty floor,sound_similarity,0,0.0666667,0.240691,0,0.0666667,0.118506,0,0.0666667,0.271224,0,0.0666667,0.145343,0,0.0666667,0.1565,0,0.0666667,0.265081,0,0.0666667,0.144166,0,0.0666667,0.233515,0,0.0666667,0.187891,0.5,0.4,0
-1,5.75,1.33211,-2.99572,0.000156608,0.00151559,0.00115232,0.0705167,True,empty floor,sound_similarity,0,0.04,0.240691,0,0.04,0.118506,0,0.04,0.271224,0,0.04,0.145343,0,0.04,0.1565,0,0.04,0.265081,0,0.04,0.144166,0,0.04,0.233515,0,0.04,0.187891,1.5,0.64,0
1.75,3,3.44047,-2.99573,5.58938e-05,0.00252599,0.00114735,0.117528,True,empty floor,sound_similarity,0,0.0666667,0.240691,0,0.0666667,0.118506,0,0.0666667,0.271224,0,0.0666667,0.145343,0,0.0666667,0.1565,0,0.0666667,0.265081,0,0.0666667,0.144166,0,0.0666667,0.233515,0,0.0666667,0.187891,0.5,0.4,0
-0.5,2.25,3.94001,-2.99573,5.54524e-05,0.00252599,0.00114281,0.117528,True,empty floor,sound_similarity,0,0.0666667,0.240691,0,0.0666667,0.118506,0,0.0666667,0.271224,0,0.0666667,0.145343,0,0.0666667,0.1565,0,0.0666667,0.265081,0,0.0666667,0.144166,0,0.0666667,0.233515,0,0.0666667,0.187891,0.5,0.4,0
-2.25,3.75,3.46247,-2.99573,5.53333e-05,0.00252599,0.00114158,0.117528,True,empty floor,sound_similarity,0,0.0666667,0.240691,0,0.0666667,0.118506,0,0.0666667,0.271224,0,0.0666667,0.145343,0,0.0666667,0.1565,0,0.0666667,0.265081,0,0.0666667,0.144166,0,0.0666667,0.233515,0,0.0666667,0.187891,0.5,0.4,0
-0.25,3.5,2.66526,-2.99573,5.47384e-05,0.00252599,0.00113543,0.117528,True,empty floor,sound_similarity,0,0.0666667,0.240691,0,0.0666667,0.118506,0,0.0666667,0.271224,0,0.0666667,0.145343,0,0.0666667,0.1565,0,0.0666667,0.265081,0,0.0666667,0.144166,0,0.0666667,0.233515,0,0.0666667,0.187891,0.5,0.4,0
2,2.5,3.99936,-2.99573,5.39985e-05,0.00252599,0.00112773,0.117528,True,empty floor,sound_similarity,0,0.0666667,0.240691,0,0.0666667,0.118506,0,0.0666667,0.271224,0,0.0666667,0.145343,0,0.0666667,0.1565,0,0.0666667,0.265081,0,0.0666667,0.144166,0,0.0666667,0.233515,0,0.0666667,0.187891,0.5,0.4,0
0,4.75,1.39052,-2.99573,5.28119e-05,0.00252599,0.00111527,0.117528,True,empty floor,sound_similarity,0,0.0666667,0.240691,0,0.0666667,0.118506,0,0.0666667,0.271224,0,0.0666667,0.145343,0,0.0666667,0.1565,0,0.0666667,0.265081,0,0.0666667,0.144166,0,0.0666667,0.233515,0,0.0666667,0.187891,0.5,0.4,0
0.5,5.75,0.422187,-2.99573,5.25714e-05,0.00252599,0.00111273,0.117528,True,empty floor,sound_similarity,0,0.0666667,0.240691,0,0.0666667,0.118506,0,0.0666667,0.271224,0,0.0666667,0.145343,0,0.0666667,0.1565,0,0.0666667,0.265081,0,0.0666667,0.144166,0,0.0666667,0.233515,0,0.0666667,0.187891,0.5,0.4,0
-0.5,2.5,3.69532,-2.99573,5.04093e-05,0.00252599,0.00108961,0.117528,True,empty floor,sound_similarity,0,0.0666667,0.240691,0,0.0666667,0.118506,0,0.0666667,0.271224,0,0.0666667,0.145343,0,0.0666667,0.1565,0,0.0666667,0.265081,0,0.0666667,0.144166,0,0.0666667,0.233515,0,0.0666667,0.187891,0.5,0.4,0
0.25,6.75,0.639199,-2.9792,4.74779e-05,0.00252599,0.00105745,0.117528,True,empty floor,sound_similarity,0,0.0666667,0.240691,0,0.0666667,0.118506,0,0.0666667,0.271224,0,0.0666667,0.145343,0,0.0666667,0.1565,0,0.0666667,0.265081,0,0.0666667,0.144166,0,0.0666667,0.233515,0,0.0666667,0.187891,0.5,0.4,0
-0.25,3.75,2.42081,-2.99573,4.72777e-05,0.00252599,0.00105522,0.117528,True,empty floor,sound_similarity,0,0.0666667,0.240691,0,0.0666667,0.118506,0,0.0666667,0.271224,0,0.0666667,0.145343,0,0.0666667,0.1565,0,0.0666667,0.265081,0,0.0666667,0.144166,0,0.0666667,0.233515,0,0.0666667,0.187891,0.5,0.4,0
0.75,5.25,0.98046,-2.99573,4.71748e-05,0.00252599,0.00105407,0.117528,True,empty floor,sound_similarity,0,0.0666667,0.240691,0,0.0666667,0.118506,0,0.0666667,0.271224,0,0.0666667,0.145343,0,0.0666667,0.1565,0,0.0666667,0.265081,0,0.0666667,0.144166,0,0.0666667,0.233515,0,0.0666667,0.187891,0.5,0.4,0
1.75,5,1.84131,-2.99573,4.64432e-05,0.00252599,0.00104586,0.117528,True,empty floor,sound_similarity,0,0.0666667,0.240691,0,0.0666667,0.118506,0,0.0666667,0.271224,0,0.0666667,0.145343,0,0.0666667,0.1565,0,0.0666667,0.265081,0,0.0666667,0.144166,0,0.0666667,0.233515,0,0.0666667,0.187891,0.5,0.4,0
0,7.25,1.17282,-2.66778,4.57755e-05,0.00252599,0.00103832,0.117528,True,empty floor,sound_similarity,0,0.0666667,0.240691,0,0.0666667,0.118506,0,0.0666667,0.271224,0,0.0666667,0.145343,0,0.0666667,0.1565,0,0.0666667,0.265081,0,0.0666667,0.144166,0,0.0666667,0.233515,0,0.0666667,0.187891,0.5,0.4,0
1,4.75,1.53927,-2.99573,4.57664e-05,0.00252599,0.00103822,0.117528,True,empty floor,sound_similarity,0,0.0666667,0.240691,0,0.0666667,0.118506,0,0.0666667,0.271224,0,0.0666667,0.145343,0,0.0666667,0.1565,0,0.0666667,0.265081,0,0.0666667,0.144166,0,0.0666667,0.233515,0,0.0666667,0.187891,0.5,0.4,0
-0.5,2.75,3.45139,-2.99573,4.51364e-05,0.00252599,0.00103105,0.117528,True,empty floor,sound_similarity,0,0.0666667,0.240691,0,0.0666667,0.118506,0,0.0666667,0.271224,0,0.0666667,0.145343,0,0.0666667,0.1565,0,0.0666667,0.265081,0,0.0666667,0.144166,0,0.0666667,0.233515,0,0.0666667,0.187891,0.5,0.4,0
1.25,4.25,2.09819,-2.99573,4.51146e-05,0.00252599,0.0010308,0.117528,True,empty floor,sound_similarity,0,0.0666667,0.240691,0,0.0666667,0.118506,0,0.0666667,0.271224,0,0.0666667,0.145343,0,0.0666667,0.1565,0,0.0666667,0.265081,0,0.0666667,0.144166,0,0.0666667,0.233515,0,0.0666667,0.187891,0.5,0.4,0
1.5,3.75,2.65716,-2.99573,4.47384e-05,0.00252599,0.00102649,0.117528,True,empty floor,sound_similarity,0,0.0666667,0.240691,0,0.0666667,0.118506,0,0.0666667,0.271224,0,0.0666667,0.145343,0,0.0666667,0.1565,0,0.0666667,0.265081,0,0.0666667,0.144166,0,0.0666667,0.233515,0,0.0666667,0.187891,0.5,0.4,0
1.75,3.25,3.21614,-2.99573,4.44936e-05,0.00252599,0.00102368,0.117528,True,empty floor,sound_similarity,0,0.0666667,0.240691,0,0.0666667,0.118506,0,0.0666667,0.271224,0,0.0666667,0.145343,0,0.0666667,0.1565,0,0.0666667,0.265081,0,0.0666667,0.144166,0,0.0666667,0.233515,0,0.0666667,0.187891,0.5,0.4,0
2,2.75,3.77513,-2.99573,4.43215e-05,0.00252599,0.0010217,0.117528,True,empty floor,sound_similarity,0,0.0666667,0.240691,0,0.0666667,0.118506,0,0.0666667,0.271224,0,0.0666667,0.145343,0,0.0666667,0.1565,0,0.0666667,0.265081,0,0.0666667,0.144166,0,0.0666667,0.233515,0,0.0666667,0.187891,0.5,0.4,0
-0.75,1.75,4.48206,-2.99573,4.40025e-05,0.00252599,0.00101801,0.117528,True,empty floor,sound_similarity,0,0.0666667,0.240691,0,0.0666667,0.118506,0,0.0666667,0.271224,0,0.0666667,0.145343,0,0.0666667,0.1565,0,0.0666667,0.265081,0,0.0666667,0.144166,0,0.0666667,0.233515,0,0.0666667,0.187891,0.5,0.4,0
0,7.75,1.6625,-2.87253,4.23362e-05,0.00252599,0.000998552,0.117528,True,empty floor,sound_similarity,0,0.0666667,0.240691,0,0.0666667,0.118506,0,0.0666667,0.271224,0,0.0666667,0.145343,0,0.0666667,0.1565,0,0.0666667,0.265081,0,0.0666667,0.144166,0,0.0666667,0.233515,0,0.0666667,0.187891,0.5,0.4,0
2,7.5,2.20881,-2.99573,4.19142e-05,0.00252599,0.000993563,0.117528,True,empty floor,sound_similarity,0,0.0666667,0.240691,0,0.0666667,0.118506,0,0.0666667,0.271224,0,0.0666667,0.145343,0,0.0666667,0.1565,0,0.0666667,0.265081,0,0.0666667,0.144166,0,0.0666667,0.233515,0,0.0666667,0.187891,0.5,0.4,0
0.75,6.5,0.608098,-2.99573,4.19053e-05,0.00252599,0.000993457,0.117528,True,empty floor,sound_similarity,0,0.0666667,0.240691,0,0.0666667,0.118506,0,0.0666667,0.271224,0,0.0666667,0.145343,0,0.0666667,0.1565,0,0.0666667,0.265081,0,0.0666667,0.144166,0,0.0666667,0.233515,0,0.0666667,0.187891,0.5,0.4,0
0.75,5.75,0.591349,-2.99573,4.17463e-05,0.00252599,0.00099157,0.117528,True,empty floor,sound_similarity,0,0.0666667,0.240691,0,0.0666667,0.118506,0,0.0666667,0.271224,0,0.0666667,0.145343,0,0.0666667,0.1565,0,0.0666667,0.265081,0,0.0666667,0.144166,0,0.0666667,0.233515,0,0.0666667,0.187891,0.5,0.4,0
-0.75,2,4.23917,-2.99573,3.98433e-05,0.00252599,0.000968707,0.117528,True,empty floor,sound_similarity,0,0.0666667,0.240691,0,0.0666667,0.118506,0,0.0666667,0.271224,0,0.0666667,0.145343,0,0.0666667,0.1565,0,0.0666667,0.265081,0,0.0666667,0.144166,0,0.0666667,0.233515,0,0.0666667,0.187891,0.5,0.4,0
2,4.75,2.19207,-2.99573,3.98147e-05,0.00252599,0.000968358,0.117528,True,empty floor,sound_similarity,0,0.0666667,0.240691,0,0.0666667,0.118506,0,0.0666667,0.271224,0,0.0666667,0.145343,0,0.0666667,0.1565,0,0.0666667,0.265081,0,0.0666667,0.144166,0,0.0666667,0.233515,0,0.0666667,0.187891,0.5,0.4,0
-0.5,3,3.20839,-2.99573,3.96923e-05,0.00252599,0.000966869,0.117528,True,empty floor,sound_similarity,0,0.0666667,0.240691,0,0.0666667,0.118506,0,0.0666667,0.271224,0,0.0666667,0.145343,0,0.0666667,0.1565,0,0.0666667,0.265081,0,0.0666667,0.144166,0,0.0666667,0.233515,0,0.0666667,0.187891,0.5,0.4,0
-2,7,2.44892,-1.99302,0.000158451,0.001263,0.000965901,0.0587639,True,empty floor,sound_similarity,0,0.0333333,0.240691,0,0.0333333,0.118506,0,0.0333333,0.271224,0,0.0333333,0.145343,0,0.0333333,0.1565,0,0.0333333,0.265081,0,0.0333333,0.144166,0,0.0333333,0.233515,0,0.0333333,0.187891,2,0.7,0
-0.25,4,2.17762,-2.99573,3.94042e-05,0.00252599,0.000963353,0.117528,True,empty floor,sound_similarity,0,0.0666667,0.240691,0,0.0666667,0.118506,0,0.0666667,0.271224,0,0.0666667,0.145343,0,0.0666667,0.1565,0,0.0666667,0.265081,0,0.0666667,0.144166,0,0.0666667,0.233515,0,0.0666667,0.187891,0.5,0.4,0
-0.25,6,0.543675,-2.99567,0.000156601,0.001263,0.000960244,0.0587639,True,empty floor,sound_similarity,0,0.0333333,0.240691,0,0.0333333,0.118506,0,0.0333333,0.271224,0,0.0333333,0.145343,0,0.0333333,0.1565,0,0.0333333,0.265081,0,0.0333333,0.144166,0,0.0333333,0.233515,0,0.0333333,0.187891,2,0.7,0
-2.25,3.5,3.63758,-2.99573,3.87834e-05,0.00252599,0.000955735,0.117528,True,empty floor,sound_similarity,0,0.0666667,0.240691,0,0.0666667,0.118506,0,0.0666667,0.271224,0,0.0666667,0.145343,0,0.0666667,0.1565,0,0.0666667,0.265081,0,0.0666667,0.144166,0,0.0666667,0.233515,0,0.0666667,0.187891,0.5,0.4,0
0,5,1.14684,-2.99573,3.86379e-05,0.00252599,0.000953941,0.117528,True,empty floor,sound_similarity,0,0.0666667,0.240691,0,0.0666667,0.118506,0,0.0666667,0.271224,0,0.0666667,0.145343,0,0.0666667,0.1565,0,0.0666667,0.265081,0,0.0666667,0.144166,0,0.0666667,0.233515,0,0.0666667,0.187891,0.5,0.4,0
-2,3.75,3.28408,-2.99573,3.81711e-05,0.00252599,0.000948161,0.117528,True,empty floor,sound_similarity,0,0.0666667,0.240691,0,0.0666667,0.118506,0,0.0666667,0.271224,0,0.0666667,0.145343,0,0.0666667,0.1565,0,0.0666667,0.265081,0,0.0666667,0.144166,0,0.0666667,0.233515,0,0.0666667,0.187891,0.5,0.4,0
-1.75,4,2.93058,-2.99573,3.74291e-05,0.00252599,0.0009389,0.117528,True,empty floor,sound_similarity,0,0.0666667,0.240691,0,0.0666667,0.118506,0,0.0666667,0.271224,0,0.0666667,0.145343,0,0.0666667,0.1565,0,0.0666667,0.265081,0,0.0666667,0.144166,0,0.0666667,0.233515,0,0.0666667,0.187891,0.5,0.4,0
-1.5,4.25,2.5771,-2.99573,3.65118e-05,0.00252599,0.000927323,0.117528,True,empty floor,sound_similarity,0,0.0666667,0.240691,0,0.0666667,0.118506,0,0.0666667,0.271224,0,0.0666667,0.145343,0,0.0666667,0.1565,0,0.0666667,0.265081,0,0.0666667,0.144166,0,0.0666667,0.233515,0,0.0666667,0.187891,0.5,0.4,0
-0.75,2.25,3.99715,-2.99573,3.56375e-05,0.00252599,0.000916153,0.117528,True,empty floor,sound_similarity,0,0.0666667,0.240691,0,0.0666667,0.118506,0,0.0666667,0.271224,0,0.0666667,0.145343,0,0.0666667,0.1565,0,0.0666667,0.265081,0,0.0666667,0.144166,0,0.0666667,0.233515,0,0.0666667,0.187891,0.5,0.4,0
1.75,7.25,1.8576,-2.99573,3.55675e-05,0.00252599,0.000915253,0.117528,True,empty floor,sound_similarity,0,0.0666667,0.240691,0,0.0666667,0.118506,0,0.0666667,0.271224,0,0.0666667,0.145343,0,0.0666667,0.1565,0,0.0666667,0.265081,0,0.0666667,0.144166,0,0.0666667,0.233515,0,0.0666667,0.187891,0.5,0.4,0
2,3,3.55433,-2.99573,3.54034e-05,0.00252599,0.000913139,0.117528,True,empty floor,sound_similarity,0,0.0666667,0.240691,0,0.0666667,0.118506,0,0.0666667,0.271224,0,0.0666667,0.145343,0,0.0666667,0.1565,0,0.0666667,0.265081,0,0.0666667,0.144166,0,0.0666667,0.233515,0,0.0666667,0.187891,0.5,0.4,0
-1.25,4.5,2.22364,-2.99573,3.53497e-05,0.00252599,0.000912447,0.117528,True,empty floor,sound_similarity,0,0.0666667,0.240691,0,0.0666667,0.118506,0,0.0666667,0.271224,0,0.0666667,0.145343,0,0.0666667,0.1565,0,0.0666667,0.265081,0,0.0666667,0.144166,0,0.0666667,0.233515,0,0.0666667,0.187891,0.5,0.4,0
2,6.25,1.72347,-2.99573,3.50987e-05,0.00252599,0.000909201,0.117528,True,empty floor,sound_similarity,0,0.0666667,0.240691,0,0.0666667,0.118506,0,0.0666667,0.271224,0,0.0666667,0.145343,0,0.0666667,0.1565,0,0.0666667,0.265081,0,0.0666667,0.144166,0,0.0666667,0.233515,0,0.0666667,0.187891,0.5,0.4,0
-0.5,3.25,2.96656,-2.99573,3.41729e-05,0.00252599,0.00089713,0.117528,True,empty floor,sound_similarity,0,0.0666667,0.240691,0,0.0666667,0.118506,0,0.0666667,0.271224,0,0.0666667,0.145343,0,0.0666667,0.1565,0,0.0666667,0.265081,0,0.0666667,0.144166,0,0.0666667,0.233515,0,0.0666667,0.187891,0.5,0.4,0
1.75,3.5,2.99587,-2.99573,3.41316e-05,0.00252599,0.000896587,0.117528,True,empty floor,sound_similarity,0,0.0666667,0.240691,0,0.0666667,0.118506,0,0.0666667,0.271224,0,0.0666667,0.145343,0,0.0666667,0.1565,0,0.0666667,0.265081,0,0.0666667,0.144166,0,0.0666667,0.233515,0,0.0666667,0.187891,0.5,0.4,0
-1,4.75,1.87023,-2.99573,3.38321e-05,0.00252599,0.000892645,0.117528,True,empty floor,sound_similarity,0,0.0666667,0.240691,0,0.0666667,0.118506,0,0.0666667,0.271224,0,0.0666667,0.145343,0,0.0666667,0.1565,0,0.0666667,0.265081,0,0.0666667,0.144166,0,0.0666667,0.233515,0,0.0666667,0.187891,0.5,0.4,0
-1.25,5.75,1.57419,-2.9957,0.000131116,0.001263,0.000878644,0.0587639,True,empty floor,sound_similarity,0,0.0333333,0.240691,0,0.0333333,0.118506,0,0.0333333,0.271224,0,0.0333333,0.145343,0,0.0333333,0.1565,0,0.0333333,0.265081,0,0.0333333,0.144166,0,0.0333333,0.233515,0,0.0333333,0.187891,2,0.7,0
1.5,4,2.43766,-2.99573,3.23875e-05,0.00252599,0.00087338,0.117528,True,empty floor,sound_similarity,0,0.0666667,0.240691,0,0.0666667,0.118506,0,0.0666667,0.271224,0,0.0666667,0.145343,0,0.0666667,0.1565,0,0.0666667,0.265081,0,0.0666667,0.144166,0,0.0666667,0.233515,0,0.0666667,0.187891,0.5,0.4,0
1.75,6.25,1.47441,-2.99573,3.23306e-05,0.00252599,0.000872612,0.117528,True,empty floor,sound_similarity,0,0.0666667,0.240691,0,0.0666667,0.118506,0,0.0666667,0.271224,0,0.0666667,0.145343,0,0.0666667,0.1565,0,0.0666667,0.265081,0,0.0666667,0.144166,0,0.0666667,0.233515,0,0.0666667,0.187891,0.5,0.4,0
-0.75,5,1.51687,-2.99573,3.17724e-05,0.00252599,0.000865046,0.117528,True,empty floor,sound_similarity,0,0.0666667,0.240691,0,0.0666667,0.118506,0,0.0666667,0.271224,0,0.0666667,0.145343,0,0.0666667,0.1565,0,0.0666667,0.265081,0,0.0666667,0.144166,0,0.0666667,0.233515,0,0.0666667,0.187891,0.5,0.4,0
-0.75,6.5,1.10276,-2.07278,0.000126158,0.001263,0.000861871,0.0587639,True,empty floor,sound_similarity,0,0.0333333,0.240691,0,0.0333333,0.118506,0,0.0333333,0.271224,0,0.0333333,0.145343,0,0.0333333,0.1565,0,0.0333333,0.265081,0,0.0333333,0.144166,0,0.0333333,0.233515,0,0.0333333,0.187891,2,0.7,0
-0.75,2.5,3.75619,-2.99573,3.14455e-05,0.00252599,0.000860585,0.117528,True,empty floor,sound_similarity,0,0.0666667,0.240691,0,0.0666667,0.118506,0,0.0666667,0.271224,0,0.0666667,0.145343,0,0.0666667,0.1565,0,0.0666667,0.265081,0,0.0666667,0.144166,0,0.0666667,0.233515,0,0.0666667,0.187891,0.5,0.4,0
-0.25,4.25,1.93616,-2.99573,3.13959e-05,0.00252599,0.000859906,0.117528,True,empty floor,sound_similarity,0,0.0666667,0.240691,0,0.0666667,0.118506,0,0.0666667,0.271224,0,0.0666667,0.145343,0,0.0666667,0.1565,0,0.0666667,0.265081,0,0.0666667,0.144166,0,0.0666667,0.233515,0,0.0666667,0.187891,0.5,0.4,0
1,5.5,0.943106,-2.99573,3.07123e-05,0.00252599,0.000850493,0.117528,True,empty floor,sound_similarity,0,0.0666667,0.240691,0,0.0666667,0.118506,0,0.0666667,0.271224,0,0.0666667,0.145343,0,0.0666667,0.1565,0,0.0666667,0.265081,0,0.0666667,0.144166,0,0.0666667,0.233515,0,0.0666667,0.187891,0.5,0.4,0
1.25,4.5,1.87992,-2.99573,2.98685e-05,0.00252599,0.000838728,0.117528,True,empty floor,sound_similarity,0,0.0666667,0.240691,0,0.0666667,0.118506,0,0.0666667,0.271224,0,0.0666667,0.145343,0,0.0666667,0.1565,0,0.0666667,0.265081,0,0.0666667,0.144166,0,0.0666667,0.233515,0,0.0666667,0.187891,0.5,0.4,0
1.5,6.25,1.22574,-2.99573,2.88456e-05,0.00252599,0.000824241,0.117528,True,empty floor,sound_similarity,0,0.0666667,0.240691,0,0.0666667,0.118506,0,0.0666667,0.271224,0,0.0666667,0.145343,0,0.0666667,0.1565,0,0.0666667,0.265081,0,0.0666667,0.144166,0,0.0666667,0.233515,0,0.0666667,0.187891,0.5,0.4,0
-0.5,5.25,1.16363,-2.99573,2.88368e-05,0.00252599,0.000824116,0.117528,True,empty floor,sound_similarity,0,0.0666667,0.240691,0,0.0666667,0.118506,0,0.0666667,0.271224,0,0.0666667,0.145343,0,0.0666667,0.1565,0,0.0666667,0.265081,0,0.0666667,0.144166,0,0.0666667,0.233515,0,0.0666667,0.187891,0.5,0.4,0
-0.5,3.5,2.7262,-2.99573,2.87242e-05,0.00252599,0.000822505,0.117528,True,empty floor,sound_similarity,0,0.0666667,0.240691,0,0.0666667,0.118506,0,0.0666667,0.271224,0,0.0666667,0.145343,0,0.0666667,0.1565,0,0.0666667,0.265081,0,0.0666667,0.144166,0,0.0666667,0.233515,0,0.0666667,0.187891,0.5,0.4,0
1.5,7,1.50749,-2.99573,2.81632e-05,0.00252599,0.000814433,0.117528,True,empty floor,sound_similarity,0,0.0666667,0.240691,0,0.0666667,0.118506,0,0.0666667,0.271224,0,0.0666667,0.145343,0,0.0666667,0.1565,0,0.0666667,0.265081,0,0.0666667,0.144166,0,0.0666667,0.233515,0,0.0666667,0.187891,0.5,0.4,0
-2.25,3.25,3.82103,-2.99573,2.80108e-05,0.00252599,0.000812227,0.117528,True,empty floor,sound_similarity,0,0.0666667,0.240691,0,0.0666667,0.118506,0,0.0666667,0.271224,0,0.0666667,0.145343,0,0.0666667,0.1565,0,0.0666667,0.265081,0,0.0666667,0.144166,0,0.0666667,0.233515,0,0.0666667,0.187891,0.5,0.4,0
-1.5,5.75,1.81841,-2.99566,0.000110814,0.001263,0.00080776,0.0587639,True,empty floor,sound_similarity,0,0.0333333,0.240691,0,0.0333333,0.118506,0,0.0333333,0.271224,0,0.0333333,0.145343,0,0.0333333,0.1565,0,0.0333333,0.265081,0,0.0333333,0.144166,0,0.0333333,0.233515,0,0.0333333,0.187891,2,0.7,0
2,3.25,3.33766,-2.99573,2.76567e-05,0.00252599,0.000807076,0.117528,True,empty floor,sound_similarity,0,0.0666667,0.240691,0,0.0666667,0.118506,0,0.0666667,0.271224,0,0.0666667,0.145343,0,0.0666667,0.1565,0,0.0666667,0.265081,0,0.0666667,0.144166,0,0.0666667,0.233515,0,0.0666667,0.187891,0.5,0.4,0
-0.75,2.75,3.51648,-2.99573,2.73479e-05,0.00252599,0.000802558,0.117528,True,empty floor,sound_similarity,0,0.0666667,0.240691,0,0.0666667,0.118506,0,0.0666667,0.271224,0,0.0666667,0.145343,0,0.0666667,0.1565,0,0.0666667,0.265081,0,0.0666667,0.144166,0,0.0666667,0.233515,0,0.0666667,0.187891,0.5,0.4,0
-2,3.5,3.46821,-2.99573,2.67523e-05,0.00252599,0.00079377,0.117528,True,empty floor,sound_similarity,0,0.0666667,0.240691,0,0.0666667,0.118506,0,0.0666667,0.271224,0,0.0666667,0.145343,0,0.0666667,0.1565,0,0.0666667,0.265081,0,0.0666667,0.144166,0,0.0666667,0.233515,0,0.0666667,0.187891,0.5,0.4,0
-0.5,6,0.790019,-2.99547,0.000106135,0.001263,0.000790522,0.0587639,True,empty floor,sound_similarity,0,0.0333333,0.240691,0,0.0333333,0.118506,0,0.0333333,0.271224,0,0.0333333,0.145343,0,0.0333333,0.1565,0,0.0333333,0.265081,0,0.0333333,0.144166,0,0.0333333,0.233515,0,0.0333333,0.187891,2,0.7,0
-1,2,4.30686,-2.99573,2.65112e-05,0.00252599,0.000790185,0.117528,True,empty floor,sound_similarity,0,0.0666667,0.240691,0,0.0666667,0.118506,0,0.0666667,0.271224,0,0.0666667,0.145343,0,0.0666667,0.1565,0,0.0666667,0.265081,0,0.0666667,0.144166,0,0.0666667,0.233515,0,0.0666667,0.187891,0.5,0.4,0
1,5,1.32328,-2.99573,2.60152e-05,0.00252599,0.000782759,0.117528,True,empty floor,sound_similarity,0,0.0666667,0.240691,0,0.0666667,0.118506,0,0.0666667,0.271224,0,0.0666667,0.145343,0,0.0666667,0.1565,0,0.0666667,0.265081,0,0.0666667,0.144166,0,0.0666667,0.233515,0,0.0666667,0.187891,0.5,0.4,0
1.75,3.75,2.78064,-2.99573,2.54726e-05,0.00252599,0.000774553,0.117528,True,empty floor,sound_similarity,0,0.0666667,0.240691,0,0.0666667,0.118506,0,0.0666667,0.271224,0,0.0666667,0.145343,0,0.0666667,0.1565,0,0.0666667,0.265081,0,0.0666667,0.144166,0,0.0666667,0.233515,0,0.0666667,0.187891,0.5,0.4,0
-1.75,3.75,3.11554,-2.99573,2.53127e-05,0.00252599,0.000772118,0.117528,True,empty floor,sound_similarity,0,0.0666667,0.240691,0,0.0666667,0.118506,0,0.0666667,0.271224,0,0.0666667,0.145343,0,0.0666667,0.1565,0,0.0666667,0.265081,0,0.0666667,0.144166,0,0.0666667,0.233515,0,0.0666667,0.187891,0.5,0.4,0
1.5,5,1.64893,-2.99573,2.4684e-05,0.00252599,0.000762469,0.117528,True,empty floor,sound_similarity,0,0.0666667,0.240691,0,0.0666667,0.118506,0,0.0666667,0.271224,0,0.0666667,0.145343,0,0.0666667,0.1565,0,0.0666667,0.265081,0,0.0666667,0.144166,0,0.0666667,0.233515,0,0.0666667,0.187891,0.5,0.4,0
1.25,6.25,0.977748,-2.99573,2.44157e-05,0.00252599,0.000758314,0.117528,True,empty floor,sound_similarity,0,0.0666667,0.240691,0,0.0666667,0.118506,0,0.0666667,0.271224,0,0.0666667,0.145343,0,0.0666667,0.1565,0,0.0666667,0.265081,0,0.0666667,0.144166,0,0.0666667,0.233515,0,0.0666667,0.187891,0.5,0.4,0
-0.25,5.5,0.810672,-2.99573,2.44011e-05,0.00252599,0.000758087,0.117528,True,empty floor,sound_similarity,0,0.0666667,0.240691,0,0.0666667,0.118506,0,0.0666667,0.271224,0,0.0666667,0.145343,0,0.0666667,0.1565,0,0.0666667,0.265081,0,0.0666667,0.144166,0,0.0666667,0.233515,0,0.0666667,0.187891,0.5,0.4,0
0,5.25,0.906612,-2.99573,2.43046e-05,0.00252599,0.000756586,0.117528,True,empty floor,sound_similarity,0,0.0666667,0.240691,0,0.0666667,0.118506,0,0.0666667,0.271224,0,0.0666667,0.145343,0,0.0666667,0.1565,0,0.0666667,0.265081,0,0.0666667,0.144166,0,0.0666667,0.233515,0,0.0666667,0.187891,0.5,0.4,0
-1.75,5.75,2.06402,-2.99561,9.5427e-05,0.001263,0.000749584,0.0587639,True,empty floor,sound_similarity,0,0.0333333,0.240691,0,0.0333333,0.118506,0,0.0333333,0.271224,0,0.0333333,0.145343,0,0.0333333,0.1565,0,0.0333333,0.265081,0,0.0333333,0.144166,0,0.0333333,0.233515,0,0.0333333,0.187891,2,0.7,0
-0.25,4.5,1.69718,-2.99573,2.37563e-05,0.00252599,0.000748004,0.117528,True,empty floor,sound_similarity,0,0.0666667,0.240691,0,0.0666667,0.118506,0,0.0666667,0.271224,0,0.0666667,0.145343,0,0.0666667,0.1565,0,0.0666667,0.265081,0,0.0666667,0.144166,0,0.0666667,0.233515,0,0.0666667,0.187891,0.5,0.4,0
-1.5,4,2.76311,-2.99573,2.36589e-05,0.00252599,0.000746468,0.117528,True,empty floor,sound_similarity,0,0.0666667,0.240691,0,0.0666667,0.118506,0,0.0666667,0.271224,0,0.0666667,0.145343,0,0.0666667,0.1565,0,0.0666667,0.265081,0,0.0666667,0.144166,0,0.0666667,0.233515,0,0.0666667,0.187891,0.5,0.4,0
-0.5,3.75,2.48774,-2.99573,2.35527e-05,0.00252599,0.000744792,0.117528,True,empty floor,sound_similarity,0,0.0666667,0.240691,0,0.0666667,0.118506,0,0.0666667,0.271224,0,0.0666667,0.145343,0,0.0666667,0.1565,0,0.0666667,0.265081,0,0.0666667,0.144166,0,0.0666667,0.233515,0,0.0666667,0.187891,0.5,0.4,0
1.75,4.75,2.00218,-2.99573,2.34774e-05,0.00252599,0.000743601,0.117528,True,empty floor,sound_similarity,0,0.0666667,0.240691,0,0.0666667,0.118506,0,0.0666667,0.271224,0,0.0666667,0.145343,0,0.0666667,0.1565,0,0.0666667,0.265081,0,0.0666667,0.144166,0,0.0666667,0.233515,0,0.0666667,0.187891,0.5,0.4,0
-0.75,3,3.27831,-2.99573,2.34466e-05,0.00252599,0.000743112,0.117528,True,empty floor,sound_similarity,0,0.0666667,0.240691,0,0.0666667,0.118506,0,0.0666667,0.271224,0,0.0666667,0.145343,0,0.0666667,0.1565,0,0.0666667,0.265081,0,0.0666667,0.144166,0,0.0666667,0.233515,0,0.0666667,0.187891,0.5,0.4,0
-1,2.25,4.06888,-2.99573,2.33814e-05,0.00252599,0.000742078,0.117528,True,empty floor,sound_similarity,0,0.0666667,0.240691,0,0.0666667,0.118506,0,0.0666667,0.271224,0,0.0666667,0.145343,0,0.0666667,0.1565,0,0.0666667,0.265081,0,0.0666667,0.144166,0,0.0666667,0.233515,0,0.0666667,0.187891,0.5,0.4,0
-1.5,6.75,1.89299,-2.18139,9.21489e-05,0.001263,0.000736597,0.0587639,True,empty floor,sound_similarity,0,0.0333333,0.240691,0,0.0333333,0.118506,0,0.0333333,0.271224,0,0.0333333,0.145343,0,0.0333333,0.1565,0,0.0333333,0.265081,0,0.0333333,0.144166,0,0.0333333,0.233515,0,0.0333333,0.187891,2,0.7,0
1.5,4.25,2.22461,-2.99573,2.27152e-05,0.00252599,0.00073143,0.117528,True,empty floor,sound_similarity,0,0.0666667,0.240691,0,0.0666667,0.118506,0,0.0666667,0.271224,0,0.0666667,0.145343,0,0.0666667,0.1565,0,0.0666667,0.265081,0,0.0666667,0.144166,0,0.0666667,0.233515,0,0.0666667,0.187891,0.5,0.4,0
2,4.5,2.35552,-2.99573,2.26785e-05,0.00252599,0.000730839,0.117528,True,empty floor,sound_similarity,0,0.0666667,0.240691,0,0.0666667,0.118506,0,0.0666667,0.271224,0,0.0666667,0.145343,0,0.0666667,0.1565,0,0.0666667,0.265081,0,0.0666667,0.144166,0,0.0666667,0.233515,0,0.0666667,0.187891,0.5,0.4,0
-1.25,4.25,2.411,-2.99573,2.17555e-05,0.00252599,0.000715812,0.117528,True,empty floor,sound_similarity,0,0.0666667,0.240691,0,0.0666667,0.118506,0,0.0666667,0.271224,0,0.0666667,0.145343,0,0.0666667,0.1565,0,0.0666667,0.265081,0,0.0666667,0.144166,0,0.0666667,0.233515,0,0.0666667,0.187891,0.5,0.4,0
-2.25,3,4.01168,-2.99573,2.12256e-05,0.00252599,0.000707041,0.117528,True,empty floor,sound_similarity,0,0.0666667,0.240691,0,0.0666667,0.118506,0,0.0666667,0.271224,0,0.0666667,0.145343,0,0.0666667,0.1565,0,0.0666667,0.265081,0,0.0666667,0.144166,0,0.0666667,0.233515,0,0.0666667,0.187891,0.5,0.4,0
-2,5.75,2.31057,-2.99554,8.37944e-05,0.001263,0.000702412,0.0587639,True,empty floor,sound_similarity,0,0.0333333,0.240691,0,0.0333333,0.118506,0,0.0333333,0.271224,0,0.0333333,0.145343,0,0.0333333,0.1565,0,0.0333333,0.265081,0,0.0333333,0.144166,0,0.0333333,0.233515,0,0.0333333,0.187891,2,0.7,0
-1.25,1.75,4.62287,-2.99573,2.08729e-05,0.00252599,0.000701143,0.117528,True,empty floor,sound_similarity,0,0.0666667,0.240691,0,0.0666667,0.118506,0,0.0666667,0.271224,0,0.0666667,0.145343,0,0.0666667,0.1565,0,0.0666667,0.265081,0,0.0666667,0.144166,0,0.0666667,0.233515,0,0.0666667,0.187891,0.5,0.4,0
2,7.25,2.06086,-2.99573,2.07892e-05,0.00252599,0.000699735,0.117528,True,empty floor,sound_similarity,0,0.0666667,0.240691,0,0.0666667,0.118506,0,0.0666667,0.271224,0,0.0666667,0.145343,0,0.0666667,0.1565,0,0.0666667,0.265081,0,0.0666667,0.144166,0,0.0666667,0.233515,0,0.0666667,0.187891,0.5,0.4,0
-1,2.5,3.83242,-2.99573,2.04611e-05,0.00252599,0.000694191,0.117528,True,empty floor,sound_similarity,0,0.0666667,0.240691,0,0.0666667,0.118506,0,0.0666667,0.271224,0,0.0666667,0.145343,0,0.0666667,0.1565,0,0.0666667,0.265081,0,0.0666667,0.144166,0,0.0666667,0.233515,0,0.0666667,0.187891,0.5,0.4,0
0.75,5.5,0.770063,-2.99573,2.04268e-05,0.00252599,0.000693609,0.117528,True,empty floor,sound_similarity,0,0.0666667,0.240691,0,0.0666667,0.118506,0,0.0666667,0.271224,0,0.0666667,0.145343,0,0.0666667,0.1565,0,0.0666667,0.265081,0,0.0666667,0.144166,0,0.0666667,0.233515,0,0.0666667,0.187891,0.5,0.4,0
-2.25,7,2.68342,-2.22451,8.14082e-05,0.001263,0.000692339,0.0587639,True,empty floor,sound_similarity,0,0.0333333,0.240691,0,0.0333333,0.118506,0,0.0333333,0.271224,0,0.0333333,0.145343,0,0.0333333,0.1565,0,0.0333333,0.265081,0,0.0333333,0.144166,0,0.0333333,0.233515,0,0.0333333,0.187891,2,0.7,0
-2,3.25,3.66016,-2.99573,1.99316e-05,0.00252599,0.00068515,0.117528,True,empty floor,sound_similarity,0,0.0666667,0.240691,0,0.0666667,0.118506,0,0.0666667,0.271224,0,0.0666667,0.145343,0,0.0666667,0.1565,0,0.0666667,0.265081,0,0.0666667,0.144166,0,0.0666667,0.233515,0,0.0666667,0.187891,0.5,0.4,0
-0.75,3.25,3.04204,-2.99573,1.98651e-05,0.00252599,0.000684006,0.117528,True,empty floor,sound_similarity,0,0.0666667,0.240691,0,0.0666667,0.118506,0,0.0666667,0.271224,0,0.0666667,0.145343,0,0.0666667,0.1565,0,0.0666667,0.265081,0,0.0666667,0.144166,0,0.0666667,0.233515,0,0.0666667,0.187891,0.5,0.4,0
-0.75,6,1.03811,-2.99517,7.86298e-05,0.001263,0.000680421,0.0587639,True,empty floor,sound_similarity,0,0.0333333,0.240691,0,0.0333333,0.118506,0,0.0333333,0.271224,0,0.0333333,0.145343,0,0.0333333,0.1565,0,0.0333333,0.265081,0,0.0333333,0.144166,0,0.0333333,0.233515,0,0.0333333,0.187891,2,0.7,0
-1,4.5,2.05938,-2.99573,1.9575e-05,0.00252599,0.000678994,0.117528,True,empty floor,sound_similarity,0,0.0666667,0.240691,0,0.0666667,0.118506,0,0.0666667,0.271224,0,0.0666667,0.145343,0,0.0666667,0.1565,0,0.0666667,0.265081,0,0.0666667,0.144166,0,0.0666667,0.233515,0,0.0666667,0.187891,0.5,0.4,0
0.25,6.5,0.389717,-2.9663,1.94018e-05,0.00252599,0.000675983,0.117528,True,empty floor,sound_similarity,0,0.0666667,0.240691,0,0.0666667,0.118506,0,0.0666667,0.271224,0,0.0666667,0.145343,0,0.0666667,0.1565,0,0.0666667,0.265081,0,0.0666667,0.144166,0,0.0666667,0.233515,0,0.0666667,0.187891,0.5,0.4,0
1.25,4.75,1.67057,-2.99573,1.93699e-05,0.00252599,0.000675427,0.117528,True,empty floor,sound_similarity,0,0.0666667,0.240691,0,0.0666667,0.118506,0,0.0666667,0.271224,0,0.0666667,0.145343,0,0.0666667,0.1565,0,0.0666667,0.265081,0,0.0666667,0.144166,0,0.0666667,0.233515,0,0.0666667,0.187891,0.5,0.4,0
1.75,4,2.5717,-2.99573,1.91431e-05,0.00252599,0.000671461,0.117528,True,empty floor,sound_similarity,0,0.0666667,0.240691,0,0.0666667,0.118506,0,0.0666667,0.271224,0,0.0666667,0.145343,0,0.0666667,0.1565,0,0.0666667,0.265081,0,0.0666667,0.144166,0,0.0666667,0.233515,0,0.0666667,0.187891,0.5,0.4,0
-0.5,4,2.25179,-2.99573,1.89291e-05,0.00252599,0.000667697,0.117528,True,empty floor,sound_similarity,0,0.0666667,0.240691,0,0.0666667,0.118506,0,0.0666667,0.271224,0,0.0666667,0.145343,0,0.0666667,0.1565,0,0.0666667,0.265081,0,0.0666667,0.144166,0,0.0666667,0.233515,0,0.0666667,0.187891,0.5,0.4,0
-2.25,5.75,2.55779,-2.99547,7.48882e-05,0.001263,0.000664036,0.0587639,True,empty floor,sound_similarity,0,0.0333333,0.240691,0,0.0333333,0.118506,0,0.0333333,0.271224,0,0.0333333,0.145343,0,0.0333333,0.1565,0,0.0333333,0.265081,0,0.0333333,0.144166,0,0.0333333,0.233515,0,0.0333333,0.187891,2,0.7,0
-1.25,2,4.38778,-2.99573,1.85996e-05,0.00252599,0.000661861,0.117528,True,empty floor,sound_similarity,0,0.0666667,0.240691,0,0.0666667,0.118506,0,0.0666667,0.271224,0,0.0666667,0.145343,0,0.0666667,0.1565,0,0.0666667,0.265081,0,0.0666667,0.144166,0,0.0666667,0.233515,0,0.0666667,0.187891,0.5,0.4,0
-1.75,3.5,3.30906,-2.99573,1.85399e-05,0.00252599,0.000660798,0.117528,True,empty floor,sound_similarity,0,0.0666667,0.240691,0,0.0666667,0.118506,0,0.0666667,0.271224,0,0.0666667,0.145343,0,0.0666667,0.1565,0,0.0666667,0.265081,0,0.0666667,0.144166,0,0.0666667,0.233515,0,0.0666667,0.187891,0.5,0.4,0
-1,2.75,3.5978,-2.99573,1.78241e-05,0.00252599,0.000647915,0.117528,True,empty floor,sound_similarity,0,0.0666667,0.240691,0,0.0666667,0.118506,0,0.0666667,0.271224,0,0.0666667,0.145343,0,0.0666667,0.1565,0,0.0666667,0.265081,0,0.0666667,0.144166,0,0.0666667,0.233515,0,0.0666667,0.187891,0.5,0.4,0
0,5.75,0.458626,-2.99573,1.75051e-05,0.00252599,0.000642092,0.117528,True,empty floor,sound_similarity,0,0.0666667,0.240691,0,0.0666667,0.118506,0,0.0666667,0.271224,0,0.0666667,0.145343,0,0.0666667,0.1565,0,0.0666667,0.265081,0,0.0666667,0.144166,0,0.0666667,0.233515,0,0.0666667,0.187891,0.5,0.4,0
-0.25,4.75,1.46188,-2.99573,1.72666e-05,0.00252599,0.000637703,0.117528,True,empty floor,sound_similarity,0,0.0666667,0.240691,0,0.0666667,0.118506,0,0.0666667,0.271224,0,0.0666667,0.145343,0,0.0666667,0.1565,0,0.0666667,0.265081,0,0.0666667,0.144166,0,0.0666667,0.233515,0,0.0666667,0.187891,0.5,0.4,0
-0.75,4.75,1.70857,-2.99573,1.71262e-05,0.00252599,0.000635104,0.117528,True,empty floor,sound_similarity,0,0.0666667,0.240691,0,0.0666667,0.118506,0,0.0666667,0.271224,0,0.0666667,0.145343,0,0.0666667,0.1565,0,0.0666667,0.265081,0,0.0666667,0.144166,0,0.0666667,0.233515,0,0.0666667,0.187891,0.5,0.4,0
-1.5,3.75,2.95856,-2.99573,1.70616e-05,0.00252599,0.000633905,0.117528,True,empty floor,sound_similarity,0,0.0666667,0.240691,0,0.0666667,0.118506,0,0.0666667,0.271224,0,0.0666667,0.145343,0,0.0666667,0.1565,0,0.0666667,0.265081,0,0.0666667,0.144166,0,0.0666667,0.233515,0,0.0666667,0.187891,0.5,0.4,0
-2.25,2.75,4.20855,-2.99573,1.70348e-05,0.00252599,0.000633408,0.117528,True,empty floor,sound_similarity,0,0.0666667,0.240691,0,0.0666667,0.118506,0,0.0666667,0.271224,0,0.0666667,0.145343,0,0.0666667,0.1565,0,0.0666667,0.265081,0,0.0666667,0.144166,0,0.0666667,0.233515,0,0.0666667,0.187891,0.5,0.4,0
1.5,4.5,2.02004,-2.99573,1.68116e-05,0.00252599,0.000629243,0.117528,True,empty floor,sound_similarity,0,0.0666667,0.240691,0,0.0666667,0.118506,0,0.0666667,0.271224,0,0.0666667,0.145343,0,0.0666667,0.1565,0,0.0666667,0.265081,0,0.0666667,0.144166,0,0.0666667,0.233515,0,0.0666667,0.187891,0.5,0.4,0
-0.75,3.5,2.80815,-2.99573,1.67446e-05,0.00252599,0.000627988,0.117528,True,empty floor,sound_similarity,0,0.0666667,0.240691,0,0.0666667,0.118506,0,0.0666667,0.271224,0,0.0666667,0.145343,0,0.0666667,0.1565,0,0.0666667,0.265081,0,0.0666667,0.144166,0,0.0666667,0.233515,0,0.0666667,0.187891,0.5,0.4,0
1,5.25,1.1215,-2.99573,1.66873e-05,0.00252599,0.000626913,0.117528,True,empty floor,sound_similarity,0,0.0666667,0.240691,0,0.0666667,0.118506,0,0.0666667,0.271224,0,0.0666667,0.145343,0,0.0666667,0.1565,0,0.0666667,0.265081,0,0.0666667,0.144166,0,0.0666667,0.233515,0,0.0666667,0.187891,0.5,0.4,0
-1.25,2.25,4.15443,-2.99573,1.65632e-05,0.00252599,0.000624578,0.117528,True,empty floor,sound_similarity,0,0.0666667,0.240691,0,0.0666667,0.118506,0,0.0666667,0.271224,0,0.0666667,0.145343,0,0.0666667,0.1565,0,0.0666667,0.265081,0,0.0666667,0.144166,0,0.0666667,0.233515,0,0.0666667,0.187891,0.5,0.4,0
2,4.25,2.53314,-2.99573,1.6317e-05,0.00252599,0.000619918,0.117528,True,empty floor,sound_similarity,0,0.0666667,0.240691,0,0.0666667,0.118506,0,0.0666667,0.271224,0,0.0666667,0.145343,0,0.0666667,0.1565,0,0.0666667,0.265081,0,0.0666667,0.144166,0,0.0666667,0.233515,0,0.0666667,0.187891,0.5,0.4,0
1.75,7,1.7158,-2.99573,1.61541e-05,0.00252599,0.000616816,0.117528,True,empty floor,sound_similarity,0,0.0666667,0.240691,0,0.0666667,0.118506,0,0.0666667,0.271224,0,0.0666667,0.145343,0,0.0666667,0.1565,0,0.0666667,0.265081,0,0.0666667,0.144166,0,0.0666667,0.233515,0,0.0666667,0.187891,0.5,0.4,0
-2,3,3.85876,-2.99573,1.59483e-05,0.00252599,0.000612875,0.117528,True,empty floor,sound_similarity,0,0.0666667,0.240691,0,0.0666667,0.118506,0,0.0666667,0.271224,0,0.0666667,0.145343,0,0.0666667,0.1565,0,0.0666667,0.265081,0,0.0666667,0.144166,0,0.0666667,0.233515,0,0.0666667,0.187891,0.5,0.4,0
-1,6,1.28694,-2.99485,6.336e-05,0.001263,0.00061079,0.0587639,True,empty floor,sound_similarity,0,0.0333333,0.240691,0,0.0333333,0.118506,0,0.0333333,0.271224,0,0.0333333,0.145343,0,0.0333333,0.1565,0,0.0333333,0.265081,0,0.0333333,0.144166,0,0.0333333,0.233515,0,0.0333333,0.187891,2,0.7,0
-1.5,1.75,4.71163,-2.99573,1.57214e-05,0.00252599,0.0006085,0.117528,True,empty floor,sound_similarity,0,0.0666667,0.240691,0,0.0666667,0.118506,0,0.0666667,0.271224,0,0.0666667,0.145343,0,0.0666667,0.1565,0,0.0666667,0.265081,0,0.0666667,0.144166,0,0.0666667,0.233515,0,0.0666667,0.187891,0.5,0.4,0
-1,3,3.36539,-2.99573,1.55489e-05,0.00252599,0.000605151,0.117528,True,empty floor,sound_similarity,0,0.0666667,0.240691,0,0.0666667,0.118506,0,0.0666667,0.271224,0,0.0666667,0.145343,0,0.0666667,0.1565,0,0.0666667,0.265081,0,0.0666667,0.144166,0,0.0666667,0.233515,0,0.0666667,0.187891,0.5,0.4,0
-1.25,4,2.60887,-2.99573,1.55279e-05,0.00252599,0.000604744,0.117528,True,empty floor,sound_similarity,0,0.0666667,0.240691,0,0.0666667,0.118506,0,0.0666667,0.271224,0,0.0666667,0.145343,0,0.0666667,0.1565,0,0.0666667,0.265081,0,0.0666667,0.144166,0,0.0666667,0.233515,0,0.0666667,0.187891,0.5,0.4,0
0.5,6.25,0.258137,-2.99573,1.5386e-05,0.00252599,0.000601973,0.117528,True,empty floor,sound_similarity,0,0.0666667,0.240691,0,0.0666667,0.118506,0,0.0666667,0.271224,0,0.0666667,0.145343,0,0.0666667,0.1565,0,0.0666667,0.265081,0,0.0666667,0.144166,0,0.0666667,0.233515,0,0.0666667,0.187891,0.5,0.4,0
2,4,2.72215,-2.99573,1.52368e-05,0.00252599,0.000599049,0.117528,True,empty floor,sound_similarity,0,0.0666667,0.240691,0,0.0666667,0.118506,0,0.0666667,0.271224,0,0.0666667,0.145343,0,0.0666667,0.1565,0,0.0666667,0.265081,0,0.0666667,0.144166,0,0.0666667,0.233515,0,0.0666667,0.187891,0.5,0.4,0
-0.5,4.25,2.01922,-2.99573,1.51762e-05,0.00252599,0.000597856,0.117528,True,empty floor,sound_similarity,0,0.0666667,0.240691,0,0.0666667,0.118506,0,0.0666667,0.271224,0,0.0666667,0.145343,0,0.0666667,0.1565,0,0.0666667,0.265081,0,0.0666667,0.144166,0,0.0666667,0.233515,0,0.0666667,0.187891,0.5,0.4,0
-0.5,5,1.35917,-2.99573,1.45405e-05,0.00252599,0.000585199,0.117528,True,empty floor,sound_similarity,0,0.0666667,0.240691,0,0.0666667,0.118506,0,0.0666667,0.271224,0,0.0666667,0.145343,0,0.0666667,0.1565,0,0.0666667,0.265081,0,0.0666667,0.144166,0,0.0666667,0.233515,0,0.0666667,0.187891,0.5,0.4,0
-2.25,2.5,4.41081,-2.99573,1.44876e-05,0.00252599,0.000584135,0.117528,True,empty floor,sound_similarity,0,0.0666667,0.240691,0,0.0666667,0.118506,0,0.0666667,0.271224,0,0.0666667,0.145343,0,0.0666667,0.1565,0,0.0666667,0.265081,0,0.0666667,0.144166,0,0.0666667,0.233515,0,0.0666667,0.187891,0.5,0.4,0
-1.5,2,4.4812,-2.99573,1.43168e-05,0.00252599,0.000580681,0.117528,True,empty floor,sound_similarity,0,0.0666667,0.240691,0,0.0666667,0.118506,0,0.0666667,0.271224,0,0.0666667,0.145343,0,0.0666667,0.1565,0,0.0666667,0.265081,0,0.0666667,0.144166,0,0.0666667,0.233515,0,0.0666667,0.187891,0.5,0.4,0
2,6.5,1.76126,-2.99573,1.42416e-05,0.00252599,0.000579154,0.117528,True,empty floor,sound_similarity,0,0.0666667,0.240691,0,0.0666667,0.118506,0,0.0666667,0.271224,0,0.0666667,0.145343,0,0.0666667,0.1565,0,0.0666667,0.265081,0,0.0666667,0.144166,0,0.0666667,0.233515,0,0.0666667,0.187891,0.5,0.4,0
-0.75,3.75,2.57729,-2.99573,1.42368e-05,0.00252599,0.000579057,0.117528,True,empty floor,sound_similarity,0,0.0666667,0.240691,0,0.0666667,0.118506,0,0.0666667,0.271224,0,0.0666667,0.145343,0,0.0666667,0.1565,0,0.0666667,0.265081,0,0.0666667,0.144166,0,0.0666667,0.233515,0,0.0666667,0.187891,0.5,0.4,0
-1,4.25,2.26039,-2.99573,1.40106e-05,0.00252599,0.000574437,0.117528,True,empty floor,sound_similarity,0,0.0666667,0.240691,0,0.0666667,0.118506,0,0.0666667,0.271224,0,0.0666667,0.145343,0,0.0666667,0.1565,0,0.0666667,0.265081,0,0.0666667,0.144166,0,0.0666667,0.233515,0,0.0666667,0.187891,0.5,0.4,0
0,5.5,0.673529,-2.99573,1.38478e-05,0.00252599,0.00057109,0.117528,True,empty floor,sound_similarity,0,0.0666667,0.240691,0,0.0666667,0.118506,0,0.0666667,0.271224,0,0.0666667,0.145343,0,0.0666667,0.1565,0,0.0666667,0.265081,0,0.0666667,0.144166,0,0.0666667,0.233515,0,0.0666667,0.187891,0.5,0.4,0
-1.5,3.5,3.1617,-2.99573,1.37917e-05,0.00252599,0.000569933,0.117528,True,empty floor,sound_similarity,0,0.0666667,0.240691,0,0.0666667,0.118506,0,0.0666667,0.271224,0,0.0666667,0.145343,0,0.0666667,0.1565,0,0.0666667,0.265081,0,0.0666667,0.144166,0,0.0666667,0.233515,0,0.0666667,0.187891,0.5,0.4,0
-1,3.25,3.13569,-2.99573,1.37172e-05,0.00252599,0.000568391,0.117528,True,empty floor,sound_similarity,0,0.0666667,0.240691,0,0.0666667,0.118506,0,0.0666667,0.271224,0,0.0666667,0.145343,0,0.0666667,0.1565,0,0.0666667,0.265081,0,0.0666667,0.144166,0,0.0666667,0.233515,0,0.0666667,0.187891,0.5,0.4,0
-2,2.75,4.06305,-2.99573,1.36724e-05,0.00252599,0.000567462,0.117528,True,empty floor,sound_similarity,0,0.0666667,0.240691,0,0.0666667,0.118506,0,0.0666667,0.271224,0,0.0666667,0.145343,0,0.0666667,0.1565,0,0.0666667,0.265081,0,0.0666667,0.144166,0,0.0666667,0.233515,0,0.0666667,0.187891,0.5,0.4,0
-1.25,6,1.53616,-2.99455,5.40973e-05,0.001263,0.000564381,0.0587639,True,empty floor,sound_similarity,0,0.0333333,0.240691,0,0.0333333,0.118506,0,0.0333333,0.271224,0,0.0333333,0.145343,0,0.0333333,0.1565,0,0.0333333,0.265081,0,0.0333333,0.144166,0,0.0333333,0.233515,0,0.0333333,0.187891,2,0.7,0
-1.25,2.75,3.69428,-2.99573,1.33918e-05,0.00252599,0.000561609,0.117528,True,empty floor,sound_similarity,0,0.0666667,0.240691,0,0.0666667,0.118506,0,0.0666667,0.271224,0,0.0666667,0.145343,0,0.0666667,0.1565,0,0.0666667,0.265081,0,0.0666667,0.144166,0,0.0666667,0.233515,0,0.0666667,0.187891,0.5,0.4,0
-1.5,2.25,4.25298,-2.99573,1.31706e-05,0.00252599,0.000556951,0.117528,True,empty floor,sound_similarity,0,0.0666667,0.240691,0,0.0666667,0.118506,0,0.0666667,0.271224,0,0.0666667,0.145343,0,0.0666667,0.1565,0,0.0666667,0.265081,0,0.0666667,0.144166,0,0.0666667,0.233515,0,0.0666667,0.187891,0.5,0.4,0
-1.75,1.75,4.81176,-2.99573,1.30112e-05,0.00252599,0.000553571,0.117528,True,empty floor,sound_similarity,0,0.0666667,0.240691,0,0.0666667,0.118506,0,0.0666667,0.271224,0,0.0666667,0.145343,0,0.0666667,0.1565,0,0.0666667,0.265081,0,0.0666667,0.144166,0,0.0666667,0.233515,0,0.0666667,0.187891,0.5,0.4,0
-2.25,2.25,4.61774,-2.99573,1.29793e-05,0.00252599,0.000552891,0.117528,True,empty floor,sound_similarity,0,0.0666667,0.240691,0,0.0666667,0.118506,0,0.0666667,0.271224,0,0.0666667,0.145343,0,0.0666667,0.1565,0,0.0666667,0.265081,0,0.0666667,0.144166,0,0.0666667,0.233515,0,0.0666667,0.187891,0.5,0.4,0
-0.25,5,1.23239,-2.99573,1.29513e-05,0.00252599,0.000552295,0.117528,True,empty floor,sound_similarity,0,0.0666667,0.240691,0,0.0666667,0.118506,0,0.0666667,0.271224,0,0.0666667,0.145343,0,0.0666667,0.1565,0,0.0666667,0.265081,0,0.0666667,0.144166,0,0.0666667,0.233515,0,0.0666667,0.187891,0.5,0.4,0
0.75,6.25,0.487941,-2.99573,1.29316e-05,0.00252599,0.000551874,0.117528,True,empty floor,sound_similarity,0,0.0666667,0.240691,0,0.0666667,0.118506,0,0.0666667,0.271224,0,0.0666667,0.145343,0,0.0666667,0.1565,0,0.0666667,0.265081,0,0.0666667,0.144166,0,0.0666667,0.233515,0,0.0666667,0.187891,0.5,0.4,0
-1.25,3.75,2.81505,-2.99573,1.28245e-05,0.00252599,0.000549585,0.117528,True,empty floor,sound_similarity,0,0.0666667,0.240691,0,0.0666667,0.118506,0,0.0666667,0.271224,0,0.0666667,0.145343,0,0.0666667,0.1565,0,0.0666667,0.265081,0,0.0666667,0.144166,0,0.0666667,0.233515,0,0.0666667,0.187891,0.5,0.4,0
1,6.5,0.816232,-2.99573,1.27083e-05,0.00252599,0.000547089,0.117528,True,empty floor,sound_similarity,0,0.0666667,0.240691,0,0.0666667,0.118506,0,0.0666667,0.271224,0,0.0666667,0.145343,0,0.0666667,0.1565,0,0.0666667,0.265081,0,0.0666667,0.144166,0,0.0666667,0.233515,0,0.0666667,0.187891,0.5,0.4,0
-0.75,4.5,1.91377,-2.99573,1.26666e-05,0.00252599,0.000546191,0.117528,True,empty floor,sound_similarity,0,0.0666667,0.240691,0,0.0666667,0.118506,0,0.0666667,0.271224,0,0.0666667,0.145343,0,0.0666667,0.1565,0,0.0666667,0.265081,0,0.0666667,0.144166,0,0.0666667,0.233515,0,0.0666667,0.187891,0.5,0.4,0
-0.5,4.5,1.79135,-2.99573,1.26538e-05,0.00252599,0.000545915,0.117528,True,empty floor,sound_similarity,0,0.0666667,0.240691,0,0.0666667,0.118506,0,0.0666667,0.271224,0,0.0666667,0.145343,0,0.0666667,0.1565,0,0.0666667,0.265081,0,0.0666667,0.144166,0,0.0666667,0.233515,0,0.0666667,0.187891,0.5,0.4,0
-0.75,4,2.35034,-2.99573,1.25065e-05,0.00252599,0.000542728,0.117528,True,empty floor,sound_similarity,0,0.0666667,0.240691,0,0.0666667,0.118506,0,0.0666667,0.271224,0,0.0666667,0.145343,0,0.0666667,0.1565,0,0.0666667,0.265081,0,0.0666667,0.144166,0,0.0666667,0.233515,0,0.0666667,0.187891,0.5,0.4,0
1.75,6.5,1.51842,-2.99573,1.24879e-05,0.00252599,0.000542325,0.117528,True,empty floor,sound_similarity,0,0.0666667,0.240691,0,0.0666667,0.118506,0,0.0666667,0.271224,0,0.0666667,0.145343,0,0.0666667,0.1565,0,0.0666667,0.265081,0,0.0666667,0.144166,0,0.0666667,0.233515,0,0.0666667,0.187891,0.5,0.4,0
-2,2.5,4.2722,-2.99573,1.24311e-05,0.00252599,0.00054109,0.117528,True,empty floor,sound_similarity,0,0.0666667,0.240691,0,0.0666667,0.118506,0,0.0666667,0.271224,0,0.0666667,0.145343,0,0.0666667,0.1565,0,0.0666667,0.265081,0,0.0666667,0.144166,0,0.0666667,0.233515,0,0.0666667,0.187891,0.5,0.4,0
-1,3.5,2.90934,-2.99573,1.24188e-05,0.00252599,0.000540822,0.117528,True,empty floor,sound_similarity,0,0.0666667,0.240691,0,0.0666667,0.118506,0,0.0666667,0.271224,0,0.0666667,0.145343,0,0.0666667,0.1565,0,0.0666667,0.265081,0,0.0666667,0.144166,0,0.0666667,0.233515,0,0.0666667,0.187891,0.5,0.4,0
-0.25,5.25,1.01267,-2.99573,1.23754e-05,0.00252599,0.000539876,0.117528,True,empty floor,sound_similarity,0,0.0666667,0.240691,0,0.0666667,0.118506,0,0.0666667,0.271224,0,0.0666667,0.145343,0,0.0666667,0.1565,0,0.0666667,0.265081,0,0.0666667,0.144166,0,0.0666667,0.233515,0,0.0666667,0.187891,0.5,0.4,0
-1.25,3,3.46835,-2.99573,1.23607e-05,0.00252599,0.000539555,0.117528,True,empty floor,sound_similarity,0,0.0666667,0.240691,0,0.0666667,0.118506,0,0.0666667,0.271224,0,0.0666667,0.145343,0,0.0666667,0.1565,0,0.0666667,0.265081,0,0.0666667,0.144166,0,0.0666667,0.233515,0,0.0666667,0.187891,0.5,0.4,0
1.5,6.75,1.37508,-2.99573,1.2343e-05,0.00252599,0.000539168,0.117528,True,empty floor,sound_similarity,0,0.0666667,0.240691,0,0.0666667,0.118506,0,0.0666667,0.271224,0,0.0666667,0.145343,0,0.0666667,0.1565,0,0.0666667,0.265081,0,0.0666667,0.144166,0,0.0666667,0.233515,0,0.0666667,0.187891,0.5,0.4,0
-1.5,2.5,4.02735,-2.99573,1.23193e-05,0.00252599,0.000538651,0.117528,True,empty floor,sound_similarity,0,0.0666667,0.240691,0,0.0666667,0.118506,0,0.0666667,0.271224,0,0.0666667,0.145343,0,0.0666667,0.1565,0,0.0666667,0.265081,0,0.0666667,0.144166,0,0.0666667,0.233515,0,0.0666667,0.187891,0.5,0.4,0
-1.75,2,4.58636,-2.99573,1.22884e-05,0.00252599,0.000537975,0.117528,True,empty floor,sound_similarity,0,0.0666667,0.240691,0,0.0666667,0.118506,0,0.0666667,0.271224,0,0.0666667,0.145343,0,0.0666667,0.1565,0,0.0666667,0.265081,0,0.0666667,0.144166,0,0.0666667,0.233515,0,0.0666667,0.187891,0.5,0.4,0
-1.5,3.25,3.37115,-2.99573,1.22772e-05,0.00252599,0.00053773,0.117528,True,empty floor,sound_similarity,0,0.0666667,0.240691,0,0.0666667,0.118506,0,0.0666667,0.271224,0,0.0666667,0.145343,0,0.0666667,0.1565,0,0.0666667,0.265081,0,0.0666667,0.144166,0,0.0666667,0.233515,0,0.0666667,0.187891,0.5,0.4,0
2,7,1.93402,-2.99573,1.21997e-05,0.00252599,0.000536029,0.117528,True,empty floor,sound_similarity,0,0.0666667,0.240691,0,0.0666667,0.118506,0,0.0666667,0.271224,0,0.0666667,0.145343,0,0.0666667,0.1565,0,0.0666667,0.265081,0,0.0666667,0.144166,0,0.0666667,0.233515,0,0.0666667,0.187891,0.5,0.4,0
-2.25,2,4.82875,-2.99573,1.21408e-05,0.00252599,0.000534735,0.117528,True,empty floor,sound_similarity,0,0.0666667,0.240691,0,0.0666667,0.118506,0,0.0666667,0.271224,0,0.0666667,0.145343,0,0.0666667,0.1565,0,0.0666667,0.265081,0,0.0666667,0.144166,0,0.0666667,0.233515,0,0.0666667,0.187891,0.5,0.4,0
-1,4,2.47036,-2.99573,1.20728e-05,0.00252599,0.000533234,0.117528,True,empty floor,sound_similarity,0,0.0666667,0.240691,0,0.0666667,0.118506,0,0.0666667,0.271224,0,0.0666667,0.145343,0,0.0666667,0.1565,0,0.0666667,0.265081,0,0.0666667,0.144166,0,0.0666667,0.233515,0,0.0666667,0.187891,0.5,0.4,0
-1.5,6,1.78559,-2.99427,4.80257e-05,0.001263,0.000531767,0.0587639,True,empty floor,sound_similarity,0,0.0333333,0.240691,0,0.0333333,0.118506,0,0.0333333,0.271224,0,0.0333333,0.145343,0,0.0333333,0.1565,0,0.0333333,0.265081,0,0.0333333,0.144166,0,0.0333333,0.233515,0,0.0333333,0.187891,2,0.7,0
-0.5,4.75,1.57024,-2.99573,1.18768e-05,0.00252599,0.000528889,0.117528,True,empty floor,sound_similarity,0,0.0666667,0.240691,0,0.0666667,0.118506,0,0.0666667,0.271224,0,0.0666667,0.145343,0,0.0666667,0.1565,0,0.0666667,0.265081,0,0.0666667,0.144166,0,0.0666667,0.233515,0,0.0666667,0.187891,0.5,0.4,0
-2,1.75,4.92256,-2.99573,1.18497e-05,0.00252599,0.000528285,0.117528,True,empty floor,sound_similarity,0,0.0666667,0.240691,0,0.0666667,0.118506,0,0.0666667,0.271224,0,0.0666667,0.145343,0,0.0666667,0.1565,0,0.0666667,0.265081,0,0.0666667,0.144166,0,0.0666667,0.233515,0,0.0666667,0.187891,0.5,0.4,0
-2,2.25,4.48553,-2.99573,1.18405e-05,0.00252599,0.000528079,0.117528,True,empty floor,sound_similarity,0,0.0666667,0.240691,0,0.0666667,0.118506,0,0.0666667,0.271224,0,0.0666667,0.145343,0,0.0666667,0.1565,0,0.0666667,0.265081,0,0.0666667,0.144166,0,0.0666667,0.233515,0,0.0666667,0.187891,0.5,0.4,0
-1.25,3.5,3.02784,-2.99573,1.184e-05,0.00252599,0.000528069,0.117528,True,empty floor,sound_similarity,0,0.0666667,0.240691,0,0.0666667,0.118506,0,0.0666667,0.271224,0,0.0666667,0.145343,0,0.0666667,0.1565,0,0.0666667,0.265081,0,0.0666667,0.144166,0,0.0666667,0.233515,0,0.0666667,0.187891,0.5,0.4,0
-1.75,2.25,4.36365,-2.99573,1.18323e-05,0.00252599,0.000527897,0.117528,True,empty floor,sound_similarity,0,0.0666667,0.240691,0,0.0666667,0.118506,0,0.0666667,0.271224,0,0.0666667,0.145343,0,0.0666667,0.1565,0,0.0666667,0.265081,0,0.0666667,0.144166,0,0.0666667,0.233515,0,0.0666667,0.187891,0.5,0.4,0
-1.5,2.75,3.80477,-2.99573,1.18136e-05,0.00252599,0.000527479,0.117528,True,empty floor,sound_similarity,0,0.0666667,0.240691,0,0.0666667,0.118506,0,0.0666667,0.271224,0,0.0666667,0.145343,0,0.0666667,0.1565,0,0.0666667,0.265081,0,0.0666667,0.144166,0,0.0666667,0.233515,0,0.0666667,0.187891,0.5,0.4,0
-1.25,3.25,3.24594,-2.99573,1.17949e-05,0.00252599,0.000527061,0.117528,True,empty floor,sound_similarity,0,0.0666667,0.240691,0,0.0666667,0.118506,0,0.0666667,0.271224,0,0.0666667,0.145343,0,0.0666667,0.1565,0,0.0666667,0.265081,0,0.0666667,0.144166,0,0.0666667,0.233515,0,0.0666667,0.187891,0.5,0.4,0
-0.75,4.25,2.12857,-2.99573,1.1788e-05,0.00252599,0.000526908,0.117528,True,empty floor,sound_similarity,0,0.0666667,0.240691,0,0.0666667,0.118506,0,0.0666667,0.271224,0,0.0666667,0.145343,0,0.0666667,0.1565,0,0.0666667,0.265081,0,0.0666667,0.144166,0,0.0666667,0.233515,0,0.0666667,0.187891,0.5,0.4,0
-1,3.75,2.68718,-2.99573,1.17811e-05,0.00252599,0.000526753,0.117528,True,empty floor,sound_similarity,0,0.0666667,0.240691,0,0.0666667,0.118506,0,0.0666667,0.271224,0,0.0666667,0.145343,0,0.0666667,0.1565,0,0.0666667,0.265081,0,0.0666667,0.144166,0,0.0666667,0.233515,0,0.0666667,0.187891,0.5,0.4,0
-2.25,1.75,5.04333,-2.99573,1.17528e-05,0.00252599,0.000526121,0.117528,True,empty floor,sound_similarity,0,0.0666667,0.240691,0,0.0666667,0.118506,0,0.0666667,0.271224,0,0.0666667,0.145343,0,0.0666667,0.1565,0,0.0666667,0.265081,0,0.0666667,0.144166,0,0.0666667,0.233515,0,0.0666667,0.187891,0.5,0.4,0
-1.5,3,3.5858,-2.99573,1.1741e-05,0.00252599,0.000525857,0.117528,True,empty floor,sound_similarity,0,0.0666667,0.240691,0,0.0666667,0.118506,0,0.0666667,0.271224,0,0.0666667,0.145343,0,0.0666667,0.1565,0,0.0666667,0.265081,0,0.0666667,0.144166,0,0.0666667,0.233515,0,0.0666667,0.187891,0.5,0.4,0
-1.75,2.5,4.14405,-2.99573,1.16999e-05,0.00252599,0.000524936,0.117528,True,empty floor,sound_similarity,0,0.0666667,0.240691,0,0.0666667,0.118506,0,0.0666667,0.271224,0,0.0666667,0.145343,0,0.0666667,0.1565,0,0.0666667,0.265081,0,0.0666667,0.144166,0,0.0666667,0.233515,0,0.0666667,0.187891,0.5,0.4,0
-2,2,4.70248,-2.99573,1.16862e-05,0.00252599,0.000524628,0.117528,True,empty floor,sound_similarity,0,0.0666667,0.240691,0,0.0666667,0.118506,0,0.0666667,0.271224,0,0.0666667,0.145343,0,0.0666667,0.1565,0,0.0666667,0.265081,0,0.0666667,0.144166,0,0.0666667,0.233515,0,0.0666667,0.187891,0.5,0.4,0
-1.75,6.75,2.13001,-2.42554,4.64411e-05,0.001263,0.000522921,0.0587639,True,empty floor,sound_similarity,0,0.0333333,0.240691,0,0.0333333,0.118506,0,0.0333333,0.271224,0,0.0333333,0.145343,0,0.0333333,0.1565,0,0.0333333,0.265081,0,0.0333333,0.144166,0,0.0333333,0.233515,0,0.0333333,0.187891,2,0.7,0
1.5,6.5,1.27833,-2.99573,1.11083e-05,0.00252599,0.000511491,0.117528,True,empty floor,sound_similarity,0,0.0666667,0.240691,0,0.0666667,0.118506,0,0.0666667,0.271224,0,0.0666667,0.145343,0,0.0666667,0.1565,0,0.0666667,0.265081,0,0.0666667,0.144166,0,0.0666667,0.233515,0,0.0666667,0.187891,0.5,0.4,0
-1.75,6,2.03516,-2.99402,4.37958e-05,0.001263,0.00050781,0.0587639,True,empty floor,sound_similarity,0,0.0333333,0.240691,0,0.0333333,0.118506,0,0.0333333,0.271224,0,0.0333333,0.145343,0,0.0333333,0.1565,0,0.0333333,0.265081,0,0.0333333,0.144166,0,0.0333333,0.233515,0,0.0333333,0.187891,2,0.7,0
1.75,6.75,1.60071,-2.99573,1.06626e-05,0.00252599,0.000501125,0.117528,True,empty floor,sound_similarity,0,0.0666667,0.240691,0,0.0666667,0.118506,0,0.0666667,0.271224,0,0.0666667,0.145343,0,0.0666667,0.1565,0,0.0666667,0.265081,0,0.0666667,0.144166,0,0.0666667,0.233515,0,0.0666667,0.187891,0.5,0.4,0
1.25,6.5,1.04292,-2.99573,1.05262e-05,0.00252599,0.000497908,0.117528,True,empty floor,sound_similarity,0,0.0666667,0.240691,0,0.0666667,0.118506,0,0.0666667,0.271224,0,0.0666667,0.145343,0,0.0666667,0.1565,0,0.0666667,0.265081,0,0.0666667,0.144166,0,0.0666667,0.233515,0,0.0666667,0.187891,0.5,0.4,0
2,6.75,1.83269,-2.99573,1.04773e-05,0.00252599,0.000496752,0.117528,True,empty floor,sound_similarity,0,0.0666667,0.240691,0,0.0666667,0.118506,0,0.0666667,0.271224,0,0.0666667,0.145343,0,0.0666667,0.1565,0,0.0666667,0.265081,0,0.0666667,0.144166,0,0.0666667,0.233515,0,0.0666667,0.187891,0.5,0.4,0
-2,6,2.28482,-2.99379,4.07058e-05,0.001263,0.000489568,0.0587639,True,empty floor,sound_similarity,0,0.0333333,0.240691,0,0.0333333,0.118506,0,0.0333333,0.271224,0,0.0333333,0.145343,0,0.0333333,0.1565,0,0.0333333,0.265081,0,0.0333333,0.144166,0,0.0333333,0.233515,0,0.0333333,0.187891,2,0.7,0
-1,6.5,1.33963,-2.48145,4.04678e-05,0.001263,0.000488134,0.0587639,True,empty floor,sound_similarity,0,0.0333333,0.240691,0,0.0333333,0.118506,0,0.0333333,0.271224,0,0.0333333,0.145343,0,0.0333333,0.1565,0,0.0333333,0.265081,0,0.0333333,0.144166,0,0.0333333,0.233515,0,0.0333333,0.187891,2,0.7,0
-0.25,6.25,0.549799,-2.66565,3.21315e-05,0.001263,0.00043496,0.0587639,True,empty floor,sound_similarity,0,0.0333333,0.240691,0,0.0333333,0.118506,0,0.0333333,0.271224,0,0.0333333,0.145343,0,0.0333333,0.1565,0,0.0333333,0.265081,0,0.0333333,0.144166,0,0.0333333,0.233515,0,0.0333333,0.187891,2,0.7,0
-1.25,6.5,1.58056,-2.68955,2.35595e-05,0.001263,0.00037245,0.0587639,True,empty floor,sound_similarity,0,0.0333333,0.240691,0,0.0333333,0.118506,0,0.0333333,0.271224,0,0.0333333,0.145343,0,0.0333333,0.1565,0,0.0333333,0.265081,0,0.0333333,0.144166,0,0.0333333,0.233515,0,0.0333333,0.187891,2,0.7,0
-2.25,6.75,2.61133,-2.69442,2.26864e-05,0.001263,0.000365483,0.0587639,True,empty floor,sound_similarity,0,0.0333333,0.240691,0,0.0333333,0.118506,0,0.0333333,0.271224,0,0.0333333,0.145343,0,0.0333333,0.1565,0,0.0333333,0.265081,0,0.0333333,0.144166,0,0.0333333,0.233515,0,0.0333333,0.187891,2,0.7,0
-0.5,6.25,0.794246,-2.88376,2.02037e-05,0.001263,0.000344906,0.0587639,True,empty floor,sound_similarity,0,0.0333333,0.240691,0,0.0333333,0.118506,0,0.0333333,0.271224,0,0.0333333,0.145343,0,0.0333333,0.1565,0,0.0333333,0.265081,0,0.0333333,0.144166,0,0.0333333,0.233515,0,0.0333333,0.187891,2,0.7,0
-2.25,6.25,2.53587,-2.98109,2.00069e-05,0.001263,0.000343222,0.0587639,True,empty floor,sound_similarity,0,0.0333333,0.240691,0,0.0333333,0.118506,0,0.0333333,0.271224,0,0.0333333,0.145343,0,0.0333333,0.1565,0,0.0333333,0.265081,0,0.0333333,0.144166,0,0.0333333,0.233515,0,0.0333333,0.187891,2,0.7,0
-2,6.25,2.28629,-2.9794,1.9816e-05,0.001263,0.00034158,0.0587639,True,empty floor,sound_similarity,0,0.0333333,0.240691,0,0.0333333,0.118506,0,0.0333333,0.271224,0,0.0333333,0.145343,0,0.0333333,0.1565,0,0.0333333,0.265081,0,0.0333333,0.144166,0,0.0333333,0.233515,0,0.0333333,0.187891,2,0.7,0
-1.75,6.25,2.0368,-2.97703,1.95991e-05,0.001263,0.000339705,0.0587639,True,empty floor,sound_similarity,0,0.0333333,0.240691,0,0.0333333,0.118506,0,0.0333333,0.271224,0,0.0333333,0.145343,0,0.0333333,0.1565,0,0.0333333,0.265081,0,0.0333333,0.144166,0,0.0333333,0.233515,0,0.0333333,0.187891,2,0.7,0
-1.5,6.25,1.78746,-2.97354,1.93569e-05,0.001263,0.0003376,0.0587639,True,empty floor,sound_similarity,0,0.0333333,0.240691,0,0.0333333,0.118506,0,0.0333333,0.271224,0,0.0333333,0.145343,0,0.0333333,0.1565,0,0.0333333,0.265081,0,0.0333333,0.144166,0,0.0333333,0.233515,0,0.0333333,0.187891,2,0.7,0
-1.25,6.25,1.53833,-2.96799,1.91016e-05,0.001263,0.000335366,0.0587639,True,empty floor,sound_similarity,0,0.0333333,0.240691,0,0.0333333,0.118506,0,0.0333333,0.271224,0,0.0333333,0.145343,0,0.0333333,0.1565,0,0.0333333,0.265081,0,0.0333333,0.144166,0,0.0333333,0.233515,0,0.0333333,0.187891,2,0.7,0
-0.75,6.25,1.04133,-2.93787,1.89118e-05,0.001263,0.000333696,0.0587639,True,empty floor,sound_similarity,0,0.0333333,0.240691,0,0.0333333,0.118506,0,0.0333333,0.271224,0,0.0333333,0.145343,0,0.0333333,0.1565,0,0.0333333,0.265081,0,0.0333333,0.144166,0,0.0333333,0.233515,0,0.0333333,0.187891,2,0.7,0
-1,6.25,1.28954,-2.95818,1.88844e-05,0.001263,0.000333454,0.0587639,True,empty floor,sound_similarity,0,0.0333333,0.240691,0,0.0333333,0.118506,0,0.0333333,0.271224,0,0.0333333,0.145343,0,0.0333333,0.1565,0,0.0333333,0.265081,0,0.0333333,0.144166,0,0.0333333,0.233515,0,0.0333333,0.187891,2,0.7,0
-1.5,6.5,1.82393,-2.79809,1.82498e-05,0.001263,0.000327804,0.0587639,True,empty floor,sound_similarity,0,0.0333333,0.240691,0,0.0333333,0.118506,0,0.0333333,0.271224,0,0.0333333,0.145343,0,0.0333333,0.1565,0,0.0333333,0.265081,0,0.0333333,0.144166,0,0.0333333,0.233515,0,0.0333333,0.187891,2,0.7,0
-1.75,6.5,2.06888,-2.85843,1.61622e-05,0.001263,0.000308486,0.0587639,True,empty floor,sound_similarity,0,0.0333333,0.240691,0,0.0333333,0.118506,0,0.0333333,0.271224,0,0.0333333,0.145343,0,0.0333333,0.1565,0,0.0333333,0.265081,0,0.0333333,0.144166,0,0.0333333,0.233515,0,0.0333333,0.187891,2,0.7,0
-2,6.5,2.31491,-2.8944,1.52757e-05,0.001263,0.000299906,0.0587639,True,empty floor,sound_similarity,0,0.0333333,0.240691,0,0.0333333,0.118506,0,0.0333333,0.271224,0,0.0333333,0.145343,0,0.0333333,0.1565,0,0.0333333,0.265081,0,0.0333333,0.144166,0,0.0333333,0.233515,0,0.0333333,0.187891,2,0.7,0
-2.25,6.5,2.56171,-2.91723,1.4923e-05,0.001263,0.000296423,0.0587639,True,empty floor,sound_similarity,0,0.0333333,0.240691,0,0.0333333,0.118506,0,0.0333333,0.271224,0,0.0333333,0.145343,0,0.0333333,0.1565,0,0.0333333,0.265081,0,0.0333333,0.144166,0,0.0333333,0.233515,0,0.0333333,0.187891,2,0.7,0
