x,y,dist_robot,snd_loglik,snd_post,vis_post,fused,vis_like,observed,mle_class,vis_phrase_source,ev_tv,post_tv,sim_tv,ev_chair,post_chair,sim_chair,ev_couch,post_couch,sim_couch,ev_toilet,post_toilet,sim_toilet,ev_microwave,post_microwave,sim_microwave,ev_oven,post_oven,sim_oven,ev_sink,post_sink,sim_sink,ev_refrigerator,post_refrigerator,sim_refrigerator,ev_clock,post_clock,sim_clock,ev_empty_floor,post_empty_floor,sim_empty_floor
-2.25,1.75,5.05424,-2.99573,0.00236407,0.00236407,0.00236407,0.117528,True,empty floor,sound_similarity,0,0.0666667,0.240691,0,0.0666667,0.118506,0,0.0666667,0.271224,0,0.0666667,0.145343,0,0.0666667,0.1565,0,0.0666667,0.265081,0,0.0666667,0.144166,0,0.0666667,0.233515,0,0.0666667,0.187891,0.5,0.4,0
1.5,5.5,1.39039,-0.344428,0.00236407,0.00236407,0.00236407,0.117528,True,empty floor,sound_similarity,0,0.0666667,0.240691,0,0.0666667,0.118506,0,0.0666667,0.271224,0,0.0666667,0.145343,0,0.0666667,0.1565,0,0.0666667,0.265081,0,0.0666667,0.144166,0,0.0666667,0.233515,0,0.0666667,0.187891,0.5,0.4,0
-1.5,6,1.76832,-2.99573,0.00236407,0.00236407,0.00236407,0.117528,True,empty floor,sound_similarity,0,0.0666667,0.240691,0,0.0666667,0.118506,0,0.0666667,0.271224,0,0.0666667,0.145343,0,0.0666667,0.1565,0,0.0666667,0.265081,0,0.0666667,0.144166,0,0.0666667,0.233515,0,0.0666667,0.187891,0.5,0.4,0
-1.75,6,2.01768,-2.99573,0.00236407,0.00236407,0.00236407,0.117528,True,empty floor,sound_similarity,0,0.0666667,0.240691,0,0.0666667,0.118506,0,0.0666667,0.271224,0,0.0666667,0.145343,0,0.0666667,0.1565,0,0.0666667,0.265081,0,0.0666667,0.144166,0,0.0666667,0.233515,0,0.0666667,0.187891,0.5,0.4,0
-2,6,2.26718,-2.99573,0.00236407,0.00236407,0.00236407,0.117528,True,empty floor,sound_similarity,0,0.0666667,0.240691,0,0.0666667,0.118506,0,0.0666667,0.271224,0,0.0666667,0.145343,0,0.0666667,0.1565,0,0.0666667,0.265081,0,0.0666667,0.144166,0,0.0666667,0.233515,0,0.0666667,0.187891,0.5,0.4,0
-2.25,6,2.51678,-2.99573,0.00236407,0.00236407,0.00236407,0.208492,True,tv,sound_similarity,1,0.55,0.240691,0,0.05,0.118506,0,0.05,0.271224,0,0.05,0.145343,0,0.05,0.1565,0,0.05,0.265081,0,0.05,0.144166,0,0.05,0.233515,0,0.05,0.187891,0,0.05,0
2,5.75,1.77904,-0.113657,0.00236407,0.00236407,0.00236407,0.117528,True,empty floor,sound_similarity,0,0.0666667,0.240691,0,0.0666667,0.118506,0,0.0666667,0.271224,0,0.0666667,0.145343,0,0.0666667,0.1565,0,0.0666667,0.265081,0,0.0666667,0.144166,0,0.0666667,0.233515,0,0.0666667,0.187891,0.5,0.4,0
1.75,5.75,1.53592,-0.044062,0.00236407,0.00236407,0.00236407,0.0881459,True,empty floor,sound_similarity,0,0.05,0.240691,0,0.05,0.118506,0,0.05,0.271224,0,0.05,0.145343,0,0.05,0.1565,0,0.05,0.265081,0,0.05,0.144166,0,0.05,0.233515,0,0.05,0.187891,1,0.55,0
1.5,5.75,1.29542,-0.0011995,0.00236407,0.00236407,0.00236407,0.0881459,True,empty floor,sound_similarity,0,0.05,0.240691,0,0.05,0.118506,0,0.05,0.271224,0,0.05,0.145343,0,0.05,0.1565,0,0.05,0.265081,0,0.05,0.144166,0,0.05,0.233515,0,0.05,0.187891,1,0.55,0
1.25,5.75,1.05934,-0.0482461,0.00236407,0.00236407,0.00236407,0.117528,True,empty floor,sound_similarity,0,0.0666667,0.240691,0,0.0666667,0.118506,0,0.0666667,0.271224,0,0.0666667,0.145343,0,0.0666667,0.1565,0,0.0666667,0.265081,0,0.0666667,0.144166,0,0.0666667,0.233515,0,0.0666667,0.187891,0.5,0.4,0
1,5.75,0.831429,-0.375193,0.00236407,0.00236407,0.00236407,0.117528,True,empty floor,sound_similarity,0,0.0666667,0.240691,0,0.0666667,0.118506,0,0.0666667,0.271224,0,0.0666667,0.145343,0,0.0666667,0.1565,0,0.0666667,0.265081,0,0.0666667,0.144166,0,0.0666667,0.233515,0,0.0666667,0.187891,0.5,0.4,0
0.75,5.75,0.620766,-1.5377,0.00236407,0.00236407,0.00236407,0.117528,True,empty floor,sound_similarity,0,0.0666667,0.240691,0,0.0666667,0.118506,0,0.0666667,0.271224,0,0.0666667,0.145343,0,0.0666667,0.1565,0,0.0666667,0.265081,0,0.0666667,0.144166,0,0.0666667,0.233515,0,0.0666667,0.187891,0.5,0.4,0
0.5,5.75,0.452137,-2.97131,0.00236407,0.00236407,0.00236407,0.117528,True,empty floor,sound_similarity,0,0.0666667,0.240691,0,0.0666667,0.118506,0,0.0666667,0.271224,0,0.0666667,0.145343,0,0.0666667,0.1565,0,0.0666667,0.265081,0,0.0666667,0.144166,0,0.0666667,0.233515,0,0.0666667,0.187891,0.5,0.4,0
0.25,5.75,0.385362,-2.99573,0.00236407,0.00236407,0.00236407,0.117528,True,empty floor,sound_similarity,0,0.0666667,0.240691,0,0.0666667,0.118506,0,0.0666667,0.271224,0,0.0666667,0.145343,0,0.0666667,0.1565,0,0.0666667,0.265081,0,0.0666667,0.144166,0,0.0666667,0.233515,0,0.0666667,0.187891,0.5,0.4,0
0,5.75,0.466456,-2.99573,0.00236407,0.00236407,0.00236407,0.117528,True,empty floor,sound_similarity,0,0.0666667,0.240691,0,0.0666667,0.118506,0,0.0666667,0.271224,0,0.0666667,0.145343,0,0.0666667,0.1565,0,0.0666667,0.265081,0,0.0666667,0.144166,0,0.0666667,0.233515,0,0.0666667,0.187891,0.5,0.4,0
-0.25,5.75,0.641605,-2.99573,0.00236407,0.00236407,0.00236407,0.117528,True,empty floor,sound_similarity,0,0.0666667,0.240691,0,0.0666667,0.118506,0,0.0666667,0.271224,0,0.0666667,0.145343,0,0.0666667,0.1565,0,0.0666667,0.265081,0,0.0666667,0.144166,0,0.0666667,0.233515,0,0.0666667,0.187891,0.5,0.4,0
-0.5,5.75,0.85483,-2.99573,0.00236407,0.00236407,0.00236407,0.117528,True,empty floor,sound_similarity,0,0.0666667,0.240691,0,0.0666667,0.118506,0,0.0666667,0.271224,0,0.0666667,0.145343,0,0.0666667,0.1565,0,0.0666667,0.265081,0,0.0666667,0.144166,0,0.0666667,0.233515,0,0.0666667,0.187891,0.5,0.4,0
-0.75,5.75,1.08389,-2.99573,0.00236407,0.00236407,0.00236407,0.117528,True,empty floor,sound_similarity,0,0.0666667,0.240691,0,0.0666667,0.118506,0,0.0666667,0.271224,0,0.0666667,0.145343,0,0.0666667,0.1565,0,0.0666667,0.265081,0,0.0666667,0.144166,0,0.0666667,0.233515,0,0.0666667,0.187891,0.5,0.4,0
-1,5.75,1.32056,-2.99573,0.00236407,0.00236407,0.00236407,0.117528,True,empty floor,sound_similarity,0,0.0666667,0.240691,0,0.0666667,0.118506,0,0.0666667,0.271224,0,0.0666667,0.145343,0,0.0666667,0.1565,0,0.0666667,0.265081,0,0.0666667,0.144166,0,0.0666667,0.233515,0,0.0666667,0.187891,0.5,0.4,0
-1.25,5.75,1.5614,-2.99573,0.00236407,0.00236407,0.00236407,0.117528,True,empty floor,sound_similarity,0,0.0666667,0.240691,0,0.0666667,0.118506,0,0.0666667,0.271224,0,0.0666667,0.145343,0,0.0666667,0.1565,0,0.0666667,0.265081,0,0.0666667,0.144166,0,0.0666667,0.233515,0,0.0666667,0.187891,0.5,0.4,0
-1.5,5.75,1.80473,-2.99573,0.00236407,0.00236407,0.00236407,0.117528,True,empty floor,sound_similarity,0,0.0666667,0.240691,0,0.0666667,0.118506,0,0.0666667,0.271224,0,0.0666667,0.145343,0,0.0666667,0.1565,0,0.0666667,0.265081,0,0.0666667,0.144166,0,0.0666667,0.233515,0,0.0666667,0.187891,0.5,0.4,0
-1.75,5.75,2.04966,-2.99573,0.00236407,0.00236407,0.00236407,0.117528,True,empty floor,sound_similarity,0,0.0666667,0.240691,0,0.0666667,0.118506,0,0.0666667,0.271224,0,0.0666667,0.145343,0,0.0666667,0.1565,0,0.0666667,0.265081,0,0.0666667,0.144166,0,0.0666667,0.233515,0,0.0666667,0.187891,0.5,0.4,0
-2,5.75,2.29569,-2.99573,0.00236407,0.00236407,0.00236407,0.117528,True,empty floor,sound_similarity,0,0.0666667,0.240691,0,0.0666667,0.118506,0,0.0666667,0.271224,0,0.0666667,0.145343,0,0.0666667,0.1565,0,0.0666667,0.265081,0,0.0666667,0.144166,0,0.0666667,0.233515,0,0.0666667,0.187891,0.5,0.4,0
-2.25,5.75,2.54249,-2.99573,0.00236407,0.00236407,0.00236407,0.117528,True,empty floor,sound_similarity,0,0.0666667,0.240691,0,0.0666667,0.118506,0,0.0666667,0.271224,0,0.0666667,0.145343,0,0.0666667,0.1565,0,0.0666667,0.265081,0,0.0666667,0.144166,0,0.0666667,0.233515,0,0.0666667,0.187891,0.5,0.4,0
2,5.5,1.84933,-0.0201137,0.00236407,0.00236407,0.00236407,0.117528,True,empty floor,sound_similarity,0,0.0666667,0.240691,0,0.0666667,0.118506,0,0.0666667,0.271224,0,0.0666667,0.145343,0,0.0666667,0.1565,0,0.0666667,0.265081,0,0.0666667,0.144166,0,0.0666667,0.233515,0,0.0666667,0.187891,0.5,0.4,0
-1.25,6,1.51918,-2.99573,0.00236407,0.00236407,0.00236407,0.117528,True,empty floor,sound_similarity,0,0.0666667,0.240691,0,0.0666667,0.118506,0,0.0666667,0.271224,0,0.0666667,0.145343,0,0.0666667,0.1565,0,0.0666667,0.265081,0,0.0666667,0.144166,0,0.0666667,0.233515,0,0.0666667,0.187891,0.5,0.4,0
-1,6,1.27036,-2.99573,0.00236407,0.00236407,0.00236407,0.117528,True,empty floor,sound_similarity,0,0.0666667,0.240691,0,0.0666667,0.118506,0,0.0666667,0.271224,0,0.0666667,0.145343,0,0.0666667,0.1565,0,0.0666667,0.265081,0,0.0666667,0.144166,0,0.0666667,0.233515,0,0.0666667,0.187891,0.5,0.4,0
-0.75,6,1.02213,-2.99573,0.00236407,0.00236407,0.00236407,0.117528,True,empty floor,sound_similarity,0,0.0666667,0.240691,0,0.0666667,0.118506,0,0.0666667,0.271224,0,0.0666667,0.145343,0,0.0666667,0.1565,0,0.0666667,0.265081,0,0.0666667,0.144166,0,0.0666667,0.233515,0,0.0666667,0.187891,0.5,0.4,0
-2,6.25,2.26607,-2.99573,0.00236407,0.00236407,0.00236407,0.117528,True,empty floor,sound_similarity,0,0.0666667,0.240691,0,0.0666667,0.118506,0,0.0666667,0.271224,0,0.0666667,0.145343,0,0.0666667,0.1565,0,0.0666667,0.265081,0,0.0666667,0.144166,0,0.0666667,0.233515,0,0.0666667,0.187891,0.5,0.4,0
0.5,6.25,0.263229,-2.98685,0.00236407,0.00236407,0.00236407,0.117528,True,empty floor,sound_similarity,0,0.0666667,0.240691,0,0.0666667,0.118506,0,0.0666667,0.271224,0,0.0666667,0.145343,0,0.0666667,0.1565,0,0.0666667,0.265081,0,0.0666667,0.144166,0,0.0666667,0.233515,0,0.0666667,0.187891,0.5,0.4,0
0.25,6.25,0.115613,-2.99573,0.00236407,0.00236407,0.00236407,0.176292,False,tv,sound_similarity,0,0.1,0.240691,0,0.1,0.118506,0,0.1,0.271224,0,0.1,0.145343,0,0.1,0.1565,0,0.1,0.265081,0,0.1,0.144166,0,0.1,0.233515,0,0.1,0.187891,0,0.1,0
0,6.25,0.287129,-2.99573,0.00236407,0.00236407,0.00236407,0.117528,True,empty floor,sound_similarity,0,0.0666667,0.240691,0,0.0666667,0.118506,0,0.0666667,0.271224,0,0.0666667,0.145343,0,0.0666667,0.1565,0,0.0666667,0.265081,0,0.0666667,0.144166,0,0.0666667,0.233515,0,0.0666667,0.187891,0.5,0.4,0
-0.25,6.25,0.525851,-2.99573,0.00236407,0.00236407,0.00236407,0.117528,True,empty floor,sound_similarity,0,0.0666667,0.240691,0,0.0666667,0.118506,0,0.0666667,0.271224,0,0.0666667,0.145343,0,0.0666667,0.1565,0,0.0666667,0.265081,0,0.0666667,0.144166,0,0.0666667,0.233515,0,0.0666667,0.187891,0.5,0.4,0
-0.5,6.25,0.771749,-2.99573,0.00236407,0.00236407,0.00236407,0.117528,True,empty floor,sound_similarity,0,0.0666667,0.240691,0,0.0666667,0.118506,0,0.0666667,0.271224,0,0.0666667,0.145343,0,0.0666667,0.1565,0,0.0666667,0.265081,0,0.0666667,0.144166,0,0.0666667,0.233515,0,0.0666667,0.187891,0.5,0.4,0
-0.75,6.25,1.01964,-2.99573,0.00236407,0.00236407,0.00236407,0.117528,True,empty floor,sound_similarity,0,0.0666667,0.240691,0,0.0666667,0.118506,0,0.0666667,0.271224,0,0.0666667,0.145343,0,0.0666667,0.1565,0,0.0666667,0.265081,0,0.0666667,0.144166,0,0.0666667,0.233515,0,0.0666667,0.187891,0.5,0.4,0
-1,6.25,1.26836,-2.99573,0.00236407,0.00236407,0.00236407,0.117528,True,empty floor,sound_similarity,0,0.0666667,0.240691,0,0.0666667,0.118506,0,0.0666667,0.271224,0,0.0666667,0.145343,0,0.0666667,0.1565,0,0.0666667,0.265081,0,0.0666667,0.144166,0,0.0666667,0.233515,0,0.0666667,0.187891,0.5,0.4,0
-1.25,6.25,1.51751,-2.99573,0.00236407,0.00236407,0.00236407,0.117528,True,empty floor,sound_similarity,0,0.0666667,0.240691,0,0.0666667,0.118506,0,0.0666667,0.271224,0,0.0666667,0.145343,0,0.0666667,0.1565,0,0.0666667,0.265081,0,0.0666667,0.144166,0,0.0666667,0.233515,0,0.0666667,0.187891,0.5,0.4,0
-1.5,6.25,1.76689,-2.99573,0.00236407,0.00236407,0.00236407,0.117528,True,empty floor,sound_similarity,0,0.0666667,0.240691,0,0.0666667,0.118506,0,0.0666667,0.271224,0,0.0666667,0.145343,0,0.0666667,0.1565,0,0.0666667,0.265081,0,0.0666667,0.144166,0,0.0666667,0.233515,0,0.0666667,0.187891,0.5,0.4,0
-1.75,6.25,2.01643,-2.99573,0.00236407,0.00236407,0.00236407,0.117528,True,empty floor,sound_similarity,0,0.0666667,0.240691,0,0.0666667,0.118506,0,0.0666667,0.271224,0,0.0666667,0.145343,0,0.0666667,0.1565,0,0.0666667,0.265081,0,0.0666667,0.144166,0,0.0666667,0.233515,0,0.0666667,0.187891,0.5,0.4,0
-2.25,6.25,2.51578,-2.99573,0.00236407,0.00236407,0.00236407,0.117528,True,empty floor,sound_similarity,0,0.0666667,0.240691,0,0.0666667,0.118506,0,0.0666667,0.271224,0,0.0666667,0.145343,0,0.0666667,0.1565,0,0.0666667,0.265081,0,0.0666667,0.144166,0,0.0666667,0.233515,0,0.0666667,0.187891,0.5,0.4,0
-0.5,6,0.775026,-2.99573,0.00236407,0.00236407,0.00236407,0.117528,True,empty floor,sound_similarity,0,0.0666667,0.240691,0,0.0666667,0.118506,0,0.0666667,0.271224,0,0.0666667,0.145343,0,0.0666667,0.1565,0,0.0666667,0.265081,0,0.0666667,0.144166,0,0.0666667,0.233515,0,0.0666667,0.187891,0.5,0.4,0
2,6,1.7421,-0.697443,0.00236407,0.00236407,0.00236407,0.117528,True,empty floor,sound_similarity,0,0.0666667,0.240691,0,0.0666667,0.118506,0,0.0666667,0.271224,0,0.0666667,0.145343,0,0.0666667,0.1565,0,0.0666667,0.265081,0,0.0666667,0.144166,0,0.0666667,0.233515,0,0.0666667,0.187891,0.5,0.4,0
1.75,6,1.49298,-0.624363,0.00236407,0.00236407,0.00236407,0.117528,True,empty floor,sound_similarity,0,0.0666667,0.240691,0,0.0666667,0.118506,0,0.0666667,0.271224,0,0.0666667,0.145343,0,0.0666667,0.1565,0,0.0666667,0.265081,0,0.0666667,0.144166,0,0.0666667,0.233515,0,0.0666667,0.187891,0.5,0.4,0
1.5,6,1.24421,-0.528119,0.00236407,0.00236407,0.00236407,0.117528,True,empty floor,sound_similarity,0,0.0666667,0.240691,0,0.0666667,0.118506,0,0.0666667,0.271224,0,0.0666667,0.145343,0,0.0666667,0.1565,0,0.0666667,0.265081,0,0.0666667,0.144166,0,0.0666667,0.233515,0,0.0666667,0.187891,0.5,0.4,0
1.25,6,0.996057,-0.397798,0.00236407,0.00236407,0.00236407,0.117528,True,empty floor,sound_similarity,0,0.0666667,0.240691,0,0.0666667,0.118506,0,0.0666667,0.271224,0,0.0666667,0.145343,0,0.0666667,0.1565,0,0.0666667,0.265081,0,0.0666667,0.144166,0,0.0666667,0.233515,0,0.0666667,0.187891,0.5,0.4,0
1,6,0.749136,-0.220365,0.00236407,0.00236407,0.00236407,0.117528,True,empty floor,sound_similarity,0,0.0666667,0.240691,0,0.0666667,0.118506,0,0.0666667,0.271224,0,0.0666667,0.145343,0,0.0666667,0.1565,0,0.0666667,0.265081,0,0.0666667,0.144166,0,0.0666667,0.233515,0,0.0666667,0.187891,0.5,0.4,0
0.75,6,0.505254,-0.0217009,0.00236407,0.00236407,0.00236407,0.0881459,True,empty floor,sound_similarity,0,0.05,0.240691,0,0.05,0.118506,0,0.05,0.271224,0,0.05,0.145343,0,0.05,0.1565,0,0.05,0.265081,0,0.05,0.144166,0,0.05,0.233515,0,0.05,0.187891,1,0.55,0
0.5,6,0.272688,-0.551105,0.00236407,0.00236407,0.00236407,0.117528,True,empty floor,sound_similarity,0,0.0666667,0.240691,0,0.0666667,0.118506,0,0.0666667,0.271224,0,0.0666667,0.145343,0,0.0666667,0.1565,0,0.0666667,0.265081,0,0.0666667,0.144166,0,0.0666667,0.233515,0,0.0666667,0.187891,0.5,0.4,0
0.25,6,0.135777,-2.99573,0.00236407,0.00236407,0.00236407,0.176292,False,tv,sound_similarity,0,0.1,0.240691,0,0.1,0.118506,0,0.1,0.271224,0,0.1,0.145343,0,0.1,0.1565,0,0.1,0.265081,0,0.1,0.144166,0,0.1,0.233515,0,0.1,0.187891,0,0.1,0
0,6,0.295824,-2.99573,0.00236407,0.00236407,0.00236407,0.117528,True,empty floor,sound_similarity,0,0.0666667,0.240691,0,0.0666667,0.118506,0,0.0666667,0.271224,0,0.0666667,0.145343,0,0.0666667,0.1565,0,0.0666667,0.265081,0,0.0666667,0.144166,0,0.0666667,0.233515,0,0.0666667,0.187891,0.5,0.4,0
-0.25,6,0.530649,-2.99573,0.00236407,0.00236407,0.00236407,0.117528,True,empty floor,sound_similarity,0,0.0666667,0.240691,0,0.0666667,0.118506,0,0.0666667,0.271224,0,0.0666667,0.145343,0,0.0666667,0.1565,0,0.0666667,0.265081,0,0.0666667,0.144166,0,0.0666667,0.233515,0,0.0666667,0.187891,0.5,0.4,0
1.75,5.5,1.61682,-0.1114,0.00236407,0.00236407,0.00236407,0.117528,True,empty floor,sound_similarity,0,0.0666667,0.240691,0,0.0666667,0.118506,0,0.0666667,0.271224,0,0.0666667,0.145343,0,0.0666667,0.1565,0,0.0666667,0.265081,0,0.0666667,0.144166,0,0.0666667,0.233515,0,0.0666667,0.187891,0.5,0.4,0
1.25,5.5,1.17357,-0.858058,0.00236407,0.00236407,0.00236407,0.117528,True,empty floor,sound_similarity,0,0.0666667,0.240691,0,0.0666667,0.118506,0,0.0666667,0.271224,0,0.0666667,0.145343,0,0.0666667,0.1565,0,0.0666667,0.265081,0,0.0666667,0.144166,0,0.0666667,0.233515,0,0.0666667,0.187891,0.5,0.4,0
1,6.25,0.745746,-2.30462,0.00236407,0.00236407,0.00236407,0.223758,True,couch,sound_similarity,0,0.05,0.240691,0,0.05,0.118506,1,0.55,0.271224,0,0.05,0.145343,0,0.05,0.1565,0,0.05,0.265081,0,0.05,0.144166,0,0.05,0.233515,0,0.05,0.187891,0,0.05,0
1,5.5,0.972802,-1.85036,0.00236407,0.00236407,0.00236407,0.117528,True,empty floor,sound_similarity,0,0.0666667,0.240691,0,0.0666667,0.118506,0,0.0666667,0.271224,0,0.0666667,0.145343,0,0.0666667,0.1565,0,0.0666667,0.265081,0,0.0666667,0.144166,0,0.0666667,0.233515,0,0.0666667,0.187891,0.5,0.4,0
-1.5,5.25,1.97286,-2.99573,0.00236407,0.00236407,0.00236407,0.117528,True,empty floor,sound_similarity,0,0.0666667,0.240691,0,0.0666667,0.118506,0,0.0666667,0.271224,0,0.0666667,0.145343,0,0.0666667,0.1565,0,0.0666667,0.265081,0,0.0666667,0.144166,0,0.0666667,0.233515,0,0.0666667,0.187891,0.5,0.4,0
-1.75,5.25,2.19915,-2.99573,0.00236407,0.00236407,0.00236407,0.176292,False,tv,sound_similarity,0,0.1,0.240691,0,0.1,0.118506,0,0.1,0.271224,0,0.1,0.145343,0,0.1,0.1565,0,0.1,0.265081,0,0.1,0.144166,0,0.1,0.233515,0,0.1,0.187891,0,0.1,0
-2.25,5.25,2.66447,-2.99573,0.00236407,0.00236407,0.00236407,0.117528,True,empty floor,sound_similarity,0,0.0666667,0.240691,0,0.0666667,0.118506,0,0.0666667,0.271224,0,0.0666667,0.145343,0,0.0666667,0.1565,0,0.0666667,0.265081,0,0.0666667,0.144166,0,0.0666667,0.233515,0,0.0666667,0.187891,0.5,0.4,0
2,5,2.07489,-0.90252,0.00236407,0.00236407,0.00236407,0.117528,True,empty floor,sound_similarity,0,0.0666667,0.240691,0,0.0666667,0.118506,0,0.0666667,0.271224,0,0.0666667,0.145343,0,0.0666667,0.1565,0,0.0666667,0.265081,0,0.0666667,0.144166,0,0.0666667,0.233515,0,0.0666667,0.187891,0.5,0.4,0
1.75,5,1.87063,-1.41036,0.00236407,0.00236407,0.00236407,0.117528,True,empty floor,sound_similarity,0,0.0666667,0.240691,0,0.0666667,0.118506,0,0.0666667,0.271224,0,0.0666667,0.145343,0,0.0666667,0.1565,0,0.0666667,0.265081,0,0.0666667,0.144166,0,0.0666667,0.233515,0,0.0666667,0.187891,0.5,0.4,0
1.5,5,1.67879,-2.07375,0.00236407,0.00236407,0.00236407,0.117528,True,empty floor,sound_similarity,0,0.0666667,0.240691,0,0.0666667,0.118506,0,0.0666667,0.271224,0,0.0666667,0.145343,0,0.0666667,0.1565,0,0.0666667,0.265081,0,0.0666667,0.144166,0,0.0666667,0.233515,0,0.0666667,0.187891,0.5,0.4,0
1,5,1.35332,-2.95833,0.00236407,0.00236407,0.00236407,0.117528,True,empty floor,sound_similarity,0,0.0666667,0.240691,0,0.0666667,0.118506,0,0.0666667,0.271224,0,0.0666667,0.145343,0,0.0666667,0.1565,0,0.0666667,0.265081,0,0.0666667,0.144166,0,0.0666667,0.233515,0,0.0666667,0.187891,0.5,0.4,0
0.75,5,1.23513,-2.99429,0.00236407,0.00236407,0.00236407,0.117528,True,empty floor,sound_similarity,0,0.0666667,0.240691,0,0.0666667,0.118506,0,0.0666667,0.271224,0,0.0666667,0.145343,0,0.0666667,0.1565,0,0.0666667,0.265081,0,0.0666667,0.144166,0,0.0666667,0.233515,0,0.0666667,0.187891,0.5,0.4,0
0.5,5,1.15958,-2.99572,0.00236407,0.00236407,0.00236407,0.147399,True,chair,sound_similarity,0,0.05,0.240691,1,0.55,0.118506,0,0.05,0.271224,0,0.05,0.145343,0,0.05,0.1565,0,0.05,0.265081,0,0.05,0.144166,0,0.05,0.233515,0,0.05,0.187891,0,0.05,0
0.25,5,1.13521,-2.99573,0.00236407,0.00236407,0.00236407,0.117528,True,empty floor,sound_similarity,0,0.0666667,0.240691,0,0.0666667,0.118506,0,0.0666667,0.271224,0,0.0666667,0.145343,0,0.0666667,0.1565,0,0.0666667,0.265081,0,0.0666667,0.144166,0,0.0666667,0.233515,0,0.0666667,0.187891,0.5,0.4,0
0,5,1.16524,-2.99573,0.00236407,0.00236407,0.00236407,0.117528,True,empty floor,sound_similarity,0,0.0666667,0.240691,0,0.0666667,0.118506,0,0.0666667,0.271224,0,0.0666667,0.145343,0,0.0666667,0.1565,0,0.0666667,0.265081,0,0.0666667,0.144166,0,0.0666667,0.233515,0,0.0666667,0.187891,0.5,0.4,0
-0.25,5,1.24574,-2.99573,0.00236407,0.00236407,0.00236407,0.117528,True,empty floor,sound_similarity,0,0.0666667,0.240691,0,0.0666667,0.118506,0,0.0666667,0.271224,0,0.0666667,0.145343,0,0.0666667,0.1565,0,0.0666667,0.265081,0,0.0666667,0.144166,0,0.0666667,0.233515,0,0.0666667,0.187891,0.5,0.4,0
-0.5,5,1.36782,-2.99573,0.00236407,0.00236407,0.00236407,0.117528,True,empty floor,sound_similarity,0,0.0666667,0.240691,0,0.0666667,0.118506,0,0.0666667,0.271224,0,0.0666667,0.145343,0,0.0666667,0.1565,0,0.0666667,0.265081,0,0.0666667,0.144166,0,0.0666667,0.233515,0,0.0666667,0.187891,0.5,0.4,0
-0.75,5,1.52152,-2.99573,0.00236407,0.00236407,0.00236407,0.117528,True,empty floor,sound_similarity,0,0.0666667,0.240691,0,0.0666667,0.118506,0,0.0666667,0.271224,0,0.0666667,0.145343,0,0.0666667,0.1565,0,0.0666667,0.265081,0,0.0666667,0.144166,0,0.0666667,0.233515,0,0.0666667,0.187891,0.5,0.4,0
-1,5,1.69826,-2.99573,0.00236407,0.00236407,0.00236407,0.117528,True,empty floor,sound_similarity,0,0.0666667,0.240691,0,0.0666667,0.118506,0,0.0666667,0.271224,0,0.0666667,0.145343,0,0.0666667,0.1565,0,0.0666667,0.265081,0,0.0666667,0.144166,0,0.0666667,0.233515,0,0.0666667,0.187891,0.5,0.4,0
-1.25,5,1.89161,-2.99573,0.00236407,0.00236407,0.00236407,0.117528,True,empty floor,sound_similarity,0,0.0666667,0.240691,0,0.0666667,0.118506,0,0.0666667,0.271224,0,0.0666667,0.145343,0,0.0666667,0.1565,0,0.0666667,0.265081,0,0.0666667,0.144166,0,0.0666667,0.233515,0,0.0666667,0.187891,0.5,0.4,0
-1.5,5,2.09696,-2.99573,0.00236407,0.00236407,0.00236407,0.117528,True,empty floor,sound_similarity,0,0.0666667,0.240691,0,0.0666667,0.118506,0,0.0666667,0.271224,0,0.0666667,0.145343,0,0.0666667,0.1565,0,0.0666667,0.265081,0,0.0666667,0.144166,0,0.0666667,0.233515,0,0.0666667,0.187891,0.5,0.4,0
-1.75,5,2.31113,-2.99573,0.00236407,0.00236407,0.00236407,0.117528,True,empty floor,sound_similarity,0,0.0666667,0.240691,0,0.0666667,0.118506,0,0.0666667,0.271224,0,0.0666667,0.145343,0,0.0666667,0.1565,0,0.0666667,0.265081,0,0.0666667,0.144166,0,0.0666667,0.233515,0,0.0666667,0.187891,0.5,0.4,0
-2.25,5,2.75762,-2.99573,0.00236407,0.00236407,0.00236407,0.176292,False,tv,sound_similarity,0,0.1,0.240691,0,0.1,0.118506,0,0.1,0.271224,0,0.1,0.145343,0,0.1,0.1565,0,0.1,0.265081,0,0.1,0.144166,0,0.1,0.233515,0,0.1,0.187891,0,0.1,0
2,4.75,2.22154,-1.56694,0.00236407,0.00236407,0.00236407,0.117528,True,empty floor,sound_similarity,0,0.0666667,0.240691,0,0.0666667,0.118506,0,0.0666667,0.271224,0,0.0666667,0.145343,0,0.0666667,0.1565,0,0.0666667,0.265081,0,0.0666667,0.144166,0,0.0666667,0.233515,0,0.0666667,0.187891,0.5,0.4,0
1.75,4.75,2.03207,-2.12512,0.00236407,0.00236407,0.00236407,0.117528,True,empty floor,sound_similarity,0,0.0666667,0.240691,0,0.0666667,0.118506,0,0.0666667,0.271224,0,0.0666667,0.145343,0,0.0666667,0.1565,0,0.0666667,0.265081,0,0.0666667,0.144166,0,0.0666667,0.233515,0,0.0666667,0.187891,0.5,0.4,0
1.25,4.75,1.70073,-2.91924,0.00236407,0.00236407,0.00236407,0.117528,True,empty floor,sound_similarity,0,0.0666667,0.240691,0,0.0666667,0.118506,0,0.0666667,0.271224,0,0.0666667,0.145343,0,0.0666667,0.1565,0,0.0666667,0.265081,0,0.0666667,0.144166,0,0.0666667,0.233515,0,0.0666667,0.187891,0.5,0.4,0
1,4.75,1.56893,-2.98803,0.00236407,0.00236407,0.00236407,0.117528,True,empty floor,sound_similarity,0,0.0666667,0.240691,0,0.0666667,0.118506,0,0.0666667,0.271224,0,0.0666667,0.145343,0,0.0666667,0.1565,0,0.0666667,0.265081,0,0.0666667,0.144166,0,0.0666667,0.233515,0,0.0666667,0.187891,0.5,0.4,0
-1.25,5.25,1.75303,-2.99573,0.00236407,0.00236407,0.00236407,0.117528,True,empty floor,sound_similarity,0,0.0666667,0.240691,0,0.0666667,0.118506,0,0.0666667,0.271224,0,0.0666667,0.145343,0,0.0666667,0.1565,0,0.0666667,0.265081,0,0.0666667,0.144166,0,0.0666667,0.233515,0,0.0666667,0.187891,0.5,0.4,0
-1,5.25,1.54241,-2.99573,0.00236407,0.00236407,0.00236407,0.117528,True,empty floor,sound_similarity,0,0.0666667,0.240691,0,0.0666667,0.118506,0,0.0666667,0.271224,0,0.0666667,0.145343,0,0.0666667,0.1565,0,0.0666667,0.265081,0,0.0666667,0.144166,0,0.0666667,0.233515,0,0.0666667,0.187891,0.5,0.4,0
-0.75,5.25,1.34534,-2.99573,0.00236407,0.00236407,0.00236407,0.117528,True,empty floor,sound_similarity,0,0.0666667,0.240691,0,0.0666667,0.118506,0,0.0666667,0.271224,0,0.0666667,0.145343,0,0.0666667,0.1565,0,0.0666667,0.265081,0,0.0666667,0.144166,0,0.0666667,0.233515,0,0.0666667,0.187891,0.5,0.4,0
-1.75,5.5,2.11097,-2.99573,0.00236407,0.00236407,0.00236407,0.117528,True,empty floor,sound_similarity,0,0.0666667,0.240691,0,0.0666667,0.118506,0,0.0666667,0.271224,0,0.0666667,0.145343,0,0.0666667,0.1565,0,0.0666667,0.265081,0,0.0666667,0.144166,0,0.0666667,0.233515,0,0.0666667,0.187891,0.5,0.4,0
0.75,5.5,0.800262,-2.86498,0.00236407,0.00236407,0.00236407,0.117528,True,empty floor,sound_similarity,0,0.0666667,0.240691,0,0.0666667,0.118506,0,0.0666667,0.271224,0,0.0666667,0.145343,0,0.0666667,0.1565,0,0.0666667,0.265081,0,0.0666667,0.144166,0,0.0666667,0.233515,0,0.0666667,0.187891,0.5,0.4,0
0.5,5.5,0.677862,-2.99522,0.00236407,0.00236407,0.00236407,0.117528,True,empty floor,sound_similarity,0,0.0666667,0.240691,0,0.0666667,0.118506,0,0.0666667,0.271224,0,0.0666667,0.145343,0,0.0666667,0.1565,0,0.0666667,0.265081,0,0.0666667,0.144166,0,0.0666667,0.233515,0,0.0666667,0.187891,0.5,0.4,0
0.25,5.5,0.635274,-2.99573,0.00236407,0.00236407,0.00236407,0.117528,True,empty floor,sound_similarity,0,0.0666667,0.240691,0,0.0666667,0.118506,0,0.0666667,0.271224,0,0.0666667,0.145343,0,0.0666667,0.1565,0,0.0666667,0.265081,0,0.0666667,0.144166,0,0.0666667,0.233515,0,0.0666667,0.187891,0.5,0.4,0
0,5.5,0.687495,-2.99573,0.00236407,0.00236407,0.00236407,0.117528,True,empty floor,sound_similarity,0,0.0666667,0.240691,0,0.0666667,0.118506,0,0.0666667,0.271224,0,0.0666667,0.145343,0,0.0666667,0.1565,0,0.0666667,0.265081,0,0.0666667,0.144166,0,0.0666667,0.233515,0,0.0666667,0.187891,0.5,0.4,0
-0.25,5.5,0.816533,-2.99573,0.00236407,0.00236407,0.00236407,0.117528,True,empty floor,sound_similarity,0,0.0666667,0.240691,0,0.0666667,0.118506,0,0.0666667,0.271224,0,0.0666667,0.145343,0,0.0666667,0.1565,0,0.0666667,0.265081,0,0.0666667,0.144166,0,0.0666667,0.233515,0,0.0666667,0.187891,0.5,0.4,0
-0.5,5.5,0.992876,-2.99573,0.00236407,0.00236407,0.00236407,0.117528,True,empty floor,sound_similarity,0,0.0666667,0.240691,0,0.0666667,0.118506,0,0.0666667,0.271224,0,0.0666667,0.145343,0,0.0666667,0.1565,0,0.0666667,0.265081,0,0.0666667,0.144166,0,0.0666667,0.233515,0,0.0666667,0.187891,0.5,0.4,0
-0.75,5.5,1.19578,-2.99573,0.00236407,0.00236407,0.00236407,0.117528,True,empty floor,sound_similarity,0,0.0666667,0.240691,0,0.0666667,0.118506,0,0.0666667,0.271224,0,0.0666667,0.145343,0,0.0666667,0.1565,0,0.0666667,0.265081,0,0.0666667,0.144166,0,0.0666667,0.233515,0,0.0666667,0.187891,0.5,0.4,0
-1,5.5,1.41384,-2.99573,0.00236407,0.00236407,0.00236407,0.117528,True,empty floor,sound_similarity,0,0.0666667,0.240691,0,0.0666667,0.118506,0,0.0666667,0.271224,0,0.0666667,0.145343,0,0.0666667,0.1565,0,0.0666667,0.265081,0,0.0666667,0.144166,0,0.0666667,0.233515,0,0.0666667,0.187891,0.5,0.4,0
-1.25,5.5,1.64105,-2.99573,0.00236407,0.00236407,0.00236407,0.176292,False,tv,sound_similarity,0,0.1,0.240691,0,0.1,0.118506,0,0.1,0.271224,0,0.1,0.145343,0,0.1,0.1565,0,0.1,0.265081,0,0.1,0.144166,0,0.1,0.233515,0,0.1,0.187891,0,0.1,0
-1.5,5.5,1.87406,-2.99573,0.00236407,0.00236407,0.00236407,0.117528,True,empty floor,sound_similarity,0,0.0666667,0.240691,0,0.0666667,0.118506,0,0.0666667,0.271224,0,0.0666667,0.145343,0,0.0666667,0.1565,0,0.0666667,0.265081,0,0.0666667,0.144166,0,0.0666667,0.233515,0,0.0666667,0.187891,0.5,0.4,0
-2.25,5.5,2.59217,-2.99573,0.00236407,0.00236407,0.00236407,0.117528,True,empty floor,sound_similarity,0,0.0666667,0.240691,0,0.0666667,0.118506,0,0.0666667,0.271224,0,0.0666667,0.145343,0,0.0666667,0.1565,0,0.0666667,0.265081,0,0.0666667,0.144166,0,0.0666667,0.233515,0,0.0666667,0.187891,0.5,0.4,0
-0.5,5.25,1.16871,-2.99573,0.00236407,0.00236407,0.00236407,0.117528,True,empty floor,sound_similarity,0,0.0666667,0.240691,0,0.0666667,0.118506,0,0.0666667,0.271224,0,0.0666667,0.145343,0,0.0666667,0.1565,0,0.0666667,0.265081,0,0.0666667,0.144166,0,0.0666667,0.233515,0,0.0666667,0.187891,0.5,0.4,0
2,5.25,1.94939,-0.331688,0.00236407,0.00236407,0.00236407,0.117528,True,empty floor,sound_similarity,0,0.0666667,0.240691,0,0.0666667,0.118506,0,0.0666667,0.271224,0,0.0666667,0.145343,0,0.0666667,0.1565,0,0.0666667,0.265081,0,0.0666667,0.144166,0,0.0666667,0.233515,0,0.0666667,0.187891,0.5,0.4,0
1.75,5.25,1.73037,-0.650669,0.00236407,0.00236407,0.00236407,0.117528,True,empty floor,sound_similarity,0,0.0666667,0.240691,0,0.0666667,0.118506,0,0.0666667,0.271224,0,0.0666667,0.145343,0,0.0666667,0.1565,0,0.0666667,0.265081,0,0.0666667,0.144166,0,0.0666667,0.233515,0,0.0666667,0.187891,0.5,0.4,0
1.5,5.25,1.52094,-1.18757,0.00236407,0.00236407,0.00236407,0.117528,True,empty floor,sound_similarity,0,0.0666667,0.240691,0,0.0666667,0.118506,0,0.0666667,0.271224,0,0.0666667,0.145343,0,0.0666667,0.1565,0,0.0666667,0.265081,0,0.0666667,0.144166,0,0.0666667,0.233515,0,0.0666667,0.187891,0.5,0.4,0
1.25,5.25,1.32565,-1.99322,0.00236407,0.00236407,0.00236407,0.223758,True,couch,sound_similarity,0,0.05,0.240691,0,0.05,0.118506,1,0.55,0.271224,0,0.05,0.145343,0,0.05,0.1565,0,0.05,0.265081,0,0.05,0.144166,0,0.05,0.233515,0,0.05,0.187891,0,0.05,0
1,5.25,1.1517,-2.76604,0.00236407,0.00236407,0.00236407,0.117528,True,empty floor,sound_similarity,0,0.0666667,0.240691,0,0.0666667,0.118506,0,0.0666667,0.271224,0,0.0666667,0.145343,0,0.0666667,0.1565,0,0.0666667,0.265081,0,0.0666667,0.144166,0,0.0666667,0.233515,0,0.0666667,0.187891,0.5,0.4,0
0.75,5.25,1.01019,-2.98569,0.00236407,0.00236407,0.00236407,0.117528,True,empty floor,sound_similarity,0,0.0666667,0.240691,0,0.0666667,0.118506,0,0.0666667,0.271224,0,0.0666667,0.145343,0,0.0666667,0.1565,0,0.0666667,0.265081,0,0.0666667,0.144166,0,0.0666667,0.233515,0,0.0666667,0.187891,0.5,0.4,0
0.5,5.25,0.916278,-2.99567,0.00236407,0.00236407,0.00236407,0.117528,True,empty floor,sound_similarity,0,0.0666667,0.240691,0,0.0666667,0.118506,0,0.0666667,0.271224,0,0.0666667,0.145343,0,0.0666667,0.1565,0,0.0666667,0.265081,0,0.0666667,0.144166,0,0.0666667,0.233515,0,0.0666667,0.187891,0.5,0.4,0
0.25,5.25,0.885236,-2.99573,0.00236407,0.00236407,0.00236407,0.117528,True,empty floor,sound_similarity,0,0.0666667,0.240691,0,0.0666667,0.118506,0,0.0666667,0.271224,0,0.0666667,0.145343,0,0.0666667,0.1565,0,0.0666667,0.265081,0,0.0666667,0.144166,0,0.0666667,0.233515,0,0.0666667,0.187891,0.5,0.4,0
0,5.25,0.923428,-2.99573,0.00236407,0.00236407,0.00236407,0.117528,True,empty floor,sound_similarity,0,0.0666667,0.240691,0,0.0666667,0.118506,0,0.0666667,0.271224,0,0.0666667,0.145343,0,0.0666667,0.1565,0,0.0666667,0.265081,0,0.0666667,0.144166,0,0.0666667,0.233515,0,0.0666667,0.187891,0.5,0.4,0
-0.25,5.25,1.02313,-2.99573,0.00236407,0.00236407,0.00236407,0.117528,True,empty floor,sound_similarity,0,0.0666667,0.240691,0,0.0666667,0.118506,0,0.0666667,0.271224,0,0.0666667,0.145343,0,0.0666667,0.1565,0,0.0666667,0.265081,0,0.0666667,0.144166,0,0.0666667,0.233515,0,0.0666667,0.187891,0.5,0.4,0
0.75,6.25,0.500213,-2.69141,0.00236407,0.00236407,0.00236407,0.117528,True,empty floor,sound_similarity,0,0.0666667,0.240691,0,0.0666667,0.118506,0,0.0666667,0.271224,0,0.0666667,0.145343,0,0.0666667,0.1565,0,0.0666667,0.265081,0,0.0666667,0.144166,0,0.0666667,0.233515,0,0.0666667,0.187891,0.5,0.4,0
1.25,6.25,0.993509,-2.04707,0.00236407,0.00236407,0.00236407,0.117528,True,empty floor,sound_similarity,0,0.0666667,0.240691,0,0.0666667,0.118506,0,0.0666667,0.271224,0,0.0666667,0.145343,0,0.0666667,0.1565,0,0.0666667,0.265081,0,0.0666667,0.144166,0,0.0666667,0.233515,0,0.0666667,0.187891,0.5,0.4,0
0.5,4.75,1.40524,-2.99573,0.00236407,0.00236407,0.00236407,0.117528,True,empty floor,sound_similarity,0,0.0666667,0.240691,0,0.0666667,0.118506,0,0.0666667,0.271224,0,0.0666667,0.145343,0,0.0666667,0.1565,0,0.0666667,0.265081,0,0.0666667,0.144166,0,0.0666667,0.233515,0,0.0666667,0.187891,0.5,0.4,0
1.5,7,1.50923,-2.99539,0.00236407,0.00236407,0.00236407,0.117528,True,empty floor,sound_similarity,0,0.0666667,0.240691,0,0.0666667,0.118506,0,0.0666667,0.271224,0,0.0666667,0.145343,0,0.0666667,0.1565,0,0.0666667,0.265081,0,0.0666667,0.144166,0,0.0666667,0.233515,0,0.0666667,0.187891,0.5,0.4,0
-1.5,7.5,2.2297,-2.99573,0.00236407,0.00236407,0.00236407,0.117528,True,empty floor,sound_similarity,0,0.0666667,0.240691,0,0.0666667,0.118506,0,0.0666667,0.271224,0,0.0666667,0.145343,0,0.0666667,0.1565,0,0.0666667,0.265081,0,0.0666667,0.144166,0,0.0666667,0.233515,0,0.0666667,0.187891,0.5,0.4,0
-1.75,7.5,2.43221,-2.99573,0.00236407,0.00236407,0.00236407,0.117528,True,empty floor,sound_similarity,0,0.0666667,0.240691,0,0.0666667,0.118506,0,0.0666667,0.271224,0,0.0666667,0.145343,0,0.0666667,0.1565,0,0.0666667,0.265081,0,0.0666667,0.144166,0,0.0666667,0.233515,0,0.0666667,0.187891,0.5,0.4,0
-2,7.5,2.64286,-2.99573,0.00236407,0.00236407,0.00236407,0.117528,True,empty floor,sound_similarity,0,0.0666667,0.240691,0,0.0666667,0.118506,0,0.0666667,0.271224,0,0.0666667,0.145343,0,0.0666667,0.1565,0,0.0666667,0.265081,0,0.0666667,0.144166,0,0.0666667,0.233515,0,0.0666667,0.187891,0.5,0.4,0
-2.25,7.5,2.85986,-2.99573,0.00236407,0.00236407,0.00236407,0.117528,True,empty floor,sound_similarity,0,0.0666667,0.240691,0,0.0666667,0.118506,0,0.0666667,0.271224,0,0.0666667,0.145343,0,0.0666667,0.1565,0,0.0666667,0.265081,0,0.0666667,0.144166,0,0.0666667,0.233515,0,0.0666667,0.187891,0.5,0.4,0
2,7.25,2.06387,-2.99493,0.00236407,0.00236407,0.00236407,0.117528,True,empty floor,sound_similarity,0,0.0666667,0.240691,0,0.0666667,0.118506,0,0.0666667,0.271224,0,0.0666667,0.145343,0,0.0666667,0.1565,0,0.0666667,0.265081,0,0.0666667,0.144166,0,0.0666667,0.233515,0,0.0666667,0.187891,0.5,0.4,0
1.75,7.25,1.85839,-2.99557,0.00236407,0.00236407,0.00236407,0.117528,True,empty floor,sound_similarity,0,0.0666667,0.240691,0,0.0666667,0.118506,0,0.0666667,0.271224,0,0.0666667,0.145343,0,0.0666667,0.1565,0,0.0666667,0.265081,0,0.0666667,0.144166,0,0.0666667,0.233515,0,0.0666667,0.187891,0.5,0.4,0
1.5,7.25,1.66514,-2.99571,0.00236407,0.00236407,0.00236407,0.117528,True,empty floor,sound_similarity,0,0.0666667,0.240691,0,0.0666667,0.118506,0,0.0666667,0.271224,0,0.0666667,0.145343,0,0.0666667,0.1565,0,0.0666667,0.265081,0,0.0666667,0.144166,0,0.0666667,0.233515,0,0.0666667,0.187891,0.5,0.4,0
1.25,7.25,1.48889,-2.99573,0.00236407,0.00236407,0.00236407,0.117528,True,empty floor,sound_similarity,0,0.0666667,0.240691,0,0.0666667,0.118506,0,0.0666667,0.271224,0,0.0666667,0.145343,0,0.0666667,0.1565,0,0.0666667,0.265081,0,0.0666667,0.144166,0,0.0666667,0.233515,0,0.0666667,0.187891,0.5,0.4,0
1,7.25,1.33636,-2.99573,0.00236407,0.00236407,0.00236407,0.176292,False,tv,sound_similarity,0,0.1,0.240691,0,0.1,0.118506,0,0.1,0.271224,0,0.1,0.145343,0,0.1,0.1565,0,0.1,0.265081,0,0.1,0.144166,0,0.1,0.233515,0,0.1,0.187891,0,0.1,0
0.75,7.25,1.21653,-2.99573,0.00236407,0.00236407,0.00236407,0.176292,False,tv,sound_similarity,0,0.1,0.240691,0,0.1,0.118506,0,0.1,0.271224,0,0.1,0.145343,0,0.1,0.1565,0,0.1,0.265081,0,0.1,0.144166,0,0.1,0.233515,0,0.1,0.187891,0,0.1,0
0.5,7.25,1.13974,-2.99573,0.00236407,0.00236407,0.00236407,0.176292,False,tv,sound_similarity,0,0.1,0.240691,0,0.1,0.118506,0,0.1,0.271224,0,0.1,0.145343,0,0.1,0.1565,0,0.1,0.265081,0,0.1,0.144166,0,0.1,0.233515,0,0.1,0.187891,0,0.1,0
0.25,7.25,1.11494,-2.99573,0.00236407,0.00236407,0.00236407,0.176292,False,tv,sound_similarity,0,0.1,0.240691,0,0.1,0.118506,0,0.1,0.271224,0,0.1,0.145343,0,0.1,0.1565,0,0.1,0.265081,0,0.1,0.144166,0,0.1,0.233515,0,0.1,0.187891,0,0.1,0
0,7.25,1.1455,-2.99573,0.00236407,0.00236407,0.00236407,0.176292,False,tv,sound_similarity,0,0.1,0.240691,0,0.1,0.118506,0,0.1,0.271224,0,0.1,0.145343,0,0.1,0.1565,0,0.1,0.265081,0,0.1,0.144166,0,0.1,0.233515,0,0.1,0.187891,0,0.1,0
-0.25,7.25,1.22729,-2.99573,0.00236407,0.00236407,0.00236407,0.176292,False,tv,sound_similarity,0,0.1,0.240691,0,0.1,0.118506,0,0.1,0.271224,0,0.1,0.145343,0,0.1,0.1565,0,0.1,0.265081,0,0.1,0.144166,0,0.1,0.233515,0,0.1,0.187891,0,0.1,0
-0.5,7.25,1.35104,-2.99573,0.00236407,0.00236407,0.00236407,0.176292,False,tv,sound_similarity,0,0.1,0.240691,0,0.1,0.118506,0,0.1,0.271224,0,0.1,0.145343,0,0.1,0.1565,0,0.1,0.265081,0,0.1,0.144166,0,0.1,0.233515,0,0.1,0.187891,0,0.1,0
-0.75,7.25,1.50645,-2.99573,0.00236407,0.00236407,0.00236407,0.117528,True,empty floor,sound_similarity,0,0.0666667,0.240691,0,0.0666667,0.118506,0,0.0666667,0.271224,0,0.0666667,0.145343,0,0.0666667,0.1565,0,0.0666667,0.265081,0,0.0666667,0.144166,0,0.0666667,0.233515,0,0.0666667,0.187891,0.5,0.4,0
-1,7.25,1.68478,-2.99573,0.00236407,0.00236407,0.00236407,0.117528,True,empty floor,sound_similarity,0,0.0666667,0.240691,0,0.0666667,0.118506,0,0.0666667,0.271224,0,0.0666667,0.145343,0,0.0666667,0.1565,0,0.0666667,0.265081,0,0.0666667,0.144166,0,0.0666667,0.233515,0,0.0666667,0.187891,0.5,0.4,0
-1.25,7.25,1.87951,-2.99573,0.00236407,0.00236407,0.00236407,0.117528,True,empty floor,sound_similarity,0,0.0666667,0.240691,0,0.0666667,0.118506,0,0.0666667,0.271224,0,0.0666667,0.145343,0,0.0666667,0.1565,0,0.0666667,0.265081,0,0.0666667,0.144166,0,0.0666667,0.233515,0,0.0666667,0.187891,0.5,0.4,0
-1.5,7.25,2.08606,-2.99573,0.00236407,0.00236407,0.00236407,0.117528,True,empty floor,sound_similarity,0,0.0666667,0.240691,0,0.0666667,0.118506,0,0.0666667,0.271224,0,0.0666667,0.145343,0,0.0666667,0.1565,0,0.0666667,0.265081,0,0.0666667,0.144166,0,0.0666667,0.233515,0,0.0666667,0.187891,0.5,0.4,0
-1.75,7.25,2.30124,-2.99573,0.00236407,0.00236407,0.00236407,0.117528,True,empty floor,sound_similarity,0,0.0666667,0.240691,0,0.0666667,0.118506,0,0.0666667,0.271224,0,0.0666667,0.145343,0,0.0666667,0.1565,0,0.0666667,0.265081,0,0.0666667,0.144166,0,0.0666667,0.233515,0,0.0666667,0.187891,0.5,0.4,0
-2,7.25,2.52285,-2.99573,0.00236407,0.00236407,0.00236407,0.117528,True,empty floor,sound_similarity,0,0.0666667,0.240691,0,0.0666667,0.118506,0,0.0666667,0.271224,0,0.0666667,0.145343,0,0.0666667,0.1565,0,0.0666667,0.265081,0,0.0666667,0.144166,0,0.0666667,0.233515,0,0.0666667,0.187891,0.5,0.4,0
-2.25,7.25,2.74934,-2.99573,0.00236407,0.00236407,0.00236407,0.117528,True,empty floor,sound_similarity,0,0.0666667,0.240691,0,0.0666667,0.118506,0,0.0666667,0.271224,0,0.0666667,0.145343,0,0.0666667,0.1565,0,0.0666667,0.265081,0,0.0666667,0.144166,0,0.0666667,0.233515,0,0.0666667,0.187891,0.5,0.4,0
2,7,1.94026,-2.98846,0.00236407,0.00236407,0.00236407,0.117528,True,empty floor,sound_similarity,0,0.0666667,0.240691,0,0.0666667,0.118506,0,0.0666667,0.271224,0,0.0666667,0.145343,0,0.0666667,0.1565,0,0.0666667,0.265081,0,0.0666667,0.144166,0,0.0666667,0.233515,0,0.0666667,0.187891,0.5,0.4,0
-1.25,7.5,2.03776,-2.99573,0.00236407,0.00236407,0.00236407,0.117528,True,empty floor,sound_similarity,0,0.0666667,0.240691,0,0.0666667,0.118506,0,0.0666667,0.271224,0,0.0666667,0.145343,0,0.0666667,0.1565,0,0.0666667,0.265081,0,0.0666667,0.144166,0,0.0666667,0.233515,0,0.0666667,0.187891,0.5,0.4,0
-0.75,7.5,1.6998,-2.99573,0.00236407,0.00236407,0.00236407,0.176292,False,tv,sound_similarity,0,0.1,0.240691,0,0.1,0.118506,0,0.1,0.271224,0,0.1,0.145343,0,0.1,0.1565,0,0.1,0.265081,0,0.1,0.144166,0,0.1,0.233515,0,0.1,0.187891,0,0.1,0
0.25,7.5,1.36493,-2.99573,0.00236407,0.00236407,0.00236407,0.176292,False,tv,sound_similarity,0,0.1,0.240691,0,0.1,0.118506,0,0.1,0.271224,0,0.1,0.145343,0,0.1,0.1565,0,0.1,0.265081,0,0.1,0.144166,0,0.1,0.233515,0,0.1,0.187891,0,0.1,0
-0.75,7.75,1.90637,-2.99573,0.00236407,0.00236407,0.00236407,0.176292,False,tv,sound_similarity,0,0.1,0.240691,0,0.1,0.118506,0,0.1,0.271224,0,0.1,0.145343,0,0.1,0.1565,0,0.1,0.265081,0,0.1,0.144166,0,0.1,0.233515,0,0.1,0.187891,0,0.1,0
1.75,7.75,2.19511,-2.99573,0.00236407,0.00236407,0.00236407,0.117528,True,empty floor,sound_similarity,0,0.0666667,0.240691,0,0.0666667,0.118506,0,0.0666667,0.271224,0,0.0666667,0.145343,0,0.0666667,0.1565,0,0.0666667,0.265081,0,0.0666667,0.144166,0,0.0666667,0.233515,0,0.0666667,0.187891,0.5,0.4,0
1.5,7.75,2.0341,-2.99573,0.00236407,0.00236407,0.00236407,0.176292,False,tv,sound_similarity,0,0.1,0.240691,0,0.1,0.118506,0,0.1,0.271224,0,0.1,0.145343,0,0.1,0.1565,0,0.1,0.265081,0,0.1,0.144166,0,0.1,0.233515,0,0.1,0.187891,0,0.1,0
1.25,7.75,1.89252,-2.99573,0.00236407,0.00236407,0.00236407,0.176292,False,tv,sound_similarity,0,0.1,0.240691,0,0.1,0.118506,0,0.1,0.271224,0,0.1,0.145343,0,0.1,0.1565,0,0.1,0.265081,0,0.1,0.144166,0,0.1,0.233515,0,0.1,0.187891,0,0.1,0
1,7.75,1.77503,-2.99573,0.00236407,0.00236407,0.00236407,0.176292,False,tv,sound_similarity,0,0.1,0.240691,0,0.1,0.118506,0,0.1,0.271224,0,0.1,0.145343,0,0.1,0.1565,0,0.1,0.265081,0,0.1,0.144166,0,0.1,0.233515,0,0.1,0.187891,0,0.1,0
0.75,7.75,1.68665,-2.99573,0.00236407,0.00236407,0.00236407,0.176292,False,tv,sound_similarity,0,0.1,0.240691,0,0.1,0.118506,0,0.1,0.271224,0,0.1,0.145343,0,0.1,0.1565,0,0.1,0.265081,0,0.1,0.144166,0,0.1,0.233515,0,0.1,0.187891,0,0.1,0
0.5,7.75,1.63214,-2.99573,0.00236407,0.00236407,0.00236407,0.176292,False,tv,sound_similarity,0,0.1,0.240691,0,0.1,0.118506,0,0.1,0.271224,0,0.1,0.145343,0,0.1,0.1565,0,0.1,0.265081,0,0.1,0.144166,0,0.1,0.233515,0,0.1,0.187891,0,0.1,0
0.25,7.75,1.61492,-2.99573,0.00236407,0.00236407,0.00236407,0.176292,False,tv,sound_similarity,0,0.1,0.240691,0,0.1,0.118506,0,0.1,0.271224,0,0.1,0.145343,0,0.1,0.1565,0,0.1,0.265081,0,0.1,0.144166,0,0.1,0.233515,0,0.1,0.187891,0,0.1,0
0,7.75,1.63616,-2.99573,0.00236407,0.00236407,0.00236407,0.176292,False,tv,sound_similarity,0,0.1,0.240691,0,0.1,0.118506,0,0.1,0.271224,0,0.1,0.145343,0,0.1,0.1565,0,0.1,0.265081,0,0.1,0.144166,0,0.1,0.233515,0,0.1,0.187891,0,0.1,0
-0.25,7.75,1.69443,-2.99573,0.00236407,0.00236407,0.00236407,0.176292,False,tv,sound_similarity,0,0.1,0.240691,0,0.1,0.118506,0,0.1,0.271224,0,0.1,0.145343,0,0.1,0.1565,0,0.1,0.265081,0,0.1,0.144166,0,0.1,0.233515,0,0.1,0.187891,0,0.1,0
-0.5,7.75,1.78611,-2.99573,0.00236407,0.00236407,0.00236407,0.176292,False,tv,sound_similarity,0,0.1,0.240691,0,0.1,0.118506,0,0.1,0.271224,0,0.1,0.145343,0,0.1,0.1565,0,0.1,0.265081,0,0.1,0.144166,0,0.1,0.233515,0,0.1,0.187891,0,0.1,0
-1,7.75,2.0502,-2.99573,0.00236407,0.00236407,0.00236407,0.176292,False,tv,sound_similarity,0,0.1,0.240691,0,0.1,0.118506,0,0.1,0.271224,0,0.1,0.145343,0,0.1,0.1565,0,0.1,0.265081,0,0.1,0.144166,0,0.1,0.233515,0,0.1,0.187891,0,0.1,0
0.5,7.5,1.38526,-2.99573,0.00236407,0.00236407,0.00236407,0.176292,False,tv,sound_similarity,0,0.1,0.240691,0,0.1,0.118506,0,0.1,0.271224,0,0.1,0.145343,0,0.1,0.1565,0,0.1,0.265081,0,0.1,0.144166,0,0.1,0.233515,0,0.1,0.187891,0,0.1,0
-1.25,7.75,2.21301,-2.99573,0.00236407,0.00236407,0.00236407,0.117528,True,empty floor,sound_similarity,0,0.0666667,0.240691,0,0.0666667,0.118506,0,0.0666667,0.271224,0,0.0666667,0.145343,0,0.0666667,0.1565,0,0.0666667,0.265081,0,0.0666667,0.144166,0,0.0666667,0.233515,0,0.0666667,0.187891,0.5,0.4,0
-1.5,7.75,2.39092,-2.99573,0.00236407,0.00236407,0.00236407,0.117528,True,empty floor,sound_similarity,0,0.0666667,0.240691,0,0.0666667,0.118506,0,0.0666667,0.271224,0,0.0666667,0.145343,0,0.0666667,0.1565,0,0.0666667,0.265081,0,0.0666667,0.144166,0,0.0666667,0.233515,0,0.0666667,0.187891,0.5,0.4,0
-1.75,7.75,2.58081,-2.99573,0.00236407,0.00236407,0.00236407,0.117528,True,empty floor,sound_similarity,0,0.0666667,0.240691,0,0.0666667,0.118506,0,0.0666667,0.271224,0,0.0666667,0.145343,0,0.0666667,0.1565,0,0.0666667,0.265081,0,0.0666667,0.144166,0,0.0666667,0.233515,0,0.0666667,0.187891,0.5,0.4,0
-2.25,7.75,2.98726,-2.99573,0.00236407,0.00236407,0.00236407,0.117528,True,empty floor,sound_similarity,0,0.0666667,0.240691,0,0.0666667,0.118506,0,0.0666667,0.271224,0,0.0666667,0.145343,0,0.0666667,0.1565,0,0.0666667,0.265081,0,0.0666667,0.144166,0,0.0666667,0.233515,0,0.0666667,0.187891,0.5,0.4,0
2,7.5,2.20896,-2.99564,0.00236407,0.00236407,0.00236407,0.117528,True,empty floor,sound_similarity,0,0.0666667,0.240691,0,0.0666667,0.118506,0,0.0666667,0.271224,0,0.0666667,0.145343,0,0.0666667,0.1565,0,0.0666667,0.265081,0,0.0666667,0.144166,0,0.0666667,0.233515,0,0.0666667,0.187891,0.5,0.4,0
1.75,7.5,2.01831,-2.99572,0.00236407,0.00236407,0.00236407,0.117528,True,empty floor,sound_similarity,0,0.0666667,0.240691,0,0.0666667,0.118506,0,0.0666667,0.271224,0,0.0666667,0.145343,0,0.0666667,0.1565,0,0.0666667,0.265081,0,0.0666667,0.144166,0,0.0666667,0.233515,0,0.0666667,0.187891,0.5,0.4,0
1.5,7.5,1.84191,-2.99573,0.00236407,0.00236407,0.00236407,0.117528,True,empty floor,sound_similarity,0,0.0666667,0.240691,0,0.0666667,0.118506,0,0.0666667,0.271224,0,0.0666667,0.145343,0,0.0666667,0.1565,0,0.0666667,0.265081,0,0.0666667,0.144166,0,0.0666667,0.233515,0,0.0666667,0.187891,0.5,0.4,0
1.25,7.5,1.68426,-2.99573,0.00236407,0.00236407,0.00236407,0.176292,False,tv,sound_similarity,0,0.1,0.240691,0,0.1,0.118506,0,0.1,0.271224,0,0.1,0.145343,0,0.1,0.1565,0,0.1,0.265081,0,0.1,0.144166,0,0.1,0.233515,0,0.1,0.187891,0,0.1,0
1,7.5,1.55106,-2.99573,0.00236407,0.00236407,0.00236407,0.176292,False,tv,sound_similarity,0,0.1,0.240691,0,0.1,0.118506,0,0.1,0.271224,0,0.1,0.145343,0,0.1,0.1565,0,0.1,0.265081,0,0.1,0.144166,0,0.1,0.233515,0,0.1,0.187891,0,0.1,0
0.75,7.5,1.44909,-2.99573,0.00236407,0.00236407,0.00236407,0.176292,False,tv,sound_similarity,0,0.1,0.240691,0,0.1,0.118506,0,0.1,0.271224,0,0.1,0.145343,0,0.1,0.1565,0,0.1,0.265081,0,0.1,0.144166,0,0.1,0.233515,0,0.1,0.187891,0,0.1,0
1.75,7,1.72009,-2.99373,0.00236407,0.00236407,0.00236407,0.117528,True,empty floor,sound_similarity,0,0.0666667,0.240691,0,0.0666667,0.118506,0,0.0666667,0.271224,0,0.0666667,0.145343,0,0.0666667,0.1565,0,0.0666667,0.265081,0,0.0666667,0.144166,0,0.0666667,0.233515,0,0.0666667,0.187891,0.5,0.4,0
1.25,7,1.31219,-2.9957,0.00236407,0.00236407,0.00236407,0.117528,True,empty floor,sound_similarity,0,0.0666667,0.240691,0,0.0666667,0.118506,0,0.0666667,0.271224,0,0.0666667,0.145343,0,0.0666667,0.1565,0,0.0666667,0.265081,0,0.0666667,0.144166,0,0.0666667,0.233515,0,0.0666667,0.187891,0.5,0.4,0
1.5,6.25,1.24217,-1.88007,0.00236407,0.00236407,0.00236407,0.117528,True,empty floor,sound_similarity,0,0.0666667,0.240691,0,0.0666667,0.118506,0,0.0666667,0.271224,0,0.0666667,0.145343,0,0.0666667,0.1565,0,0.0666667,0.265081,0,0.0666667,0.144166,0,0.0666667,0.233515,0,0.0666667,0.187891,0.5,0.4,0
1,7,1.13619,-2.99573,0.00236407,0.00236407,0.00236407,0.117528,True,empty floor,sound_similarity,0,0.0666667,0.240691,0,0.0666667,0.118506,0,0.0666667,0.271224,0,0.0666667,0.145343,0,0.0666667,0.1565,0,0.0666667,0.265081,0,0.0666667,0.144166,0,0.0666667,0.233515,0,0.0666667,0.187891,0.5,0.4,0
-1.5,6.75,1.86729,-2.99573,0.00236407,0.00236407,0.00236407,0.117528,True,empty floor,sound_similarity,0,0.0666667,0.240691,0,0.0666667,0.118506,0,0.0666667,0.271224,0,0.0666667,0.145343,0,0.0666667,0.1565,0,0.0666667,0.265081,0,0.0666667,0.144166,0,0.0666667,0.233515,0,0.0666667,0.187891,0.5,0.4,0
-1.75,6.75,2.10496,-2.99573,0.00236407,0.00236407,0.00236407,0.117528,True,empty floor,sound_similarity,0,0.0666667,0.240691,0,0.0666667,0.118506,0,0.0666667,0.271224,0,0.0666667,0.145343,0,0.0666667,0.1565,0,0.0666667,0.265081,0,0.0666667,0.144166,0,0.0666667,0.233515,0,0.0666667,0.187891,0.5,0.4,0
-2.25,6.75,2.58728,-2.99573,0.00236407,0.00236407,0.00236407,0.117528,True,empty floor,sound_similarity,0,0.0666667,0.240691,0,0.0666667,0.118506,0,0.0666667,0.271224,0,0.0666667,0.145343,0,0.0666667,0.1565,0,0.0666667,0.265081,0,0.0666667,0.144166,0,0.0666667,0.233515,0,0.0666667,0.187891,0.5,0.4,0
2,6.5,1.77476,-2.58886,0.00236407,0.00236407,0.00236407,0.117528,True,empty floor,sound_similarity,0,0.0666667,0.240691,0,0.0666667,0.118506,0,0.0666667,0.271224,0,0.0666667,0.145343,0,0.0666667,0.1565,0,0.0666667,0.265081,0,0.0666667,0.144166,0,0.0666667,0.233515,0,0.0666667,0.187891,0.5,0.4,0
1.75,6.5,1.53096,-2.72362,0.00236407,0.00236407,0.00236407,0.117528,True,empty floor,sound_similarity,0,0.0666667,0.240691,0,0.0666667,0.118506,0,0.0666667,0.271224,0,0.0666667,0.145343,0,0.0666667,0.1565,0,0.0666667,0.265081,0,0.0666667,0.144166,0,0.0666667,0.233515,0,0.0666667,0.187891,0.5,0.4,0
1.5,6.5,1.28954,-2.8507,0.00236407,0.00236407,0.00236407,0.117528,True,empty floor,sound_similarity,0,0.0666667,0.240691,0,0.0666667,0.118506,0,0.0666667,0.271224,0,0.0666667,0.145343,0,0.0666667,0.1565,0,0.0666667,0.265081,0,0.0666667,0.144166,0,0.0666667,0.233515,0,0.0666667,0.187891,0.5,0.4,0
1.25,6.5,1.05214,-2.94501,0.00236407,0.00236407,0.00236407,0.117528,True,empty floor,sound_similarity,0,0.0666667,0.240691,0,0.0666667,0.118506,0,0.0666667,0.271224,0,0.0666667,0.145343,0,0.0666667,0.1565,0,0.0666667,0.265081,0,0.0666667,0.144166,0,0.0666667,0.233515,0,0.0666667,0.187891,0.5,0.4,0
1,6.5,0.822233,-2.98814,0.00236407,0.00236407,0.00236407,0.117528,True,empty floor,sound_similarity,0,0.0666667,0.240691,0,0.0666667,0.118506,0,0.0666667,0.271224,0,0.0666667,0.145343,0,0.0666667,0.1565,0,0.0666667,0.265081,0,0.0666667,0.144166,0,0.0666667,0.233515,0,0.0666667,0.187891,0.5,0.4,0
0.75,6.5,0.608395,-2.99557,0.00236407,0.00236407,0.00236407,0.117528,True,empty floor,sound_similarity,0,0.0666667,0.240691,0,0.0666667,0.118506,0,0.0666667,0.271224,0,0.0666667,0.145343,0,0.0666667,0.1565,0,0.0666667,0.265081,0,0.0666667,0.144166,0,0.0666667,0.233515,0,0.0666667,0.187891,0.5,0.4,0
0.5,6.5,0.434995,-2.99573,0.00236407,0.00236407,0.00236407,0.176292,False,tv,sound_similarity,0,0.1,0.240691,0,0.1,0.118506,0,0.1,0.271224,0,0.1,0.145343,0,0.1,0.1565,0,0.1,0.265081,0,0.1,0.144166,0,0.1,0.233515,0,0.1,0.187891,0,0.1,0
0.25,6.5,0.365099,-2.99573,0.00236407,0.00236407,0.00236407,0.176292,False,tv,sound_similarity,0,0.1,0.240691,0,0.1,0.118506,0,0.1,0.271224,0,0.1,0.145343,0,0.1,0.1565,0,0.1,0.265081,0,0.1,0.144166,0,0.1,0.233515,0,0.1,0.187891,0,0.1,0
0,6.5,0.44986,-2.99573,0.00236407,0.00236407,0.00236407,0.117528,True,empty floor,sound_similarity,0,0.0666667,0.240691,0,0.0666667,0.118506,0,0.0666667,0.271224,0,0.0666667,0.145343,0,0.0666667,0.1565,0,0.0666667,0.265081,0,0.0666667,0.144166,0,0.0666667,0.233515,0,0.0666667,0.187891,0.5,0.4,0
-0.25,6.5,0.629643,-2.99573,0.00236407,0.00236407,0.00236407,0.117528,True,empty floor,sound_similarity,0,0.0666667,0.240691,0,0.0666667,0.118506,0,0.0666667,0.271224,0,0.0666667,0.145343,0,0.0666667,0.1565,0,0.0666667,0.265081,0,0.0666667,0.144166,0,0.0666667,0.233515,0,0.0666667,0.187891,0.5,0.4,0
-0.5,6.5,0.845888,-2.99573,0.00236407,0.00236407,0.00236407,0.117528,True,empty floor,sound_similarity,0,0.0666667,0.240691,0,0.0666667,0.118506,0,0.0666667,0.271224,0,0.0666667,0.145343,0,0.0666667,0.1565,0,0.0666667,0.265081,0,0.0666667,0.144166,0,0.0666667,0.233515,0,0.0666667,0.187891,0.5,0.4,0
-0.75,6.5,1.07685,-2.99573,0.00236407,0.00236407,0.00236407,0.117528,True,empty floor,sound_similarity,0,0.0666667,0.240691,0,0.0666667,0.118506,0,0.0666667,0.271224,0,0.0666667,0.145343,0,0.0666667,0.1565,0,0.0666667,0.265081,0,0.0666667,0.144166,0,0.0666667,0.233515,0,0.0666667,0.187891,0.5,0.4,0
-1,6.5,1.31479,-2.99573,0.00236407,0.00236407,0.00236407,0.117528,True,empty floor,sound_similarity,0,0.0666667,0.240691,0,0.0666667,0.118506,0,0.0666667,0.271224,0,0.0666667,0.145343,0,0.0666667,0.1565,0,0.0666667,0.265081,0,0.0666667,0.144166,0,0.0666667,0.233515,0,0.0666667,0.187891,0.5,0.4,0
-1.25,6.5,1.55652,-2.99573,0.00236407,0.00236407,0.00236407,0.117528,True,empty floor,sound_similarity,0,0.0666667,0.240691,0,0.0666667,0.118506,0,0.0666667,0.271224,0,0.0666667,0.145343,0,0.0666667,0.1565,0,0.0666667,0.265081,0,0.0666667,0.144166,0,0.0666667,0.233515,0,0.0666667,0.187891,0.5,0.4,0
-1.5,6.5,1.80051,-2.99573,0.00236407,0.00236407,0.00236407,0.117528,True,empty floor,sound_similarity,0,0.0666667,0.240691,0,0.0666667,0.118506,0,0.0666667,0.271224,0,0.0666667,0.145343,0,0.0666667,0.1565,0,0.0666667,0.265081,0,0.0666667,0.144166,0,0.0666667,0.233515,0,0.0666667,0.187891,0.5,0.4,0
-1.75,6.5,2.04595,-2.99573,0.00236407,0.00236407,0.00236407,0.117528,True,empty floor,sound_similarity,0,0.0666667,0.240691,0,0.0666667,0.118506,0,0.0666667,0.271224,0,0.0666667,0.145343,0,0.0666667,0.1565,0,0.0666667,0.265081,0,0.0666667,0.144166,0,0.0666667,0.233515,0,0.0666667,0.187891,0.5,0.4,0
-2,6.5,2.29238,-2.99573,0.00236407,0.00236407,0.00236407,0.117528,True,empty floor,sound_similarity,0,0.0666667,0.240691,0,0.0666667,0.118506,0,0.0666667,0.271224,0,0.0666667,0.145343,0,0.0666667,0.1565,0,0.0666667,0.265081,0,0.0666667,0.144166,0,0.0666667,0.233515,0,0.0666667,0.187891,0.5,0.4,0
-2.25,6.5,2.5395,-2.99573,0.00236407,0.00236407,0.00236407,0.117528,True,empty floor,sound_similarity,0,0.0666667,0.240691,0,0.0666667,0.118506,0,0.0666667,0.271224,0,0.0666667,0.145343,0,0.0666667,0.1565,0,0.0666667,0.265081,0,0.0666667,0.144166,0,0.0666667,0.233515,0,0.0666667,0.187891,0.5,0.4,0
2,6.25,1.74064,-1.68371,0.00236407,0.00236407,0.00236407,0.117528,True,empty floor,sound_similarity,0,0.0666667,0.240691,0,0.0666667,0.118506,0,0.0666667,0.271224,0,0.0666667,0.145343,0,0.0666667,0.1565,0,0.0666667,0.265081,0,0.0666667,0.144166,0,0.0666667,0.233515,0,0.0666667,0.187891,0.5,0.4,0
1.75,6.25,1.49128,-1.76591,0.00236407,0.00236407,0.00236407,0.117528,True,empty floor,sound_similarity,0,0.0666667,0.240691,0,0.0666667,0.118506,0,0.0666667,0.271224,0,0.0666667,0.145343,0,0.0666667,0.1565,0,0.0666667,0.265081,0,0.0666667,0.144166,0,0.0666667,0.233515,0,0.0666667,0.187891,0.5,0.4,0
-1.25,6.75,1.63331,-2.99573,0.00236407,0.00236407,0.00236407,0.117528,True,empty floor,sound_similarity,0,0.0666667,0.240691,0,0.0666667,0.118506,0,0.0666667,0.271224,0,0.0666667,0.145343,0,0.0666667,0.1565,0,0.0666667,0.265081,0,0.0666667,0.144166,0,0.0666667,0.233515,0,0.0666667,0.187891,0.5,0.4,0
-1,6.75,1.40485,-2.99573,0.00236407,0.00236407,0.00236407,0.117528,True,empty floor,sound_similarity,0,0.0666667,0.240691,0,0.0666667,0.118506,0,0.0666667,0.271224,0,0.0666667,0.145343,0,0.0666667,0.1565,0,0.0666667,0.265081,0,0.0666667,0.144166,0,0.0666667,0.233515,0,0.0666667,0.187891,0.5,0.4,0
-0.75,6.75,1.18513,-2.99573,0.00236407,0.00236407,0.00236407,0.117528,True,empty floor,sound_similarity,0,0.0666667,0.240691,0,0.0666667,0.118506,0,0.0666667,0.271224,0,0.0666667,0.145343,0,0.0666667,0.1565,0,0.0666667,0.265081,0,0.0666667,0.144166,0,0.0666667,0.233515,0,0.0666667,0.187891,0.5,0.4,0
-1.75,7,2.19107,-2.99573,0.00236407,0.00236407,0.00236407,0.117528,True,empty floor,sound_similarity,0,0.0666667,0.240691,0,0.0666667,0.118506,0,0.0666667,0.271224,0,0.0666667,0.145343,0,0.0666667,0.1565,0,0.0666667,0.265081,0,0.0666667,0.144166,0,0.0666667,0.233515,0,0.0666667,0.187891,0.5,0.4,0
0.75,7,0.992475,-2.99573,0.00236407,0.00236407,0.00236407,0.176292,False,tv,sound_similarity,0,0.1,0.240691,0,0.1,0.118506,0,0.1,0.271224,0,0.1,0.145343,0,0.1,0.1565,0,0.1,0.265081,0,0.1,0.144166,0,0.1,0.233515,0,0.1,0.187891,0,0.1,0
0.5,7,0.896707,-2.99573,0.00236407,0.00236407,0.00236407,0.176292,False,tv,sound_similarity,0,0.1,0.240691,0,0.1,0.118506,0,0.1,0.271224,0,0.1,0.145343,0,0.1,0.1565,0,0.1,0.265081,0,0.1,0.144166,0,0.1,0.233515,0,0.1,0.187891,0,0.1,0
0.25,7,0.864962,-2.99573,0.00236407,0.00236407,0.00236407,0.176292,False,tv,sound_similarity,0,0.1,0.240691,0,0.1,0.118506,0,0.1,0.271224,0,0.1,0.145343,0,0.1,0.1565,0,0.1,0.265081,0,0.1,0.144166,0,0.1,0.233515,0,0.1,0.187891,0,0.1,0
0,7,0.904011,-2.99573,0.00236407,0.00236407,0.00236407,0.176292,False,tv,sound_similarity,0,0.1,0.240691,0,0.1,0.118506,0,0.1,0.271224,0,0.1,0.145343,0,0.1,0.1565,0,0.1,0.265081,0,0.1,0.144166,0,0.1,0.233515,0,0.1,0.187891,0,0.1,0
-0.25,7,1.00564,-2.99573,0.00236407,0.00236407,0.00236407,0.176292,False,tv,sound_similarity,0,0.1,0.240691,0,0.1,0.118506,0,0.1,0.271224,0,0.1,0.145343,0,0.1,0.1565,0,0.1,0.265081,0,0.1,0.144166,0,0.1,0.233515,0,0.1,0.187891,0,0.1,0
-0.5,7,1.15343,-2.99573,0.00236407,0.00236407,0.00236407,0.117528,True,empty floor,sound_similarity,0,0.0666667,0.240691,0,0.0666667,0.118506,0,0.0666667,0.271224,0,0.0666667,0.145343,0,0.0666667,0.1565,0,0.0666667,0.265081,0,0.0666667,0.144166,0,0.0666667,0.233515,0,0.0666667,0.187891,0.5,0.4,0
-0.75,7,1.33209,-2.99573,0.00236407,0.00236407,0.00236407,0.117528,True,empty floor,sound_similarity,0,0.0666667,0.240691,0,0.0666667,0.118506,0,0.0666667,0.271224,0,0.0666667,0.145343,0,0.0666667,0.1565,0,0.0666667,0.265081,0,0.0666667,0.144166,0,0.0666667,0.233515,0,0.0666667,0.187891,0.5,0.4,0
-1,7,1.53086,-2.99573,0.00236407,0.00236407,0.00236407,0.117528,True,empty floor,sound_similarity,0,0.0666667,0.240691,0,0.0666667,0.118506,0,0.0666667,0.271224,0,0.0666667,0.145343,0,0.0666667,0.1565,0,0.0666667,0.265081,0,0.0666667,0.144166,0,0.0666667,0.233515,0,0.0666667,0.187891,0.5,0.4,0
-1.25,7,1.74288,-2.99573,0.00236407,0.00236407,0.00236407,0.117528,True,empty floor,sound_similarity,0,0.0666667,0.240691,0,0.0666667,0.118506,0,0.0666667,0.271224,0,0.0666667,0.145343,0,0.0666667,0.1565,0,0.0666667,0.265081,0,0.0666667,0.144166,0,0.0666667,0.233515,0,0.0666667,0.187891,0.5,0.4,0
-1.5,7,1.96385,-2.99573,0.00236407,0.00236407,0.00236407,0.117528,True,empty floor,sound_similarity,0,0.0666667,0.240691,0,0.0666667,0.118506,0,0.0666667,0.271224,0,0.0666667,0.145343,0,0.0666667,0.1565,0,0.0666667,0.265081,0,0.0666667,0.144166,0,0.0666667,0.233515,0,0.0666667,0.187891,0.5,0.4,0
-2,7,2.42278,-2.99573,0.00236407,0.00236407,0.00236407,0.117528,True,empty floor,sound_similarity,0,0.0666667,0.240691,0,0.0666667,0.118506,0,0.0666667,0.271224,0,0.0666667,0.145343,0,0.0666667,0.1565,0,0.0666667,0.265081,0,0.0666667,0.144166,0,0.0666667,0.233515,0,0.0666667,0.187891,0.5,0.4,0
-0.5,6.75,0.98003,-2.99573,0.00236407,0.00236407,0.00236407,0.117528,True,empty floor,sound_similarity,0,0.0666667,0.240691,0,0.0666667,0.118506,0,0.0666667,0.271224,0,0.0666667,0.145343,0,0.0666667,0.1565,0,0.0666667,0.265081,0,0.0666667,0.144166,0,0.0666667,0.233515,0,0.0666667,0.187891,0.5,0.4,0
-2.25,7,2.6578,-2.99573,0.00236407,0.00236407,0.00236407,0.117528,True,empty floor,sound_similarity,0,0.0666667,0.240691,0,0.0666667,0.118506,0,0.0666667,0.271224,0,0.0666667,0.145343,0,0.0666667,0.1565,0,0.0666667,0.265081,0,0.0666667,0.144166,0,0.0666667,0.233515,0,0.0666667,0.187891,0.5,0.4,0
2,6.75,1.84247,-2.93198,0.00236407,0.00236407,0.00236407,0.117528,True,empty floor,sound_similarity,0,0.0666667,0.240691,0,0.0666667,0.118506,0,0.0666667,0.271224,0,0.0666667,0.145343,0,0.0666667,0.1565,0,0.0666667,0.265081,0,0.0666667,0.144166,0,0.0666667,0.233515,0,0.0666667,0.187891,0.5,0.4,0
1.75,6.75,1.60897,-2.9693,0.00236407,0.00236407,0.00236407,0.117528,True,empty floor,sound_similarity,0,0.0666667,0.240691,0,0.0666667,0.118506,0,0.0666667,0.271224,0,0.0666667,0.145343,0,0.0666667,0.1565,0,0.0666667,0.265081,0,0.0666667,0.144166,0,0.0666667,0.233515,0,0.0666667,0.187891,0.5,0.4,0
1.5,6.75,1.38125,-2.98837,0.00236407,0.00236407,0.00236407,0.117528,True,empty floor,sound_similarity,0,0.0666667,0.240691,0,0.0666667,0.118506,0,0.0666667,0.271224,0,0.0666667,0.145343,0,0.0666667,0.1565,0,0.0666667,0.265081,0,0.0666667,0.144166,0,0.0666667,0.233515,0,0.0666667,0.187891,0.5,0.4,0
1,6.75,0.959687,-2.99568,0.00236407,0.00236407,0.00236407,0.117528,True,empty floor,sound_similarity,0,0.0666667,0.240691,0,0.0666667,0.118506,0,0.0666667,0.271224,0,0.0666667,0.145343,0,0.0666667,0.1565,0,0.0666667,0.265081,0,0.0666667,0.144166,0,0.0666667,0.233515,0,0.0666667,0.187891,0.5,0.4,0
0.75,6.75,0.784267,-2.99573,0.00236407,0.00236407,0.00236407,0.176292,False,tv,sound_similarity,0,0.1,0.240691,0,0.1,0.118506,0,0.1,0.271224,0,0.1,0.145343,0,0.1,0.1565,0,0.1,0.265081,0,0.1,0.144166,0,0.1,0.233515,0,0.1,0.187891,0,0.1,0
0.5,6.75,0.658902,-2.99573,0.00236407,0.00236407,0.00236407,0.176292,False,tv,sound_similarity,0,0.1,0.240691,0,0.1,0.118506,0,0.1,0.271224,0,0.1,0.145343,0,0.1,0.1565,0,0.1,0.265081,0,0.1,0.144166,0,0.1,0.233515,0,0.1,0.187891,0,0.1,0
0.25,6.75,0.615003,-2.99573,0.00236407,0.00236407,0.00236407,0.176292,False,tv,sound_similarity,0,0.1,0.240691,0,0.1,0.118506,0,0.1,0.271224,0,0.1,0.145343,0,0.1,0.1565,0,0.1,0.265081,0,0.1,0.144166,0,0.1,0.233515,0,0.1,0.187891,0,0.1,0
0,6.75,0.668809,-2.99573,0.00236407,0.00236407,0.00236407,0.176292,False,tv,sound_similarity,0,0.1,0.240691,0,0.1,0.118506,0,0.1,0.271224,0,0.1,0.145343,0,0.1,0.1565,0,0.1,0.265081,0,0.1,0.144166,0,0.1,0.233515,0,0.1,0.187891,0,0.1,0
-0.25,6.75,0.800863,-2.99573,0.00236407,0.00236407,0.00236407,0.117528,True,empty floor,sound_similarity,0,0.0666667,0.240691,0,0.0666667,0.118506,0,0.0666667,0.271224,0,0.0666667,0.145343,0,0.0666667,0.1565,0,0.0666667,0.265081,0,0.0666667,0.144166,0,0.0666667,0.233515,0,0.0666667,0.187891,0.5,0.4,0
0.75,4.75,1.46821,-2.99539,0.00236407,0.00236407,0.00236407,0.117528,True,empty floor,sound_similarity,0,0.0666667,0.240691,0,0.0666667,0.118506,0,0.0666667,0.271224,0,0.0666667,0.145343,0,0.0666667,0.1565,0,0.0666667,0.265081,0,0.0666667,0.144166,0,0.0666667,0.233515,0,0.0666667,0.187891,0.5,0.4,0
0.25,4.75,1.3852,-2.99573,0.00236407,0.00236407,0.00236407,0.117528,True,empty floor,sound_similarity,0,0.0666667,0.240691,0,0.0666667,0.118506,0,0.0666667,0.271224,0,0.0666667,0.145343,0,0.0666667,0.1565,0,0.0666667,0.265081,0,0.0666667,0.144166,0,0.0666667,0.233515,0,0.0666667,0.187891,0.5,0.4,0
-2,1.75,4.9347,-2.99573,0.00236407,0.00236407,0.00236407,0.117528,True,empty floor,sound_similarity,0,0.0666667,0.240691,0,0.0666667,0.118506,0,0.0666667,0.271224,0,0.0666667,0.145343,0,0.0666667,0.1565,0,0.0666667,0.265081,0,0.0666667,0.144166,0,0.0666667,0.233515,0,0.0666667,0.187891,0.5,0.4,0
-1.75,2.5,4.15536,-2.99573,0.00236407,0.00236407,0.00236407,0.117528,True,empty floor,sound_similarity,0,0.0666667,0.240691,0,0.0666667,0.118506,0,0.0666667,0.271224,0,0.0666667,0.145343,0,0.0666667,0.1565,0,0.0666667,0.265081,0,0.0666667,0.144166,0,0.0666667,0.233515,0,0.0666667,0.187891,0.5,0.4,0
0.25,2.75,3.38516,-2.99573,0.00236407,0.00236407,0.00236407,0.117528,True,empty floor,sound_similarity,0,0.0666667,0.240691,0,0.0666667,0.118506,0,0.0666667,0.271224,0,0.0666667,0.145343,0,0.0666667,0.1565,0,0.0666667,0.265081,0,0.0666667,0.144166,0,0.0666667,0.233515,0,0.0666667,0.187891,0.5,0.4,0
0,2.75,3.39535,-2.99573,0.00236407,0.00236407,0.00236407,0.117528,True,empty floor,sound_similarity,0,0.0666667,0.240691,0,0.0666667,0.118506,0,0.0666667,0.271224,0,0.0666667,0.145343,0,0.0666667,0.1565,0,0.0666667,0.265081,0,0.0666667,0.144166,0,0.0666667,0.233515,0,0.0666667,0.187891,0.5,0.4,0
-0.25,2.75,3.42381,-2.99573,0.00236407,0.00236407,0.00236407,0.117528,True,empty floor,sound_similarity,0,0.0666667,0.240691,0,0.0666667,0.118506,0,0.0666667,0.271224,0,0.0666667,0.145343,0,0.0666667,0.1565,0,0.0666667,0.265081,0,0.0666667,0.144166,0,0.0666667,0.233515,0,0.0666667,0.187891,0.5,0.4,0
-0.5,2.75,3.4701,-2.99573,0.00236407,0.00236407,0.00236407,0.117528,True,empty floor,sound_similarity,0,0.0666667,0.240691,0,0.0666667,0.118506,0,0.0666667,0.271224,0,0.0666667,0.145343,0,0.0666667,0.1565,0,0.0666667,0.265081,0,0.0666667,0.144166,0,0.0666667,0.233515,0,0.0666667,0.187891,0.5,0.4,0
-0.75,2.75,3.5335,-2.99573,0.00236407,0.00236407,0.00236407,0.117528,True,empty floor,sound_similarity,0,0.0666667,0.240691,0,0.0666667,0.118506,0,0.0666667,0.271224,0,0.0666667,0.145343,0,0.0666667,0.1565,0,0.0666667,0.265081,0,0.0666667,0.144166,0,0.0666667,0.233515,0,0.0666667,0.187891,0.5,0.4,0
-1,2.75,3.61313,-2.99573,0.00236407,0.00236407,0.00236407,0.117528,True,empty floor,sound_similarity,0,0.0666667,0.240691,0,0.0666667,0.118506,0,0.0666667,0.271224,0,0.0666667,0.145343,0,0.0666667,0.1565,0,0.0666667,0.265081,0,0.0666667,0.144166,0,0.0666667,0.233515,0,0.0666667,0.187891,0.5,0.4,0
-1.25,2.75,3.70794,-2.99573,0.00236407,0.00236407,0.00236407,0.117528,True,empty floor,sound_similarity,0,0.0666667,0.240691,0,0.0666667,0.118506,0,0.0666667,0.271224,0,0.0666667,0.145343,0,0.0666667,0.1565,0,0.0666667,0.265081,0,0.0666667,0.144166,0,0.0666667,0.233515,0,0.0666667,0.187891,0.5,0.4,0
-1.5,2.75,3.81679,-2.99573,0.00236407,0.00236407,0.00236407,0.117528,True,empty floor,sound_similarity,0,0.0666667,0.240691,0,0.0666667,0.118506,0,0.0666667,0.271224,0,0.0666667,0.145343,0,0.0666667,0.1565,0,0.0666667,0.265081,0,0.0666667,0.144166,0,0.0666667,0.233515,0,0.0666667,0.187891,0.5,0.4,0
-2,2.75,4.07198,-2.99573,0.00236407,0.00236407,0.00236407,0.117528,True,empty floor,sound_similarity,0,0.0666667,0.240691,0,0.0666667,0.118506,0,0.0666667,0.271224,0,0.0666667,0.145343,0,0.0666667,0.1565,0,0.0666667,0.265081,0,0.0666667,0.144166,0,0.0666667,0.233515,0,0.0666667,0.187891,0.5,0.4,0
-2.25,2.75,4.21605,-2.99573,0.00236407,0.00236407,0.00236407,0.117528,True,empty floor,sound_similarity,0,0.0666667,0.240691,0,0.0666667,0.118506,0,0.0666667,0.271224,0,0.0666667,0.145343,0,0.0666667,0.1565,0,0.0666667,0.265081,0,0.0666667,0.144166,0,0.0666667,0.233515,0,0.0666667,0.187891,0.5,0.4,0
2,2.5,4.02875,-2.99243,0.00236407,0.00236407,0.00236407,0.117528,True,empty floor,sound_similarity,0,0.0666667,0.240691,0,0.0666667,0.118506,0,0.0666667,0.271224,0,0.0666667,0.145343,0,0.0666667,0.1565,0,0.0666667,0.265081,0,0.0666667,0.144166,0,0.0666667,0.233515,0,0.0666667,0.187891,0.5,0.4,0
1.75,2.5,3.92746,-2.99472,0.00236407,0.00236407,0.00236407,0.117528,True,empty floor,sound_similarity,0,0.0666667,0.240691,0,0.0666667,0.118506,0,0.0666667,0.271224,0,0.0666667,0.145343,0,0.0666667,0.1565,0,0.0666667,0.265081,0,0.0666667,0.144166,0,0.0666667,0.233515,0,0.0666667,0.187891,0.5,0.4,0
1.5,2.5,3.83979,-2.99546,0.00236407,0.00236407,0.00236407,0.117528,True,empty floor,sound_similarity,0,0.0666667,0.240691,0,0.0666667,0.118506,0,0.0666667,0.271224,0,0.0666667,0.145343,0,0.0666667,0.1565,0,0.0666667,0.265081,0,0.0666667,0.144166,0,0.0666667,0.233515,0,0.0666667,0.187891,0.5,0.4,0
1.25,2.5,3.76671,-2.99567,0.00236407,0.00236407,0.00236407,0.117528,True,empty floor,sound_similarity,0,0.0666667,0.240691,0,0.0666667,0.118506,0,0.0666667,0.271224,0,0.0666667,0.145343,0,0.0666667,0.1565,0,0.0666667,0.265081,0,0.0666667,0.144166,0,0.0666667,0.233515,0,0.0666667,0.187891,0.5,0.4,0
1,2.5,3.70907,-2.99572,0.00236407,0.00236407,0.00236407,0.117528,True,empty floor,sound_similarity,0,0.0666667,0.240691,0,0.0666667,0.118506,0,0.0666667,0.271224,0,0.0666667,0.145343,0,0.0666667,0.1565,0,0.0666667,0.265081,0,0.0666667,0.144166,0,0.0666667,0.233515,0,0.0666667,0.187891,0.5,0.4,0
0.75,2.5,3.66759,-2.99573,0.00236407,0.00236407,0.00236407,0.117528,True,empty floor,sound_similarity,0,0.0666667,0.240691,0,0.0666667,0.118506,0,0.0666667,0.271224,0,0.0666667,0.145343,0,0.0666667,0.1565,0,0.0666667,0.265081,0,0.0666667,0.144166,0,0.0666667,0.233515,0,0.0666667,0.187891,0.5,0.4,0
0.5,2.5,3.64285,-2.99573,0.00236407,0.00236407,0.00236407,0.117528,True,empty floor,sound_similarity,0,0.0666667,0.240691,0,0.0666667,0.118506,0,0.0666667,0.271224,0,0.0666667,0.145343,0,0.0666667,0.1565,0,0.0666667,0.265081,0,0.0666667,0.144166,0,0.0666667,0.233515,0,0.0666667,0.187891,0.5,0.4,0
0.25,2.5,3.63516,-2.99573,0.00236407,0.00236407,0.00236407,0.117528,True,empty floor,sound_similarity,0,0.0666667,0.240691,0,0.0666667,0.118506,0,0.0666667,0.271224,0,0.0666667,0.145343,0,0.0666667,0.1565,0,0.0666667,0.265081,0,0.0666667,0.144166,0,0.0666667,0.233515,0,0.0666667,0.187891,0.5,0.4,0
0,2.5,3.64465,-2.99573,0.00236407,0.00236407,0.00236407,0.117528,True,empty floor,sound_similarity,0,0.0666667,0.240691,0,0.0666667,0.118506,0,0.0666667,0.271224,0,0.0666667,0.145343,0,0.0666667,0.1565,0,0.0666667,0.265081,0,0.0666667,0.144166,0,0.0666667,0.233515,0,0.0666667,0.187891,0.5,0.4,0
-0.25,2.5,3.67118,-2.99573,0.00236407,0.00236407,0.00236407,0.117528,True,empty floor,sound_similarity,0,0.0666667,0.240691,0,0.0666667,0.118506,0,0.0666667,0.271224,0,0.0666667,0.145343,0,0.0666667,0.1565,0,0.0666667,0.265081,0,0.0666667,0.144166,0,0.0666667,0.233515,0,0.0666667,0.187891,0.5,0.4,0
-0.5,2.5,3.71438,-2.99573,0.00236407,0.00236407,0.00236407,0.117528,True,empty floor,sound_similarity,0,0.0666667,0.240691,0,0.0666667,0.118506,0,0.0666667,0.271224,0,0.0666667,0.145343,0,0.0666667,0.1565,0,0.0666667,0.265081,0,0.0666667,0.144166,0,0.0666667,0.233515,0,0.0666667,0.187891,0.5,0.4,0
-0.75,2.5,3.77369,-2.99573,0.00236407,0.00236407,0.00236407,0.117528,True,empty floor,sound_similarity,0,0.0666667,0.240691,0,0.0666667,0.118506,0,0.0666667,0.271224,0,0.0666667,0.145343,0,0.0666667,0.1565,0,0.0666667,0.265081,0,0.0666667,0.144166,0,0.0666667,0.233515,0,0.0666667,0.187891,0.5,0.4,0
-1,2.5,3.84835,-2.99573,0.00236407,0.00236407,0.00236407,0.117528,True,empty floor,sound_similarity,0,0.0666667,0.240691,0,0.0666667,0.118506,0,0.0666667,0.271224,0,0.0666667,0.145343,0,0.0666667,0.1565,0,0.0666667,0.265081,0,0.0666667,0.144166,0,0.0666667,0.233515,0,0.0666667,0.187891,0.5,0.4,0
0.5,2.75,3.39341,-2.99573,0.00236407,0.00236407,0.00236407,0.117528,True,empty floor,sound_similarity,0,0.0666667,0.240691,0,0.0666667,0.118506,0,0.0666667,0.271224,0,0.0666667,0.145343,0,0.0666667,0.1565,0,0.0666667,0.265081,0,0.0666667,0.144166,0,0.0666667,0.233515,0,0.0666667,0.187891,0.5,0.4,0
1.5,2.75,3.60402,-2.99529,0.00236407,0.00236407,0.00236407,0.117528,True,empty floor,sound_similarity,0,0.0666667,0.240691,0,0.0666667,0.118506,0,0.0666667,0.271224,0,0.0666667,0.145343,0,0.0666667,0.1565,0,0.0666667,0.265081,0,0.0666667,0.144166,0,0.0666667,0.233515,0,0.0666667,0.187891,0.5,0.4,0
1.75,2.75,3.69728,-2.99401,0.00236407,0.00236407,0.00236407,0.117528,True,empty floor,sound_similarity,0,0.0666667,0.240691,0,0.0666667,0.118506,0,0.0666667,0.271224,0,0.0666667,0.145343,0,0.0666667,0.1565,0,0.0666667,0.265081,0,0.0666667,0.144166,0,0.0666667,0.233515,0,0.0666667,0.187891,0.5,0.4,0
0.75,3,3.17271,-2.99573,0.00236407,0.00236407,0.00236407,0.117528,True,empty floor,sound_similarity,0,0.0666667,0.240691,0,0.0666667,0.118506,0,0.0666667,0.271224,0,0.0666667,0.145343,0,0.0666667,0.1565,0,0.0666667,0.265081,0,0.0666667,0.144166,0,0.0666667,0.233515,0,0.0666667,0.187891,0.5,0.4,0
-1,3.25,3.14954,-2.99573,0.00236407,0.00236407,0.00236407,0.117528,True,empty floor,sound_similarity,0,0.0666667,0.240691,0,0.0666667,0.118506,0,0.0666667,0.271224,0,0.0666667,0.145343,0,0.0666667,0.1565,0,0.0666667,0.265081,0,0.0666667,0.144166,0,0.0666667,0.233515,0,0.0666667,0.187891,0.5,0.4,0
-1.25,3.25,3.25786,-2.99573,0.00236407,0.00236407,0.00236407,0.117528,True,empty floor,sound_similarity,0,0.0666667,0.240691,0,0.0666667,0.118506,0,0.0666667,0.271224,0,0.0666667,0.145343,0,0.0666667,0.1565,0,0.0666667,0.265081,0,0.0666667,0.144166,0,0.0666667,0.233515,0,0.0666667,0.187891,0.5,0.4,0
-1.5,3.25,3.38123,-2.99573,0.00236407,0.00236407,0.00236407,0.117528,True,empty floor,sound_similarity,0,0.0666667,0.240691,0,0.0666667,0.118506,0,0.0666667,0.271224,0,0.0666667,0.145343,0,0.0666667,0.1565,0,0.0666667,0.265081,0,0.0666667,0.144166,0,0.0666667,0.233515,0,0.0666667,0.187891,0.5,0.4,0
-2,3.25,3.66686,-2.99573,0.00236407,0.00236407,0.00236407,0.117528,True,empty floor,sound_similarity,0,0.0666667,0.240691,0,0.0666667,0.118506,0,0.0666667,0.271224,0,0.0666667,0.145343,0,0.0666667,0.1565,0,0.0666667,0.265081,0,0.0666667,0.144166,0,0.0666667,0.233515,0,0.0666667,0.187891,0.5,0.4,0
-2.25,3.25,3.82622,-2.99573,0.00236407,0.00236407,0.00236407,0.117528,True,empty floor,sound_similarity,0,0.0666667,0.240691,0,0.0666667,0.118506,0,0.0666667,0.271224,0,0.0666667,0.145343,0,0.0666667,0.1565,0,0.0666667,0.265081,0,0.0666667,0.144166,0,0.0666667,0.233515,0,0.0666667,0.187891,0.5,0.4,0
2,3,3.58409,-2.9851,0.00236407,0.00236407,0.00236407,0.117528,True,empty floor,sound_similarity,0,0.0666667,0.240691,0,0.0666667,0.118506,0,0.0666667,0.271224,0,0.0666667,0.145343,0,0.0666667,0.1565,0,0.0666667,0.265081,0,0.0666667,0.144166,0,0.0666667,0.233515,0,0.0666667,0.187891,0.5,0.4,0
1.75,3,3.46984,-2.99262,0.00236407,0.00236407,0.00236407,0.117528,True,empty floor,sound_similarity,0,0.0666667,0.240691,0,0.0666667,0.118506,0,0.0666667,0.271224,0,0.0666667,0.145343,0,0.0666667,0.1565,0,0.0666667,0.265081,0,0.0666667,0.144166,0,0.0666667,0.233515,0,0.0666667,0.187891,0.5,0.4,0
1.5,3,3.37029,-2.99496,0.00236407,0.00236407,0.00236407,0.117528,True,empty floor,sound_similarity,0,0.0666667,0.240691,0,0.0666667,0.118506,0,0.0666667,0.271224,0,0.0666667,0.145343,0,0.0666667,0.1565,0,0.0666667,0.265081,0,0.0666667,0.144166,0,0.0666667,0.233515,0,0.0666667,0.187891,0.5,0.4,0
1.25,3,3.28679,-2.99557,0.00236407,0.00236407,0.00236407,0.117528,True,empty floor,sound_similarity,0,0.0666667,0.240691,0,0.0666667,0.118506,0,0.0666667,0.271224,0,0.0666667,0.145343,0,0.0666667,0.1565,0,0.0666667,0.265081,0,0.0666667,0.144166,0,0.0666667,0.233515,0,0.0666667,0.187891,0.5,0.4,0
1,3,3.22056,-2.9957,0.00236407,0.00236407,0.00236407,0.117528,True,empty floor,sound_similarity,0,0.0666667,0.240691,0,0.0666667,0.118506,0,0.0666667,0.271224,0,0.0666667,0.145343,0,0.0666667,0.1565,0,0.0666667,0.265081,0,0.0666667,0.144166,0,0.0666667,0.233515,0,0.0666667,0.187891,0.5,0.4,0
0.5,3,3.14407,-2.99573,0.00236407,0.00236407,0.00236407,0.117528,True,empty floor,sound_similarity,0,0.0666667,0.240691,0,0.0666667,0.118506,0,0.0666667,0.271224,0,0.0666667,0.145343,0,0.0666667,0.1565,0,0.0666667,0.265081,0,0.0666667,0.144166,0,0.0666667,0.233515,0,0.0666667,0.187891,0.5,0.4,0
2,2.75,3.80471,-2.98995,0.00236407,0.00236407,0.00236407,0.117528,True,empty floor,sound_similarity,0,0.0666667,0.240691,0,0.0666667,0.118506,0,0.0666667,0.271224,0,0.0666667,0.145343,0,0.0666667,0.1565,0,0.0666667,0.265081,0,0.0666667,0.144166,0,0.0666667,0.233515,0,0.0666667,0.187891,0.5,0.4,0
0.25,3,3.13517,-2.99573,0.00236407,0.00236407,0.00236407,0.117528,True,empty floor,sound_similarity,0,0.0666667,0.240691,0,0.0666667,0.118506,0,0.0666667,0.271224,0,0.0666667,0.145343,0,0.0666667,0.1565,0,0.0666667,0.265081,0,0.0666667,0.144166,0,0.0666667,0.233515,0,0.0666667,0.187891,0.5,0.4,0
0,3,3.14616,-2.99573,0.00236407,0.00236407,0.00236407,0.117528,True,empty floor,sound_similarity,0,0.0666667,0.240691,0,0.0666667,0.118506,0,0.0666667,0.271224,0,0.0666667,0.145343,0,0.0666667,0.1565,0,0.0666667,0.265081,0,0.0666667,0.144166,0,0.0666667,0.233515,0,0.0666667,0.187891,0.5,0.4,0
-0.25,3,3.17686,-2.99573,0.00236407,0.00236407,0.00236407,0.117528,True,empty floor,sound_similarity,0,0.0666667,0.240691,0,0.0666667,0.118506,0,0.0666667,0.271224,0,0.0666667,0.145343,0,0.0666667,0.1565,0,0.0666667,0.265081,0,0.0666667,0.144166,0,0.0666667,0.233515,0,0.0666667,0.187891,0.5,0.4,0
-0.5,3,3.22668,-2.99573,0.00236407,0.00236407,0.00236407,0.117528,True,empty floor,sound_similarity,0,0.0666667,0.240691,0,0.0666667,0.118506,0,0.0666667,0.271224,0,0.0666667,0.145343,0,0.0666667,0.1565,0,0.0666667,0.265081,0,0.0666667,0.144166,0,0.0666667,0.233515,0,0.0666667,0.187891,0.5,0.4,0
-0.75,3,3.29478,-2.99573,0.00236407,0.00236407,0.00236407,0.117528,True,empty floor,sound_similarity,0,0.0666667,0.240691,0,0.0666667,0.118506,0,0.0666667,0.271224,0,0.0666667,0.145343,0,0.0666667,0.1565,0,0.0666667,0.265081,0,0.0666667,0.144166,0,0.0666667,0.233515,0,0.0666667,0.187891,0.5,0.4,0
-1,3,3.38004,-2.99573,0.00236407,0.00236407,0.00236407,0.117528,True,empty floor,sound_similarity,0,0.0666667,0.240691,0,0.0666667,0.118506,0,0.0666667,0.271224,0,0.0666667,0.145343,0,0.0666667,0.1565,0,0.0666667,0.265081,0,0.0666667,0.144166,0,0.0666667,0.233515,0,0.0666667,0.187891,0.5,0.4,0
-1.25,3,3.4812,-2.99573,0.00236407,0.00236407,0.00236407,0.117528,True,empty floor,sound_similarity,0,0.0666667,0.240691,0,0.0666667,0.118506,0,0.0666667,0.271224,0,0.0666667,0.145343,0,0.0666667,0.1565,0,0.0666667,0.265081,0,0.0666667,0.144166,0,0.0666667,0.233515,0,0.0666667,0.187891,0.5,0.4,0
-1.5,3,3.59692,-2.99573,0.00236407,0.00236407,0.00236407,0.117528,True,empty floor,sound_similarity,0,0.0666667,0.240691,0,0.0666667,0.118506,0,0.0666667,0.271224,0,0.0666667,0.145343,0,0.0666667,0.1565,0,0.0666667,0.265081,0,0.0666667,0.144166,0,0.0666667,0.233515,0,0.0666667,0.187891,0.5,0.4,0
-2,3,3.86665,-2.99573,0.00236407,0.00236407,0.00236407,0.117528,True,empty floor,sound_similarity,0,0.0666667,0.240691,0,0.0666667,0.118506,0,0.0666667,0.271224,0,0.0666667,0.145343,0,0.0666667,0.1565,0,0.0666667,0.265081,0,0.0666667,0.144166,0,0.0666667,0.233515,0,0.0666667,0.187891,0.5,0.4,0
-2.25,3,4.01809,-2.99573,0.00236407,0.00236407,0.00236407,0.117528,True,empty floor,sound_similarity,0,0.0666667,0.240691,0,0.0666667,0.118506,0,0.0666667,0.271224,0,0.0666667,0.145343,0,0.0666667,0.1565,0,0.0666667,0.265081,0,0.0666667,0.144166,0,0.0666667,0.233515,0,0.0666667,0.187891,0.5,0.4,0
-1.5,2.5,4.04017,-2.99573,0.00236407,0.00236407,0.00236407,0.117528,True,empty floor,sound_similarity,0,0.0666667,0.240691,0,0.0666667,0.118506,0,0.0666667,0.271224,0,0.0666667,0.145343,0,0.0666667,0.1565,0,0.0666667,0.265081,0,0.0666667,0.144166,0,0.0666667,0.233515,0,0.0666667,0.187891,0.5,0.4,0
-2,2.5,4.28207,-2.99573,0.00236407,0.00236407,0.00236407,0.117528,True,empty floor,sound_similarity,0,0.0666667,0.240691,0,0.0666667,0.118506,0,0.0666667,0.271224,0,0.0666667,0.145343,0,0.0666667,0.1565,0,0.0666667,0.265081,0,0.0666667,0.144166,0,0.0666667,0.233515,0,0.0666667,0.187891,0.5,0.4,0
-0.5,3.25,2.98436,-2.99573,0.00236407,0.00236407,0.00236407,0.117528,True,empty floor,sound_similarity,0,0.0666667,0.240691,0,0.0666667,0.118506,0,0.0666667,0.271224,0,0.0666667,0.145343,0,0.0666667,0.1565,0,0.0666667,0.265081,0,0.0666667,0.144166,0,0.0666667,0.233515,0,0.0666667,0.187891,0.5,0.4,0
-2.25,2.5,4.41929,-2.99573,0.00236407,0.00236407,0.00236407,0.117528,True,empty floor,sound_similarity,0,0.0666667,0.240691,0,0.0666667,0.118506,0,0.0666667,0.271224,0,0.0666667,0.145343,0,0.0666667,0.1565,0,0.0666667,0.265081,0,0.0666667,0.144166,0,0.0666667,0.233515,0,0.0666667,0.187891,0.5,0.4,0
-0.75,2,4.25745,-2.99573,0.00236407,0.00236407,0.00236407,0.117528,True,empty floor,sound_similarity,0,0.0666667,0.240691,0,0.0666667,0.118506,0,0.0666667,0.271224,0,0.0666667,0.145343,0,0.0666667,0.1565,0,0.0666667,0.265081,0,0.0666667,0.144166,0,0.0666667,0.233515,0,0.0666667,0.187891,0.5,0.4,0
-1,2,4.32376,-2.99573,0.00236407,0.00236407,0.00236407,0.117528,True,empty floor,sound_similarity,0,0.0666667,0.240691,0,0.0666667,0.118506,0,0.0666667,0.271224,0,0.0666667,0.145343,0,0.0666667,0.1565,0,0.0666667,0.265081,0,0.0666667,0.144166,0,0.0666667,0.233515,0,0.0666667,0.187891,0.5,0.4,0
-1.25,2,4.40329,-2.99573,0.00236407,0.00236407,0.00236407,0.117528,True,empty floor,sound_similarity,0,0.0666667,0.240691,0,0.0666667,0.118506,0,0.0666667,0.271224,0,0.0666667,0.145343,0,0.0666667,0.1565,0,0.0666667,0.265081,0,0.0666667,0.144166,0,0.0666667,0.233515,0,0.0666667,0.187891,0.5,0.4,0
-1.5,2,4.49534,-2.99573,0.00236407,0.00236407,0.00236407,0.117528,True,empty floor,sound_similarity,0,0.0666667,0.240691,0,0.0666667,0.118506,0,0.0666667,0.271224,0,0.0666667,0.145343,0,0.0666667,0.1565,0,0.0666667,0.265081,0,0.0666667,0.144166,0,0.0666667,0.233515,0,0.0666667,0.187891,0.5,0.4,0
-1.75,2,4.59915,-2.99573,0.00236407,0.00236407,0.00236407,0.117528,True,empty floor,sound_similarity,0,0.0666667,0.240691,0,0.0666667,0.118506,0,0.0666667,0.271224,0,0.0666667,0.145343,0,0.0666667,0.1565,0,0.0666667,0.265081,0,0.0666667,0.144166,0,0.0666667,0.233515,0,0.0666667,0.187891,0.5,0.4,0
-2,2,4.71394,-2.99573,0.00236407,0.00236407,0.00236407,0.117528,True,empty floor,sound_similarity,0,0.0666667,0.240691,0,0.0666667,0.118506,0,0.0666667,0.271224,0,0.0666667,0.145343,0,0.0666667,0.1565,0,0.0666667,0.265081,0,0.0666667,0.144166,0,0.0666667,0.233515,0,0.0666667,0.187891,0.5,0.4,0
-2.25,2,4.83894,-2.99573,0.00236407,0.00236407,0.00236407,0.117528,True,empty floor,sound_similarity,0,0.0666667,0.240691,0,0.0666667,0.118506,0,0.0666667,0.271224,0,0.0666667,0.145343,0,0.0666667,0.1565,0,0.0666667,0.265081,0,0.0666667,0.144166,0,0.0666667,0.233515,0,0.0666667,0.187891,0.5,0.4,0
2,1.75,4.71657,-2.99494,0.00236407,0.00236407,0.00236407,0.117528,True,empty floor,sound_similarity,0,0.0666667,0.240691,0,0.0666667,0.118506,0,0.0666667,0.271224,0,0.0666667,0.145343,0,0.0666667,0.1565,0,0.0666667,0.265081,0,0.0666667,0.144166,0,0.0666667,0.233515,0,0.0666667,0.187891,0.5,0.4,0
1.75,1.75,4.63035,-2.99547,0.00236407,0.00236407,0.00236407,0.117528,True,empty floor,sound_similarity,0,0.0666667,0.240691,0,0.0666667,0.118506,0,0.0666667,0.271224,0,0.0666667,0.145343,0,0.0666667,0.1565,0,0.0666667,0.265081,0,0.0666667,0.144166,0,0.0666667,0.233515,0,0.0666667,0.187891,0.5,0.4,0
1.5,1.75,4.55623,-2.99565,0.00236407,0.00236407,0.00236407,0.117528,True,empty floor,sound_similarity,0,0.0666667,0.240691,0,0.0666667,0.118506,0,0.0666667,0.271224,0,0.0666667,0.145343,0,0.0666667,0.1565,0,0.0666667,0.265081,0,0.0666667,0.144166,0,0.0666667,0.233515,0,0.0666667,0.187891,0.5,0.4,0
1.25,1.75,4.49481,-2.99571,0.00236407,0.00236407,0.00236407,0.117528,True,empty floor,sound_similarity,0,0.0666667,0.240691,0,0.0666667,0.118506,0,0.0666667,0.271224,0,0.0666667,0.145343,0,0.0666667,0.1565,0,0.0666667,0.265081,0,0.0666667,0.144166,0,0.0666667,0.233515,0,0.0666667,0.187891,0.5,0.4,0
1,1.75,4.44661,-2.99573,0.00236407,0.00236407,0.00236407,0.117528,True,empty floor,sound_similarity,0,0.0666667,0.240691,0,0.0666667,0.118506,0,0.0666667,0.271224,0,0.0666667,0.145343,0,0.0666667,0.1565,0,0.0666667,0.265081,0,0.0666667,0.144166,0,0.0666667,0.233515,0,0.0666667,0.187891,0.5,0.4,0
0.75,1.75,4.41208,-2.99573,0.00236407,0.00236407,0.00236407,0.117528,True,empty floor,sound_similarity,0,0.0666667,0.240691,0,0.0666667,0.118506,0,0.0666667,0.271224,0,0.0666667,0.145343,0,0.0666667,0.1565,0,0.0666667,0.265081,0,0.0666667,0.144166,0,0.0666667,0.233515,0,0.0666667,0.187891,0.5,0.4,0
0.5,1.75,4.39153,-2.99573,0.00236407,0.00236407,0.00236407,0.117528,True,empty floor,sound_similarity,0,0.0666667,0.240691,0,0.0666667,0.118506,0,0.0666667,0.271224,0,0.0666667,0.145343,0,0.0666667,0.1565,0,0.0666667,0.265081,0,0.0666667,0.144166,0,0.0666667,0.233515,0,0.0666667,0.187891,0.5,0.4,0
0.25,1.75,4.38516,-2.99573,0.00236407,0.00236407,0.00236407,0.117528,True,empty floor,sound_similarity,0,0.0666667,0.240691,0,0.0666667,0.118506,0,0.0666667,0.271224,0,0.0666667,0.145343,0,0.0666667,0.1565,0,0.0666667,0.265081,0,0.0666667,0.144166,0,0.0666667,0.233515,0,0.0666667,0.187891,0.5,0.4,0
0,1.75,4.39303,-2.99573,0.00236407,0.00236407,0.00236407,0.117528,True,empty floor,sound_similarity,0,0.0666667,0.240691,0,0.0666667,0.118506,0,0.0666667,0.271224,0,0.0666667,0.145343,0,0.0666667,0.1565,0,0.0666667,0.265081,0,0.0666667,0.144166,0,0.0666667,0.233515,0,0.0666667,0.187891,0.5,0.4,0
-0.25,1.75,4.41506,-2.99573,0.00236407,0.00236407,0.00236407,0.117528,True,empty floor,sound_similarity,0,0.0666667,0.240691,0,0.0666667,0.118506,0,0.0666667,0.271224,0,0.0666667,0.145343,0,0.0666667,0.1565,0,0.0666667,0.265081,0,0.0666667,0.144166,0,0.0666667,0.233515,0,0.0666667,0.187891,0.5,0.4,0
-0.5,1.75,4.45105,-2.99573,0.00236407,0.00236407,0.00236407,0.117528,True,empty floor,sound_similarity,0,0.0666667,0.240691,0,0.0666667,0.118506,0,0.0666667,0.271224,0,0.0666667,0.145343,0,0.0666667,0.1565,0,0.0666667,0.265081,0,0.0666667,0.144166,0,0.0666667,0.233515,0,0.0666667,0.187891,0.5,0.4,0
-0.75,1.75,4.50066,-2.99573,0.00236407,0.00236407,0.00236407,0.117528,True,empty floor,sound_similarity,0,0.0666667,0.240691,0,0.0666667,0.118506,0,0.0666667,0.271224,0,0.0666667,0.145343,0,0.0666667,0.1565,0,0.0666667,0.265081,0,0.0666667,0.144166,0,0.0666667,0.233515,0,0.0666667,0.187891,0.5,0.4,0
-1,1.75,4.56344,-2.99573,0.00236407,0.00236407,0.00236407,0.166396,True,microwave,sound_similarity,0,0.05,0.240691,0,0.05,0.118506,0,0.05,0.271224,0,0.05,0.145343,1,0.55,0.1565,0,0.05,0.265081,0,0.05,0.144166,0,0.05,0.233515,0,0.05,0.187891,0,0.05,0
-1.25,1.75,4.63886,-2.99573,0.00236407,0.00236407,0.00236407,0.117528,True,empty floor,sound_similarity,0,0.0666667,0.240691,0,0.0666667,0.118506,0,0.0666667,0.271224,0,0.0666667,0.145343,0,0.0666667,0.1565,0,0.0666667,0.265081,0,0.0666667,0.144166,0,0.0666667,0.233515,0,0.0666667,0.187891,0.5,0.4,0
-1.5,1.75,4.72632,-2.99573,0.00236407,0.00236407,0.00236407,0.117528,True,empty floor,sound_similarity,0,0.0666667,0.240691,0,0.0666667,0.118506,0,0.0666667,0.271224,0,0.0666667,0.145343,0,0.0666667,0.1565,0,0.0666667,0.265081,0,0.0666667,0.144166,0,0.0666667,0.233515,0,0.0666667,0.187891,0.5,0.4,0
-1.75,1.75,4.82517,-2.99573,0.00236407,0.00236407,0.00236407,0.117528,True,empty floor,sound_similarity,0,0.0666667,0.240691,0,0.0666667,0.118506,0,0.0666667,0.271224,0,0.0666667,0.145343,0,0.0666667,0.1565,0,0.0666667,0.265081,0,0.0666667,0.144166,0,0.0666667,0.233515,0,0.0666667,0.187891,0.5,0.4,0
-0.5,2,4.20497,-2.99573,0.00236407,0.00236407,0.00236407,0.117528,True,empty floor,sound_similarity,0,0.0666667,0.240691,0,0.0666667,0.118506,0,0.0666667,0.271224,0,0.0666667,0.145343,0,0.0666667,0.1565,0,0.0666667,0.265081,0,0.0666667,0.144166,0,0.0666667,0.233515,0,0.0666667,0.187891,0.5,0.4,0
-0.25,2,4.16686,-2.99573,0.00236407,0.00236407,0.00236407,0.117528,True,empty floor,sound_similarity,0,0.0666667,0.240691,0,0.0666667,0.118506,0,0.0666667,0.271224,0,0.0666667,0.145343,0,0.0666667,0.1565,0,0.0666667,0.265081,0,0.0666667,0.144166,0,0.0666667,0.233515,0,0.0666667,0.187891,0.5,0.4,0
0.75,2,4.1637,-2.99573,0.00236407,0.00236407,0.00236407,0.117528,True,empty floor,sound_similarity,0,0.0666667,0.240691,0,0.0666667,0.118506,0,0.0666667,0.271224,0,0.0666667,0.145343,0,0.0666667,0.1565,0,0.0666667,0.265081,0,0.0666667,0.144166,0,0.0666667,0.233515,0,0.0666667,0.187891,0.5,0.4,0
-0.5,2.25,3.95938,-2.99573,0.00236407,0.00236407,0.00236407,0.117528,True,empty floor,sound_similarity,0,0.0666667,0.240691,0,0.0666667,0.118506,0,0.0666667,0.271224,0,0.0666667,0.145343,0,0.0666667,0.1565,0,0.0666667,0.265081,0,0.0666667,0.144166,0,0.0666667,0.233515,0,0.0666667,0.187891,0.5,0.4,0
2,2.25,4.25569,-2.99376,0.00236407,0.00236407,0.00236407,0.117528,True,empty floor,sound_similarity,0,0.0666667,0.240691,0,0.0666667,0.118506,0,0.0666667,0.271224,0,0.0666667,0.145343,0,0.0666667,0.1565,0,0.0666667,0.265081,0,0.0666667,0.144166,0,0.0666667,0.233515,0,0.0666667,0.187891,0.5,0.4,0
1.75,2.25,4.15993,-2.99511,0.00236407,0.00236407,0.00236407,0.117528,True,empty floor,sound_similarity,0,0.0666667,0.240691,0,0.0666667,0.118506,0,0.0666667,0.271224,0,0.0666667,0.145343,0,0.0666667,0.1565,0,0.0666667,0.265081,0,0.0666667,0.144166,0,0.0666667,0.233515,0,0.0666667,0.187891,0.5,0.4,0
1.5,2.25,4.07726,-2.99556,0.00236407,0.00236407,0.00236407,0.117528,True,empty floor,sound_similarity,0,0.0666667,0.240691,0,0.0666667,0.118506,0,0.0666667,0.271224,0,0.0666667,0.145343,0,0.0666667,0.1565,0,0.0666667,0.265081,0,0.0666667,0.144166,0,0.0666667,0.233515,0,0.0666667,0.187891,0.5,0.4,0
1.25,2.25,4.00851,-2.99569,0.00236407,0.00236407,0.00236407,0.117528,True,empty floor,sound_similarity,0,0.0666667,0.240691,0,0.0666667,0.118506,0,0.0666667,0.271224,0,0.0666667,0.145343,0,0.0666667,0.1565,0,0.0666667,0.265081,0,0.0666667,0.144166,0,0.0666667,0.233515,0,0.0666667,0.187891,0.5,0.4,0
1,2.25,3.9544,-2.99572,0.00236407,0.00236407,0.00236407,0.117528,True,empty floor,sound_similarity,0,0.0666667,0.240691,0,0.0666667,0.118506,0,0.0666667,0.271224,0,0.0666667,0.145343,0,0.0666667,0.1565,0,0.0666667,0.265081,0,0.0666667,0.144166,0,0.0666667,0.233515,0,0.0666667,0.187891,0.5,0.4,0
0.75,2.25,3.91552,-2.99573,0.00236407,0.00236407,0.00236407,0.117528,True,empty floor,sound_similarity,0,0.0666667,0.240691,0,0.0666667,0.118506,0,0.0666667,0.271224,0,0.0666667,0.145343,0,0.0666667,0.1565,0,0.0666667,0.265081,0,0.0666667,0.144166,0,0.0666667,0.233515,0,0.0666667,0.187891,0.5,0.4,0
0.5,2.25,3.89235,-2.99573,0.00236407,0.00236407,0.00236407,0.117528,True,empty floor,sound_similarity,0,0.0666667,0.240691,0,0.0666667,0.118506,0,0.0666667,0.271224,0,0.0666667,0.145343,0,0.0666667,0.1565,0,0.0666667,0.265081,0,0.0666667,0.144166,0,0.0666667,0.233515,0,0.0666667,0.187891,0.5,0.4,0
0.25,2.25,3.88516,-2.99573,0.00236407,0.00236407,0.00236407,0.117528,True,empty floor,sound_similarity,0,0.0666667,0.240691,0,0.0666667,0.118506,0,0.0666667,0.271224,0,0.0666667,0.145343,0,0.0666667,0.1565,0,0.0666667,0.265081,0,0.0666667,0.144166,0,0.0666667,0.233515,0,0.0666667,0.187891,0.5,0.4,0
0,2.25,3.89404,-2.99573,0.00236407,0.00236407,0.00236407,0.117528,True,empty floor,sound_similarity,0,0.0666667,0.240691,0,0.0666667,0.118506,0,0.0666667,0.271224,0,0.0666667,0.145343,0,0.0666667,0.1565,0,0.0666667,0.265081,0,0.0666667,0.144166,0,0.0666667,0.233515,0,0.0666667,0.187891,0.5,0.4,0
-0.25,2.25,3.91888,-2.99573,0.00236407,0.00236407,0.00236407,0.117528,True,empty floor,sound_similarity,0,0.0666667,0.240691,0,0.0666667,0.118506,0,0.0666667,0.271224,0,0.0666667,0.145343,0,0.0666667,0.1565,0,0.0666667,0.265081,0,0.0666667,0.144166,0,0.0666667,0.233515,0,0.0666667,0.187891,0.5,0.4,0
-0.75,2.25,4.01507,-2.99573,0.00236407,0.00236407,0.00236407,0.117528,True,empty floor,sound_similarity,0,0.0666667,0.240691,0,0.0666667,0.118506,0,0.0666667,0.271224,0,0.0666667,0.145343,0,0.0666667,0.1565,0,0.0666667,0.265081,0,0.0666667,0.144166,0,0.0666667,0.233515,0,0.0666667,0.187891,0.5,0.4,0
1,2,4.20027,-2.99572,0.00236407,0.00236407,0.00236407,0.117528,True,empty floor,sound_similarity,0,0.0666667,0.240691,0,0.0666667,0.118506,0,0.0666667,0.271224,0,0.0666667,0.145343,0,0.0666667,0.1565,0,0.0666667,0.265081,0,0.0666667,0.144166,0,0.0666667,0.233515,0,0.0666667,0.187891,0.5,0.4,0
-1,2.25,4.08532,-2.99573,0.00236407,0.00236407,0.00236407,0.117528,True,empty floor,sound_similarity,0,0.0666667,0.240691,0,0.0666667,0.118506,0,0.0666667,0.271224,0,0.0666667,0.145343,0,0.0666667,0.1565,0,0.0666667,0.265081,0,0.0666667,0.144166,0,0.0666667,0.233515,0,0.0666667,0.187891,0.5,0.4,0
-1.25,2.25,4.1694,-2.99573,0.00236407,0.00236407,0.00236407,0.117528,True,empty floor,sound_similarity,0,0.0666667,0.240691,0,0.0666667,0.118506,0,0.0666667,0.271224,0,0.0666667,0.145343,0,0.0666667,0.1565,0,0.0666667,0.265081,0,0.0666667,0.144166,0,0.0666667,0.233515,0,0.0666667,0.187891,0.5,0.4,0
-1.5,2.25,4.2665,-2.99573,0.00236407,0.00236407,0.00236407,0.117528,True,empty floor,sound_similarity,0,0.0666667,0.240691,0,0.0666667,0.118506,0,0.0666667,0.271224,0,0.0666667,0.145343,0,0.0666667,0.1565,0,0.0666667,0.265081,0,0.0666667,0.144166,0,0.0666667,0.233515,0,0.0666667,0.187891,0.5,0.4,0
-1.75,2.25,4.37574,-2.99573,0.00236407,0.00236407,0.00236407,0.117528,True,empty floor,sound_similarity,0,0.0666667,0.240691,0,0.0666667,0.118506,0,0.0666667,0.271224,0,0.0666667,0.145343,0,0.0666667,0.1565,0,0.0666667,0.265081,0,0.0666667,0.144166,0,0.0666667,0.233515,0,0.0666667,0.187891,0.5,0.4,0
-2,2.25,4.49624,-2.99573,0.00236407,0.00236407,0.00236407,0.117528,True,empty floor,sound_similarity,0,0.0666667,0.240691,0,0.0666667,0.118506,0,0.0666667,0.271224,0,0.0666667,0.145343,0,0.0666667,0.1565,0,0.0666667,0.265081,0,0.0666667,0.144166,0,0.0666667,0.233515,0,0.0666667,0.187891,0.5,0.4,0
-2.25,2.25,4.62712,-2.99573,0.00236407,0.00236407,0.00236407,0.117528,True,empty floor,sound_similarity,0,0.0666667,0.240691,0,0.0666667,0.118506,0,0.0666667,0.271224,0,0.0666667,0.145343,0,0.0666667,0.1565,0,0.0666667,0.265081,0,0.0666667,0.144166,0,0.0666667,0.233515,0,0.0666667,0.187891,0.5,0.4,0
2,2,4.48509,-2.9945,0.00236407,0.00236407,0.00236407,0.117528,True,empty floor,sound_similarity,0,0.0666667,0.240691,0,0.0666667,0.118506,0,0.0666667,0.271224,0,0.0666667,0.145343,0,0.0666667,0.1565,0,0.0666667,0.265081,0,0.0666667,0.144166,0,0.0666667,0.233515,0,0.0666667,0.187891,0.5,0.4,0
1.75,2,4.39432,-2.99533,0.00236407,0.00236407,0.00236407,0.117528,True,empty floor,sound_similarity,0,0.0666667,0.240691,0,0.0666667,0.118506,0,0.0666667,0.271224,0,0.0666667,0.145343,0,0.0666667,0.1565,0,0.0666667,0.265081,0,0.0666667,0.144166,0,0.0666667,0.233515,0,0.0666667,0.187891,0.5,0.4,0
1.5,2,4.31615,-2.99561,0.00236407,0.00236407,0.00236407,0.117528,True,empty floor,sound_similarity,0,0.0666667,0.240691,0,0.0666667,0.118506,0,0.0666667,0.271224,0,0.0666667,0.145343,0,0.0666667,0.1565,0,0.0666667,0.265081,0,0.0666667,0.144166,0,0.0666667,0.233515,0,0.0666667,0.187891,0.5,0.4,0
1.25,2,4.25126,-2.9957,0.00236407,0.00236407,0.00236407,0.117528,True,empty floor,sound_similarity,0,0.0666667,0.240691,0,0.0666667,0.118506,0,0.0666667,0.271224,0,0.0666667,0.145343,0,0.0666667,0.1565,0,0.0666667,0.265081,0,0.0666667,0.144166,0,0.0666667,0.233515,0,0.0666667,0.187891,0.5,0.4,0
-0.75,3.25,3.05786,-2.99573,0.00236407,0.00236407,0.00236407,0.117528,True,empty floor,sound_similarity,0,0.0666667,0.240691,0,0.0666667,0.118506,0,0.0666667,0.271224,0,0.0666667,0.145343,0,0.0666667,0.1565,0,0.0666667,0.265081,0,0.0666667,0.144166,0,0.0666667,0.233515,0,0.0666667,0.187891,0.5,0.4,0
-0.25,3.25,2.93042,-2.99573,0.00236407,0.00236407,0.00236407,0.117528,True,empty floor,sound_similarity,0,0.0666667,0.240691,0,0.0666667,0.118506,0,0.0666667,0.271224,0,0.0666667,0.145343,0,0.0666667,0.1565,0,0.0666667,0.265081,0,0.0666667,0.144166,0,0.0666667,0.233515,0,0.0666667,0.187891,0.5,0.4,0
0,4.75,1.40991,-2.99573,0.00236407,0.00236407,0.00236407,0.117528,True,empty floor,sound_similarity,0,0.0666667,0.240691,0,0.0666667,0.118506,0,0.0666667,0.271224,0,0.0666667,0.145343,0,0.0666667,0.1565,0,0.0666667,0.265081,0,0.0666667,0.144166,0,0.0666667,0.233515,0,0.0666667,0.187891,0.5,0.4,0
0,4,2.15129,-2.99573,0.00236407,0.00236407,0.00236407,0.117528,True,empty floor,sound_similarity,0,0.0666667,0.240691,0,0.0666667,0.118506,0,0.0666667,0.271224,0,0.0666667,0.145343,0,0.0666667,0.1565,0,0.0666667,0.265081,0,0.0666667,0.144166,0,0.0666667,0.233515,0,0.0666667,0.187891,0.5,0.4,0
1.5,4.25,2.25467,-2.95507,0.00236407,0.00236407,0.00236407,0.117528,True,empty floor,sound_similarity,0,0.0666667,0.240691,0,0.0666667,0.118506,0,0.0666667,0.271224,0,0.0666667,0.145343,0,0.0666667,0.1565,0,0.0666667,0.265081,0,0.0666667,0.144166,0,0.0666667,0.233515,0,0.0666667,0.187891,0.5,0.4,0
1.25,4.25,2.12782,-2.98896,0.00236407,0.00236407,0.00236407,0.117528,True,empty floor,sound_similarity,0,0.0666667,0.240691,0,0.0666667,0.118506,0,0.0666667,0.271224,0,0.0666667,0.145343,0,0.0666667,0.1565,0,0.0666667,0.265081,0,0.0666667,0.144166,0,0.0666667,0.233515,0,0.0666667,0.187891,0.5,0.4,0
1,4.25,2.02403,-2.99501,0.00236407,0.00236407,0.00236407,0.117528,True,empty floor,sound_similarity,0,0.0666667,0.240691,0,0.0666667,0.118506,0,0.0666667,0.271224,0,0.0666667,0.145343,0,0.0666667,0.1565,0,0.0666667,0.265081,0,0.0666667,0.144166,0,0.0666667,0.233515,0,0.0666667,0.187891,0.5,0.4,0
0.75,4.25,1.94699,-2.99568,0.00236407,0.00236407,0.00236407,0.117528,True,empty floor,sound_similarity,0,0.0666667,0.240691,0,0.0666667,0.118506,0,0.0666667,0.271224,0,0.0666667,0.145343,0,0.0666667,0.1565,0,0.0666667,0.265081,0,0.0666667,0.144166,0,0.0666667,0.233515,0,0.0666667,0.187891,0.5,0.4,0
0.5,4.25,1.89996,-2.99573,0.00236407,0.00236407,0.00236407,0.117528,True,empty floor,sound_similarity,0,0.0666667,0.240691,0,0.0666667,0.118506,0,0.0666667,0.271224,0,0.0666667,0.145343,0,0.0666667,0.1565,0,0.0666667,0.265081,0,0.0666667,0.144166,0,0.0666667,0.233515,0,0.0666667,0.187891,0.5,0.4,0
0.25,4.25,1.88518,-2.99573,0.00236407,0.00236407,0.00236407,0.117528,True,empty floor,sound_similarity,0,0.0666667,0.240691,0,0.0666667,0.118506,0,0.0666667,0.271224,0,0.0666667,0.145343,0,0.0666667,0.1565,0,0.0666667,0.265081,0,0.0666667,0.144166,0,0.0666667,0.233515,0,0.0666667,0.187891,0.5,0.4,0
0,4.25,1.90342,-2.99573,0.00236407,0.00236407,0.00236407,0.117528,True,empty floor,sound_similarity,0,0.0666667,0.240691,0,0.0666667,0.118506,0,0.0666667,0.271224,0,0.0666667,0.145343,0,0.0666667,0.1565,0,0.0666667,0.265081,0,0.0666667,0.144166,0,0.0666667,0.233515,0,0.0666667,0.187891,0.5,0.4,0
-0.25,4.25,1.95373,-2.99573,0.00236407,0.00236407,0.00236407,0.117528,True,empty floor,sound_similarity,0,0.0666667,0.240691,0,0.0666667,0.118506,0,0.0666667,0.271224,0,0.0666667,0.145343,0,0.0666667,0.1565,0,0.0666667,0.265081,0,0.0666667,0.144166,0,0.0666667,0.233515,0,0.0666667,0.187891,0.5,0.4,0
-0.5,4.25,2.03375,-2.99573,0.00236407,0.00236407,0.00236407,0.117528,True,empty floor,sound_similarity,0,0.0666667,0.240691,0,0.0666667,0.118506,0,0.0666667,0.271224,0,0.0666667,0.145343,0,0.0666667,0.1565,0,0.0666667,0.265081,0,0.0666667,0.144166,0,0.0666667,0.233515,0,0.0666667,0.187891,0.5,0.4,0
-0.75,4.25,2.14015,-2.99573,0.00236407,0.00236407,0.00236407,0.117528,True,empty floor,sound_similarity,0,0.0666667,0.240691,0,0.0666667,0.118506,0,0.0666667,0.271224,0,0.0666667,0.145343,0,0.0666667,0.1565,0,0.0666667,0.265081,0,0.0666667,0.144166,0,0.0666667,0.233515,0,0.0666667,0.187891,0.5,0.4,0
-1,4.25,2.26921,-2.99573,0.00236407,0.00236407,0.00236407,0.117528,True,empty floor,sound_similarity,0,0.0666667,0.240691,0,0.0666667,0.118506,0,0.0666667,0.271224,0,0.0666667,0.145343,0,0.0666667,0.1565,0,0.0666667,0.265081,0,0.0666667,0.144166,0,0.0666667,0.233515,0,0.0666667,0.187891,0.5,0.4,0
-1.25,4.25,2.41731,-2.99573,0.00236407,0.00236407,0.00236407,0.117528,True,empty floor,sound_similarity,0,0.0666667,0.240691,0,0.0666667,0.118506,0,0.0666667,0.271224,0,0.0666667,0.145343,0,0.0666667,0.1565,0,0.0666667,0.265081,0,0.0666667,0.144166,0,0.0666667,0.233515,0,0.0666667,0.187891,0.5,0.4,0
-1.5,4.25,2.58117,-2.99573,0.00236407,0.00236407,0.00236407,0.117528,True,empty floor,sound_similarity,0,0.0666667,0.240691,0,0.0666667,0.118506,0,0.0666667,0.271224,0,0.0666667,0.145343,0,0.0666667,0.1565,0,0.0666667,0.265081,0,0.0666667,0.144166,0,0.0666667,0.233515,0,0.0666667,0.187891,0.5,0.4,0
-1.75,4.25,2.75799,-2.99573,0.00236407,0.00236407,0.00236407,0.117528,True,empty floor,sound_similarity,0,0.0666667,0.240691,0,0.0666667,0.118506,0,0.0666667,0.271224,0,0.0666667,0.145343,0,0.0666667,0.1565,0,0.0666667,0.265081,0,0.0666667,0.144166,0,0.0666667,0.233515,0,0.0666667,0.187891,0.5,0.4,0
-2,4.25,2.94544,-2.99573,0.00236407,0.00236407,0.00236407,0.117528,True,empty floor,sound_similarity,0,0.0666667,0.240691,0,0.0666667,0.118506,0,0.0666667,0.271224,0,0.0666667,0.145343,0,0.0666667,0.1565,0,0.0666667,0.265081,0,0.0666667,0.144166,0,0.0666667,0.233515,0,0.0666667,0.187891,0.5,0.4,0
-2.25,4.25,3.14161,-2.99573,0.00236407,0.00236407,0.00236407,0.117528,True,empty floor,sound_similarity,0,0.0666667,0.240691,0,0.0666667,0.118506,0,0.0666667,0.271224,0,0.0666667,0.145343,0,0.0666667,0.1565,0,0.0666667,0.265081,0,0.0666667,0.144166,0,0.0666667,0.233515,0,0.0666667,0.187891,0.5,0.4,0
2,4,2.75235,-2.79852,0.00236407,0.00236407,0.00236407,0.117528,True,empty floor,sound_similarity,0,0.0666667,0.240691,0,0.0666667,0.118506,0,0.0666667,0.271224,0,0.0666667,0.145343,0,0.0666667,0.1565,0,0.0666667,0.265081,0,0.0666667,0.144166,0,0.0666667,0.233515,0,0.0666667,0.187891,0.5,0.4,0
1.75,4,2.60183,-2.93137,0.00236407,0.00236407,0.00236407,0.117528,True,empty floor,sound_similarity,0,0.0666667,0.240691,0,0.0666667,0.118506,0,0.0666667,0.271224,0,0.0666667,0.145343,0,0.0666667,0.1565,0,0.0666667,0.265081,0,0.0666667,0.144166,0,0.0666667,0.233515,0,0.0666667,0.187891,0.5,0.4,0
1.5,4,2.46751,-2.98055,0.00236407,0.00236407,0.00236407,0.117528,True,empty floor,sound_similarity,0,0.0666667,0.240691,0,0.0666667,0.118506,0,0.0666667,0.271224,0,0.0666667,0.145343,0,0.0666667,0.1565,0,0.0666667,0.265081,0,0.0666667,0.144166,0,0.0666667,0.233515,0,0.0666667,0.187891,0.5,0.4,0
1.25,4,2.35217,-2.99318,0.00236407,0.00236407,0.00236407,0.117528,True,empty floor,sound_similarity,0,0.0666667,0.240691,0,0.0666667,0.118506,0,0.0666667,0.271224,0,0.0666667,0.145343,0,0.0666667,0.1565,0,0.0666667,0.265081,0,0.0666667,0.144166,0,0.0666667,0.233515,0,0.0666667,0.187891,0.5,0.4,0
1,4,2.25871,-2.99543,0.00236407,0.00236407,0.00236407,0.117528,True,empty floor,sound_similarity,0,0.0666667,0.240691,0,0.0666667,0.118506,0,0.0666667,0.271224,0,0.0666667,0.145343,0,0.0666667,0.1565,0,0.0666667,0.265081,0,0.0666667,0.144166,0,0.0666667,0.233515,0,0.0666667,0.187891,0.5,0.4,0
0.75,4,2.18994,-2.99571,0.00236407,0.00236407,0.00236407,0.117528,True,empty floor,sound_similarity,0,0.0666667,0.240691,0,0.0666667,0.118506,0,0.0666667,0.271224,0,0.0666667,0.145343,0,0.0666667,0.1565,0,0.0666667,0.265081,0,0.0666667,0.144166,0,0.0666667,0.233515,0,0.0666667,0.187891,0.5,0.4,0
0.5,4,2.14823,-2.99573,0.00236407,0.00236407,0.00236407,0.0881459,True,empty floor,sound_similarity,0,0.05,0.240691,0,0.05,0.118506,0,0.05,0.271224,0,0.05,0.145343,0,0.05,0.1565,0,0.05,0.265081,0,0.05,0.144166,0,0.05,0.233515,0,0.05,0.187891,1,0.55,0
2,4.25,2.56328,-2.57216,0.00236407,0.00236407,0.00236407,0.117528,True,empty floor,sound_similarity,0,0.0666667,0.240691,0,0.0666667,0.118506,0,0.0666667,0.271224,0,0.0666667,0.145343,0,0.0666667,0.1565,0,0.0666667,0.265081,0,0.0666667,0.144166,0,0.0666667,0.233515,0,0.0666667,0.187891,0.5,0.4,0
-2.25,4.5,2.99827,-2.99573,0.00236407,0.00236407,0.00236407,0.117528,True,empty floor,sound_similarity,0,0.0666667,0.240691,0,0.0666667,0.118506,0,0.0666667,0.271224,0,0.0666667,0.145343,0,0.0666667,0.1565,0,0.0666667,0.265081,0,0.0666667,0.144166,0,0.0666667,0.233515,0,0.0666667,0.187891,0.5,0.4,0
-2,4.5,2.79205,-2.99573,0.00236407,0.00236407,0.00236407,0.117528,True,empty floor,sound_similarity,0,0.0666667,0.240691,0,0.0666667,0.118506,0,0.0666667,0.271224,0,0.0666667,0.145343,0,0.0666667,0.1565,0,0.0666667,0.265081,0,0.0666667,0.144166,0,0.0666667,0.233515,0,0.0666667,0.187891,0.5,0.4,0
1.5,4.5,2.05024,-2.87683,0.00236407,0.00236407,0.00236407,0.117528,True,empty floor,sound_similarity,0,0.0666667,0.240691,0,0.0666667,0.118506,0,0.0666667,0.271224,0,0.0666667,0.145343,0,0.0666667,0.1565,0,0.0666667,0.265081,0,0.0666667,0.144166,0,0.0666667,0.233515,0,0.0666667,0.187891,0.5,0.4,0
-0.25,4.75,1.47714,-2.99573,0.00236407,0.00236407,0.00236407,0.117528,True,empty floor,sound_similarity,0,0.0666667,0.240691,0,0.0666667,0.118506,0,0.0666667,0.271224,0,0.0666667,0.145343,0,0.0666667,0.1565,0,0.0666667,0.265081,0,0.0666667,0.144166,0,0.0666667,0.233515,0,0.0666667,0.187891,0.5,0.4,0
-0.5,4.75,1.58146,-2.99573,0.00236407,0.00236407,0.00236407,0.117528,True,empty floor,sound_similarity,0,0.0666667,0.240691,0,0.0666667,0.118506,0,0.0666667,0.271224,0,0.0666667,0.145343,0,0.0666667,0.1565,0,0.0666667,0.265081,0,0.0666667,0.144166,0,0.0666667,0.233515,0,0.0666667,0.187891,0.5,0.4,0
-0.75,4.75,1.71613,-2.99573,0.00236407,0.00236407,0.00236407,0.117528,True,empty floor,sound_similarity,0,0.0666667,0.240691,0,0.0666667,0.118506,0,0.0666667,0.271224,0,0.0666667,0.145343,0,0.0666667,0.1565,0,0.0666667,0.265081,0,0.0666667,0.144166,0,0.0666667,0.233515,0,0.0666667,0.187891,0.5,0.4,0
-1,4.75,1.87461,-2.99573,0.00236407,0.00236407,0.00236407,0.117528,True,empty floor,sound_similarity,0,0.0666667,0.240691,0,0.0666667,0.118506,0,0.0666667,0.271224,0,0.0666667,0.145343,0,0.0666667,0.1565,0,0.0666667,0.265081,0,0.0666667,0.144166,0,0.0666667,0.233515,0,0.0666667,0.187891,0.5,0.4,0
-1.25,4.75,2.0514,-2.99573,0.00236407,0.00236407,0.00236407,0.117528,True,empty floor,sound_similarity,0,0.0666667,0.240691,0,0.0666667,0.118506,0,0.0666667,0.271224,0,0.0666667,0.145343,0,0.0666667,0.1565,0,0.0666667,0.265081,0,0.0666667,0.144166,0,0.0666667,0.233515,0,0.0666667,0.187891,0.5,0.4,0
-1.5,4.75,2.24217,-2.99573,0.00236407,0.00236407,0.00236407,0.117528,True,empty floor,sound_similarity,0,0.0666667,0.240691,0,0.0666667,0.118506,0,0.0666667,0.271224,0,0.0666667,0.145343,0,0.0666667,0.1565,0,0.0666667,0.265081,0,0.0666667,0.144166,0,0.0666667,0.233515,0,0.0666667,0.187891,0.5,0.4,0
-1.75,4.75,2.44364,-2.99573,0.00236407,0.00236407,0.00236407,0.117528,True,empty floor,sound_similarity,0,0.0666667,0.240691,0,0.0666667,0.118506,0,0.0666667,0.271224,0,0.0666667,0.145343,0,0.0666667,0.1565,0,0.0666667,0.265081,0,0.0666667,0.144166,0,0.0666667,0.233515,0,0.0666667,0.187891,0.5,0.4,0
-2,4.75,2.65339,-2.99573,0.00236407,0.00236407,0.00236407,0.117528,True,empty floor,sound_similarity,0,0.0666667,0.240691,0,0.0666667,0.118506,0,0.0666667,0.271224,0,0.0666667,0.145343,0,0.0666667,0.1565,0,0.0666667,0.265081,0,0.0666667,0.144166,0,0.0666667,0.233515,0,0.0666667,0.187891,0.5,0.4,0
-2.25,4.75,2.86959,-2.99573,0.00236407,0.00236407,0.00236407,0.117528,True,empty floor,sound_similarity,0,0.0666667,0.240691,0,0.0666667,0.118506,0,0.0666667,0.271224,0,0.0666667,0.145343,0,0.0666667,0.1565,0,0.0666667,0.265081,0,0.0666667,0.144166,0,0.0666667,0.233515,0,0.0666667,0.187891,0.5,0.4,0
2,4.5,2.38544,-2.16065,0.00236407,0.00236407,0.00236407,0.117528,True,empty floor,sound_similarity,0,0.0666667,0.240691,0,0.0666667,0.118506,0,0.0666667,0.271224,0,0.0666667,0.145343,0,0.0666667,0.1565,0,0.0666667,0.265081,0,0.0666667,0.144166,0,0.0666667,0.233515,0,0.0666667,0.187891,0.5,0.4,0
1.25,4.5,1.90985,-2.97469,0.00236407,0.00236407,0.00236407,0.117528,True,empty floor,sound_similarity,0,0.0666667,0.240691,0,0.0666667,0.118506,0,0.0666667,0.271224,0,0.0666667,0.145343,0,0.0666667,0.1565,0,0.0666667,0.265081,0,0.0666667,0.144166,0,0.0666667,0.233515,0,0.0666667,0.187891,0.5,0.4,0
-1.75,4.5,2.59354,-2.99573,0.00236407,0.00236407,0.00236407,0.117528,True,empty floor,sound_similarity,0,0.0666667,0.240691,0,0.0666667,0.118506,0,0.0666667,0.271224,0,0.0666667,0.145343,0,0.0666667,0.1565,0,0.0666667,0.265081,0,0.0666667,0.144166,0,0.0666667,0.233515,0,0.0666667,0.187891,0.5,0.4,0
1,4.5,1.79349,-2.99363,0.00236407,0.00236407,0.00236407,0.117528,True,empty floor,sound_similarity,0,0.0666667,0.240691,0,0.0666667,0.118506,0,0.0666667,0.271224,0,0.0666667,0.145343,0,0.0666667,0.1565,0,0.0666667,0.265081,0,0.0666667,0.144166,0,0.0666667,0.233515,0,0.0666667,0.187891,0.5,0.4,0
0.5,4.5,1.6522,-2.99573,0.00236407,0.00236407,0.00236407,0.117528,True,empty floor,sound_similarity,0,0.0666667,0.240691,0,0.0666667,0.118506,0,0.0666667,0.271224,0,0.0666667,0.145343,0,0.0666667,0.1565,0,0.0666667,0.265081,0,0.0666667,0.144166,0,0.0666667,0.233515,0,0.0666667,0.187891,0.5,0.4,0
0.25,4.5,1.63519,-2.99573,0.00236407,0.00236407,0.00236407,0.117528,True,empty floor,sound_similarity,0,0.0666667,0.240691,0,0.0666667,0.118506,0,0.0666667,0.271224,0,0.0666667,0.145343,0,0.0666667,0.1565,0,0.0666667,0.265081,0,0.0666667,0.144166,0,0.0666667,0.233515,0,0.0666667,0.187891,0.5,0.4,0
0,4.5,1.65618,-2.99573,0.00236407,0.00236407,0.00236407,0.117528,True,empty floor,sound_similarity,0,0.0666667,0.240691,0,0.0666667,0.118506,0,0.0666667,0.271224,0,0.0666667,0.145343,0,0.0666667,0.1565,0,0.0666667,0.265081,0,0.0666667,0.144166,0,0.0666667,0.233515,0,0.0666667,0.187891,0.5,0.4,0
-0.25,4.5,1.71377,-2.99573,0.00236407,0.00236407,0.00236407,0.117528,True,empty floor,sound_similarity,0,0.0666667,0.240691,0,0.0666667,0.118506,0,0.0666667,0.271224,0,0.0666667,0.145343,0,0.0666667,0.1565,0,0.0666667,0.265081,0,0.0666667,0.144166,0,0.0666667,0.233515,0,0.0666667,0.187891,0.5,0.4,0
-0.5,4.5,1.80446,-2.99573,0.00236407,0.00236407,0.00236407,0.117528,True,empty floor,sound_similarity,0,0.0666667,0.240691,0,0.0666667,0.118506,0,0.0666667,0.271224,0,0.0666667,0.145343,0,0.0666667,0.1565,0,0.0666667,0.265081,0,0.0666667,0.144166,0,0.0666667,0.233515,0,0.0666667,0.187891,0.5,0.4,0
-0.75,4.5,1.92358,-2.99573,0.00236407,0.00236407,0.00236407,0.117528,True,empty floor,sound_similarity,0,0.0666667,0.240691,0,0.0666667,0.118506,0,0.0666667,0.271224,0,0.0666667,0.145343,0,0.0666667,0.1565,0,0.0666667,0.265081,0,0.0666667,0.144166,0,0.0666667,0.233515,0,0.0666667,0.187891,0.5,0.4,0
-1,4.5,2.06621,-2.99573,0.00236407,0.00236407,0.00236407,0.117528,True,empty floor,sound_similarity,0,0.0666667,0.240691,0,0.0666667,0.118506,0,0.0666667,0.271224,0,0.0666667,0.145343,0,0.0666667,0.1565,0,0.0666667,0.265081,0,0.0666667,0.144166,0,0.0666667,0.233515,0,0.0666667,0.187891,0.5,0.4,0
-1.25,4.5,2.22785,-2.99573,0.00236407,0.00236407,0.00236407,0.117528,True,empty floor,sound_similarity,0,0.0666667,0.240691,0,0.0666667,0.118506,0,0.0666667,0.271224,0,0.0666667,0.145343,0,0.0666667,0.1565,0,0.0666667,0.265081,0,0.0666667,0.144166,0,0.0666667,0.233515,0,0.0666667,0.187891,0.5,0.4,0
-1.5,4.5,2.40466,-2.99573,0.00236407,0.00236407,0.00236407,0.117528,True,empty floor,sound_similarity,0,0.0666667,0.240691,0,0.0666667,0.118506,0,0.0666667,0.271224,0,0.0666667,0.145343,0,0.0666667,0.1565,0,0.0666667,0.265081,0,0.0666667,0.144166,0,0.0666667,0.233515,0,0.0666667,0.187891,0.5,0.4,0
0.25,4,2.13518,-2.99573,0.00236407,0.00236407,0.00236407,0.117528,True,empty floor,sound_similarity,0,0.0666667,0.240691,0,0.0666667,0.118506,0,0.0666667,0.271224,0,0.0666667,0.145343,0,0.0666667,0.1565,0,0.0666667,0.265081,0,0.0666667,0.144166,0,0.0666667,0.233515,0,0.0666667,0.187891,0.5,0.4,0
-0.25,4,2.19594,-2.99573,0.00236407,0.00236407,0.00236407,0.117528,True,empty floor,sound_similarity,0,0.0666667,0.240691,0,0.0666667,0.118506,0,0.0666667,0.271224,0,0.0666667,0.145343,0,0.0666667,0.1565,0,0.0666667,0.265081,0,0.0666667,0.144166,0,0.0666667,0.233515,0,0.0666667,0.187891,0.5,0.4,0
0,3.25,2.89711,-2.99573,0.00236407,0.00236407,0.00236407,0.117528,True,empty floor,sound_similarity,0,0.0666667,0.240691,0,0.0666667,0.118506,0,0.0666667,0.271224,0,0.0666667,0.145343,0,0.0666667,0.1565,0,0.0666667,0.265081,0,0.0666667,0.144166,0,0.0666667,0.233515,0,0.0666667,0.187891,0.5,0.4,0
-0.5,4,2.26743,-2.99573,0.00236407,0.00236407,0.00236407,0.117528,True,empty floor,sound_similarity,0,0.0666667,0.240691,0,0.0666667,0.118506,0,0.0666667,0.271224,0,0.0666667,0.145343,0,0.0666667,0.1565,0,0.0666667,0.265081,0,0.0666667,0.144166,0,0.0666667,0.233515,0,0.0666667,0.187891,0.5,0.4,0
1.25,3.5,2.81386,-2.9952,0.00236407,0.00236407,0.00236407,0.117528,True,empty floor,sound_similarity,0,0.0666667,0.240691,0,0.0666667,0.118506,0,0.0666667,0.271224,0,0.0666667,0.145343,0,0.0666667,0.1565,0,0.0666667,0.265081,0,0.0666667,0.144166,0,0.0666667,0.233515,0,0.0666667,0.187891,0.5,0.4,0
1,3.5,2.73622,-2.99565,0.00236407,0.00236407,0.00236407,0.117528,True,empty floor,sound_similarity,0,0.0666667,0.240691,0,0.0666667,0.118506,0,0.0666667,0.271224,0,0.0666667,0.145343,0,0.0666667,0.1565,0,0.0666667,0.265081,0,0.0666667,0.144166,0,0.0666667,0.233515,0,0.0666667,0.187891,0.5,0.4,0
0.75,3.5,2.67973,-2.99572,0.00236407,0.00236407,0.00236407,0.117528,True,empty floor,sound_similarity,0,0.0666667,0.240691,0,0.0666667,0.118506,0,0.0666667,0.271224,0,0.0666667,0.145343,0,0.0666667,0.1565,0,0.0666667,0.265081,0,0.0666667,0.144166,0,0.0666667,0.233515,0,0.0666667,0.187891,0.5,0.4,0
0.5,3.5,2.64576,-2.99573,0.00236407,0.00236407,0.00236407,0.117528,True,empty floor,sound_similarity,0,0.0666667,0.240691,0,0.0666667,0.118506,0,0.0666667,0.271224,0,0.0666667,0.145343,0,0.0666667,0.1565,0,0.0666667,0.265081,0,0.0666667,0.144166,0,0.0666667,0.233515,0,0.0666667,0.187891,0.5,0.4,0
0.25,3.5,2.63517,-2.99573,0.00236407,0.00236407,0.00236407,0.117528,True,empty floor,sound_similarity,0,0.0666667,0.240691,0,0.0666667,0.118506,0,0.0666667,0.271224,0,0.0666667,0.145343,0,0.0666667,0.1565,0,0.0666667,0.265081,0,0.0666667,0.144166,0,0.0666667,0.233515,0,0.0666667,0.187891,0.5,0.4,0
0,3.5,2.64824,-2.99573,0.00236407,0.00236407,0.00236407,0.117528,True,empty floor,sound_similarity,0,0.0666667,0.240691,0,0.0666667,0.118506,0,0.0666667,0.271224,0,0.0666667,0.145343,0,0.0666667,0.1565,0,0.0666667,0.265081,0,0.0666667,0.144166,0,0.0666667,0.233515,0,0.0666667,0.187891,0.5,0.4,0
-0.25,3.5,2.68464,-2.99573,0.00236407,0.00236407,0.00236407,0.117528,True,empty floor,sound_similarity,0,0.0666667,0.240691,0,0.0666667,0.118506,0,0.0666667,0.271224,0,0.0666667,0.145343,0,0.0666667,0.1565,0,0.0666667,0.265081,0,0.0666667,0.144166,0,0.0666667,0.233515,0,0.0666667,0.187891,0.5,0.4,0
-0.5,3.5,2.74342,-2.99573,0.00236407,0.00236407,0.00236407,0.117528,True,empty floor,sound_similarity,0,0.0666667,0.240691,0,0.0666667,0.118506,0,0.0666667,0.271224,0,0.0666667,0.145343,0,0.0666667,0.1565,0,0.0666667,0.265081,0,0.0666667,0.144166,0,0.0666667,0.233515,0,0.0666667,0.187891,0.5,0.4,0
-0.75,3.5,2.8232,-2.99573,0.00236407,0.00236407,0.00236407,0.117528,True,empty floor,sound_similarity,0,0.0666667,0.240691,0,0.0666667,0.118506,0,0.0666667,0.271224,0,0.0666667,0.145343,0,0.0666667,0.1565,0,0.0666667,0.265081,0,0.0666667,0.144166,0,0.0666667,0.233515,0,0.0666667,0.187891,0.5,0.4,0
-1,3.5,2.92224,-2.99573,0.00236407,0.00236407,0.00236407,0.117528,True,empty floor,sound_similarity,0,0.0666667,0.240691,0,0.0666667,0.118506,0,0.0666667,0.271224,0,0.0666667,0.145343,0,0.0666667,0.1565,0,0.0666667,0.265081,0,0.0666667,0.144166,0,0.0666667,0.233515,0,0.0666667,0.187891,0.5,0.4,0
-1.25,3.5,3.03868,-2.99573,0.00236407,0.00236407,0.00236407,0.117528,True,empty floor,sound_similarity,0,0.0666667,0.240691,0,0.0666667,0.118506,0,0.0666667,0.271224,0,0.0666667,0.145343,0,0.0666667,0.1565,0,0.0666667,0.265081,0,0.0666667,0.144166,0,0.0666667,0.233515,0,0.0666667,0.187891,0.5,0.4,0
-1.5,3.5,3.17059,-2.99573,0.00236407,0.00236407,0.00236407,0.117528,True,empty floor,sound_similarity,0,0.0666667,0.240691,0,0.0666667,0.118506,0,0.0666667,0.271224,0,0.0666667,0.145343,0,0.0666667,0.1565,0,0.0666667,0.265081,0,0.0666667,0.144166,0,0.0666667,0.233515,0,0.0666667,0.187891,0.5,0.4,0
-1.75,3.5,3.31613,-2.99573,0.00236407,0.00236407,0.00236407,0.117528,True,empty floor,sound_similarity,0,0.0666667,0.240691,0,0.0666667,0.118506,0,0.0666667,0.271224,0,0.0666667,0.145343,0,0.0666667,0.1565,0,0.0666667,0.265081,0,0.0666667,0.144166,0,0.0666667,0.233515,0,0.0666667,0.187891,0.5,0.4,0
-2,3.5,3.47359,-2.99573,0.00236407,0.00236407,0.00236407,0.117528,True,empty floor,sound_similarity,0,0.0666667,0.240691,0,0.0666667,0.118506,0,0.0666667,0.271224,0,0.0666667,0.145343,0,0.0666667,0.1565,0,0.0666667,0.265081,0,0.0666667,0.144166,0,0.0666667,0.233515,0,0.0666667,0.187891,0.5,0.4,0
-2.25,3.5,3.64141,-2.99573,0.00236407,0.00236407,0.00236407,0.117528,True,empty floor,sound_similarity,0,0.0666667,0.240691,0,0.0666667,0.118506,0,0.0666667,0.271224,0,0.0666667,0.145343,0,0.0666667,0.1565,0,0.0666667,0.265081,0,0.0666667,0.144166,0,0.0666667,0.233515,0,0.0666667,0.187891,0.5,0.4,0
2,3.25,3.36759,-2.97511,0.00236407,0.00236407,0.00236407,0.117528,True,empty floor,sound_similarity,0,0.0666667,0.240691,0,0.0666667,0.118506,0,0.0666667,0.271224,0,0.0666667,0.145343,0,0.0666667,0.1565,0,0.0666667,0.265081,0,0.0666667,0.144166,0,0.0666667,0.233515,0,0.0666667,0.187891,0.5,0.4,0
1.75,3.25,3.24573,-2.98975,0.00236407,0.00236407,0.00236407,0.117528,True,empty floor,sound_similarity,0,0.0666667,0.240691,0,0.0666667,0.118506,0,0.0666667,0.271224,0,0.0666667,0.145343,0,0.0666667,0.1565,0,0.0666667,0.265081,0,0.0666667,0.144166,0,0.0666667,0.233515,0,0.0666667,0.187891,0.5,0.4,0
1.5,3.25,3.13908,-2.9943,0.00236407,0.00236407,0.00236407,0.117528,True,empty floor,sound_similarity,0,0.0666667,0.240691,0,0.0666667,0.118506,0,0.0666667,0.271224,0,0.0666667,0.145343,0,0.0666667,0.1565,0,0.0666667,0.265081,0,0.0666667,0.144166,0,0.0666667,0.233515,0,0.0666667,0.187891,0.5,0.4,0
1.25,3.25,3.04924,-2.99545,0.00236407,0.00236407,0.00236407,0.117528,True,empty floor,sound_similarity,0,0.0666667,0.240691,0,0.0666667,0.118506,0,0.0666667,0.271224,0,0.0666667,0.145343,0,0.0666667,0.1565,0,0.0666667,0.265081,0,0.0666667,0.144166,0,0.0666667,0.233515,0,0.0666667,0.187891,0.5,0.4,0
1,3.25,2.97774,-2.99569,0.00236407,0.00236407,0.00236407,0.117528,True,empty floor,sound_similarity,0,0.0666667,0.240691,0,0.0666667,0.118506,0,0.0666667,0.271224,0,0.0666667,0.145343,0,0.0666667,0.1565,0,0.0666667,0.265081,0,0.0666667,0.144166,0,0.0666667,0.233515,0,0.0666667,0.187891,0.5,0.4,0
0.75,3.25,2.92593,-2.99573,0.00236407,0.00236407,0.00236407,0.117528,True,empty floor,sound_similarity,0,0.0666667,0.240691,0,0.0666667,0.118506,0,0.0666667,0.271224,0,0.0666667,0.145343,0,0.0666667,0.1565,0,0.0666667,0.265081,0,0.0666667,0.144166,0,0.0666667,0.233515,0,0.0666667,0.187891,0.5,0.4,0
0.5,3.25,2.89484,-2.99573,0.00236407,0.00236407,0.00236407,0.117528,True,empty floor,sound_similarity,0,0.0666667,0.240691,0,0.0666667,0.118506,0,0.0666667,0.271224,0,0.0666667,0.145343,0,0.0666667,0.1565,0,0.0666667,0.265081,0,0.0666667,0.144166,0,0.0666667,0.233515,0,0.0666667,0.187891,0.5,0.4,0
0.25,3.25,2.88517,-2.99573,0.00236407,0.00236407,0.00236407,0.117528,True,empty floor,sound_similarity,0,0.0666667,0.240691,0,0.0666667,0.118506,0,0.0666667,0.271224,0,0.0666667,0.145343,0,0.0666667,0.1565,0,0.0666667,0.265081,0,0.0666667,0.144166,0,0.0666667,0.233515,0,0.0666667,0.187891,0.5,0.4,0
1.5,3.5,2.91097,-2.99286,0.00236407,0.00236407,0.00236407,0.117528,True,empty floor,sound_similarity,0,0.0666667,0.240691,0,0.0666667,0.118506,0,0.0666667,0.271224,0,0.0666667,0.145343,0,0.0666667,0.1565,0,0.0666667,0.265081,0,0.0666667,0.144166,0,0.0666667,0.233515,0,0.0666667,0.187891,0.5,0.4,0
1.75,3.5,3.02567,-2.98342,0.00236407,0.00236407,0.00236407,0.117528,True,empty floor,sound_similarity,0,0.0666667,0.240691,0,0.0666667,0.118506,0,0.0666667,0.271224,0,0.0666667,0.145343,0,0.0666667,0.1565,0,0.0666667,0.265081,0,0.0666667,0.144166,0,0.0666667,0.233515,0,0.0666667,0.187891,0.5,0.4,0
-2.25,3.75,3.4648,-2.99573,0.00236407,0.00236407,0.00236407,0.117528,True,empty floor,sound_similarity,0,0.0666667,0.240691,0,0.0666667,0.118506,0,0.0666667,0.271224,0,0.0666667,0.145343,0,0.0666667,0.1565,0,0.0666667,0.265081,0,0.0666667,0.144166,0,0.0666667,0.233515,0,0.0666667,0.187891,0.5,0.4,0
1,3.75,2.49636,-2.99559,0.00236407,0.00236407,0.00236407,0.117528,True,empty floor,sound_similarity,0,0.0666667,0.240691,0,0.0666667,0.118506,0,0.0666667,0.271224,0,0.0666667,0.145343,0,0.0666667,0.1565,0,0.0666667,0.265081,0,0.0666667,0.144166,0,0.0666667,0.233515,0,0.0666667,0.187891,0.5,0.4,0
-0.75,4,2.36332,-2.99573,0.00236407,0.00236407,0.00236407,0.117528,True,empty floor,sound_similarity,0,0.0666667,0.240691,0,0.0666667,0.118506,0,0.0666667,0.271224,0,0.0666667,0.145343,0,0.0666667,0.1565,0,0.0666667,0.265081,0,0.0666667,0.144166,0,0.0666667,0.233515,0,0.0666667,0.187891,0.5,0.4,0
-1,4,2.4808,-2.99573,0.00236407,0.00236407,0.00236407,0.117528,True,empty floor,sound_similarity,0,0.0666667,0.240691,0,0.0666667,0.118506,0,0.0666667,0.271224,0,0.0666667,0.145343,0,0.0666667,0.1565,0,0.0666667,0.265081,0,0.0666667,0.144166,0,0.0666667,0.233515,0,0.0666667,0.187891,0.5,0.4,0
-1.25,4,2.61695,-2.99573,0.00236407,0.00236407,0.00236407,0.117528,True,empty floor,sound_similarity,0,0.0666667,0.240691,0,0.0666667,0.118506,0,0.0666667,0.271224,0,0.0666667,0.145343,0,0.0666667,0.1565,0,0.0666667,0.265081,0,0.0666667,0.144166,0,0.0666667,0.233515,0,0.0666667,0.187891,0.5,0.4,0
-1.5,4,2.76903,-2.99573,0.00236407,0.00236407,0.00236407,0.117528,True,empty floor,sound_similarity,0,0.0666667,0.240691,0,0.0666667,0.118506,0,0.0666667,0.271224,0,0.0666667,0.145343,0,0.0666667,0.1565,0,0.0666667,0.265081,0,0.0666667,0.144166,0,0.0666667,0.233515,0,0.0666667,0.187891,0.5,0.4,0
-1.75,4,2.93455,-2.99573,0.00236407,0.00236407,0.00236407,0.117528,True,empty floor,sound_similarity,0,0.0666667,0.240691,0,0.0666667,0.118506,0,0.0666667,0.271224,0,0.0666667,0.145343,0,0.0666667,0.1565,0,0.0666667,0.265081,0,0.0666667,0.144166,0,0.0666667,0.233515,0,0.0666667,0.187891,0.5,0.4,0
-2,4,3.11138,-2.99573,0.00236407,0.00236407,0.00236407,0.117528,True,empty floor,sound_similarity,0,0.0666667,0.240691,0,0.0666667,0.118506,0,0.0666667,0.271224,0,0.0666667,0.145343,0,0.0666667,0.1565,0,0.0666667,0.265081,0,0.0666667,0.144166,0,0.0666667,0.233515,0,0.0666667,0.187891,0.5,0.4,0
-2.25,4,3.29769,-2.99573,0.00236407,0.00236407,0.00236407,0.117528,True,empty floor,sound_similarity,0,0.0666667,0.240691,0,0.0666667,0.118506,0,0.0666667,0.271224,0,0.0666667,0.145343,0,0.0666667,0.1565,0,0.0666667,0.265081,0,0.0666667,0.144166,0,0.0666667,0.233515,0,0.0666667,0.187891,0.5,0.4,0
1.75,3.75,2.81062,-2.96853,0.00236407,0.00236407,0.00236407,0.117528,True,empty floor,sound_similarity,0,0.0666667,0.240691,0,0.0666667,0.118506,0,0.0666667,0.271224,0,0.0666667,0.145343,0,0.0666667,0.1565,0,0.0666667,0.265081,0,0.0666667,0.144166,0,0.0666667,0.233515,0,0.0666667,0.187891,0.5,0.4,0
1.5,3.75,2.68676,-2.98945,0.00236407,0.00236407,0.00236407,0.117528,True,empty floor,sound_similarity,0,0.0666667,0.240691,0,0.0666667,0.118506,0,0.0666667,0.271224,0,0.0666667,0.145343,0,0.0666667,0.1565,0,0.0666667,0.265081,0,0.0666667,0.144166,0,0.0666667,0.233515,0,0.0666667,0.187891,0.5,0.4,0
1.25,3.75,2.58123,-2.99463,0.00236407,0.00236407,0.00236407,0.117528,True,empty floor,sound_similarity,0,0.0666667,0.240691,0,0.0666667,0.118506,0,0.0666667,0.271224,0,0.0666667,0.145343,0,0.0666667,0.1565,0,0.0666667,0.265081,0,0.0666667,0.144166,0,0.0666667,0.233515,0,0.0666667,0.187891,0.5,0.4,0
0.75,3.75,2.43432,-2.99572,0.00236407,0.00236407,0.00236407,0.117528,True,empty floor,sound_similarity,0,0.0666667,0.240691,0,0.0666667,0.118506,0,0.0666667,0.271224,0,0.0666667,0.145343,0,0.0666667,0.1565,0,0.0666667,0.265081,0,0.0666667,0.144166,0,0.0666667,0.233515,0,0.0666667,0.187891,0.5,0.4,0
-2,3.75,3.28797,-2.99573,0.00236407,0.00236407,0.00236407,0.117528,True,empty floor,sound_similarity,0,0.0666667,0.240691,0,0.0666667,0.118506,0,0.0666667,0.271224,0,0.0666667,0.145343,0,0.0666667,0.1565,0,0.0666667,0.265081,0,0.0666667,0.144166,0,0.0666667,0.233515,0,0.0666667,0.187891,0.5,0.4,0
0.5,3.75,2.39687,-2.99573,0.00236407,0.00236407,0.00236407,0.117528,True,empty floor,sound_similarity,0,0.0666667,0.240691,0,0.0666667,0.118506,0,0.0666667,0.271224,0,0.0666667,0.145343,0,0.0666667,0.1565,0,0.0666667,0.265081,0,0.0666667,0.144166,0,0.0666667,0.233515,0,0.0666667,0.187891,0.5,0.4,0
0.25,3.75,2.38517,-2.99573,0.00236407,0.00236407,0.00236407,0.117528,True,empty floor,sound_similarity,0,0.0666667,0.240691,0,0.0666667,0.118506,0,0.0666667,0.271224,0,0.0666667,0.145343,0,0.0666667,0.1565,0,0.0666667,0.265081,0,0.0666667,0.144166,0,0.0666667,0.233515,0,0.0666667,0.187891,0.5,0.4,0
0,3.75,2.39961,-2.99573,0.00236407,0.00236407,0.00236407,0.117528,True,empty floor,sound_similarity,0,0.0666667,0.240691,0,0.0666667,0.118506,0,0.0666667,0.271224,0,0.0666667,0.145343,0,0.0666667,0.1565,0,0.0666667,0.265081,0,0.0666667,0.144166,0,0.0666667,0.233515,0,0.0666667,0.187891,0.5,0.4,0
-0.25,3.75,2.43971,-2.99573,0.00236407,0.00236407,0.00236407,0.117528,True,empty floor,sound_similarity,0,0.0666667,0.240691,0,0.0666667,0.118506,0,0.0666667,0.271224,0,0.0666667,0.145343,0,0.0666667,0.1565,0,0.0666667,0.265081,0,0.0666667,0.144166,0,0.0666667,0.233515,0,0.0666667,0.187891,0.5,0.4,0
-0.5,3.75,2.50425,-2.99573,0.00236407,0.00236407,0.00236407,0.117528,True,empty floor,sound_similarity,0,0.0666667,0.240691,0,0.0666667,0.118506,0,0.0666667,0.271224,0,0.0666667,0.145343,0,0.0666667,0.1565,0,0.0666667,0.265081,0,0.0666667,0.144166,0,0.0666667,0.233515,0,0.0666667,0.187891,0.5,0.4,0
-0.75,3.75,2.5914,-2.99573,0.00236407,0.00236407,0.00236407,0.117528,True,empty floor,sound_similarity,0,0.0666667,0.240691,0,0.0666667,0.118506,0,0.0666667,0.271224,0,0.0666667,0.145343,0,0.0666667,0.1565,0,0.0666667,0.265081,0,0.0666667,0.144166,0,0.0666667,0.233515,0,0.0666667,0.187891,0.5,0.4,0
-1,3.75,2.69897,-2.99573,0.00236407,0.00236407,0.00236407,0.117528,True,empty floor,sound_similarity,0,0.0666667,0.240691,0,0.0666667,0.118506,0,0.0666667,0.271224,0,0.0666667,0.145343,0,0.0666667,0.1565,0,0.0666667,0.265081,0,0.0666667,0.144166,0,0.0666667,0.233515,0,0.0666667,0.187891,0.5,0.4,0
-1.25,3.75,2.82463,-2.99573,0.00236407,0.00236407,0.00236407,0.117528,True,empty floor,sound_similarity,0,0.0666667,0.240691,0,0.0666667,0.118506,0,0.0666667,0.271224,0,0.0666667,0.145343,0,0.0666667,0.1565,0,0.0666667,0.265081,0,0.0666667,0.144166,0,0.0666667,0.233515,0,0.0666667,0.187891,0.5,0.4,0
-1.5,3.75,2.96607,-2.99573,0.00236407,0.00236407,0.00236407,0.117528,True,empty floor,sound_similarity,0,0.0666667,0.240691,0,0.0666667,0.118506,0,0.0666667,0.271224,0,0.0666667,0.145343,0,0.0666667,0.1565,0,0.0666667,0.265081,0,0.0666667,0.144166,0,0.0666667,0.233515,0,0.0666667,0.187891,0.5,0.4,0
-1.75,3.75,3.12116,-2.99573,0.00236407,0.00236407,0.00236407,0.117528,True,empty floor,sound_similarity,0,0.0666667,0.240691,0,0.0666667,0.118506,0,0.0666667,0.271224,0,0.0666667,0.145343,0,0.0666667,0.1565,0,0.0666667,0.265081,0,0.0666667,0.144166,0,0.0666667,0.233515,0,0.0666667,0.187891,0.5,0.4,0
2,7.75,2.37159,-2.99572,0.00236407,0.00236407,0.00236407,0.117528,True,empty floor,sound_similarity,0,0.0666667,0.240691,0,0.0666667,0.118506,0,0.0666667,0.271224,0,0.0666667,0.145343,0,0.0666667,0.1565,0,0.0666667,0.265081,0,0.0666667,0.144166,0,0.0666667,0.233515,0,0.0666667,0.187891,0.5,0.4,0
